日期,收盘价,市盈率
2004-01-01,1011.35,nan
2004-01-02,1011.35,nan
2004-01-05,1060.8,nan
2004-01-06,1075.66,nan
2004-01-07,1086.3,nan
2004-01-08,1102.66,nan
2004-01-09,1081.79,nan
2004-01-12,1116.8,nan
2004-01-13,1102.44,nan
2004-01-14,1079.82,nan
2004-01-15,1074.07,nan
2004-01-16,1083.75,nan
2004-01-29,1100.7,nan
2004-01-30,1067.65,nan
2004-02-02,1091.83,nan
2004-02-03,1103.05,nan
2004-02-04,1128.55,nan
2004-02-05,1128.0,nan
2004-02-06,1122.19,nan
2004-02-09,1134.71,nan
2004-02-10,1121.06,nan
2004-02-11,1110.16,nan
2004-02-12,1094.21,nan
2004-02-13,1096.46,nan
2004-02-16,1123.85,nan
2004-02-17,1123.72,nan
2004-02-18,1129.38,nan
2004-02-19,1122.48,nan
2004-02-20,1124.76,nan
2004-02-23,1093.24,nan
2004-02-24,1093.2,nan
2004-02-25,1070.46,nan
2004-02-26,1080.0,nan
2004-02-27,1088.82,nan
2004-03-01,1094.34,nan
2004-03-02,1093.49,nan
2004-03-03,1072.74,nan
2004-03-04,1078.45,nan
2004-03-05,1071.68,nan
2004-03-08,1057.2,nan
2004-03-09,1061.26,nan
2004-03-10,1091.2,nan
2004-03-11,1095.66,nan
2004-03-12,1099.18,nan
2004-03-15,1131.78,nan
2004-03-16,1135.67,nan
2004-03-17,1135.27,nan
2004-03-18,1111.95,nan
2004-03-19,1129.88,nan
2004-03-22,1134.89,nan
2004-03-23,1121.43,nan
2004-03-24,1115.61,nan
2004-03-25,1115.34,nan
2004-03-26,1112.88,nan
2004-03-29,1101.76,nan
2004-03-30,1101.37,nan
2004-03-31,1108.64,nan
2004-04-01,1123.54,nan
2004-04-02,1127.91,nan
2004-04-05,1118.37,nan
2004-04-06,1123.96,nan
2004-04-07,1117.54,nan
2004-04-08,1112.94,nan
2004-04-09,1088.26,nan
2004-04-12,1080.18,nan
2004-04-13,1073.13,nan
2004-04-14,1066.08,nan
2004-04-15,1056.28,nan
2004-04-16,1071.63,nan
2004-04-19,1055.13,nan
2004-04-20,1052.64,nan
2004-04-21,1043.92,nan
2004-04-22,1051.15,nan
2004-04-23,1034.79,nan
2004-04-26,1039.39,nan
2004-04-27,1031.6,nan
2004-04-28,1030.19,nan
2004-04-29,1016.89,nan
2004-04-30,1026.34,nan
2004-05-10,996.54,nan
2004-05-11,1004.27,nan
2004-05-12,1025.4,nan
2004-05-13,1021.38,nan
2004-05-14,998.32,nan
2004-05-17,982.1,nan
2004-05-18,989.57,nan
2004-05-19,989.29,nan
2004-05-20,986.73,nan
2004-05-21,995.25,nan
2004-05-24,992.7,nan
2004-05-25,979.44,nan
2004-05-26,985.85,nan
2004-05-27,1004.15,nan
2004-05-28,996.49,nan
2004-05-31,1002.06,nan
2004-06-01,1016.11,nan
2004-06-02,1003.6,nan
2004-06-03,988.33,nan
2004-06-04,988.11,nan
2004-06-07,975.64,nan
2004-06-08,957.14,nan
2004-06-09,943.71,nan
2004-06-10,946.67,nan
2004-06-11,945.46,nan
2004-06-14,927.14,nan
2004-06-15,945.27,nan
2004-06-16,949.77,nan
2004-06-17,928.58,nan
2004-06-18,913.35,nan
2004-06-21,914.61,nan
2004-06-22,924.42,nan
2004-06-23,918.44,nan
2004-06-24,911.97,nan
2004-06-25,897.84,nan
2004-06-28,889.75,nan
2004-06-29,907.25,nan
2004-06-30,903.89,nan
2004-07-01,931.37,nan
2004-07-02,933.0,nan
2004-07-05,935.06,nan
2004-07-06,938.55,nan
2004-07-07,930.48,nan
2004-07-08,933.67,nan
2004-07-09,930.42,nan
2004-07-12,911.62,nan
2004-07-13,914.45,nan
2004-07-14,919.72,nan
2004-07-15,933.62,nan
2004-07-16,954.3,nan
2004-07-19,955.63,nan
2004-07-20,947.36,nan
2004-07-21,948.66,nan
2004-07-22,921.3,nan
2004-07-23,923.22,nan
2004-07-26,911.82,nan
2004-07-27,911.39,nan
2004-07-28,914.15,nan
2004-07-29,927.19,nan
2004-07-30,914.55,nan
2004-08-02,908.25,nan
2004-08-03,901.53,nan
2004-08-04,931.61,nan
2004-08-05,917.54,nan
2004-08-06,920.04,nan
2004-08-09,929.39,nan
2004-08-10,935.22,nan
2004-08-11,923.18,nan
2004-08-12,916.34,nan
2004-08-13,915.51,nan
2004-08-16,912.48,nan
2004-08-17,919.4,nan
2004-08-18,920.4,nan
2004-08-19,911.79,nan
2004-08-20,913.31,nan
2004-08-23,898.0,nan
2004-08-24,906.18,nan
2004-08-25,902.75,nan
2004-08-26,900.46,nan
2004-08-27,891.99,nan
2004-08-30,890.32,nan
2004-08-31,904.18,nan
2004-09-01,888.8,nan
2004-09-02,889.83,nan
2004-09-03,887.66,nan
2004-09-06,882.89,nan
2004-09-07,886.0,nan
2004-09-08,872.7,nan
2004-09-09,856.41,nan
2004-09-10,859.96,nan
2004-09-13,841.92,nan
2004-09-14,868.16,nan
2004-09-15,901.14,nan
2004-09-16,911.87,nan
2004-09-17,941.06,nan
2004-09-20,974.16,nan
2004-09-21,964.31,nan
2004-09-22,942.19,nan
2004-09-23,976.75,nan
2004-09-24,960.36,nan
2004-09-27,955.36,nan
2004-09-28,957.01,nan
2004-09-29,945.59,nan
2004-09-30,933.36,nan
2004-10-08,945.13,nan
2004-10-11,932.21,nan
2004-10-12,911.51,nan
2004-10-13,910.76,nan
2004-10-14,885.36,nan
2004-10-15,888.29,nan
2004-10-18,891.26,nan
2004-10-19,893.55,nan
2004-10-20,887.95,nan
2004-10-21,872.73,nan
2004-10-22,887.3,nan
2004-10-25,874.09,nan
2004-10-26,884.39,nan
2004-10-27,893.47,nan
2004-10-28,891.52,nan
2004-10-29,879.28,nan
2004-11-01,871.24,nan
2004-11-02,870.65,nan
2004-11-03,886.08,nan
2004-11-04,869.2,nan
2004-11-05,870.66,nan
2004-11-08,872.76,nan
2004-11-09,872.99,nan
2004-11-10,906.51,nan
2004-11-11,902.82,nan
2004-11-12,906.92,nan
2004-11-15,915.82,nan
2004-11-16,915.57,nan
2004-11-17,904.84,nan
2004-11-18,909.59,nan
2004-11-19,915.83,nan
2004-11-22,914.67,nan
2004-11-23,901.99,nan
2004-11-24,897.78,nan
2004-11-25,899.46,nan
2004-11-26,897.75,nan
2004-11-29,887.83,nan
2004-11-30,887.88,nan
2004-12-01,883.93,nan
2004-12-02,879.61,nan
2004-12-03,880.05,nan
2004-12-06,883.52,nan
2004-12-07,876.75,nan
2004-12-08,877.37,nan
2004-12-09,887.28,nan
2004-12-10,876.89,nan
2004-12-13,874.2,nan
2004-12-14,870.46,nan
2004-12-15,876.06,nan
2004-12-16,875.45,nan
2004-12-17,865.6,nan
2004-12-20,853.92,nan
2004-12-21,853.62,nan
2004-12-22,873.51,nan
2004-12-23,858.99,nan
2004-12-24,860.08,nan
2004-12-27,856.46,nan
2004-12-28,856.9,nan
2004-12-29,852.0,nan
2004-12-30,851.75,nan
2004-12-31,850.94,nan
2005-01-04,835.13,nan
2005-01-05,839.53,nan
2005-01-06,830.51,nan
2005-01-07,831.64,nan
2005-01-10,841.1,nan
2005-01-11,846.03,nan
2005-01-12,845.4,nan
2005-01-13,842.35,nan
2005-01-14,837.12,nan
2005-01-17,819.46,nan
2005-01-18,825.27,nan
2005-01-19,818.89,nan
2005-01-20,812.93,nan
2005-01-21,839.95,nan
2005-01-24,850.62,nan
2005-01-25,849.84,nan
2005-01-26,842.8,nan
2005-01-27,829.71,nan
2005-01-28,828.69,nan
2005-01-31,821.68,nan
2005-02-01,825.84,nan
2005-02-02,868.89,nan
2005-02-03,856.75,nan
2005-02-04,881.39,nan
2005-02-16,883.99,nan
2005-02-17,878.56,nan
2005-02-18,864.55,nan
2005-02-21,882.54,nan
2005-02-22,895.71,nan
2005-02-23,886.47,nan
2005-02-24,885.89,nan
2005-02-25,887.06,nan
2005-02-28,877.35,nan
2005-03-01,874.7,nan
2005-03-02,864.22,nan
2005-03-03,870.08,nan
2005-03-04,867.86,nan
2005-03-07,872.12,nan
2005-03-08,884.88,nan
2005-03-09,877.87,nan
2005-03-10,859.83,nan
2005-03-11,862.22,nan
2005-03-14,865.97,nan
2005-03-15,849.15,nan
2005-03-16,840.94,nan
2005-03-17,834.74,nan
2005-03-18,829.03,nan
2005-03-21,831.15,nan
2005-03-22,815.98,nan
2005-03-23,809.8,nan
2005-03-24,816.05,nan
2005-03-25,814.28,nan
2005-03-28,813.41,nan
2005-03-29,810.56,nan
2005-03-30,798.28,nan
2005-03-31,803.42,nan
2005-04-01,830.93,nan
2005-04-04,816.47,nan
2005-04-05,809.7,nan
2005-04-06,824.84,nan
2005-04-07,832.64,nan
2005-04-08,846.22,nan
2005-04-11,839.01,nan
2005-04-12,826.95,nan
2005-04-13,844.28,nan
2005-04-14,834.56,nan
2005-04-15,825.56,nan
2005-04-18,814.74,nan
2005-04-19,817.75,nan
2005-04-20,806.79,nan
2005-04-21,801.66,nan
2005-04-22,803.05,nan
2005-04-25,798.94,nan
2005-04-26,800.51,nan
2005-04-27,790.54,nan
2005-04-28,802.1,nan
2005-04-29,797.91,nan
2005-05-09,783.35,nan
2005-05-10,787.17,nan
2005-05-11,779.58,nan
2005-05-12,762.1,nan
2005-05-13,765.56,nan
2005-05-16,756.03,nan
2005-05-17,759.1,nan
2005-05-18,761.07,nan
2005-05-19,763.22,nan
2005-05-20,761.74,nan
2005-05-23,748.18,nan
2005-05-24,749.28,nan
2005-05-25,749.47,nan
2005-05-26,740.48,nan
2005-05-27,736.24,nan
2005-05-30,740.86,nan
2005-05-31,742.97,nan
2005-06-01,730.8,nan
2005-06-02,713.23,nan
2005-06-03,712.36,nan
2005-06-06,730.12,nan
2005-06-07,726.52,nan
2005-06-08,786.09,nan
2005-06-09,792.78,nan
2005-06-10,780.65,nan
2005-06-13,779.33,nan
2005-06-14,773.82,nan
2005-06-15,764.25,nan
2005-06-16,777.06,nan
2005-06-17,781.97,nan
2005-06-20,800.55,nan
2005-06-21,790.48,nan
2005-06-22,795.57,nan
2005-06-23,789.59,nan
2005-06-24,794.72,nan
2005-06-27,805.07,nan
2005-06-28,798.26,nan
2005-06-29,794.54,nan
2005-06-30,780.9,nan
2005-07-01,769.92,nan
2005-07-04,769.02,nan
2005-07-05,763.58,nan
2005-07-06,756.95,nan
2005-07-07,757.96,nan
2005-07-08,749.88,nan
2005-07-11,749.29,nan
2005-07-12,776.25,nan
2005-07-13,771.6,nan
2005-07-14,776.84,nan
2005-07-15,772.51,nan
2005-07-18,770.86,nan
2005-07-19,771.69,nan
2005-07-20,777.94,nan
2005-07-21,781.49,nan
2005-07-22,793.61,nan
2005-07-25,789.4,nan
2005-07-26,806.03,nan
2005-07-27,818.24,nan
2005-07-28,815.52,nan
2005-07-29,814.26,nan
2005-08-01,815.67,nan
2005-08-02,823.26,nan
2005-08-03,823.69,nan
2005-08-04,821.01,nan
2005-08-05,838.75,nan
2005-08-08,839.33,nan
2005-08-09,841.28,nan
2005-08-10,849.08,nan
2005-08-11,859.48,nan
2005-08-12,849.25,nan
2005-08-15,866.99,nan
2005-08-16,855.34,nan
2005-08-17,861.2,nan
2005-08-18,841.01,nan
2005-08-19,844.51,nan
2005-08-22,850.27,nan
2005-08-23,845.07,nan
2005-08-24,852.71,nan
2005-08-25,850.78,nan
2005-08-26,849.35,nan
2005-08-29,838.11,nan
2005-08-30,835.78,nan
2005-08-31,843.73,nan
2005-09-01,855.24,nan
2005-09-02,856.86,nan
2005-09-05,856.73,nan
2005-09-06,842.69,nan
2005-09-07,852.37,nan
2005-09-08,854.43,nan
2005-09-09,850.84,nan
2005-09-12,849.12,nan
2005-09-13,857.33,nan
2005-09-14,861.56,nan
2005-09-15,861.04,nan
2005-09-16,858.05,nan
2005-09-19,859.03,nan
2005-09-20,854.59,nan
2005-09-21,838.26,nan
2005-09-22,823.59,nan
2005-09-23,819.68,nan
2005-09-26,820.27,nan
2005-09-27,808.39,nan
2005-09-28,809.18,nan
2005-09-29,818.74,nan
2005-09-30,820.19,nan
2005-10-10,814.09,nan
2005-10-11,822.69,nan
2005-10-12,821.92,nan
2005-10-13,814.72,nan
2005-10-14,803.49,nan
2005-10-17,795.05,nan
2005-10-18,797.24,nan
2005-10-19,795.42,nan
2005-10-20,799.55,nan
2005-10-21,799.94,nan
2005-10-24,796.94,nan
2005-10-25,790.61,nan
2005-10-26,774.17,nan
2005-10-27,776.38,nan
2005-10-28,775.52,nan
2005-10-31,785.11,nan
2005-11-01,782.85,nan
2005-11-02,788.93,nan
2005-11-03,781.53,nan
2005-11-04,784.78,nan
2005-11-07,779.9,nan
2005-11-08,784.16,nan
2005-11-09,781.94,nan
2005-11-10,771.78,nan
2005-11-11,771.88,nan
2005-11-14,768.67,nan
2005-11-15,764.42,nan
2005-11-16,769.49,nan
2005-11-17,769.14,nan
2005-11-18,786.48,nan
2005-11-21,784.4,nan
2005-11-22,772.77,nan
2005-11-23,779.85,nan
2005-11-24,787.61,nan
2005-11-25,792.8,nan
2005-11-28,788.9,nan
2005-11-29,781.03,nan
2005-11-30,785.52,nan
2005-12-01,784.79,nan
2005-12-02,782.81,nan
2005-12-05,776.95,nan
2005-12-06,786.1,nan
2005-12-07,793.69,nan
2005-12-08,791.64,nan
2005-12-09,803.51,nan
2005-12-12,801.1,nan
2005-12-13,799.95,nan
2005-12-14,805.02,nan
2005-12-15,804.75,nan
2005-12-16,808.69,nan
2005-12-19,808.44,nan
2005-12-20,814.06,nan
2005-12-21,810.7,nan
2005-12-22,814.22,nan
2005-12-23,818.41,nan
2005-12-26,822.66,nan
2005-12-27,819.14,nan
2005-12-28,820.58,nan
2005-12-29,829.22,nan
2005-12-30,823.53,nan
2006-01-04,840.28,nan
2006-01-05,856.04,nan
2006-01-06,865.41,nan
2006-01-09,866.85,nan
2006-01-10,867.13,nan
2006-01-11,860.63,nan
2006-01-12,865.08,nan
2006-01-13,859.45,nan
2006-01-16,842.66,nan
2006-01-17,846.24,nan
2006-01-18,863.6,nan
2006-01-19,869.23,nan
2006-01-20,869.01,nan
2006-01-23,868.75,nan
2006-01-24,867.03,nan
2006-01-25,875.85,nan
2006-02-06,890.41,nan
2006-02-07,885.86,nan
2006-02-08,891.96,nan
2006-02-09,879.79,nan
2006-02-10,889.27,nan
2006-02-13,888.89,nan
2006-02-14,892.04,nan
2006-02-15,897.6,nan
2006-02-16,885.22,nan
2006-02-17,887.23,nan
2006-02-20,887.21,nan
2006-02-21,902.3,nan
2006-02-22,899.74,nan
2006-02-23,907.56,nan
2006-02-24,912.86,nan
2006-02-27,917.86,nan
2006-02-28,923.33,nan
2006-03-01,926.14,nan
2006-03-02,906.49,nan
2006-03-03,910.37,nan
2006-03-06,909.29,nan
2006-03-07,891.23,nan
2006-03-08,888.6,nan
2006-03-09,882.46,nan
2006-03-10,886.35,nan
2006-03-13,893.1,nan
2006-03-14,890.21,nan
2006-03-15,897.91,nan
2006-03-16,895.22,nan
2006-03-17,892.68,nan
2006-03-20,904.94,nan
2006-03-21,905.05,nan
2006-03-22,905.66,nan
2006-03-23,904.93,nan
2006-03-24,899.06,nan
2006-03-27,902.29,nan
2006-03-28,904.58,nan
2006-03-29,915.46,nan
2006-03-30,907.69,nan
2006-03-31,908.69,nan
2006-04-03,922.34,nan
2006-04-04,931.94,nan
2006-04-05,937.59,nan
2006-04-06,932.78,nan
2006-04-07,928.3,nan
2006-04-10,940.68,nan
2006-04-11,943.89,nan
2006-04-12,940.33,nan
2006-04-13,922.94,nan
2006-04-14,942.08,nan
2006-04-17,953.02,nan
2006-04-18,959.5,nan
2006-04-19,962.97,nan
2006-04-20,953.89,nan
2006-04-21,972.33,nan
2006-04-24,973.39,nan
2006-04-25,963.48,nan
2006-04-26,980.95,nan
2006-04-27,975.92,nan
2006-04-28,997.75,nan
2006-05-08,1030.63,nan
2006-05-09,1052.76,nan
2006-05-10,1058.68,nan
2006-05-11,1048.23,nan
2006-05-12,1087.61,nan
2006-05-15,1124.46,nan
2006-05-16,1117.95,nan
2006-05-17,1120.44,nan
2006-05-18,1107.72,nan
2006-05-19,1136.99,nan
2006-05-22,1136.33,nan
2006-05-23,1098.39,nan
2006-05-24,1095.58,nan
2006-05-25,1095.67,nan
2006-05-26,1109.67,nan
2006-05-29,1137.25,nan
2006-05-30,1139.0,nan
2006-05-31,1125.18,nan
2006-06-01,1154.04,nan
2006-06-02,1145.72,nan
2006-06-05,1151.35,nan
2006-06-06,1148.91,nan
2006-06-07,1094.14,nan
2006-06-08,1105.29,nan
2006-06-09,1081.21,nan
2006-06-12,1085.23,nan
2006-06-13,1083.07,nan
2006-06-14,1072.06,nan
2006-06-15,1072.12,nan
2006-06-16,1099.9,nan
2006-06-19,1110.59,nan
2006-06-20,1114.7,nan
2006-06-21,1110.45,nan
2006-06-22,1111.22,nan
2006-06-23,1117.11,nan
2006-06-26,1141.09,nan
2006-06-27,1139.08,nan
2006-06-28,1138.52,nan
2006-06-29,1164.27,nan
2006-06-30,1161.8,nan
2006-07-03,1185.83,nan
2006-07-04,1175.3,nan
2006-07-05,1151.75,nan
2006-07-06,1169.67,nan
2006-07-07,1158.33,nan
2006-07-10,1158.19,nan
2006-07-11,1161.83,nan
2006-07-12,1160.54,nan
2006-07-13,1109.27,nan
2006-07-14,1117.73,nan
2006-07-17,1126.75,nan
2006-07-18,1123.81,nan
2006-07-19,1098.67,nan
2006-07-20,1105.43,nan
2006-07-21,1115.75,nan
2006-07-24,1117.28,nan
2006-07-25,1127.87,nan
2006-07-26,1129.29,nan
2006-07-27,1119.93,nan
2006-07-28,1109.43,nan
2006-07-31,1077.65,nan
2006-08-01,1067.94,nan
2006-08-02,1064.19,nan
2006-08-03,1064.81,nan
2006-08-04,1046.49,nan
2006-08-07,1033.02,nan
2006-08-08,1050.4,nan
2006-08-09,1049.47,nan
2006-08-10,1068.46,nan
2006-08-11,1068.46,nan
2006-08-14,1048.19,nan
2006-08-15,1064.4,nan
2006-08-16,1076.12,nan
2006-08-17,1066.1,nan
2006-08-18,1064.77,nan
2006-08-21,1065.43,nan
2006-08-22,1076.2,nan
2006-08-23,1079.76,nan
2006-08-24,1086.49,nan
2006-08-25,1086.54,nan
2006-08-28,1108.27,nan
2006-08-29,1109.1,nan
2006-08-30,1108.19,nan
2006-08-31,1107.98,nan
2006-09-01,1092.3,nan
2006-09-04,1105.4,nan
2006-09-05,1111.77,nan
2006-09-06,1116.1,nan
2006-09-07,1104.36,nan
2006-09-08,1110.32,nan
2006-09-11,1117.78,nan
2006-09-12,1127.26,nan
2006-09-13,1129.57,nan
2006-09-14,1131.02,nan
2006-09-15,1156.43,nan
2006-09-18,1158.88,nan
2006-09-19,1164.69,nan
2006-09-20,1161.49,nan
2006-09-21,1172.21,nan
2006-09-22,1158.77,nan
2006-09-25,1156.16,nan
2006-09-26,1140.9,nan
2006-09-27,1153.02,nan
2006-09-28,1167.02,nan
2006-09-29,1181.58,nan
2006-10-09,1219.4,nan
2006-10-10,1220.26,nan
2006-10-11,1220.44,nan
2006-10-12,1214.95,nan
2006-10-13,1217.44,nan
2006-10-16,1202.51,nan
2006-10-17,1191.88,nan
2006-10-18,1214.63,nan
2006-10-19,1216.2,nan
2006-10-20,1220.33,nan
2006-10-23,1199.55,nan
2006-10-24,1227.56,nan
2006-10-25,1235.09,nan
2006-10-26,1247.62,nan
2006-10-27,1233.32,nan
2006-10-30,1245.2,nan
2006-10-31,1264.32,nan
2006-11-01,1283.07,nan
2006-11-02,1279.6,nan
2006-11-03,1290.96,nan
2006-11-06,1319.23,nan
2006-11-07,1332.95,nan
2006-11-08,1314.73,nan
2006-11-09,1343.2,nan
2006-11-10,1337.06,nan
2006-11-13,1319.37,nan
2006-11-14,1336.66,nan
2006-11-15,1369.59,nan
2006-11-16,1375.8,nan
2006-11-17,1398.99,nan
2006-11-20,1442.88,nan
2006-11-21,1457.9,nan
2006-11-22,1463.83,nan
2006-11-23,1478.07,nan
2006-11-24,1467.75,nan
2006-11-27,1462.87,nan
2006-11-28,1448.24,nan
2006-11-29,1464.34,nan
2006-11-30,1509.34,nan
2006-12-01,1514.8,nan
2006-12-04,1574.28,nan
2006-12-05,1589.05,nan
2006-12-06,1586.76,nan
2006-12-07,1597.1,nan
2006-12-08,1539.97,nan
2006-12-11,1615.22,nan
2006-12-12,1636.34,nan
2006-12-13,1635.55,nan
2006-12-14,1666.6,nan
2006-12-15,1691.64,nan
2006-12-18,1734.03,nan
2006-12-19,1740.39,nan
2006-12-20,1741.27,nan
2006-12-21,1716.13,nan
2006-12-22,1709.77,nan
2006-12-25,1763.71,nan
2006-12-26,1772.95,nan
2006-12-27,1828.61,nan
2006-12-28,1839.97,nan
2006-12-29,1912.16,nan
2007-01-04,1944.8,nan
2007-01-05,1922.54,nan
2007-01-08,1966.5,nan
2007-01-09,2046.63,nan
2007-01-10,2079.85,nan
2007-01-11,2041.28,nan
2007-01-12,1987.18,nan
2007-01-15,2079.35,nan
2007-01-16,2109.99,nan
2007-01-17,2071.49,nan
2007-01-18,2051.55,nan
2007-01-19,2113.63,nan
2007-01-22,2198.37,nan
2007-01-23,2230.63,nan
2007-01-24,2272.68,nan
2007-01-25,2222.36,nan
2007-01-26,2292.62,nan
2007-01-29,2353.94,nan
2007-01-30,2327.23,nan
2007-01-31,2174.4,nan
2007-02-01,2173.09,nan
2007-02-02,2070.67,nan
2007-02-05,2018.84,nan
2007-02-06,2069.81,nan
2007-02-07,2119.82,nan
2007-02-08,2142.92,nan
2007-02-09,2121.89,nan
2007-02-12,2205.65,nan
2007-02-13,2233.42,nan
2007-02-14,2302.67,nan
2007-02-15,2367.75,nan
2007-02-16,2365.13,nan
2007-02-26,2375.5,nan
2007-02-27,2150.52,nan
2007-02-28,2220.29,nan
2007-03-01,2160.39,nan
2007-03-02,2191.53,nan
2007-03-05,2139.26,nan
2007-03-06,2199.79,nan
2007-03-07,2255.51,nan
2007-03-08,2277.41,nan
2007-03-09,2271.12,nan
2007-03-12,2267.21,nan
2007-03-13,2277.21,nan
2007-03-14,2224.88,nan
2007-03-15,2264.59,nan
2007-03-16,2232.36,nan
2007-03-19,2304.94,nan
2007-03-20,2303.86,nan
2007-03-21,2322.72,nan
2007-03-22,2339.17,nan
2007-03-23,2330.25,nan
2007-03-26,2361.98,nan
2007-03-27,2369.63,nan
2007-03-28,2412.78,nan
2007-03-29,2437.69,nan
2007-03-30,2423.69,nan
2007-04-02,2481.16,nan
2007-04-03,2502.83,nan
2007-04-04,2513.08,nan
2007-04-05,2534.24,nan
2007-04-06,2532.13,nan
2007-04-09,2587.51,nan
2007-04-10,2620.16,nan
2007-04-11,2656.93,nan
2007-04-12,2685.13,nan
2007-04-13,2666.8,nan
2007-04-16,2738.35,nan
2007-04-17,2729.91,nan
2007-04-18,2710.32,nan
2007-04-19,2598.06,nan
2007-04-20,2698.65,nan
2007-04-23,2808.74,nan
2007-04-24,2816.99,nan
2007-04-25,2838.03,nan
2007-04-26,2862.45,nan
2007-04-27,2840.38,nan
2007-04-30,2921.45,nan
2007-05-08,2999.24,nan
2007-05-09,3030.02,nan
2007-05-10,3056.93,nan
2007-05-11,3038.13,nan
2007-05-14,3056.7,nan
2007-05-15,2935.04,nan
2007-05-16,2996.34,nan
2007-05-17,3043.23,nan
2007-05-18,3023.67,nan
2007-05-21,3035.84,nan
2007-05-22,3055.27,nan
2007-05-23,3094.78,nan
2007-05-24,3081.1,nan
2007-05-25,3118.94,nan
2007-05-28,3178.67,nan
2007-05-29,3236.81,nan
2007-05-30,3031.56,nan
2007-05-31,3120.02,nan
2007-06-01,3084.17,nan
2007-06-04,2862.21,nan
2007-06-05,2950.35,nan
2007-06-06,2953.17,nan
2007-06-07,3033.04,nan
2007-06-08,3032.49,nan
2007-06-11,3100.76,nan
2007-06-12,3169.72,nan
2007-06-13,3236.85,nan
2007-06-14,3198.83,nan
2007-06-15,3226.04,nan
2007-06-18,3332.17,nan
2007-06-19,3331.72,nan
2007-06-20,3253.92,nan
2007-06-21,3308.25,nan
2007-06-22,3232.73,nan
2007-06-25,3131.71,nan
2007-06-26,3158.97,nan
2007-06-27,3257.1,nan
2007-06-28,3163.52,nan
2007-06-29,3106.4,nan
2007-07-02,3101.3,nan
2007-07-03,3149.0,nan
2007-07-04,3067.53,nan
2007-07-05,2927.08,nan
2007-07-06,3049.82,nan
2007-07-09,3133.43,nan
2007-07-10,3131.34,nan
2007-07-11,3132.3,nan
2007-07-12,3166.39,nan
2007-07-13,3167.81,nan
2007-07-16,3069.71,nan
2007-07-17,3153.04,nan
2007-07-18,3177.88,nan
2007-07-19,3171.38,nan
2007-07-20,3310.38,nan
2007-07-23,3441.45,nan
2007-07-24,3443.21,nan
2007-07-25,3526.22,nan
2007-07-26,3537.18,nan
2007-07-27,3514.09,nan
2007-07-30,3584.86,nan
2007-07-31,3619.17,nan
2007-08-01,3501.24,nan
2007-08-02,3587.79,nan
2007-08-03,3756.05,nan
2007-08-06,3835.96,nan
2007-08-07,3854.81,nan
2007-08-08,3837.29,nan
2007-08-09,3953.43,nan
2007-08-10,3956.98,nan
2007-08-13,3991.89,nan
2007-08-14,4041.56,nan
2007-08-15,4054.51,nan
2007-08-16,3947.48,nan
2007-08-17,3848.85,nan
2007-08-20,4088.46,nan
2007-08-21,4165.95,nan
2007-08-22,4215.52,nan
2007-08-23,4283.31,nan
2007-08-24,4380.76,nan
2007-08-27,4412.82,nan
2007-08-28,4426.87,nan
2007-08-29,4354.53,nan
2007-08-30,4387.84,nan
2007-08-31,4429.33,nan
2007-09-03,4526.23,nan
2007-09-04,4447.47,nan
2007-09-05,4427.08,nan
2007-09-06,4487.97,nan
2007-09-07,4388.85,nan
2007-09-10,4453.84,nan
2007-09-11,4260.88,nan
2007-09-12,4307.51,nan
2007-09-13,4422.13,nan
2007-09-14,4446.1,nan
2007-09-17,4523.33,nan
2007-09-18,4487.87,nan
2007-09-19,4442.15,nan
2007-09-20,4507.08,nan
2007-09-21,4479.99,nan
2007-09-24,4517.04,nan
2007-09-25,4475.75,nan
2007-09-26,4419.45,nan
2007-09-27,4471.54,nan
2007-09-28,4597.81,nan
2007-10-08,4698.0,nan
2007-10-09,4724.07,nan
2007-10-10,4745.69,nan
2007-10-11,4886.51,nan
2007-10-12,4887.37,nan
2007-10-15,5010.79,nan
2007-10-16,5050.83,nan
2007-10-17,4999.89,nan
2007-10-18,4812.62,nan
2007-10-19,4797.57,nan
2007-10-22,4686.25,nan
2007-10-23,4777.16,nan
2007-10-24,4857.75,nan
2007-10-25,4658.73,nan
2007-10-26,4729.03,nan
2007-10-29,4832.73,nan
2007-10-30,4902.34,nan
2007-10-31,4940.18,nan
2007-11-01,4918.23,nan
2007-11-02,4849.85,nan
2007-11-05,4708.73,nan
2007-11-06,4638.19,nan
2007-11-07,4679.55,nan
2007-11-08,4435.46,nan
2007-11-09,4419.02,nan
2007-11-12,4384.61,nan
2007-11-13,4346.14,nan
2007-11-14,4533.87,nan
2007-11-15,4485.44,nan
2007-11-16,4412.38,nan
2007-11-19,4362.24,nan
2007-11-20,4415.29,nan
2007-11-21,4339.18,nan
2007-11-22,4158.95,nan
2007-11-23,4228.79,nan
2007-11-26,4174.44,nan
2007-11-27,4088.26,nan
2007-11-28,4039.74,nan
2007-11-29,4244.1,nan
2007-11-30,4142.29,nan
2007-12-03,4174.09,nan
2007-12-04,4230.73,nan
2007-12-05,4345.63,nan
2007-12-06,4344.92,nan
2007-12-07,4400.33,nan
2007-12-10,4447.09,nan
2007-12-11,4440.22,nan
2007-12-12,4359.26,nan
2007-12-13,4215.3,nan
2007-12-14,4279.5,nan
2007-12-17,4137.8,nan
2007-12-18,4108.99,nan
2007-12-19,4219.91,nan
2007-12-20,4312.76,nan
2007-12-21,4356.5,nan
2007-12-24,4454.11,nan
2007-12-25,4443.05,nan
2007-12-26,4457.43,nan
2007-12-27,4546.03,nan
2007-12-28,4512.09,nan
2008-01-02,4504.54,nan
2008-01-03,4516.0,nan
2008-01-04,4571.8,nan
2008-01-07,4622.6,nan
2008-01-08,4652.3,nan
2008-01-09,4703.35,nan
2008-01-10,4730.61,nan
2008-01-11,4784.02,nan
2008-01-14,4802.86,nan
2008-01-15,4740.6,nan
2008-01-16,4562.55,nan
2008-01-17,4460.8,nan
2008-01-18,4479.21,nan
2008-01-21,4244.1,nan
2008-01-22,3927.37,nan
2008-01-23,4080.88,nan
2008-01-24,4076.1,nan
2008-01-25,4137.21,nan
2008-01-28,3840.1,nan
2008-01-29,3855.81,nan
2008-01-30,3780.13,nan
2008-01-31,3734.06,nan
2008-02-01,3736.33,nan
2008-02-04,4052.39,nan
2008-02-05,4020.4,nan
2008-02-13,3907.24,nan
2008-02-14,3957.21,nan
2008-02-15,3892.32,nan
2008-02-18,3959.46,nan
2008-02-19,4042.68,nan
2008-02-20,3924.66,nan
2008-02-21,3865.28,nan
2008-02-22,3700.2,nan
2008-02-25,3556.92,nan
2008-02-26,3590.77,nan
2008-02-27,3693.34,nan
2008-02-28,3667.37,nan
2008-02-29,3704.89,nan
2008-03-03,3778.36,nan
2008-03-04,3655.99,nan
2008-03-05,3608.87,nan
2008-03-06,3678.36,nan
2008-03-07,3624.83,nan
2008-03-10,3476.27,nan
2008-03-11,3484.94,nan
2008-03-12,3378.43,nan
2008-03-13,3321.91,nan
2008-03-14,3292.67,nan
2008-03-17,3185.5,nan
2008-03-18,3063.33,nan
2008-03-19,3144.05,nan
2008-03-20,3215.1,nan
2008-03-21,3225.56,nan
2008-03-24,3062.98,nan
2008-03-25,3079.35,nan
2008-03-26,3092.23,nan
2008-03-27,2946.8,nan
2008-03-28,3106.99,nan
2008-03-31,3014.61,nan
2008-04-01,2896.66,nan
2008-04-02,2929.93,nan
2008-04-03,3019.58,nan
2008-04-07,3153.66,nan
2008-04-08,3170.08,nan
2008-04-09,2992.38,nan
2008-04-10,3032.31,nan
2008-04-11,3058.89,nan
2008-04-14,2866.74,nan
2008-04-15,2899.55,nan
2008-04-16,2834.59,nan
2008-04-17,2763.97,nan
2008-04-18,2681.34,nan
2008-04-21,2717.81,nan
2008-04-22,2771.38,nan
2008-04-23,2902.23,nan
2008-04-24,3182.96,nan
2008-04-25,3186.99,nan
2008-04-28,3116.15,nan
2008-04-29,3161.29,nan
2008-04-30,3337.08,nan
2008-05-05,3383.57,nan
2008-05-06,3340.92,nan
2008-05-07,3181.83,nan
2008-05-08,3243.43,nan
2008-05-09,3180.09,nan
2008-05-12,3194.11,nan
2008-05-13,3126.0,nan
2008-05-14,3235.46,nan
2008-05-15,3212.24,nan
2008-05-16,3216.04,nan
2008-05-19,3183.39,nan
2008-05-20,3030.95,nan
2008-05-21,3091.08,nan
2008-05-22,3036.64,nan
2008-05-23,3034.13,nan
2008-05-26,2934.74,nan
2008-05-27,2944.89,nan
2008-05-28,3033.47,nan
2008-05-29,2958.98,nan
2008-05-30,2996.26,nan
2008-06-02,3010.71,nan
2008-06-03,2999.76,nan
2008-06-04,2928.71,nan
2008-06-05,2913.7,nan
2008-06-06,2892.48,nan
2008-06-10,2655.85,nan
2008-06-11,2619.47,nan
2008-06-12,2558.11,nan
2008-06-13,2489.71,nan
2008-06-16,2491.77,nan
2008-06-17,2425.92,nan
2008-06-18,2542.56,nan
2008-06-19,2363.06,nan
2008-06-20,2441.28,nan
2008-06-23,2385.78,nan
2008-06-24,2425.34,nan
2008-06-25,2509.98,nan
2008-06-26,2501.92,nan
2008-06-27,2373.21,nan
2008-06-30,2341.08,nan
2008-07-01,2240.86,nan
2008-07-02,2221.34,nan
2008-07-03,2249.38,nan
2008-07-04,2236.74,nan
2008-07-07,2358.89,nan
2008-07-08,2362.02,nan
2008-07-09,2465.91,nan
2008-07-10,2433.16,nan
2008-07-11,2418.3,nan
2008-07-14,2433.05,nan
2008-07-15,2324.01,nan
2008-07-16,2249.55,nan
2008-07-17,2233.2,nan
2008-07-18,2325.16,nan
2008-07-21,2400.28,nan
2008-07-22,2390.27,nan
2008-07-23,2385.23,nan
2008-07-24,2478.37,nan
2008-07-25,2441.85,nan
2008-07-28,2458.4,nan
2008-07-29,2409.37,nan
2008-07-30,2394.87,nan
2008-07-31,2335.35,nan
2008-08-01,2380.24,nan
2008-08-04,2326.51,nan
2008-08-05,2288.33,nan
2008-08-06,2320.16,nan
2008-08-07,2313.47,nan
2008-08-08,2219.7,nan
2008-08-11,2131.86,nan
2008-08-12,2116.44,nan
2008-08-13,2103.63,nan
2008-08-14,2094.87,nan
2008-08-15,2112.39,nan
2008-08-18,2007.2,nan
2008-08-19,2038.6,nan
2008-08-20,2204.62,nan
2008-08-21,2132.26,nan
2008-08-22,2102.24,nan
2008-08-25,2109.56,nan
2008-08-26,2071.92,nan
2008-08-27,2073.98,nan
2008-08-28,2092.19,nan
2008-08-29,2131.79,nan
2008-09-01,2056.73,nan
2008-09-02,2031.14,nan
2008-09-03,1995.52,nan
2008-09-04,1991.95,nan
2008-09-05,1939.17,nan
2008-09-08,1910.48,nan
2008-09-09,1921.66,nan
2008-09-10,1922.79,nan
2008-09-11,1845.11,nan
2008-09-12,1847.44,nan
2008-09-16,1743.44,nan
2008-09-17,1654.28,nan
2008-09-18,1627.91,nan
2008-09-19,1781.89,nan
2008-09-22,1922.23,nan
2008-09-23,1863.66,nan
2008-09-24,1874.45,nan
2008-09-25,1953.23,nan
2008-09-26,1955.96,nan
2008-10-06,1850.15,nan
2008-10-07,1812.94,nan
2008-10-08,1728.94,nan
2008-10-09,1714.4,nan
2008-10-10,1650.76,nan
2008-10-13,1743.34,nan
2008-10-14,1690.29,nan
2008-10-15,1672.78,nan
2008-10-16,1591.48,nan
2008-10-17,1598.94,nan
2008-10-20,1654.6,nan
2008-10-21,1635.63,nan
2008-10-22,1588.96,nan
2008-10-23,1576.29,nan
2008-10-24,1521.12,nan
2008-10-27,1410.48,nan
2008-10-28,1462.32,nan
2008-10-29,1422.66,nan
2008-10-30,1467.94,nan
2008-10-31,1434.25,nan
2008-11-03,1430.12,nan
2008-11-04,1418.38,nan
2008-11-05,1480.76,nan
2008-11-06,1439.66,nan
2008-11-07,1472.87,nan
2008-11-10,1587.55,nan
2008-11-11,1559.02,nan
2008-11-12,1574.38,nan
2008-11-13,1631.06,nan
2008-11-14,1674.88,nan
2008-11-17,1700.41,nan
2008-11-18,1577.39,nan
2008-11-19,1668.91,nan
2008-11-20,1634.35,nan
2008-11-21,1622.78,nan
2008-11-24,1552.02,nan
2008-11-25,1551.71,nan
2008-11-26,1557.42,nan
2008-11-27,1573.74,nan
2008-11-28,1525.56,nan
2008-12-01,1540.37,nan
2008-12-02,1534.55,nan
2008-12-03,1607.42,nan
2008-12-04,1644.94,nan
2008-12-05,1663.18,nan
2008-12-08,1732.67,nan
2008-12-09,1680.52,nan
2008-12-10,1737.8,nan
2008-12-11,1694.05,nan
2008-12-12,1620.83,nan
2008-12-15,1631.02,nan
2008-12-16,1634.66,nan
2008-12-17,1632.91,nan
2008-12-18,1678.74,nan
2008-12-19,1680.22,nan
2008-12-22,1645.97,nan
2008-12-23,1569.56,nan
2008-12-24,1544.84,nan
2008-12-25,1530.72,nan
2008-12-26,1531.8,nan
2008-12-29,1521.85,nan
2008-12-30,1503.22,nan
2008-12-31,1497.29,nan
2009-01-05,1553.48,nan
2009-01-06,1602.56,nan
2009-01-07,1587.61,nan
2009-01-08,1546.13,nan
2009-01-09,1564.57,nan
2009-01-12,1558.72,nan
2009-01-13,1528.82,nan
2009-01-14,1596.54,nan
2009-01-15,1588.42,nan
2009-01-16,1623.88,nan
2009-01-19,1653.69,nan
2009-01-20,1664.28,nan
2009-01-21,1661.46,nan
2009-01-22,1673.17,nan
2009-01-23,1663.09,nan
2009-02-02,1666.78,nan
2009-02-03,1708.52,nan
2009-02-04,1764.15,nan
2009-02-05,1761.69,nan
2009-02-06,1826.05,nan
2009-02-09,1855.79,nan
2009-02-10,1863.4,nan
2009-02-11,1869.24,nan
2009-02-12,1837.24,nan
2009-02-13,1898.02,nan
2009-02-16,1964.5,nan
2009-02-17,1907.08,nan
2009-02-18,1811.84,nan
2009-02-19,1811.75,nan
2009-02-20,1832.82,nan
2009-02-23,1874.08,nan
2009-02-24,1773.69,nan
2009-02-25,1797.15,nan
2009-02-26,1735.9,nan
2009-02-27,1721.19,nan
2009-03-02,1721.84,nan
2009-03-03,1690.88,nan
2009-03-04,1807.21,nan
2009-03-05,1832.16,nan
2009-03-06,1812.85,nan
2009-03-09,1751.59,nan
2009-03-10,1781.89,nan
2009-03-11,1766.67,nan
2009-03-12,1760.47,nan
2009-03-13,1757.96,nan
2009-03-16,1790.57,nan
2009-03-17,1843.9,nan
2009-03-18,1840.43,nan
2009-03-19,1874.49,nan
2009-03-20,1866.28,nan
2009-03-23,1910.43,nan
2009-03-24,1920.24,nan
2009-03-25,1889.21,nan
2009-03-26,1958.89,nan
2009-03-27,1973.77,nan
2009-03-30,1964.88,nan
2009-03-31,1978.8,nan
2009-04-01,2002.3,nan
2009-04-02,2030.82,nan
2009-04-03,2046.31,nan
2009-04-07,2047.82,nan
2009-04-08,1963.72,nan
2009-04-09,1997.05,nan
2009-04-10,2048.94,nan
2009-04-13,2096.94,nan
2009-04-14,2107.17,nan
2009-04-15,2101.04,nan
2009-04-16,2100.89,nan
2009-04-17,2076.13,nan
2009-04-20,2115.56,nan
2009-04-21,2087.22,nan
2009-04-22,2026.87,nan
2009-04-23,2028.68,nan
2009-04-24,2011.73,nan
2009-04-27,1975.89,nan
2009-04-28,1974.45,nan
2009-04-29,2055.46,nan
2009-04-30,2049.66,nan
2009-05-04,2116.95,nan
2009-05-05,2120.24,nan
2009-05-06,2141.02,nan
2009-05-07,2152.88,nan
2009-05-08,2187.25,nan
2009-05-11,2163.27,nan
2009-05-12,2201.33,nan
2009-05-13,2220.6,nan
2009-05-14,2185.74,nan
2009-05-15,2186.54,nan
2009-05-18,2193.85,nan
2009-05-19,2216.54,nan
2009-05-20,2183.42,nan
2009-05-21,2132.66,nan
2009-05-22,2127.46,nan
2009-05-25,2131.05,nan
2009-05-26,2105.17,nan
2009-05-27,2156.5,nan
2009-06-01,2249.89,nan
2009-06-02,2247.59,nan
2009-06-03,2328.89,nan
2009-06-04,2358.08,nan
2009-06-05,2343.71,nan
2009-06-08,2372.0,nan
2009-06-09,2383.58,nan
2009-06-10,2399.9,nan
2009-06-11,2387.48,nan
2009-06-12,2344.69,nan
2009-06-15,2412.38,nan
2009-06-16,2402.06,nan
2009-06-17,2433.02,nan
2009-06-18,2484.79,nan
2009-06-19,2512.75,nan
2009-06-22,2527.6,nan
2009-06-23,2540.26,nan
2009-06-24,2546.06,nan
2009-06-25,2545.89,nan
2009-06-26,2556.08,nan
2009-06-29,2606.97,nan
2009-06-30,2595.88,nan
2009-07-01,2663.75,nan
2009-07-02,2707.59,nan
2009-07-03,2737.29,nan
2009-07-06,2782.34,nan
2009-07-07,2746.87,nan
2009-07-08,2730.81,nan
2009-07-09,2763.6,nan
2009-07-10,2749.51,nan
2009-07-13,2694.18,nan
2009-07-14,2782.93,nan
2009-07-15,2813.51,nan
2009-07-16,2837.06,nan
2009-07-17,2843.91,nan
2009-07-20,2896.82,nan
2009-07-21,2864.8,nan
2009-07-22,2924.26,nan
2009-07-23,2968.26,nan
2009-07-24,2996.44,nan
2009-07-27,3064.18,nan
2009-07-28,3057.92,nan
2009-07-29,2918.41,nan
2009-07-30,3008.63,nan
2009-07-31,3077.12,nan
2009-08-03,3099.9,nan
2009-08-04,3069.88,nan
2009-08-05,3017.17,nan
2009-08-06,2947.58,nan
2009-08-07,2878.78,nan
2009-08-10,2854.24,nan
2009-08-11,2857.36,nan
2009-08-12,2724.73,nan
2009-08-13,2763.16,nan
2009-08-14,2692.0,nan
2009-08-17,2547.97,nan
2009-08-18,2560.09,nan
2009-08-19,2437.6,nan
2009-08-20,2549.9,nan
2009-08-21,2587.14,nan
2009-08-24,2587.67,nan
2009-08-25,2469.11,nan
2009-08-26,2505.1,nan
2009-08-27,2487.1,nan
2009-08-28,2396.95,nan
2009-08-31,2236.4,nan
2009-09-01,2269.75,nan
2009-09-02,2320.92,nan
2009-09-03,2437.88,nan
2009-09-04,2445.5,nan
2009-09-07,2463.33,nan
2009-09-08,2508.23,nan
2009-09-09,2519.29,nan
2009-09-10,2496.41,nan
2009-09-11,2576.1,nan
2009-09-14,2606.31,nan
2009-09-15,2607.08,nan
2009-09-16,2553.84,nan
2009-09-17,2605.06,nan
2009-09-18,2510.27,nan
2009-09-21,2505.56,nan
2009-09-22,2443.31,nan
2009-09-23,2406.11,nan
2009-09-24,2445.09,nan
2009-09-25,2435.57,nan
2009-09-28,2365.71,nan
2009-09-29,2382.43,nan
2009-09-30,2405.37,nan
2009-10-09,2526.03,nan
2009-10-12,2509.77,nan
2009-10-13,2551.15,nan
2009-10-14,2573.69,nan
2009-10-15,2586.12,nan
2009-10-16,2581.05,nan
2009-10-19,2640.18,nan
2009-10-20,2686.32,nan
2009-10-21,2681.15,nan
2009-10-22,2657.64,nan
2009-10-23,2715.16,nan
2009-10-26,2718.43,nan
2009-10-27,2640.4,nan
2009-10-28,2636.14,nan
2009-10-29,2570.16,nan
2009-10-30,2599.72,nan
2009-11-02,2693.37,nan
2009-11-03,2721.93,nan
2009-11-04,2738.04,nan
2009-11-05,2740.98,nan
2009-11-06,2748.94,nan
2009-11-09,2756.13,nan
2009-11-10,2757.87,nan
2009-11-11,2748.13,nan
2009-11-12,2744.66,nan
2009-11-13,2761.61,nan
2009-11-16,2846.42,nan
2009-11-17,2851.13,nan
2009-11-18,2851.16,nan
2009-11-19,2847.89,nan
2009-11-20,2826.18,nan
2009-11-23,2838.25,nan
2009-11-24,2760.83,nan
2009-11-25,2807.81,nan
2009-11-26,2690.72,nan
2009-11-27,2613.84,nan
2009-11-30,2699.77,nan
2009-12-01,2726.5,nan
2009-12-02,2749.93,nan
2009-12-03,2732.37,nan
2009-12-04,2830.71,nan
2009-12-07,2839.26,nan
2009-12-08,2792.99,nan
2009-12-09,2729.92,nan
2009-12-10,2746.02,nan
2009-12-11,2743.23,nan
2009-12-14,2794.23,nan
2009-12-15,2762.55,nan
2009-12-16,2749.12,nan
2009-12-17,2696.85,nan
2009-12-18,2652.95,nan
2009-12-21,2640.25,nan
2009-12-22,2579.19,nan
2009-12-23,2593.21,nan
2009-12-24,2659.16,nan
2009-12-25,2633.16,nan
2009-12-28,2676.51,nan
2009-12-29,2704.02,nan
2009-12-30,2781.1,nan
2009-12-31,2794.22,nan
2010-01-04,2751.38,nan
2010-01-05,2783.49,nan
2010-01-06,2750.69,nan
2010-01-07,2695.7,nan
2010-01-08,2698.34,nan
2010-01-11,2712.17,nan
2010-01-12,2744.15,nan
2010-01-13,2625.55,nan
2010-01-14,2650.86,nan
2010-01-15,2656.37,nan
2010-01-18,2649.13,nan
2010-01-19,2661.73,nan
2010-01-20,2581.61,nan
2010-01-21,2601.6,nan
2010-01-22,2604.12,nan
2010-01-25,2575.03,nan
2010-01-26,2529.05,nan
2010-01-27,2477.8,nan
2010-01-28,2464.68,nan
2010-01-29,2455.25,nan
2010-02-01,2416.89,nan
2010-02-02,2422.47,nan
2010-02-03,2492.24,nan
2010-02-04,2474.25,nan
2010-02-05,2428.56,nan
2010-02-08,2419.3,nan
2010-02-09,2438.89,nan
2010-02-10,2472.75,nan
2010-02-11,2478.38,nan
2010-02-12,2499.44,nan
2010-02-22,2482.66,nan
2010-02-23,2437.7,nan
2010-02-24,2463.68,nan
2010-02-25,2497.53,nan
2010-02-26,2488.44,nan
2010-03-01,2528.64,nan
2010-03-02,2518.92,nan
2010-03-03,2529.48,nan
2010-03-04,2474.87,nan
2010-03-05,2481.45,nan
2010-03-08,2499.77,nan
2010-03-09,2519.15,nan
2010-03-10,2508.32,nan
2010-03-11,2516.57,nan
2010-03-12,2488.66,nan
2010-03-15,2451.68,nan
2010-03-16,2474.42,nan
2010-03-17,2524.28,nan
2010-03-18,2511.0,nan
2010-03-19,2528.07,nan
2010-03-22,2534.72,nan
2010-03-23,2507.78,nan
2010-03-24,2507.59,nan
2010-03-25,2471.82,nan
2010-03-26,2508.51,nan
2010-03-29,2586.53,nan
2010-03-30,2591.49,nan
2010-03-31,2572.13,nan
2010-04-01,2600.34,nan
2010-04-02,2603.18,nan
2010-04-06,2602.5,nan
2010-04-07,2584.67,nan
2010-04-08,2544.62,nan
2010-04-09,2566.59,nan
2010-04-12,2537.3,nan
2010-04-13,2589.25,nan
2010-04-14,2591.2,nan
2010-04-15,2591.15,nan
2010-04-16,2550.15,nan
2010-04-19,2420.62,nan
2010-04-20,2414.04,nan
2010-04-21,2450.93,nan
2010-04-22,2404.64,nan
2010-04-23,2392.52,nan
2010-04-26,2376.28,nan
2010-04-27,2334.15,nan
2010-04-28,2328.33,nan
2010-04-29,2325.99,nan
2010-04-30,2353.43,nan
2010-05-04,2310.03,nan
2010-05-05,2310.28,nan
2010-05-06,2199.36,nan
2010-05-07,2169.94,nan
2010-05-10,2199.92,nan
2010-05-11,2156.23,nan
2010-05-12,2192.91,nan
2010-05-13,2237.21,nan
2010-05-14,2213.29,nan
2010-05-17,2112.44,nan
2010-05-18,2157.01,nan
2010-05-19,2143.7,nan
2010-05-20,2110.14,nan
2010-05-21,2130.07,nan
2010-05-24,2201.69,nan
2010-05-25,2147.62,nan
2010-05-26,2147.05,nan
2010-05-27,2177.04,nan
2010-05-28,2166.79,nan
2010-05-31,2114.63,nan
2010-06-01,2098.52,nan
2010-06-02,2094.82,nan
2010-06-03,2081.31,nan
2010-06-04,2081.45,nan
2010-06-07,2036.3,nan
2010-06-08,2027.26,nan
2010-06-09,2095.12,nan
2010-06-10,2059.31,nan
2010-06-11,2069.85,nan
2010-06-17,2069.15,nan
2010-06-18,2056.87,nan
2010-06-21,2125.85,nan
2010-06-22,2122.31,nan
2010-06-23,2104.61,nan
2010-06-24,2107.97,nan
2010-06-25,2109.36,nan
2010-06-28,2103.37,nan
2010-06-29,2018.92,nan
2010-06-30,2003.57,nan
2010-07-01,1984.91,nan
2010-07-02,1999.88,nan
2010-07-05,1985.55,nan
2010-07-06,2017.29,nan
2010-07-07,2020.78,nan
2010-07-08,2021.28,nan
2010-07-09,2067.91,nan
2010-07-12,2087.11,nan
2010-07-13,2056.55,nan
2010-07-14,2071.91,nan
2010-07-15,2036.36,nan
2010-07-16,2035.06,nan
2010-07-19,2079.05,nan
2010-07-20,2114.62,nan
2010-07-21,2119.46,nan
2010-07-22,2141.3,nan
2010-07-23,2154.12,nan
2010-07-26,2161.23,nan
2010-07-27,2143.74,nan
2010-07-28,2196.39,nan
2010-07-29,2207.73,nan
2010-07-30,2199.86,nan
2010-08-02,2231.85,nan
2010-08-03,2190.62,nan
2010-08-04,2194.06,nan
2010-08-05,2163.96,nan
2010-08-06,2191.52,nan
2010-08-09,2201.25,nan
2010-08-10,2142.09,nan
2010-08-11,2147.91,nan
2010-08-12,2119.79,nan
2010-08-13,2137.75,nan
2010-08-16,2182.73,nan
2010-08-17,2192.14,nan
2010-08-18,2186.47,nan
2010-08-19,2208.05,nan
2010-08-20,2178.05,nan
2010-08-23,2173.3,nan
2010-08-24,2170.29,nan
2010-08-25,2120.4,nan
2010-08-26,2120.0,nan
2010-08-27,2123.26,nan
2010-08-30,2150.92,nan
2010-08-31,2130.26,nan
2010-09-01,2122.98,nan
2010-09-02,2143.57,nan
2010-09-03,2136.11,nan
2010-09-06,2187.59,nan
2010-09-07,2184.78,nan
2010-09-08,2166.17,nan
2010-09-09,2124.52,nan
2010-09-10,2121.59,nan
2010-09-13,2131.13,nan
2010-09-14,2134.31,nan
2010-09-15,2098.85,nan
2010-09-16,2061.08,nan
2010-09-17,2059.82,nan
2010-09-20,2063.75,nan
2010-09-21,2067.7,nan
2010-09-27,2086.7,nan
2010-09-28,2067.11,nan
2010-09-29,2072.51,nan
2010-09-30,2121.7,nan
2010-10-08,2206.99,nan
2010-10-11,2292.31,nan
2010-10-12,2319.86,nan
2010-10-13,2357.38,nan
2010-10-14,2396.44,nan
2010-10-15,2500.2,nan
2010-10-18,2486.14,nan
2010-10-19,2526.77,nan
2010-10-20,2534.38,nan
2010-10-21,2490.06,nan
2010-10-22,2474.32,nan
2010-10-25,2544.62,nan
2010-10-26,2519.95,nan
2010-10-27,2468.01,nan
2010-10-28,2466.75,nan
2010-10-29,2428.21,nan
2010-11-01,2482.54,nan
2010-11-02,2475.03,nan
2010-11-03,2469.23,nan
2010-11-04,2500.61,nan
2010-11-05,2527.49,nan
2010-11-08,2539.65,nan
2010-11-09,2503.47,nan
2010-11-10,2468.89,nan
2010-11-11,2497.86,nan
2010-11-12,2362.89,nan
2010-11-15,2358.58,nan
2010-11-16,2254.11,nan
2010-11-17,2233.16,nan
2010-11-18,2259.61,nan
2010-11-19,2261.81,nan
2010-11-22,2239.88,nan
2010-11-23,2197.29,nan
2010-11-24,2233.77,nan
2010-11-25,2263.91,nan
2010-11-26,2238.47,nan
2010-11-29,2231.26,nan
2010-11-30,2195.77,nan
2010-12-01,2200.66,nan
2010-12-02,2216.01,nan
2010-12-03,2227.07,nan
2010-12-06,2253.59,nan
2010-12-07,2269.88,nan
2010-12-08,2238.54,nan
2010-12-09,2214.06,nan
2010-12-10,2242.08,nan
2010-12-13,2300.51,nan
2010-12-14,2295.61,nan
2010-12-15,2277.97,nan
2010-12-16,2258.61,nan
2010-12-17,2253.71,nan
2010-12-20,2217.54,nan
2010-12-21,2272.66,nan
2010-12-22,2242.44,nan
2010-12-23,2237.66,nan
2010-12-24,2232.76,nan
2010-12-27,2193.33,nan
2010-12-28,2162.98,nan
2010-12-29,2166.31,nan
2010-12-30,2158.75,nan
2010-12-31,2192.97,nan
2011-01-04,2234.83,nan
2011-01-05,2217.2,nan
2011-01-06,2200.63,nan
2011-01-07,2225.14,nan
2011-01-10,2191.17,nan
2011-01-11,2217.81,nan
2011-01-12,2237.09,nan
2011-01-13,2233.78,nan
2011-01-14,2198.8,nan
2011-01-17,2127.59,nan
2011-01-18,2133.44,nan
2011-01-19,2166.33,nan
2011-01-20,2101.62,nan
2011-01-21,2135.82,nan
2011-01-24,2120.2,nan
2011-01-25,2119.7,nan
2011-01-26,2136.04,nan
2011-01-27,2161.92,nan
2011-01-28,2157.23,nan
2011-01-31,2178.26,nan
2011-02-01,2183.34,nan
2011-02-09,2154.85,nan
2011-02-10,2191.43,nan
2011-02-11,2191.98,nan
2011-02-14,2270.96,nan
2011-02-15,2265.36,nan
2011-02-16,2275.17,nan
2011-02-17,2270.17,nan
2011-02-18,2251.69,nan
2011-02-21,2269.18,nan
2011-02-22,2208.1,nan
2011-02-23,2213.28,nan
2011-02-24,2221.21,nan
2011-02-25,2225.45,nan
2011-02-28,2242.3,nan
2011-03-01,2257.29,nan
2011-03-02,2263.42,nan
2011-03-03,2275.35,nan
2011-03-04,2306.95,nan
2011-03-07,2354.79,nan
2011-03-08,2355.35,nan
2011-03-09,2351.39,nan
2011-03-10,2297.61,nan
2011-03-11,2272.54,nan
2011-03-14,2277.42,nan
2011-03-15,2238.46,nan
2011-03-16,2272.33,nan
2011-03-17,2243.63,nan
2011-03-18,2256.31,nan
2011-03-21,2258.25,nan
2011-03-22,2278.79,nan
2011-03-23,2301.03,nan
2011-03-24,2289.23,nan
2011-03-25,2324.85,nan
2011-03-28,2332.35,nan
2011-03-29,2326.27,nan
2011-03-30,2330.57,nan
2011-03-31,2310.95,nan
2011-04-01,2358.31,nan
2011-04-06,2413.01,nan
2011-04-07,2411.49,nan
2011-04-08,2423.59,nan
2011-04-11,2413.22,nan
2011-04-12,2401.98,nan
2011-04-13,2439.02,nan
2011-04-14,2428.95,nan
2011-04-15,2441.08,nan
2011-04-18,2441.4,nan
2011-04-19,2386.6,nan
2011-04-20,2378.07,nan
2011-04-21,2396.85,nan
2011-04-22,2386.83,nan
2011-04-25,2359.98,nan
2011-04-26,2349.85,nan
2011-04-27,2343.95,nan
2011-04-28,2342.26,nan
2011-04-29,2344.9,nan
2011-05-03,2345.51,nan
2011-05-04,2281.48,nan
2011-05-05,2274.13,nan
2011-05-06,2260.46,nan
2011-05-09,2259.37,nan
2011-05-10,2282.56,nan
2011-05-11,2272.21,nan
2011-05-12,2242.2,nan
2011-05-13,2266.58,nan
2011-05-16,2240.26,nan
2011-05-17,2256.34,nan
2011-05-18,2278.37,nan
2011-05-19,2270.03,nan
2011-05-20,2277.16,nan
2011-05-23,2211.24,nan
2011-05-24,2213.69,nan
2011-05-25,2186.86,nan
2011-05-26,2190.45,nan
2011-05-27,2193.07,nan
2011-05-30,2197.56,nan
2011-05-31,2230.65,nan
2011-06-01,2222.51,nan
2011-06-02,2178.8,nan
2011-06-03,2194.52,nan
2011-06-07,2205.27,nan
2011-06-08,2201.07,nan
2011-06-09,2168.21,nan
2011-06-10,2176.25,nan
2011-06-13,2174.04,nan
2011-06-14,2201.28,nan
2011-06-15,2183.7,nan
2011-06-16,2159.14,nan
2011-06-17,2143.19,nan
2011-06-20,2135.76,nan
2011-06-21,2157.44,nan
2011-06-22,2157.15,nan
2011-06-23,2190.11,nan
2011-06-24,2245.23,nan
2011-06-27,2242.18,nan
2011-06-28,2241.65,11.63
2011-06-29,2206.53,nan
2011-06-30,2238.79,nan
2011-07-01,2236.39,nan
2011-07-04,2290.75,nan
2011-07-05,2285.98,nan
2011-07-06,2271.96,nan
2011-07-07,2259.53,nan
2011-07-08,2269.21,nan
2011-07-11,2264.71,nan
2011-07-12,2216.72,nan
2011-07-13,2250.89,nan
2011-07-14,2259.15,nan
2011-07-15,2266.22,12.38
2011-07-18,2255.86,12.34
2011-07-19,2240.12,13.94
2011-07-20,2234.91,13.96
2011-07-21,2210.91,13.84
2011-07-22,2215.04,13.85
2011-07-25,2153.02,13.52
2011-07-26,2157.91,13.6
2011-07-27,2163.13,13.65
2011-07-28,2142.2,13.57
2011-07-29,2151.21,13.59
2011-08-01,2153.17,13.59
2011-08-02,2135.55,13.59
2011-08-03,2134.07,13.43
2011-08-04,2136.8,13.43
2011-08-05,2085.75,13.13
2011-08-08,2022.94,12.73
2011-08-09,2031.27,12.75
2011-08-10,2045.75,12.84
2011-08-11,2074.64,12.97
2011-08-12,2072.24,12.98
2011-08-15,2110.83,13.15
2011-08-16,2100.12,13.07
2011-08-17,2094.95,13.04
2011-08-18,2057.24,12.85
2011-08-19,2036.3,12.73
2011-08-22,2018.1,12.63
2011-08-23,2053.11,12.81
2011-08-24,2036.87,12.71
2011-08-25,2117.69,13.14
2011-08-26,2115.27,13.1
2011-08-29,2070.79,12.9
2011-08-30,2068.76,12.89
2011-08-31,2076.05,12.92
2011-09-01,2074.73,12.89
2011-09-02,2052.97,12.77
2011-09-05,2014.4,12.55
2011-09-06,2006.56,12.54
2011-09-07,2045.29,12.74
2011-09-08,2029.41,12.68
2011-09-09,2030.71,12.71
2011-09-13,2010.69,12.6
2011-09-14,2015.13,12.62
2011-09-15,2007.28,12.57
2011-09-16,2013.2,12.6
2011-09-19,1973.83,12.39
2011-09-20,1982.79,12.43
2011-09-21,2040.01,12.73
2011-09-22,1974.86,12.38
2011-09-23,1963.25,12.34
2011-09-26,1906.4,12.12
2011-09-27,1930.16,12.26
2011-09-28,1913.07,12.2
2011-09-29,1905.96,12.17
2011-09-30,1900.27,nan
2011-10-10,1883.18,12.08
2011-10-11,1890.03,12.13
2011-10-12,1959.9,12.46
2011-10-13,1970.71,12.54
2011-10-14,1968.77,12.52
2011-10-17,1982.13,12.58
2011-10-18,1928.23,12.34
2011-10-19,1927.85,12.32
2011-10-20,1888.46,12.15
2011-10-21,1890.8,12.13
2011-10-24,1950.51,12.43
2011-10-25,1976.06,12.57
2011-10-26,1991.8,12.64
2011-10-27,2001.81,12.71
2011-10-28,2038.53,12.88
2011-10-31,2021.6,12.81
2011-11-01,2025.37,12.81
2011-11-02,2059.28,12.96
2011-11-03,2052.05,12.97
2011-11-04,2066.39,13.09
2011-11-07,2041.62,12.96
2011-11-08,2040.28,13.0
2011-11-09,2055.11,13.08
2011-11-10,2010.16,12.82
2011-11-11,2007.46,12.85
2011-11-14,2048.68,13.08
2011-11-15,2039.79,13.04
2011-11-16,1980.27,12.71
2011-11-17,1972.41,12.69
2011-11-18,1941.18,12.51
2011-11-21,1941.89,12.49
2011-11-22,1942.84,12.48
2011-11-23,1918.96,12.38
2011-11-24,1923.05,12.42
2011-11-25,1908.36,9.85
2011-11-28,1910.62,9.87
2011-11-29,1935.92,9.98
2011-11-30,1875.74,9.7
2011-12-01,1932.48,9.95
2011-12-02,1922.79,9.89
2011-12-05,1911.55,9.87
2011-12-06,1905.36,9.83
2011-12-07,1920.53,9.87
2011-12-08,1919.66,9.86
2011-12-09,1908.8,9.83
2011-12-12,1893.73,9.73
2011-12-13,1856.63,9.63
2011-12-14,1846.7,9.6
2011-12-15,1803.84,9.41
2011-12-16,1837.66,9.57
2011-12-19,1833.44,9.53
2011-12-20,1832.67,9.55
2011-12-21,1809.89,9.51
2011-12-22,1814.39,9.53
2011-12-23,1825.34,9.6
2011-12-26,1806.75,9.53
2011-12-27,1794.94,9.49
2011-12-28,1799.27,9.53
2011-12-29,1801.25,9.56
2011-12-30,1824.97,9.65
2012-01-04,1799.59,nan
2012-01-05,1801.25,nan
2012-01-06,1814.53,nan
2012-01-09,1871.72,nan
2012-01-10,1923.27,nan
2012-01-11,1911.44,nan
2012-01-12,1919.55,nan
2012-01-13,1902.02,nan
2012-01-16,1875.04,nan
2012-01-17,1959.21,nan
2012-01-18,1934.5,nan
2012-01-19,1974.91,nan
2012-01-20,2002.63,nan
2012-01-30,1966.22,nan
2012-01-31,1968.35,nan
2012-02-01,1933.35,nan
2012-02-02,1987.8,nan
2012-02-03,1999.36,nan
2012-02-06,1991.04,nan
2012-02-07,1954.04,nan
2012-02-08,2010.49,nan
2012-02-09,2006.02,nan
2012-02-10,2006.27,nan
2012-02-13,1995.24,nan
2012-02-14,1984.46,nan
2012-02-15,2000.46,nan
2012-02-16,1987.72,nan
2012-02-17,1991.98,nan
2012-02-20,1996.22,nan
2012-02-21,2008.1,nan
2012-02-22,2025.39,nan
2012-02-23,2030.33,nan
2012-02-24,2060.87,nan
2012-02-27,2062.78,nan
2012-02-28,2074.8,nan
2012-02-29,2056.42,nan
2012-03-01,2051.36,nan
2012-03-02,2080.2,nan
2012-03-05,2062.25,nan
2012-03-06,2024.26,nan
2012-03-07,2004.07,nan
2012-03-08,2028.59,10.45
2012-03-09,2043.69,10.5
2012-03-12,2027.28,10.44
2012-03-13,2045.63,10.52
2012-03-14,2004.12,10.34
2012-03-15,1986.14,10.28
2012-03-16,2008.26,10.29
2012-03-19,2007.02,10.27
2012-03-20,1980.78,10.18
2012-03-21,1984.05,10.17
2012-03-22,1985.98,10.17
2012-03-23,1971.97,10.11
2012-03-26,1974.2,nan
2012-03-27,1973.41,nan
2012-03-28,1927.9,nan
2012-03-29,1904.48,nan
2012-03-30,1924.27,nan
2012-04-05,1957.72,10.01
2012-04-06,1960.24,10.09
2012-04-09,1942.09,10.01
2012-04-10,1958.8,10.08
2012-04-11,1956.94,10.28
2012-04-12,1997.96,10.26
2012-04-13,2004.86,10.28
2012-04-16,1997.65,10.26
2012-04-17,1973.65,10.17
2012-04-18,2019.03,10.35
2012-04-19,2021.01,10.35
2012-04-20,2048.65,10.48
2012-04-23,2030.63,10.34
2012-04-24,2040.73,nan
2012-04-25,2052.41,nan
2012-04-26,2055.79,10.43
2012-04-27,2056.16,10.42
2012-05-02,2101.53,10.63
2012-05-03,2103.27,10.64
2012-05-04,2117.44,10.65
2012-05-07,2108.57,10.61
2012-05-08,2103.8,10.59
2012-05-09,2067.35,10.42
2012-05-10,2067.03,10.41
2012-05-11,2051.36,10.34
2012-05-14,2034.15,10.27
2012-05-15,2034.95,10.24
2012-05-16,2004.65,10.25
2012-05-17,2035.07,10.25
2012-05-18,2006.97,10.1
2012-05-21,2017.56,10.14
2012-05-22,2046.34,10.15
2012-05-23,2036.23,10.13
2012-05-24,2022.63,10.13
2012-05-25,2007.87,10.07
2012-05-28,2036.55,10.17
2012-05-29,2063.14,10.27
2012-05-30,2056.31,10.24
2012-05-31,2044.3,10.15
2012-06-01,2048.76,10.17
2012-06-04,1994.87,9.94
2012-06-05,1997.98,nan
2012-06-06,2003.5,nan
2012-06-07,1996.35,nan
2012-06-08,1975.48,9.93
2012-06-11,1998.92,9.89
2012-06-12,1987.95,9.83
2012-06-13,2017.52,9.95
2012-06-14,2003.76,9.83
2012-06-15,2019.41,9.92
2012-06-18,2027.8,9.92
2012-06-19,2014.93,9.84
2012-06-20,2015.88,9.84
2012-06-21,1983.54,9.7
2012-06-25,1949.33,9.6
2012-06-26,1953.78,9.58
2012-06-27,1947.49,9.57
2012-06-28,1931.81,9.51
2012-06-29,1963.38,9.63
2012-07-02,1961.39,9.66
2012-07-03,1966.45,9.69
2012-07-04,1969.7,9.69
2012-07-05,1951.53,9.64
2012-07-06,1971.15,9.68
2012-07-09,1921.54,9.43
2012-07-10,1917.76,9.43
2012-07-11,1927.67,9.46
2012-07-12,1936.96,9.46
2012-07-13,1942.69,9.49
2012-07-16,1911.84,9.4
2012-07-17,1925.77,9.46
2012-07-18,1921.34,9.46
2012-07-19,1933.12,9.52
2012-07-20,1914.68,9.52
2012-07-23,1880.92,9.31
2012-07-24,1885.41,9.32
2012-07-25,1879.65,nan
2012-07-26,1875.61,9.28
2012-07-27,1882.36,9.32
2012-07-30,1876.96,9.29
2012-07-31,1884.18,9.32
2012-08-01,1900.03,9.38
2012-08-02,1889.89,9.34
2012-08-03,1898.04,9.4
2012-08-06,1917.43,9.45
2012-08-07,1916.9,9.44
2012-08-08,1923.33,9.47
2012-08-09,1933.96,9.5
2012-08-10,1926.11,9.48
2012-08-13,1887.74,9.37
2012-08-14,1889.06,9.39
2012-08-15,1862.77,9.28
2012-08-16,1856.83,9.27
2012-08-17,1858.76,9.29
2012-08-20,1847.41,9.24
2012-08-21,1850.11,9.25
2012-08-22,1841.82,9.21
2012-08-23,1847.88,9.21
2012-08-24,1838.09,9.17
2012-08-27,1802.27,9.07
2012-08-28,1817.64,9.16
2012-08-29,1799.07,9.09
2012-08-30,1805.88,9.13
2012-08-31,1795.37,8.72
2012-09-03,1808.69,nan
2012-09-04,1794.74,8.68
2012-09-05,1782.55,8.63
2012-09-06,1798.13,8.68
2012-09-07,1877.25,8.99
2012-09-10,1878.19,9.0
2012-09-11,1860.86,8.92
2012-09-12,1864.24,8.92
2012-09-13,1851.68,8.89
2012-09-14,1872.02,8.97
2012-09-17,1834.59,8.83
2012-09-18,1815.21,8.74
2012-09-19,1819.95,8.75
2012-09-20,1787.34,8.61
2012-09-21,1793.15,8.64
2012-09-24,1802.44,8.65
2012-09-25,1802.12,8.66
2012-09-26,1788.0,8.59
2012-09-27,1842.32,8.81
2012-09-28,1871.48,8.92
2012-10-08,1851.82,8.86
2012-10-09,1888.38,9.0
2012-10-10,1885.68,9.0
2012-10-11,1874.56,8.96
2012-10-12,1877.94,8.98
2012-10-15,1871.32,8.96
2012-10-16,1872.69,8.95
2012-10-17,1876.78,8.99
2012-10-18,1902.31,9.08
2012-10-19,1900.1,9.08
2012-10-22,1906.57,9.08
2012-10-23,1886.23,9.01
2012-10-24,1883.72,9.01
2012-10-25,1871.31,8.96
2012-10-26,1838.54,8.83
2012-10-29,1823.25,8.79
2012-10-30,1828.82,8.81
2012-10-31,1841.27,8.76
2012-11-01,1876.86,8.91
2012-11-02,1887.16,8.97
2012-11-05,1884.96,8.96
2012-11-06,1879.19,8.93
2012-11-07,1876.98,8.94
2012-11-08,1846.56,8.83
2012-11-09,1846.84,8.82
2012-11-12,1857.31,8.86
2012-11-13,1827.59,8.74
2012-11-14,1835.34,8.78
2012-11-15,1814.17,8.7
2012-11-16,1800.09,8.63
2012-11-19,1799.31,8.63
2012-11-20,1787.24,8.59
2012-11-21,1813.33,8.68
2012-11-22,1803.8,8.63
2012-11-23,1820.04,8.69
2012-11-26,1813.59,8.68
2012-11-27,1801.67,8.65
2012-11-28,1789.08,8.63
2012-11-29,1778.47,8.6
2012-11-30,1795.68,8.64
2012-12-03,1777.6,8.6
2012-12-04,1793.59,8.64
2012-12-05,1858.3,8.86
2012-12-06,1856.77,8.85
2012-12-07,1896.8,8.97
2012-12-10,1918.11,9.04
2012-12-11,1908.51,9.01
2012-12-12,1922.57,9.07
2012-12-13,1897.62,8.98
2012-12-14,2004.86,9.38
2012-12-17,2017.38,9.4
2012-12-18,2024.35,9.43
2012-12-19,2023.38,9.42
2012-12-20,2032.56,9.44
2012-12-21,2016.38,9.35
2012-12-24,2026.18,9.37
2012-12-25,2087.03,9.61
2012-12-26,2088.98,9.6
2012-12-27,2072.99,9.54
2012-12-28,2109.04,9.67
2012-12-31,2155.25,9.84
2013-01-04,2170.12,9.95
2013-01-07,2181.45,9.96
2013-01-08,2155.25,9.85
2013-01-09,2152.53,9.84
2013-01-10,2152.7,9.84
2013-01-11,2110.35,9.75
2013-01-14,2196.34,10.04
2013-01-15,2204.4,10.05
2013-01-16,2177.66,9.94
2013-01-17,2152.06,9.81
2013-01-18,2189.02,9.94
2013-01-21,2202.53,9.98
2013-01-22,2202.61,9.97
2013-01-23,2216.1,9.99
2013-01-24,2204.55,9.98
2013-01-25,2188.63,9.9
2013-01-28,2270.93,10.15
2013-01-29,2300.2,10.2
2013-01-30,2307.97,10.34
2013-01-31,2312.53,10.36
2013-02-01,2385.01,10.57
2013-02-04,2396.23,10.63
2013-02-05,2400.36,10.6
2013-02-06,2411.43,10.61
2013-02-07,2376.72,10.49
2013-02-08,2369.58,10.51
2013-02-18,2337.27,10.44
2013-02-19,2298.41,10.28
2013-02-20,2295.19,10.28
2013-02-21,2201.9,9.94
2013-02-22,2185.17,9.86
2013-02-25,2193.63,9.89
2013-02-26,2163.89,9.76
2013-02-27,2192.13,9.88
2013-02-28,2270.02,10.11
2013-03-01,2255.88,10.05
2013-03-04,2136.62,9.66
2013-03-05,2223.73,9.91
2013-03-06,2243.44,9.97
2013-03-07,2207.1,9.85
2013-03-08,2206.06,9.86
2013-03-11,2180.93,9.8
2013-03-12,2151.69,9.74
2013-03-13,2129.64,9.65
2013-03-14,2132.83,9.68
2013-03-15,2136.26,9.72
2013-03-18,2101.37,9.53
2013-03-19,2124.24,9.61
2013-03-20,2211.03,9.88
2013-03-21,2207.01,9.87
2013-03-22,2209.52,9.88
2013-03-25,2206.59,9.87
2013-03-26,2159.4,9.71
2013-03-27,2167.73,9.71
2013-03-28,2078.63,9.44
2013-03-29,2080.43,9.45
2013-04-01,2069.85,9.41
2013-04-02,2068.86,9.42
2013-04-03,2076.34,9.46
2013-04-08,2057.12,9.37
2013-04-09,2075.14,9.42
2013-04-10,2074.32,9.44
2013-04-11,2069.91,9.42
2013-04-12,2058.75,9.38
2013-04-15,2041.69,9.28
2013-04-16,2056.59,9.33
2013-04-17,2043.79,9.29
2013-04-18,2051.37,9.31
2013-04-19,2120.79,9.51
2013-04-22,2116.11,9.48
2013-04-23,2042.7,9.24
2013-04-24,2081.23,9.37
2013-04-25,2063.14,9.31
2013-04-26,2048.92,9.25
2013-05-02,2045.46,8.93
2013-05-03,2083.09,9.04
2013-05-06,2107.58,9.02
2013-05-07,2109.12,9.02
2013-05-08,2116.61,9.06
2013-05-09,2097.45,8.99
2013-05-10,2110.51,9.03
2013-05-13,2100.77,8.99
2013-05-14,2071.59,8.88
2013-05-15,2076.06,8.88
2013-05-16,2113.48,8.99
2013-05-17,2139.42,9.11
2013-05-20,2160.56,9.18
2013-05-21,2148.76,9.15
2013-05-22,2157.02,9.15
2013-05-23,2117.02,9.03
2013-05-24,2123.29,9.05
2013-05-27,2121.45,9.03
2013-05-28,2171.18,9.18
2013-05-29,2161.44,9.16
2013-05-30,2154.18,9.12
2013-05-31,2138.2,9.07
2013-06-03,2141.42,9.08
2013-06-04,2119.13,9.02
2013-06-05,2106.42,8.99
2013-06-06,2081.68,8.88
2013-06-07,2055.49,8.78
2013-06-13,1994.15,8.55
2013-06-14,1998.58,8.56
2013-06-17,1984.9,8.52
2013-06-18,1999.49,8.55
2013-06-19,1980.74,8.34
2013-06-20,1914.95,8.12
2013-06-21,1917.03,8.08
2013-06-24,1790.34,7.66
2013-06-25,1792.26,7.66
2013-06-26,1775.55,7.53
2013-06-27,1781.6,7.57
2013-06-28,1832.69,7.74
2013-07-01,1829.89,8.02
2013-07-02,1820.4,8.02
2013-07-03,1802.37,7.81
2013-07-04,1817.73,7.84
2013-07-05,1827.18,7.87
2013-07-08,1788.39,7.75
2013-07-09,1786.7,7.77
2013-07-10,1835.89,7.91
2013-07-11,1946.76,8.18
2013-07-12,1889.54,8.01
2013-07-15,1909.86,8.05
2013-07-16,1911.97,8.03
2013-07-17,1884.0,7.96
2013-07-18,1844.95,7.85
2013-07-19,1799.76,7.78
2013-07-22,1806.04,7.79
2013-07-23,1855.91,7.92
2013-07-24,1829.64,7.8
2013-07-25,1827.68,7.78
2013-07-26,1818.76,7.74
2013-07-29,1774.05,7.6
2013-07-30,1794.05,7.69
2013-07-31,1797.91,7.71
2013-08-01,1838.12,8.0
2013-08-02,1836.56,7.99
2013-08-05,1857.7,8.05
2013-08-06,1860.22,8.05
2013-08-07,1854.07,8.01
2013-08-08,1848.08,7.99
2013-08-09,1858.15,8.03
2013-08-12,1926.61,8.25
2013-08-13,1937.95,8.27
2013-08-14,1926.56,8.24
2013-08-15,1908.53,8.18
2013-08-16,1905.71,8.18
2013-08-19,1924.94,8.22
2013-08-20,1907.8,8.15
2013-08-21,1900.07,8.13
2013-08-22,1894.2,8.1
2013-08-23,1874.66,8.04
2013-08-26,1916.66,8.17
2013-08-27,1917.4,8.16
2013-08-28,1906.47,8.13
2013-08-29,1900.83,8.1
2013-08-30,1902.77,8.1
2013-09-02,1905.35,7.89
2013-09-03,1932.41,7.98
2013-09-04,1931.21,7.99
2013-09-05,1926.5,7.93
2013-09-06,1945.95,7.97
2013-09-09,2050.72,8.34
2013-09-10,2083.47,8.4
2013-09-11,2087.95,8.43
2013-09-12,2126.48,8.51
2013-09-13,2098.38,8.41
2013-09-16,2085.19,8.38
2013-09-17,2037.67,8.21
2013-09-18,2040.01,8.19
2013-09-23,2055.01,8.29
2013-09-24,2007.59,8.17
2013-09-25,1993.25,8.12
2013-09-26,1958.57,8.0
2013-09-27,1966.32,8.02
2013-09-30,1971.0,8.04
2013-10-08,1990.98,8.11
2013-10-09,2001.5,8.12
2013-10-10,1964.86,8.02
2013-10-11,2002.44,8.13
2013-10-14,1993.93,8.13
2013-10-15,1986.84,8.09
2013-10-16,1960.4,8.02
2013-10-17,1951.95,8.0
2013-10-18,1963.5,8.02
2013-10-21,1988.43,8.1
2013-10-22,1967.41,8.04
2013-10-23,1965.53,8.01
2013-10-24,1945.27,7.93
2013-10-25,1933.17,7.87
2013-10-28,1932.17,7.87
2013-10-29,1959.8,7.97
2013-10-30,1983.43,8.08
2013-10-31,1956.59,8.04
2013-11-01,1973.04,7.77
2013-11-04,1965.55,7.75
2013-11-05,1959.73,7.75
2013-11-06,1936.4,7.7
2013-11-07,1932.05,7.7
2013-11-08,1904.28,7.63
2013-11-11,1908.72,7.64
2013-11-12,1932.28,7.7
2013-11-13,1882.46,7.55
2013-11-14,1886.64,7.56
2013-11-15,1925.14,7.67
2013-11-18,2009.51,7.92
2013-11-19,1990.76,7.89
2013-11-20,1995.84,7.92
2013-11-21,1977.03,7.92
2013-11-22,1970.33,7.91
2013-11-25,1959.88,7.84
2013-11-26,1956.47,7.81
2013-11-27,1977.88,7.85
2013-11-28,1996.87,7.92
2013-11-29,1993.02,7.9
2013-12-02,2013.96,8.06
2013-12-03,2017.13,8.03
2013-12-04,2038.32,8.09
2013-12-05,2030.17,8.06
2013-12-06,2009.63,8.02
2013-12-09,2003.17,8.0
2013-12-10,2003.99,7.97
2013-12-11,1966.35,7.84
2013-12-12,1957.63,7.81
2013-12-13,1951.03,7.77
2013-12-16,1922.3,7.78
2013-12-17,1916.07,7.75
2013-12-18,1917.77,7.75
2013-12-19,1895.49,7.7
2013-12-20,1844.27,7.53
2013-12-23,1848.89,7.56
2013-12-24,1846.89,7.55
2013-12-25,1856.2,7.58
2013-12-26,1829.24,7.49
2013-12-27,1859.64,7.57
2013-12-30,1856.87,7.55
2013-12-31,1889.1,7.64
2014-01-02,1872.69,7.61
2014-01-03,1842.66,7.52
2014-01-06,1814.9,7.47
2014-01-07,1812.17,7.46
2014-01-08,1817.79,7.44
2014-01-09,1804.05,7.39
2014-01-10,1797.31,7.37
2014-01-13,1792.93,7.37
2014-01-14,1798.53,7.4
2014-01-15,1785.61,7.35
2014-01-16,1791.13,7.34
2014-01-17,1770.23,7.32
2014-01-20,1757.24,7.26
2014-01-21,1774.09,7.3
2014-01-22,1816.36,7.43
2014-01-23,1798.28,7.36
2014-01-24,1801.92,7.38
2014-01-27,1774.09,7.27
2014-01-28,1784.81,7.32
2014-01-29,1792.84,7.35
2014-01-30,1772.27,7.29
2014-02-07,1769.87,7.28
2014-02-10,1806.44,7.38
2014-02-11,1833.42,7.47
2014-02-12,1831.84,7.45
2014-02-13,1833.05,7.44
2014-02-14,1840.52,7.47
2014-02-17,1845.16,7.51
2014-02-18,1809.69,7.4
2014-02-19,1839.51,7.52
2014-02-20,1823.6,7.57
2014-02-21,1805.84,7.46
2014-02-24,1761.13,7.28
2014-02-25,1728.54,7.21
2014-02-26,1732.5,7.23
2014-02-27,1742.42,7.32
2014-02-28,1756.64,7.33
2014-03-03,1754.68,7.34
2014-03-04,1756.6,7.34
2014-03-05,1737.46,7.25
2014-03-06,1750.87,7.3
2014-03-07,1746.16,7.31
2014-03-10,1690.13,7.14
2014-03-11,1694.76,7.13
2014-03-12,1701.91,7.09
2014-03-13,1724.34,7.18
2014-03-14,1711.15,7.13
2014-03-17,1720.46,7.18
2014-03-18,1712.63,7.16
2014-03-19,1701.92,7.15
2014-03-20,1687.78,7.1
2014-03-21,1756.35,7.32
2014-03-24,1772.49,7.38
2014-03-25,1763.6,7.35
2014-03-26,1759.95,7.34
2014-03-27,1756.9,7.3
2014-03-28,1765.91,7.35
2014-03-31,1758.4,7.34
2014-04-01,1767.23,7.36
2014-04-02,1789.01,7.42
2014-04-03,1772.44,7.36
2014-04-04,1787.85,7.4
2014-04-08,1841.13,7.56
2014-04-09,1836.48,7.57
2014-04-10,1883.9,7.72
2014-04-11,1877.79,7.69
2014-04-14,1868.66,7.67
2014-04-15,1827.3,7.53
2014-04-16,1831.9,7.55
2014-04-17,1824.11,7.53
2014-04-18,1824.97,7.51
2014-04-21,1791.96,7.41
2014-04-22,1810.9,7.47
2014-04-23,1807.89,7.46
2014-04-24,1811.78,7.44
2014-04-25,1800.7,7.4
2014-04-28,1779.98,7.35
2014-04-29,1794.66,7.38
2014-04-30,1793.22,7.39
2014-05-05,1784.49,7.06
2014-05-06,1781.75,7.05
2014-05-07,1770.87,7.02
2014-05-08,1773.91,7.03
2014-05-09,1776.34,7.05
2014-05-12,1809.51,7.17
2014-05-13,1803.67,7.16
2014-05-14,1800.44,7.16
2014-05-15,1785.97,7.11
2014-05-16,1784.76,7.12
2014-05-19,1750.78,7.03
2014-05-20,1752.71,7.04
2014-05-21,1768.69,7.1
2014-05-22,1766.65,7.09
2014-05-23,1782.04,7.14
2014-05-26,1784.05,7.14
2014-05-27,1776.82,7.12
2014-05-28,1791.26,7.17
2014-05-29,1782.31,7.16
2014-05-30,1779.66,7.15
2014-06-03,1774.85,7.15
2014-06-04,1761.47,7.12
2014-06-05,1783.39,7.17
2014-06-06,1769.0,7.13
2014-06-09,1772.7,7.15
2014-06-10,1794.55,7.24
2014-06-11,1788.82,7.22
2014-06-12,1782.93,7.2
2014-06-13,1805.88,7.28
2014-06-16,1825.13,7.39
2014-06-17,1807.41,7.32
2014-06-18,1800.14,7.28
2014-06-19,1779.32,7.21
2014-06-20,1790.65,7.18
2014-06-23,1782.18,7.14
2014-06-24,1793.42,7.16
2014-06-25,1784.98,7.12
2014-06-26,1794.76,7.15
2014-06-27,1791.33,7.14
2014-06-30,1802.13,7.17
2014-07-01,1801.23,7.16
2014-07-02,1805.67,7.18
2014-07-03,1815.19,7.15
2014-07-04,1818.87,7.16
2014-07-07,1819.32,7.17
2014-07-08,1818.26,7.17
2014-07-09,1797.75,7.09
2014-07-10,1795.12,7.09
2014-07-11,1803.58,7.09
2014-07-14,1823.54,7.13
2014-07-15,1825.96,7.15
2014-07-16,1825.27,7.15
2014-07-17,1817.28,7.11
2014-07-18,1828.92,7.12
2014-07-21,1830.26,7.11
2014-07-22,1850.49,7.17
2014-07-23,1863.89,7.21
2014-07-24,1907.38,7.34
2014-07-25,1926.08,7.42
2014-07-28,1990.98,7.63
2014-07-29,1994.76,7.62
2014-07-30,1985.14,7.61
2014-07-31,2010.52,7.68
2014-08-01,1993.32,7.63
2014-08-04,2038.77,7.77
2014-08-05,2023.61,7.72
2014-08-06,2007.0,7.68
2014-08-07,1975.28,7.56
2014-08-08,1978.36,7.57
2014-08-11,2007.61,7.68
2014-08-12,1993.54,7.63
2014-08-13,1996.31,7.65
2014-08-14,1979.82,7.59
2014-08-15,1999.6,7.66
2014-08-18,2000.99,7.66
2014-08-19,1996.25,7.68
2014-08-20,1985.38,7.64
2014-08-21,1968.95,7.57
2014-08-22,1977.83,7.6
2014-08-25,1957.03,7.56
2014-08-26,1952.03,7.53
2014-08-27,1951.29,7.53
2014-08-28,1940.24,7.5
2014-08-29,1961.82,7.55
2014-09-01,1967.7,7.32
2014-09-02,1994.35,7.41
2014-09-03,2014.86,7.49
2014-09-04,2031.3,7.55
2014-09-05,2054.81,7.63
2014-09-09,2041.01,7.59
2014-09-10,2022.24,7.52
2014-09-11,2013.35,7.49
2014-09-12,2023.51,7.54
2014-09-15,2015.89,7.51
2014-09-16,1987.15,7.43
2014-09-17,1992.12,7.44
2014-09-18,1998.26,7.46
2014-09-19,2010.87,7.47
2014-09-22,1966.55,7.31
2014-09-23,1981.14,7.35
2014-09-24,2018.93,7.46
2014-09-25,2009.98,7.45
2014-09-26,2006.95,7.44
2014-09-29,2014.13,7.45
2014-09-30,2011.5,7.45
2014-10-08,2028.73,7.48
2014-10-09,2029.32,7.48
2014-10-10,2014.0,7.43
2014-10-13,1994.47,7.37
2014-10-14,1987.41,7.35
2014-10-15,2002.9,7.4
2014-10-16,1997.89,7.39
2014-10-17,1997.61,7.37
2014-10-20,2002.44,7.39
2014-10-21,1988.09,7.34
2014-10-22,1983.47,7.34
2014-10-23,1970.34,7.29
2014-10-24,1966.45,7.28
2014-10-27,1937.25,7.2
2014-10-28,1969.33,7.3
2014-10-29,1997.47,7.38
2014-10-30,2010.75,7.44
2014-10-31,2058.18,7.6
2014-11-03,2050.44,7.41
2014-11-04,2043.7,7.39
2014-11-05,2034.05,7.34
2014-11-06,2031.99,7.34
2014-11-07,2037.4,7.34
2014-11-10,2097.89,7.53
2014-11-11,2125.04,7.66
2014-11-12,2150.06,7.68
2014-11-13,2144.24,7.67
2014-11-14,2147.3,7.67
2014-11-17,2121.58,7.61
2014-11-18,2085.97,7.5
2014-11-19,2076.32,7.45
2014-11-20,2082.46,7.47
2014-11-21,2129.8,7.59
2014-11-24,2183.69,7.74
2014-11-25,2208.0,7.82
2014-11-26,2261.18,8.0
2014-11-27,2301.57,8.11
2014-11-28,2377.88,8.38
2014-12-01,2385.25,8.38
2014-12-02,2510.9,8.75
2014-12-03,2530.83,8.76
2014-12-04,2683.7,9.33
2014-12-05,2732.88,9.71
2014-12-08,2855.34,10.01
2014-12-09,2711.07,9.34
2014-12-10,2800.66,9.55
2014-12-11,2724.54,9.33
2014-12-12,2724.22,9.35
2014-12-15,2734.47,9.29
2014-12-16,2855.87,9.65
2014-12-17,2961.04,9.95
2014-12-18,2936.31,9.87
2014-12-19,2968.9,10.05
2014-12-22,3014.12,10.33
2014-12-23,2949.87,9.98
2014-12-24,2820.6,9.59
2014-12-25,2930.87,9.97
2014-12-26,3061.49,10.38
2014-12-29,3082.41,10.48
2014-12-30,3134.53,10.65
2014-12-31,3206.5,10.94
2015-01-05,3291.05,11.44
2015-01-06,3265.91,11.37
2015-01-07,3273.15,11.49
2015-01-08,3177.36,11.15
2015-01-09,3192.47,11.18
2015-01-12,3161.19,11.02
2015-01-13,3141.28,10.98
2015-01-14,3149.24,10.99
2015-01-15,3271.84,11.53
2015-01-16,3296.87,11.69
2015-01-19,2995.11,10.6
2015-01-20,2987.06,10.7
2015-01-21,3159.29,11.33
2015-01-22,3161.76,11.34
2015-01-23,3186.87,11.44
2015-01-26,3184.19,11.46
2015-01-27,3134.17,11.25
2015-01-28,3089.65,11.05
2015-01-29,3034.67,10.83
2015-01-30,2989.12,10.63
2015-02-02,2898.59,10.27
2015-02-03,2989.59,10.61
2015-02-04,2948.2,10.45
2015-02-05,2918.95,10.32
2015-02-06,2889.53,10.13
2015-02-09,2941.13,10.28
2015-02-10,2986.84,10.45
2015-02-11,3001.23,10.47
2015-02-12,3002.87,10.51
2015-02-13,3016.57,10.57
2015-02-16,3021.21,10.57
2015-02-17,3038.67,10.64
2015-02-25,2991.7,10.56
2015-02-26,3079.43,10.81
2015-02-27,3075.13,10.82
2015-03-02,3080.9,10.82
2015-03-03,2978.46,10.45
2015-03-04,2979.94,10.45
2015-03-05,2941.3,10.29
2015-03-06,2947.17,10.32
2015-03-09,3019.54,10.59
2015-03-10,2976.75,10.42
2015-03-11,2993.0,10.47
2015-03-12,3088.2,10.78
2015-03-13,3100.83,10.81
2015-03-16,3169.9,11.0
2015-03-17,3210.09,11.14
2015-03-18,3292.66,11.4
2015-03-19,3268.55,11.32
2015-03-20,3331.22,11.46
2015-03-23,3380.92,11.62
2015-03-24,3334.91,11.53
2015-03-25,3292.06,11.33
2015-03-26,3340.03,11.56
2015-03-27,3341.86,11.51
2015-03-30,3460.19,11.87
2015-03-31,3423.16,11.73
2015-04-01,3478.82,11.88
2015-04-02,3456.69,11.83
2015-04-03,3500.85,11.9
2015-04-07,3590.66,12.25
2015-04-08,3668.49,12.49
2015-04-09,3643.25,12.39
2015-04-10,3711.39,12.58
2015-04-13,3779.14,12.84
2015-04-14,3793.3,12.81
2015-04-15,3794.42,12.87
2015-04-16,3955.97,13.38
2015-04-17,4020.63,13.66
2015-04-20,3932.55,13.33
2015-04-21,3994.57,13.49
2015-04-22,4100.02,13.78
2015-04-23,4067.98,13.73
2015-04-24,4006.54,13.58
2015-04-27,4111.55,14.13
2015-04-28,4079.08,14.08
2015-04-29,4080.26,13.89
2015-04-30,4040.65,13.68
2015-05-04,4067.39,14.18
2015-05-05,3914.25,13.61
2015-05-06,3902.08,13.47
2015-05-07,3847.21,13.18
2015-05-08,3866.57,13.31
2015-05-11,3939.68,13.55
2015-05-12,3963.52,13.62
2015-05-13,3905.07,13.42
2015-05-14,3889.25,13.39
2015-05-15,3804.82,13.09
2015-05-18,3727.71,12.82
2015-05-19,3874.04,13.26
2015-05-20,3882.45,13.28
2015-05-21,3917.81,13.6
2015-05-22,4039.61,14.02
2015-05-25,4165.3,14.44
2015-05-26,4210.87,14.56
2015-05-27,4164.02,14.49
2015-05-28,3891.83,13.46
2015-05-29,3875.29,13.45
2015-06-01,4040.93,14.01
2015-06-02,4058.54,14.04
2015-06-03,4040.21,13.97
2015-06-04,4115.82,14.23
2015-06-05,4122.0,14.3
2015-06-08,4315.03,15.0
2015-06-09,4259.25,14.83
2015-06-10,4204.84,14.6
2015-06-11,4177.27,14.51
2015-06-12,4181.72,14.53
2015-06-15,4073.24,13.79
2015-06-16,3972.06,13.36
2015-06-17,4012.1,13.55
2015-06-18,3833.19,12.96
2015-06-19,3630.3,12.27
2015-06-23,3762.11,12.7
2015-06-24,3815.18,12.92
2015-06-25,3688.32,12.5
2015-06-26,3428.73,11.69
2015-06-29,3355.65,11.6
2015-06-30,3595.98,12.31
2015-07-01,3429.11,11.75
2015-07-02,3400.8,11.87
2015-07-03,3246.79,11.36
2015-07-06,3459.29,12.25
2015-07-07,3545.14,12.66
2015-07-08,3290.03,11.91
2015-07-09,3507.44,12.58
2015-07-10,3659.13,12.92
2015-07-13,3622.06,12.61
2015-07-14,3488.27,12.22
2015-07-15,3481.81,12.44
2015-07-16,3463.48,12.28
2015-07-17,3548.95,12.39
2015-07-20,3519.49,12.39
2015-07-21,3505.6,12.32
2015-07-22,3467.08,12.2
2015-07-23,3531.9,12.36
2015-07-24,3468.98,12.18
2015-07-27,3157.28,10.9
2015-07-28,3147.64,10.79
2015-07-29,3205.6,10.93
2015-07-30,3124.45,10.71
2015-07-31,3116.69,10.62
2015-08-03,3140.1,10.62
2015-08-04,3209.73,10.82
2015-08-05,3149.39,10.62
2015-08-06,3124.65,10.52
2015-08-07,3170.58,10.67
2015-08-10,3314.77,11.12
2015-08-11,3280.64,11.04
2015-08-12,3243.18,10.93
2015-08-13,3268.07,10.99
2015-08-14,3264.98,10.96
2015-08-17,3231.32,10.83
2015-08-18,3051.04,10.41
2015-08-19,3079.31,10.39
2015-08-20,2986.36,10.1
2015-08-21,2877.95,9.8
2015-08-24,2607.93,8.95
2015-08-25,2425.22,8.27
2015-08-26,2461.2,8.38
2015-08-27,2654.14,8.92
2015-08-28,2736.8,9.2
2015-08-31,2800.77,9.32
2015-09-01,2825.95,9.71
2015-09-02,2842.82,9.85
2015-09-07,2703.88,9.35
2015-09-08,2762.36,9.5
2015-09-09,2803.21,9.64
2015-09-10,2799.76,9.58
2015-09-11,2783.17,9.51
2015-09-14,2824.7,9.58
2015-09-15,2757.54,9.45
2015-09-16,2842.19,9.69
2015-09-17,2782.45,9.51
2015-09-18,2787.95,9.48
2015-09-21,2807.55,9.53
2015-09-22,2836.54,9.61
2015-09-23,2762.72,9.37
2015-09-24,2774.82,9.41
2015-09-25,2768.88,9.42
2015-09-28,2751.81,9.35
2015-09-29,2697.61,9.16
2015-09-30,2721.6,9.21
2015-10-08,2778.95,9.41
2015-10-09,2814.4,9.51
2015-10-12,2896.63,9.77
2015-10-13,2880.8,9.7
2015-10-14,2859.18,9.65
2015-10-15,2914.99,9.81
2015-10-16,2947.81,9.92
2015-10-19,2941.08,9.88
2015-10-20,2964.69,9.98
2015-10-21,2968.85,10.06
2015-10-22,2957.98,9.98
2015-10-23,2973.42,10.0
2015-10-26,2981.1,10.03
2015-10-27,2980.96,10.0
2015-10-28,2931.23,9.88
2015-10-29,2926.97,9.86
2015-10-30,2934.11,9.85
2015-11-02,2892.4,9.87
2015-11-03,2881.69,9.81
2015-11-04,3007.17,10.2
2015-11-05,3096.16,10.49
2015-11-06,3163.18,10.66
2015-11-09,3214.69,10.89
2015-11-10,3200.22,10.83
2015-11-11,3178.84,10.76
2015-11-12,3141.55,10.63
2015-11-13,3105.19,10.5
2015-11-16,3104.58,10.53
2015-11-17,3112.15,10.56
2015-11-18,3094.63,10.52
2015-11-19,3131.47,10.59
2015-11-20,3129.28,10.57
2015-11-23,3116.7,10.53
2015-11-24,3105.36,10.5
2015-11-25,3120.15,10.55
2015-11-26,3109.24,10.52
2015-11-27,2961.42,10.03
2015-11-30,2963.77,10.06
2015-12-01,2974.61,10.06
2015-12-02,3118.69,10.52
2015-12-03,3122.54,10.64
2015-12-04,3041.5,10.35
2015-12-07,3038.99,10.31
2015-12-08,2999.36,10.15
2015-12-09,3006.2,10.19
2015-12-10,2990.31,10.14
2015-12-11,2971.59,10.08
2015-12-14,3063.51,10.5
2015-12-15,3024.08,10.36
2015-12-16,3015.64,10.36
2015-12-17,3055.98,10.47
2015-12-18,3074.39,10.5
2015-12-21,3172.39,10.73
2015-12-22,3167.3,10.71
2015-12-23,3176.19,10.72
2015-12-24,3149.16,10.65
2015-12-25,3162.59,10.67
2015-12-28,3059.89,10.39
2015-12-29,3087.14,10.47
2015-12-30,3087.0,10.46
2015-12-31,3071.81,10.4
2016-01-04,2881.04,9.85
2016-01-05,2903.44,9.89
2016-01-06,2940.92,10.04
2016-01-07,2767.0,9.5
2016-01-08,2816.52,9.67
2016-01-11,2690.42,9.28
2016-01-12,2704.54,9.33
2016-01-13,2671.73,9.2
2016-01-14,2705.44,9.29
2016-01-15,2627.85,9.01
2016-01-18,2625.75,8.99
2016-01-19,2701.0,9.24
2016-01-20,2650.43,9.12
2016-01-21,2589.85,8.91
2016-01-22,2616.47,9.01
2016-01-25,2620.89,9.03
2016-01-26,2476.45,8.53
2016-01-27,2478.8,8.56
2016-01-28,2427.1,8.43
2016-01-29,2503.59,8.64
2016-02-01,2458.0,8.48
2016-02-02,2499.29,8.59
2016-02-03,2477.4,8.5
2016-02-04,2505.16,8.58
2016-02-05,2496.3,8.55
2016-02-15,2472.21,8.46
2016-02-16,2538.99,8.69
2016-02-17,2556.17,8.77
2016-02-18,2549.61,8.73
2016-02-19,2543.06,8.7
2016-02-22,2606.2,8.92
2016-02-23,2575.31,8.83
2016-02-24,2590.37,8.88
2016-02-25,2452.32,8.44
2016-02-26,2482.82,8.55
2016-02-29,2469.12,8.51
2016-03-01,2505.41,8.62
2016-03-02,2594.57,8.9
2016-03-03,2607.09,8.94
2016-03-04,2694.7,9.25
2016-03-07,2676.17,9.19
2016-03-08,2685.67,9.22
2016-03-09,2681.56,9.23
2016-03-10,2617.48,9.02
2016-03-11,2629.25,9.07
2016-03-14,2639.01,9.1
2016-03-15,2667.84,9.16
2016-03-16,2712.3,9.3
2016-03-17,2706.4,9.28
2016-03-18,2718.71,9.32
2016-03-21,2785.0,9.47
2016-03-22,2759.44,9.38
2016-03-23,2762.01,9.4
2016-03-24,2714.15,9.25
2016-03-25,2728.9,9.29
2016-03-28,2695.67,9.22
2016-03-29,2675.14,9.14
2016-03-30,2739.47,9.36
2016-03-31,2738.21,9.35
2016-04-01,2752.49,9.4
2016-04-05,2768.33,9.44
2016-04-06,2752.81,9.41
2016-04-07,2716.46,9.29
2016-04-08,2696.65,9.23
2016-04-11,2727.93,9.33
2016-04-12,2722.16,9.31
2016-04-13,2756.97,9.44
2016-04-14,2766.56,9.46
2016-04-15,2770.63,9.45
2016-04-18,2740.36,9.33
2016-04-19,2747.19,9.35
2016-04-20,2736.11,9.29
2016-04-21,2727.01,9.25
2016-04-22,2739.72,9.27
2016-04-25,2727.73,9.24
2016-04-26,2737.26,9.26
2016-04-27,2724.04,9.23
2016-04-28,2719.82,9.22
2016-04-29,2711.51,9.18
2016-05-03,2740.41,9.44
2016-05-04,2733.63,9.41
2016-05-05,2733.57,9.4
2016-05-06,2677.32,9.22
2016-05-09,2633.43,9.05
2016-05-10,2633.32,9.05
2016-05-11,2640.98,9.08
2016-05-12,2649.15,9.09
2016-05-13,2638.16,9.07
2016-05-16,2646.32,9.1
2016-05-17,2638.87,9.09
2016-05-18,2643.06,9.08
2016-05-19,2636.76,9.06
2016-05-20,2648.6,9.1
2016-05-23,2647.7,9.1
2016-05-24,2627.65,9.06
2016-05-25,2634.35,9.07
2016-05-26,2639.73,9.09
2016-05-27,2638.18,9.09
2016-05-30,2660.1,9.16
2016-05-31,2741.28,9.4
2016-06-01,2720.05,9.34
2016-06-02,2718.39,9.34
2016-06-03,2737.44,9.39
2016-06-06,2722.76,9.34
2016-06-07,2726.26,9.35
2016-06-08,2719.25,9.34
2016-06-13,2657.21,9.18
2016-06-14,2670.88,9.22
2016-06-15,2685.68,9.26
2016-06-16,2672.89,9.21
2016-06-17,2684.1,9.23
2016-06-20,2686.68,9.24
2016-06-21,2687.11,9.24
2016-06-22,2701.48,9.3
2016-06-23,2691.42,9.22
2016-06-24,2660.08,9.09
2016-06-27,2685.18,9.16
2016-06-28,2693.07,9.18
2016-06-29,2719.87,9.25
2016-06-30,2720.05,9.27
2016-07-01,2728.35,9.29
2016-07-04,2775.27,9.44
2016-07-05,2785.31,9.46
2016-07-06,2784.05,9.46
2016-07-07,2790.81,9.43
2016-07-08,2775.15,9.29
2016-07-11,2786.1,9.29
2016-07-12,2843.89,9.47
2016-07-13,2854.46,9.49
2016-07-14,2851.39,9.45
2016-07-15,2850.53,9.46
2016-07-18,2844.79,9.45
2016-07-19,2828.83,9.4
2016-07-20,2818.06,9.36
2016-07-21,2831.92,9.39
2016-07-22,2805.2,9.33
2016-07-25,2808.72,9.33
2016-07-26,2838.57,9.42
2016-07-27,2827.71,9.38
2016-07-28,2814.49,9.34
2016-07-29,2803.34,9.33
2016-08-01,2793.35,9.31
2016-08-02,2794.52,9.32
2016-08-03,2791.05,9.3
2016-08-04,2788.52,9.3
2016-08-05,2797.15,9.31
2016-08-08,2811.46,9.36
2016-08-09,2831.86,9.42
2016-08-10,2825.22,9.4
2016-08-11,2836.72,9.44
2016-08-12,2896.31,9.62
2016-08-15,2981.24,9.87
2016-08-16,2942.2,9.73
2016-08-17,2937.03,9.71
2016-08-18,2925.28,9.68
2016-08-19,2934.37,9.71
2016-08-22,2918.43,9.68
2016-08-23,2924.73,9.7
2016-08-24,2912.02,9.68
2016-08-25,2898.9,9.64
2016-08-26,2895.19,9.62
2016-08-29,2888.6,9.6
2016-08-30,2901.39,9.65
2016-08-31,2912.67,9.69
2016-09-01,2896.62,10.0
2016-09-02,2909.0,10.14
2016-09-05,2909.15,10.13
2016-09-06,2914.02,10.13
2016-09-07,2919.36,10.14
2016-09-08,2919.47,10.14
2016-09-09,2909.92,10.11
2016-09-12,2871.63,9.98
2016-09-13,2862.77,9.95
2016-09-14,2841.01,9.86
2016-09-19,2857.9,9.91
2016-09-20,2851.04,9.89
2016-09-21,2855.62,9.9
2016-09-22,2873.3,9.96
2016-09-23,2867.55,9.96
2016-09-26,2831.65,9.83
2016-09-27,2843.65,9.88
2016-09-28,2830.94,9.83
2016-09-29,2842.58,9.88
2016-09-30,2845.17,9.88
2016-10-10,2878.52,10.0
2016-10-11,2886.82,10.02
2016-10-12,2876.07,9.98
2016-10-13,2877.53,9.98
2016-10-14,2887.59,10.02
2016-10-17,2865.46,9.95
2016-10-18,2904.53,10.08
2016-10-19,2902.9,10.08
2016-10-20,2905.37,10.09
2016-10-21,2928.01,10.17
2016-10-24,2967.47,10.3
2016-10-25,2961.23,10.27
2016-10-26,2949.4,10.21
2016-10-27,2940.44,10.19
2016-10-28,2945.07,10.21
2016-10-31,2940.71,10.19
2016-11-01,2957.71,10.08
2016-11-02,2933.23,10.0
2016-11-03,2970.98,10.1
2016-11-04,2968.75,10.09
2016-11-07,2975.32,10.12
2016-11-08,2982.46,10.15
2016-11-09,2958.29,10.08
2016-11-10,2991.65,10.19
2016-11-11,3016.45,10.26
2016-11-14,3028.66,10.31
2016-11-15,3019.68,10.27
2016-11-16,3018.43,10.26
2016-11-17,3027.28,10.28
2016-11-18,3014.94,10.25
2016-11-21,3050.75,10.38
2016-11-22,3074.69,10.49
2016-11-23,3084.27,10.51
2016-11-24,3095.25,10.52
2016-11-25,3128.19,10.63
2016-11-28,3140.2,10.71
2016-11-29,3190.44,10.85
2016-11-30,3161.47,10.72
2016-12-01,3177.01,10.77
2016-12-02,3157.68,10.76
2016-12-05,3103.77,10.59
2016-12-06,3095.18,10.55
2016-12-07,3105.94,10.58
2016-12-08,3108.67,10.58
2016-12-09,3150.89,10.75
2016-12-12,3119.32,10.69
2016-12-13,3100.73,10.63
2016-12-14,3084.33,10.6
2016-12-15,3018.26,10.36
2016-12-16,3008.46,10.33
2016-12-19,2994.18,10.3
2016-12-20,2978.88,10.25
2016-12-21,3002.0,10.37
2016-12-22,2995.03,10.39
2016-12-23,2977.31,10.34
2016-12-26,2998.52,10.4
2016-12-27,2988.4,10.34
2016-12-28,2975.61,10.3
2016-12-29,2972.9,10.29
2016-12-30,2988.31,10.33
2017-01-03,3015.75,10.43
2017-01-04,3034.45,10.49
2017-01-05,3035.08,10.53
2017-01-06,3017.11,10.53
2017-01-09,3029.39,10.57
2017-01-10,3021.9,10.54
2017-01-11,3006.05,10.48
2017-01-12,2999.43,10.47
2017-01-13,3015.96,10.53
2017-01-16,3054.3,10.67
2017-01-17,3044.11,10.65
2017-01-18,3061.33,10.7
2017-01-19,3051.11,10.65
2017-01-20,3067.09,10.68
2017-01-23,3066.99,10.7
2017-01-24,3073.94,10.77
2017-01-25,3082.13,10.78
2017-01-26,3089.09,10.8
2017-02-03,3057.69,10.69
2017-02-06,3062.89,10.72
2017-02-07,3054.48,10.69
2017-02-08,3066.1,10.7
2017-02-09,3077.17,10.74
2017-02-10,3094.53,10.8
2017-02-13,3109.06,10.86
2017-02-14,3101.49,10.84
2017-02-15,3099.77,10.87
2017-02-16,3105.74,10.87
2017-02-17,3087.38,10.79
2017-02-20,3128.42,10.92
2017-02-21,3132.03,10.93
2017-02-22,3133.74,10.96
2017-02-23,3119.66,10.91
2017-02-24,3122.88,10.89
2017-02-27,3097.63,10.8
2017-02-28,3097.83,10.82
2017-03-01,3099.42,10.82
2017-03-02,3077.19,10.76
2017-03-03,3067.04,10.69
2017-03-06,3070.62,10.7
2017-03-07,3078.99,10.73
2017-03-08,3081.32,10.75
2017-03-09,3066.26,10.69
2017-03-10,3056.7,10.65
2017-03-13,3077.16,10.72
2017-03-14,3077.17,10.73
2017-03-15,3080.32,10.74
2017-03-16,3095.85,10.79
2017-03-17,3066.8,10.7
2017-03-20,3070.86,10.76
2017-03-21,3080.09,10.79
2017-03-22,3055.8,10.71
2017-03-23,3067.42,10.72
2017-03-24,3091.16,10.8
2017-03-27,3089.62,10.8
2017-03-28,3079.02,10.76
2017-03-29,3075.64,10.76
2017-03-30,3067.76,10.75
2017-03-31,3084.87,10.82
2017-04-05,3116.91,10.92
2017-04-06,3124.92,10.94
2017-04-07,3122.15,10.96
2017-04-10,3110.24,10.92
2017-04-11,3114.1,10.92
2017-04-12,3109.85,10.9
2017-04-13,3095.79,10.86
2017-04-14,3079.34,10.8
2017-04-17,3081.96,10.81
2017-04-18,3055.59,10.72
2017-04-19,3039.49,10.63
2017-04-20,3053.36,10.65
2017-04-21,3069.08,10.73
2017-04-24,3061.57,10.72
2017-04-25,3065.25,10.72
2017-04-26,3064.94,10.74
2017-04-27,3074.27,10.79
2017-04-28,3068.33,10.78
2017-05-02,3054.94,10.47
2017-05-03,3045.75,10.43
2017-05-04,3040.09,10.42
2017-05-05,3033.77,10.41
2017-05-08,3040.96,10.45
2017-05-09,3030.91,10.4
2017-05-10,3042.2,10.43
2017-05-11,3061.0,10.52
2017-05-12,3108.31,10.66
2017-05-15,3116.56,10.69
2017-05-16,3115.99,10.65
2017-05-17,3092.83,10.57
2017-05-18,3081.31,10.55
2017-05-19,3090.35,10.56
2017-05-22,3116.38,10.65
2017-05-23,3155.96,10.8
2017-05-24,3150.43,10.78
2017-05-25,3238.01,10.86
2017-05-26,3235.03,10.86
2017-05-31,3245.32,10.9
2017-06-01,3268.06,10.99
2017-06-02,3240.59,10.91
2017-06-05,3207.71,10.76
2017-06-06,3228.28,10.8
2017-06-07,3251.88,10.87
2017-06-08,3281.99,10.93
2017-06-09,3299.71,10.96
2017-06-12,3302.19,11.0
2017-06-13,3294.9,10.98
2017-06-14,3256.89,10.86
2017-06-15,3236.72,10.79
2017-06-16,3231.81,10.74
2017-06-19,3273.09,10.81
2017-06-20,3260.32,10.79
2017-06-21,3290.4,10.86
2017-06-22,3316.84,10.94
2017-06-23,3333.22,11.0
2017-06-26,3351.98,11.02
2017-06-27,3366.97,11.04
2017-06-28,3344.49,10.99
2017-06-29,3366.44,11.04
2017-06-30,3362.7,11.06
2017-07-03,3342.13,11.02
2017-07-04,3311.59,10.98
2017-07-05,3361.56,11.07
2017-07-06,3372.46,11.09
2017-07-07,3367.32,11.06
2017-07-10,3380.43,11.06
2017-07-11,3416.14,11.11
2017-07-12,3411.28,11.06
2017-07-13,3464.03,11.19
2017-07-14,3496.19,11.23
2017-07-17,3507.43,11.35
2017-07-18,3497.96,11.31
2017-07-19,3545.02,11.39
2017-07-20,3555.36,11.39
2017-07-21,3520.7,11.32
2017-07-24,3540.93,11.36
2017-07-25,3525.85,11.37
2017-07-26,3516.96,11.41
2017-07-27,3519.31,11.38
2017-07-28,3519.0,11.37
2017-07-31,3521.31,11.37
2017-08-01,3579.62,11.52
2017-08-02,3580.14,11.54
2017-08-03,3534.17,11.42
2017-08-04,3510.1,11.38
2017-08-07,3518.61,11.38
2017-08-08,3521.24,11.39
2017-08-09,3501.46,11.29
2017-08-10,3489.69,11.27
2017-08-11,3436.36,11.15
2017-08-14,3464.7,11.18
2017-08-15,3483.13,11.26
2017-08-16,3469.44,11.22
2017-08-17,3481.59,11.26
2017-08-18,3496.02,11.27
2017-08-21,3500.79,11.3
2017-08-22,3536.48,11.37
2017-08-23,3558.25,11.46
2017-08-24,3540.35,11.44
2017-08-25,3620.41,11.73
2017-08-28,3660.84,11.8
2017-08-29,3664.4,11.83
2017-08-30,3649.83,11.76
2017-08-31,3631.63,11.68
2017-09-01,3625.59,11.66
2017-09-04,3631.49,11.71
2017-09-05,3656.26,11.78
2017-09-06,3635.48,11.74
2017-09-07,3605.34,11.65
2017-09-08,3598.46,11.63
2017-09-11,3582.47,11.6
2017-09-12,3606.3,11.65
2017-09-13,3599.77,11.63
2017-09-14,3579.9,11.57
2017-09-15,3574.2,11.51
2017-09-18,3581.97,11.52
2017-09-19,3577.3,11.52
2017-09-20,3567.32,11.49
2017-09-21,3584.63,11.57
2017-09-22,3589.32,11.6
2017-09-25,3591.47,11.66
2017-09-26,3591.47,11.66
2017-09-27,3568.09,11.58
2017-09-28,3567.73,11.58
2017-09-29,3582.53,11.57
2017-10-09,3609.01,11.64
2017-10-10,3613.65,11.65
2017-10-11,3629.71,11.71
2017-10-12,3644.23,11.71
2017-10-13,3637.56,11.68
2017-10-16,3655.35,11.76
2017-10-17,3651.18,11.72
2017-10-18,3690.7,11.86
2017-10-19,3694.75,11.89
2017-10-20,3670.09,11.79
2017-10-23,3665.7,11.76
2017-10-24,3691.55,11.83
2017-10-25,3689.53,11.8
2017-10-26,3714.87,11.82
2017-10-27,3772.82,11.96
2017-10-30,3765.9,12.01
2017-10-31,3745.26,11.92
2017-11-01,3739.48,11.58
2017-11-02,3745.78,11.58
2017-11-03,3754.32,11.64
2017-11-06,3743.27,11.6
2017-11-07,3783.12,11.72
2017-11-08,3780.45,11.7
2017-11-09,3797.88,11.72
2017-11-10,3837.27,11.73
2017-11-13,3852.24,11.8
2017-11-14,3836.04,11.75
2017-11-15,3820.79,11.68
2017-11-16,3860.13,11.69
2017-11-17,3939.76,11.9
2017-11-20,3942.92,11.93
2017-11-21,4004.62,12.03
2017-11-22,4038.38,12.19
2017-11-23,3942.35,11.95
2017-11-24,3937.13,11.93
2017-11-27,3910.95,11.85
2017-11-28,3883.87,11.76
2017-11-29,3878.75,11.75
2017-11-30,3838.75,11.67
2017-12-01,3810.24,11.61
2017-12-04,3835.95,11.66
2017-12-05,3901.79,11.84
2017-12-06,3855.22,11.72
2017-12-07,3819.23,11.62
2017-12-08,3841.29,11.63
2017-12-11,3886.55,11.75
2017-12-12,3820.99,11.59
2017-12-13,3851.47,11.66
2017-12-14,3820.78,11.57
2017-12-15,3780.73,11.47
2017-12-18,3792.65,11.52
2017-12-19,3851.6,11.65
2017-12-20,3860.46,11.67
2017-12-21,3881.54,11.71
2017-12-22,3861.97,11.68
2017-12-25,3861.07,11.68
2017-12-26,3880.16,11.77
2017-12-27,3806.83,11.63
2017-12-28,3832.86,11.72
2017-12-29,3834.71,11.75
2018-01-02,3899.46,11.91
2018-01-03,3905.53,11.94
2018-01-04,3913.86,11.99
2018-01-05,3931.13,12.04
2018-01-08,3951.78,12.1
2018-01-09,3980.68,12.13
2018-01-10,4015.86,12.28
2018-01-11,4017.85,12.3
2018-01-12,4046.74,12.36
2018-01-15,4087.24,12.48
2018-01-16,4107.42,12.54
2018-01-17,4123.94,12.63
2018-01-18,4164.66,12.82
2018-01-19,4179.76,12.91
2018-01-22,4196.53,12.92
2018-01-23,4258.43,13.19
2018-01-24,4263.57,13.23
2018-01-25,4232.9,13.16
2018-01-26,4255.03,13.22
2018-01-29,4185.18,13.11
2018-01-30,4129.42,12.89
2018-01-31,4180.0,13.01
2018-02-01,4212.72,13.14
2018-02-02,4224.0,13.22
2018-02-05,4266.51,13.42
2018-02-06,4180.89,13.12
2018-02-07,4063.02,12.7
2018-02-08,3950.73,12.29
2018-02-09,3768.59,11.77
2018-02-12,3762.13,11.71
2018-02-13,3825.84,11.88
2018-02-14,3851.41,11.94
2018-02-22,3932.01,12.21
2018-02-23,3965.92,12.3
2018-02-26,3988.21,12.38
2018-02-27,3925.59,12.15
2018-02-28,3860.64,11.96
2018-03-01,3877.58,11.98
2018-03-02,3841.22,11.89
2018-03-05,3840.96,11.89
2018-03-06,3879.16,11.99
2018-03-07,3859.95,11.96
2018-03-08,3886.91,11.97
2018-03-09,3900.24,11.99
2018-03-12,3902.1,11.99
2018-03-13,3866.96,11.94
2018-03-14,3850.81,11.89
2018-03-15,3882.52,11.95
2018-03-16,3850.0,11.85
2018-03-19,3885.57,11.92
2018-03-20,3895.15,11.98
2018-03-21,3881.45,11.94
2018-03-22,3844.55,11.87
2018-03-23,3743.7,11.59
2018-03-26,3673.15,11.34
2018-03-27,3684.85,11.36
2018-03-28,3614.09,11.18
2018-03-29,3673.05,11.36
2018-03-30,3650.74,11.29
2018-04-02,3636.28,11.22
2018-04-03,3617.37,11.12
2018-04-04,3624.2,11.12
2018-04-09,3642.13,11.17
2018-04-10,3729.39,11.45
2018-04-11,3735.48,11.51
2018-04-12,3687.68,11.37
2018-04-13,3656.43,11.27
2018-04-16,3573.69,11.01
2018-04-17,3534.8,10.91
2018-04-18,3559.03,11.01
2018-04-19,3597.63,11.12
2018-04-20,3550.45,10.99
2018-04-23,3573.98,11.05
2018-04-24,3651.67,11.27
2018-04-25,3625.02,11.17
2018-04-26,3575.46,11.06
2018-04-27,3558.72,11.1
2018-05-02,3557.63,10.48
2018-05-03,3572.71,10.52
2018-05-04,3549.08,10.46
2018-05-07,3599.37,10.61
2018-05-08,3651.71,10.72
2018-05-09,3644.15,10.72
2018-05-10,3660.46,10.77
2018-05-11,3654.17,10.77
2018-05-14,3692.82,10.85
2018-05-15,3689.2,10.84
2018-05-16,3643.53,10.7
2018-05-17,3622.2,10.67
2018-05-18,3675.39,10.89
2018-05-21,3682.46,10.89
2018-05-22,3658.58,10.83
2018-05-23,3599.16,10.62
2018-05-24,3574.99,10.56
2018-05-25,3574.46,10.5
2018-05-28,3590.45,10.52
2018-05-29,3577.3,10.49
2018-05-30,3500.06,10.25
2018-05-31,3570.43,10.41
2018-06-01,3555.51,10.39
2018-06-04,3619.17,10.53
2018-06-05,3639.15,10.53
2018-06-06,3619.2,10.48
2018-06-07,3633.43,10.51
2018-06-08,3580.48,10.35
2018-06-11,3591.72,10.68
2018-06-12,3628.57,10.77
2018-06-13,3606.87,10.71
2018-06-14,3606.88,10.71
2018-06-15,3615.76,10.72
2018-06-18,3616.55,10.72
2018-06-19,3524.11,10.51
2018-06-20,3523.94,10.47
2018-06-21,3498.58,10.38
2018-06-22,3504.9,10.39
2018-06-25,3440.8,10.22
2018-06-26,3400.59,10.1
2018-06-27,3327.28,9.97
2018-06-28,3292.09,9.89
2018-06-29,3370.1,9.98
2018-07-02,3242.99,9.62
2018-07-03,3246.53,9.64
2018-07-04,3218.6,9.59
2018-07-05,3228.36,9.53
2018-07-06,3267.19,9.61
2018-07-09,3361.96,9.87
2018-07-10,3362.42,9.9
2018-07-11,3309.42,9.74
2018-07-12,3377.71,9.91
2018-07-13,3388.43,9.83
2018-07-16,3356.77,9.71
2018-07-17,3337.92,9.58
2018-07-18,3325.71,9.54
2018-07-19,3333.13,9.53
2018-07-20,3426.0,9.81
2018-07-23,3471.41,9.96
2018-07-24,3521.92,10.1
2018-07-25,3522.07,10.1
2018-07-26,3477.15,10.0
2018-07-27,3471.21,9.98
2018-07-30,3493.5,10.04
2018-07-31,3498.75,10.09
2018-08-01,3423.31,9.88
2018-08-02,3354.67,9.7
2018-08-03,3317.81,9.63
2018-08-06,3308.23,9.61
2018-08-07,3408.92,9.9
2018-08-08,3365.74,9.8
2018-08-09,3444.99,9.96
2018-08-10,3443.38,9.93
2018-08-13,3409.41,9.83
2018-08-14,3396.6,9.83
2018-08-15,3313.44,9.62
2018-08-16,3308.61,9.59
2018-08-17,3266.58,9.5
2018-08-20,3314.68,9.66
2018-08-21,3374.19,9.78
2018-08-22,3371.12,9.73
2018-08-23,3386.14,9.76
2018-08-24,3403.58,9.82
2018-08-27,3472.89,9.99
2018-08-28,3457.48,9.95
2018-08-29,3446.93,9.95
2018-08-30,3413.51,9.84
2018-08-31,3406.99,9.84
2018-09-03,3395.15,9.75
2018-09-04,3442.74,9.87
2018-09-05,3361.22,9.67
2018-09-06,3331.58,9.62
2018-09-07,3361.43,9.67
2018-09-10,3327.99,9.6
2018-09-11,3307.77,9.57
2018-09-12,3285.08,9.51
2018-09-13,3331.88,9.66
2018-09-14,3345.82,9.68
2018-09-17,3310.59,9.6
2018-09-18,3391.82,9.78
2018-09-19,3430.88,9.9
2018-09-20,3431.35,9.91
2018-09-21,3550.7,10.23
2018-09-25,3515.08,10.14
2018-09-26,3563.34,10.27
2018-09-27,3553.24,10.25
2018-09-28,3596.31,10.37
2018-10-08,3430.97,9.93
2018-10-09,3437.65,9.97
2018-10-10,3440.95,10.0
2018-10-11,3298.08,9.59
2018-10-12,3372.07,9.78
2018-10-15,3328.4,9.65
2018-10-16,3332.56,9.67
2018-10-17,3351.49,9.74
2018-10-18,3268.51,9.45
2018-10-19,3375.09,9.72
2018-10-22,3504.54,10.05
2018-10-23,3400.6,9.78
2018-10-24,3418.09,9.83
2018-10-25,3428.59,9.85
2018-10-26,3406.25,9.82
2018-10-29,3296.8,9.59
2018-10-30,3332.77,9.66
2018-10-31,3381.71,9.77
2018-11-01,3394.19,9.55
2018-11-02,3508.15,9.8
2018-11-05,3465.14,9.69
2018-11-06,3448.71,9.66
2018-11-07,3424.78,9.59
2018-11-08,3429.83,9.61
2018-11-09,3358.38,9.39
2018-11-12,3373.22,9.43
2018-11-13,3398.06,9.47
2018-11-14,3352.55,9.33
2018-11-15,3393.53,9.44
2018-11-16,3396.71,9.43
2018-11-19,3438.99,9.54
2018-11-20,3376.49,9.39
2018-11-21,3382.67,9.39
2018-11-22,3363.86,9.35
2018-11-23,3310.82,9.22
2018-11-26,3314.54,9.22
2018-11-27,3304.05,9.18
2018-11-28,3341.08,9.27
2018-11-29,3314.48,9.2
2018-11-30,3350.62,9.28
2018-12-03,3433.43,9.49
2018-12-04,3444.59,9.51
2018-12-05,3424.79,9.46
2018-12-06,3359.52,9.31
2018-12-07,3354.32,9.31
2018-12-10,3323.8,9.25
2018-12-11,3333.42,9.26
2018-12-12,3344.1,9.3
2018-12-13,3391.83,9.42
2018-12-14,3344.19,9.31
2018-12-17,3347.72,9.41
2018-12-18,3308.98,9.31
2018-12-19,3269.9,9.21
2018-12-20,3222.11,9.1
2018-12-21,3182.4,9.02
2018-12-24,3186.66,9.04
2018-12-25,3170.24,8.98
2018-12-26,3148.47,8.95
2018-12-27,3140.88,8.92
2018-12-28,3164.4,8.96
2019-01-02,3122.58,8.84
2019-01-03,3131.48,8.86
2019-01-04,3194.13,9.02
2019-01-07,3193.68,9.02
2019-01-08,3181.06,8.98
2019-01-09,3219.07,9.07
2019-01-10,3217.88,9.04
2019-01-11,3249.13,9.11
2019-01-14,3216.89,9.03
2019-01-15,3282.07,9.17
2019-01-16,3286.0,9.18
2019-01-17,3272.38,9.15
2019-01-18,3335.88,9.31
2019-01-21,3356.75,9.38
2019-01-22,3313.62,9.27
2019-01-23,3307.85,9.26
2019-01-24,3327.87,9.31
2019-01-25,3369.38,9.41
2019-01-28,3363.01,9.4
2019-01-29,3389.06,9.45
2019-01-30,3367.14,9.41
2019-01-31,3427.11,9.55
2019-02-01,3449.43,9.6
2019-02-11,3487.83,9.67
2019-02-12,3495.71,9.7
2019-02-13,3561.16,9.89
2019-02-14,3555.22,9.85
2019-02-15,3474.01,9.65
2019-02-18,3564.25,9.87
2019-02-19,3559.0,9.86
2019-02-20,3571.58,9.9
2019-02-21,3556.48,9.84
2019-02-22,3619.75,9.97
2019-02-25,3846.93,10.55
2019-02-26,3772.69,10.39
2019-02-27,3795.38,10.47
2019-02-28,3786.59,10.42
2019-03-01,3890.77,10.67
2019-03-04,3908.88,10.72
2019-03-05,3903.74,10.7
2019-03-06,3919.48,10.77
2019-03-07,3849.69,10.61
2019-03-08,3706.03,10.21
2019-03-11,3737.77,10.31
2019-03-12,3753.2,10.35
2019-03-13,3758.98,10.3
2019-03-14,3766.11,10.29
2019-03-15,3802.92,10.36
2019-03-18,3898.66,10.59
2019-03-19,3873.42,10.54
2019-03-20,3881.73,10.51
2019-03-21,3868.0,10.5
2019-03-22,3857.55,10.48
2019-03-25,3751.0,10.21
2019-03-26,3734.4,10.14
2019-03-27,3783.3,10.23
2019-03-28,3773.16,10.18
2019-03-29,3917.43,10.51
2019-04-01,3992.11,10.7
2019-04-02,3986.47,10.69
2019-04-03,4029.9,10.78
2019-04-04,4074.04,10.91
2019-04-08,4091.39,10.96
2019-04-09,4098.62,10.93
2019-04-10,4114.62,10.95
2019-04-11,4044.64,10.79
2019-04-12,4033.71,10.78
2019-04-15,4039.8,10.8
2019-04-16,4175.29,11.13
2019-04-17,4167.54,11.14
2019-04-18,4150.29,11.11
2019-04-19,4202.1,11.19
2019-04-22,4102.73,10.96
2019-04-23,4114.27,10.96
2019-04-24,4108.75,10.94
2019-04-25,4044.04,10.76
2019-04-26,3995.51,10.65
2019-04-29,4059.8,10.76
2019-04-30,4067.86,10.78
2019-05-06,3874.21,10.64
2019-05-07,3875.9,10.63
2019-05-08,3809.58,10.48
2019-05-09,3727.46,10.3
2019-05-10,3858.64,10.58
2019-05-13,3785.92,10.41
2019-05-14,3763.3,10.35
2019-05-15,3844.53,10.53
2019-05-16,3855.4,10.56
2019-05-17,3777.78,10.39
2019-05-20,3750.45,10.37
2019-05-21,3784.09,10.45
2019-05-22,3764.68,10.41
2019-05-23,3718.38,10.3
2019-05-24,3740.66,10.33
2019-05-27,3771.11,10.4
2019-05-28,3810.44,10.48
2019-05-29,3820.15,10.5
2019-05-30,3802.35,10.48
2019-05-31,3786.19,10.41
2019-06-03,3808.61,10.44
2019-06-04,3778.41,10.39
2019-06-05,3776.02,10.41
2019-06-06,3758.2,10.36
2019-06-10,3809.04,10.45
2019-06-11,3911.15,10.63
2019-06-12,3888.67,10.58
2019-06-13,3885.62,10.57
2019-06-14,3875.84,10.54
2019-06-17,3887.11,10.86
2019-06-18,3904.85,10.89
2019-06-19,3970.21,10.96
2019-06-20,4109.84,11.26
2019-06-21,4104.45,11.27
2019-06-24,4119.85,11.3
2019-06-25,4064.82,11.18
2019-06-26,4057.4,11.16
2019-06-27,4104.76,11.25
2019-06-28,4102.03,11.2
2019-07-01,4203.29,11.43
2019-07-02,4197.93,11.42
2019-07-03,4155.53,11.23
2019-07-04,4139.47,11.21
2019-07-05,4158.17,11.23
2019-07-08,4069.83,10.99
2019-07-09,4053.41,10.94
2019-07-10,4051.03,10.91
2019-07-11,4063.99,10.95
2019-07-12,4096.12,11.0
2019-07-15,4096.8,11.0
2019-07-16,4071.32,10.96
2019-07-17,4058.98,10.92
2019-07-18,4036.65,10.85
2019-07-19,4088.13,10.95
2019-07-22,4068.76,10.91
2019-07-23,4070.64,10.91
2019-07-24,4106.73,11.0
2019-07-25,4142.24,11.07
2019-07-26,4154.69,11.09
2019-07-29,4142.16,11.06
2019-07-30,4161.29,11.11
2019-07-31,4116.96,11.03
2019-08-01,4081.92,10.93
2019-08-02,4021.82,10.77
2019-08-05,3941.13,10.57
2019-08-06,3904.3,10.46
2019-08-07,3885.31,10.41
2019-08-08,3942.3,10.54
2019-08-09,3922.01,10.5
2019-08-12,3997.41,10.67
2019-08-13,3952.29,10.57
2019-08-14,3968.48,10.62
2019-08-15,3983.75,10.65
2019-08-16,3998.49,10.66
2019-08-19,4073.53,10.83
2019-08-20,4071.33,10.81
2019-08-21,4062.23,10.81
2019-08-22,4074.66,10.82
2019-08-23,4130.41,10.92
2019-08-26,4054.45,10.75
2019-08-27,4088.09,10.86
2019-08-28,4059.48,10.78
2019-08-29,4043.08,10.75
2019-08-30,4067.09,10.8
2019-09-02,4099.02,10.13
2019-09-03,4095.09,10.14
2019-09-04,4140.08,10.24
2019-09-05,4191.35,10.35
2019-09-06,4227.13,10.42
2019-09-09,4227.86,10.44
2019-09-10,4211.16,10.41
2019-09-11,4193.2,10.38
2019-09-12,4253.35,10.48
2019-09-16,4229.08,10.45
2019-09-17,4165.82,10.3
2019-09-18,4190.42,10.33
2019-09-19,4193.93,10.35
2019-09-20,4203.3,10.38
2019-09-23,4157.17,10.28
2019-09-24,4170.65,10.31
2019-09-25,4154.7,10.25
2019-09-26,4153.34,10.26
2019-09-27,4155.6,10.25
2019-09-30,4110.54,10.16
2019-10-08,4145.5,10.22
2019-10-09,4146.4,10.23
2019-10-10,4171.67,10.27
2019-10-11,4231.71,10.42
2019-10-14,4274.85,10.53
2019-10-15,4277.53,10.52
2019-10-16,4262.35,10.49
2019-10-17,4272.33,10.51
2019-10-18,4203.41,10.37
2019-10-21,4211.54,10.43
2019-10-22,4217.66,10.44
2019-10-23,4190.83,10.41
2019-10-24,4197.54,10.44
2019-10-25,4208.91,10.47
2019-10-28,4229.21,10.51
2019-10-29,4210.66,10.45
2019-10-30,4187.73,10.43
2019-10-31,4191.44,10.43
2019-11-01,4259.41,10.33
2019-11-04,4287.25,10.39
2019-11-05,4312.36,10.45
2019-11-06,4302.17,10.44
2019-11-07,4302.89,10.41
2019-11-08,4273.33,10.34
2019-11-11,4207.01,10.19
2019-11-12,4215.03,10.2
2019-11-13,4209.79,10.18
2019-11-14,4211.07,10.17
2019-11-15,4191.39,10.13
2019-11-18,4228.62,10.19
2019-11-19,4256.71,10.24
2019-11-20,4210.43,10.15
2019-11-21,4183.78,10.11
2019-11-22,4145.38,10.04
2019-11-25,4186.49,10.15
2019-11-26,4179.86,10.15
2019-11-27,4176.67,10.15
2019-11-28,4157.04,10.1
2019-11-29,4106.3,9.99
2019-12-02,4113.0,10.0
2019-12-03,4127.45,10.01
2019-12-04,4115.31,9.97
2019-12-05,4144.93,10.05
2019-12-06,4170.28,10.09
2019-12-09,4160.67,10.09
2019-12-10,4166.27,10.09
2019-12-11,4184.22,10.14
2019-12-12,4167.77,10.1
2019-12-13,4264.61,10.33
2019-12-16,4254.52,10.58
2019-12-17,4302.67,10.7
2019-12-18,4292.23,10.68
2019-12-19,4280.78,10.67
2019-12-20,4273.56,10.65
2019-12-23,4233.3,10.54
2019-12-24,4251.06,10.58
2019-12-25,4235.8,10.55
2019-12-26,4272.16,10.63
2019-12-27,4280.87,10.66
2019-12-30,4344.67,10.79
2019-12-31,4345.33,10.79
2020-01-02,4384.5,10.88
2020-01-03,4366.7,10.85
2020-01-06,4336.28,10.81
2020-01-07,4360.65,10.86
2020-01-08,4309.35,10.74
2020-01-09,4351.47,10.81
2020-01-10,4351.95,10.81
2020-01-13,4383.5,10.87
2020-01-14,4369.99,10.83
2020-01-15,4337.94,10.75
2020-01-16,4316.78,10.68
2020-01-17,4331.08,10.7
2020-01-20,4349.26,10.73
2020-01-21,4272.83,10.57
2020-01-22,4281.01,10.61
2020-01-23,4159.89,10.35
2020-02-03,3868.52,9.63
2020-02-04,3964.37,9.83
2020-02-05,3990.24,9.88
2020-02-06,4049.8,10.0
2020-02-07,4045.3,9.98
2020-02-10,4042.96,9.98
2020-02-11,4085.22,10.08
2020-02-12,4107.54,10.13
2020-02-13,4079.01,10.06
2020-02-14,4106.8,10.11
2020-02-17,4184.82,10.3
2020-02-18,4148.41,10.21
2020-02-19,4147.51,10.21
2020-02-20,4224.7,10.39
2020-02-21,4210.45,10.37
2020-02-24,4156.4,10.26
2020-02-25,4127.02,10.18
2020-02-26,4116.17,10.16
2020-02-27,4130.87,10.18
2020-02-28,4001.79,9.87
2020-03-02,4124.98,10.14
2020-03-03,4144.22,10.19
2020-03-04,4181.27,10.25
2020-03-05,4281.29,10.48
2020-03-06,4205.77,10.32
2020-03-09,4069.58,10.03
2020-03-10,4148.15,10.2
2020-03-11,4097.29,10.09
2020-03-12,4031.5,9.95
2020-03-13,3970.2,9.81
2020-03-16,3821.61,9.53
2020-03-17,3809.65,9.48
2020-03-18,3724.76,9.29
2020-03-19,3645.38,9.1
2020-03-20,3728.54,9.29
2020-03-23,3630.95,9.04
2020-03-24,3744.1,9.31
2020-03-25,3830.35,9.51
2020-03-26,3814.88,9.46
2020-03-27,3832.14,9.5
2020-03-30,3815.96,9.46
2020-03-31,3815.02,9.43
2020-04-01,3804.67,9.4
2020-04-02,3858.3,9.55
2020-04-03,3842.61,9.49
2020-04-07,3911.52,9.64
2020-04-08,3892.34,9.59
2020-04-09,3904.69,9.6
2020-04-10,3900.8,9.58
2020-04-13,3885.65,9.55
2020-04-14,3951.69,9.69
2020-04-15,3921.57,9.63
2020-04-16,3926.92,9.65
2020-04-17,3984.82,9.78
2020-04-20,4000.02,9.8
2020-04-21,3950.0,9.68
2020-04-22,3977.95,9.74
2020-04-23,3968.62,9.71
2020-04-24,3937.93,9.64
2020-04-27,3979.35,9.72
2020-04-28,4007.6,9.76
2020-04-29,4035.51,9.83
2020-04-30,4059.76,9.9
2020-05-06,4062.51,10.14
2020-05-07,4049.14,10.1
2020-05-08,4085.8,10.17
2020-05-11,4084.14,10.17
2020-05-12,4080.94,10.15
2020-05-13,4078.26,10.15
2020-05-14,4031.07,10.04
2020-05-15,4011.44,10.0
2020-05-18,4036.31,10.05
2020-05-19,4069.73,10.12
2020-05-20,4063.29,10.11
2020-05-21,4050.04,10.08
2020-05-22,3949.01,9.86
2020-05-25,3969.3,9.88
2020-05-26,3996.52,9.93
2020-05-27,3977.51,9.9
2020-05-28,3997.69,9.96
2020-05-29,3997.68,9.93
2020-06-01,4088.4,10.13
2020-06-02,4110.75,10.18
2020-06-03,4115.29,10.2
2020-06-04,4107.67,10.17
2020-06-05,4126.17,10.21
2020-06-08,4145.03,10.25
2020-06-09,4171.69,10.31
2020-06-10,4148.85,10.25
2020-06-11,4105.97,10.15
2020-06-12,4116.83,10.15
2020-06-15,4054.82,10.33
2020-06-16,4112.51,10.46
2020-06-17,4115.59,10.45
2020-06-18,4130.25,10.47
2020-06-19,4183.12,10.59
2020-06-22,4177.34,10.57
2020-06-23,4182.37,10.57
2020-06-24,4220.05,10.64
2020-06-29,4194.26,10.58
2020-06-30,4228.06,10.58
2020-07-01,4325.47,10.78
2020-07-02,4432.36,11.07
2020-07-03,4540.03,11.36
2020-07-06,4848.97,12.15
2020-07-07,4859.93,12.15
2020-07-08,4929.23,12.29
2020-07-09,4946.58,12.35
2020-07-10,4829.38,11.95
2020-07-13,4890.44,12.07
2020-07-14,4835.89,11.94
2020-07-15,4796.18,11.77
2020-07-16,4580.12,11.27
2020-07-17,4614.69,11.33
2020-07-20,4762.47,11.67
2020-07-21,4760.88,11.67
2020-07-22,4769.29,11.69
2020-07-23,4763.95,11.62
2020-07-24,4581.43,11.22
2020-07-27,4589.31,11.23
2020-07-28,4622.19,11.31
2020-07-29,4705.6,11.5
2020-07-30,4688.73,11.44
2020-07-31,4714.59,11.49
2020-08-03,4760.68,11.6
2020-08-04,4805.7,11.71
2020-08-05,4776.94,11.64
2020-08-06,4776.78,11.66
2020-08-07,4736.35,11.55
2020-08-10,4768.3,11.65
2020-08-11,4735.02,11.58
2020-08-12,4717.31,11.57
2020-08-13,4705.85,11.55
2020-08-14,4773.6,11.72
2020-08-17,4890.21,12.02
2020-08-18,4888.01,12.02
2020-08-19,4801.59,11.82
2020-08-20,4739.54,11.66
2020-08-21,4772.19,11.72
2020-08-24,4792.52,11.73
2020-08-25,4810.13,11.76
2020-08-26,4762.26,11.65
2020-08-27,4781.0,11.68
2020-08-28,4893.81,11.9
2020-08-31,4858.15,11.81
2020-09-01,4874.43,12.12
2020-09-02,4863.11,12.09
2020-09-03,4844.38,12.04
2020-09-04,4807.76,11.95
2020-09-07,4726.72,11.76
2020-09-08,4779.73,11.9
2020-09-09,4700.97,11.73
2020-09-10,4715.21,11.77
2020-09-11,4744.26,11.82
2020-09-14,4785.89,11.9
2020-09-15,4820.01,11.95
2020-09-16,4794.31,11.89
2020-09-17,4749.36,11.78
2020-09-18,4870.24,12.08
2020-09-21,4817.6,11.96
2020-09-22,4758.48,11.83
2020-09-23,4766.07,11.82
2020-09-24,4683.11,11.67
2020-09-25,4699.2,11.69
2020-09-28,4729.35,11.77
2020-09-29,4716.0,11.73
2020-09-30,4703.04,11.7
2020-10-09,4782.25,11.84
2020-10-12,4929.24,12.15
2020-10-13,4927.8,12.13
2020-10-14,4902.49,12.07
2020-10-15,4905.26,12.1
2020-10-16,4918.01,12.16
2020-10-19,4880.39,12.11
2020-10-20,4893.77,12.11
2020-10-21,4914.02,12.19
2020-10-22,4902.54,12.15
2020-10-23,4869.87,12.07
2020-10-26,4809.24,11.92
2020-10-27,4793.79,11.9
2020-10-28,4821.65,11.95
2020-10-29,4837.96,11.95
2020-10-30,4773.85,11.82
2020-11-02,4752.76,11.9
2020-11-03,4813.28,12.03
2020-11-04,4849.24,12.07
2020-11-05,4903.54,12.17
2020-11-06,4888.43,12.14
2020-11-09,4974.52,12.34
2020-11-10,4971.41,12.35
2020-11-11,4964.26,12.34
2020-11-12,4944.07,12.28
2020-11-13,4858.14,12.1
2020-11-16,4914.61,12.22
2020-11-17,4917.76,12.22
2020-11-18,4929.07,12.26
2020-11-19,4962.61,12.34
2020-11-20,4965.28,12.32
2020-11-23,5049.5,12.51
2020-11-24,5010.09,12.43
2020-11-25,4977.45,12.35
2020-11-26,5014.48,12.42
2020-11-27,5093.52,12.65
2020-11-30,5050.95,12.55
2020-12-01,5174.11,12.81
2020-12-02,5161.48,12.76
2020-12-03,5149.07,12.72
2020-12-04,5155.92,12.7
2020-12-07,5109.94,12.58
2020-12-08,5094.16,12.54
2020-12-09,5049.71,12.45
2020-12-10,5035.89,12.4
2020-12-11,4990.5,12.33
2020-12-14,5048.61,14.28
2020-12-15,5050.15,14.26
2020-12-16,5074.28,14.31
2020-12-17,5153.1,14.5
2020-12-18,5107.14,14.39
2020-12-21,5127.94,14.44
2020-12-22,5053.17,14.22
2020-12-23,5087.65,14.29
2020-12-24,5079.92,14.26
2020-12-25,5113.71,14.36
2020-12-28,5130.24,14.38
2020-12-29,5120.79,14.36
2020-12-30,5203.46,14.53
2020-12-31,5300.28,14.79
2021-01-04,5304.24,14.79
2021-01-05,5362.49,14.9
2021-01-06,5440.06,15.11
2021-01-07,5544.04,15.35
2021-01-08,5515.29,15.3
2021-01-11,5498.12,15.23
2021-01-12,5686.79,15.68
2021-01-13,5638.9,15.61
2021-01-14,5548.63,15.46
2021-01-15,5558.4,15.46
2021-01-18,5604.21,15.52
2021-01-19,5544.95,15.39
2021-01-20,5553.63,15.39
2021-01-21,5605.17,15.49
2021-01-22,5599.84,15.41
2021-01-25,5675.18,15.59
2021-01-26,5551.64,15.32
2021-01-27,5558.89,15.32
2021-01-28,5437.71,15.05
2021-01-29,5405.99,14.99
2021-02-01,5454.22,15.08
2021-02-02,5490.76,15.16
2021-02-03,5496.95,15.15
2021-02-04,5534.65,15.23
2021-02-05,5591.64,15.35
2021-02-08,5664.0,15.5
2021-02-09,5754.79,15.75
2021-02-10,5865.0,16.08
2021-02-18,5844.32,16.03
2021-02-19,5844.51,16.05
2021-02-22,5651.48,15.67
2021-02-23,5674.55,15.71
2021-02-24,5540.26,15.34
2021-02-25,5606.58,15.52
2021-02-26,5469.49,15.16
2021-03-01,5514.63,15.26
2021-03-02,5414.04,14.99
2021-03-03,5557.64,15.37
2021-03-04,5399.31,15.02
2021-03-05,5370.23,15.02
2021-03-08,5202.44,14.65
2021-03-09,5109.53,14.43
2021-03-10,5142.2,14.46
2021-03-11,5277.96,14.78
2021-03-12,5288.55,14.8
2021-03-15,5192.9,14.64
2021-03-16,5239.9,14.76
2021-03-17,5227.77,14.72
2021-03-18,5249.28,14.77
2021-03-19,5113.03,14.4
2021-03-22,5151.48,14.51
2021-03-23,5119.35,14.43
2021-03-24,5046.09,14.28
2021-03-25,5042.94,14.24
2021-03-26,5138.81,14.46
2021-03-29,5150.43,14.54
2021-03-30,5207.99,14.69
2021-03-31,5152.85,14.57
2021-04-01,5215.86,14.71
2021-04-02,5265.52,14.84
2021-04-06,5233.42,14.74
2021-04-07,5180.66,14.64
2021-04-08,5201.86,14.69
2021-04-09,5116.08,14.49
2021-04-12,5062.14,14.39
2021-04-13,5039.42,14.34
2021-04-14,5050.65,14.36
2021-04-15,4995.8,14.23
2021-04-16,5019.98,14.32
2021-04-19,5115.03,14.54
2021-04-20,5110.27,14.5
2021-04-21,5118.97,14.49
2021-04-22,5087.67,14.39
2021-04-23,5141.06,14.5
2021-04-26,5060.24,14.29
2021-04-27,5072.85,14.31
2021-04-28,5068.09,14.3
2021-04-29,5132.54,14.44
2021-04-30,5094.57,14.33
2021-05-06,5034.38,12.22
2021-05-07,4970.71,12.12
2021-05-10,4961.48,12.13
2021-05-11,5016.61,12.25
2021-05-12,5031.42,12.32
2021-05-13,4981.85,12.21
2021-05-14,5111.94,12.49
2021-05-17,5166.7,12.57
2021-05-18,5163.46,12.59
2021-05-19,5125.18,12.5
2021-05-20,5141.21,12.52
2021-05-21,5082.1,12.39
2021-05-24,5105.28,12.43
2021-05-25,5314.8,12.88
2021-05-26,5338.0,12.93
2021-05-27,5349.32,12.97
2021-05-28,5341.08,12.94
2021-05-31,5327.84,12.89
2021-06-01,5328.83,12.9
2021-06-02,5287.22,12.83
2021-06-03,5241.62,12.75
2021-06-04,5273.07,12.82
2021-06-07,5256.15,12.81
2021-06-08,5226.07,12.73
2021-06-09,5236.65,12.77
2021-06-10,5266.6,12.8
2021-06-11,5225.02,12.73
2021-06-15,5154.74,13.14
2021-06-16,5095.04,13.03
2021-06-17,5095.9,12.95
2021-06-18,5056.36,12.86
2021-06-21,5022.2,12.77
2021-06-22,5071.79,12.9
2021-06-23,5082.08,12.86
2021-06-24,5103.3,12.92
2021-06-25,5185.9,13.09
2021-06-28,5164.96,13.02
2021-06-29,5117.0,12.87
2021-06-30,5146.93,12.93
2021-07-01,5200.78,13.02
2021-07-02,5013.93,12.62
2021-07-05,5009.15,12.61
2021-07-06,5015.86,12.6
2021-07-07,5044.01,12.62
2021-07-08,4968.69,12.45
2021-07-09,4952.56,12.4
2021-07-12,4990.12,12.42
2021-07-13,5010.61,12.47
2021-07-14,4933.32,12.3
2021-07-15,5040.27,12.5
2021-07-16,4979.22,12.36
2021-07-19,5002.41,12.4
2021-07-20,4992.45,12.38
2021-07-21,5012.87,12.38
2021-07-22,5019.08,12.41
2021-07-23,4966.9,12.31
2021-07-26,4775.95,11.89
2021-07-27,4625.58,11.58
2021-07-28,4667.39,11.64
2021-07-29,4710.6,11.7
2021-07-30,4637.97,11.53
2021-08-02,4753.92,11.79
2021-08-03,4772.7,11.81
2021-08-04,4786.43,11.82
2021-08-05,4777.93,11.78
2021-08-06,4733.08,11.69
2021-08-09,4791.6,11.83
2021-08-10,4870.76,12.02
2021-08-11,4832.13,11.96
2021-08-12,4778.13,11.83
2021-08-13,4765.87,11.8
2021-08-16,4776.3,11.84
2021-08-17,4668.49,11.6
2021-08-18,4728.77,11.75
2021-08-19,4660.55,11.59
2021-08-20,4558.09,11.38
2021-08-23,4599.21,11.46
2021-08-24,4670.26,11.62
2021-08-25,4688.11,11.66
2021-08-26,4582.81,11.45
2021-08-27,4633.58,11.54
2021-08-30,4618.23,11.52
2021-08-31,4595.02,11.5
2021-09-01,4695.88,10.97
2021-09-02,4698.93,10.97
2021-09-03,4711.96,11.02
2021-09-06,4764.36,11.13
2021-09-07,4819.04,11.26
2021-09-08,4767.42,11.18
2021-09-09,4754.1,11.19
2021-09-10,4825.38,11.31
2021-09-13,4810.12,11.33
2021-09-14,4730.33,11.17
2021-09-15,4668.57,11.07
2021-09-16,4641.8,11.03
2021-09-17,4693.45,11.09
2021-09-22,4634.69,11.02
2021-09-23,4642.83,11.03
2021-09-24,4668.49,11.07
2021-09-27,4749.93,11.26
2021-09-28,4766.52,11.34
2021-09-29,4748.82,11.25
2021-09-30,4745.5,11.23
2021-10-08,4833.48,11.43
2021-10-11,4863.38,11.49
2021-10-12,4838.11,11.42
2021-10-13,4887.66,11.47
2021-10-14,4854.9,11.39
2021-10-15,4890.74,11.5
2021-10-18,4793.95,11.32
2021-10-19,4834.08,11.4
2021-10-20,4831.61,11.37
2021-10-21,4866.55,11.46
2021-10-22,4925.31,11.54
2021-10-25,4922.67,11.54
2021-10-26,4889.58,11.46
2021-10-27,4825.76,11.31
2021-10-28,4814.63,11.23
2021-10-29,4855.71,11.27
2021-11-01,4831.43,11.34
2021-11-02,4773.64,11.2
2021-11-03,4728.2,11.12
2021-11-04,4766.56,11.19
2021-11-05,4758.06,11.16
2021-11-08,4750.22,11.15
2021-11-09,4736.38,11.11
2021-11-10,4711.78,11.04
2021-11-11,4805.36,11.22
2021-11-12,4786.3,11.18
2021-11-15,4788.0,11.2
2021-11-16,4788.72,11.2
2021-11-17,4769.4,11.17
2021-11-18,4716.78,11.07
2021-11-19,4775.54,11.21
2021-11-22,4774.42,11.21
2021-11-23,4792.26,11.25
2021-11-24,4803.67,11.3
2021-11-25,4783.19,11.24
2021-11-26,4737.56,11.13
2021-11-29,4737.1,11.13
2021-11-30,4704.85,11.07
2021-12-01,4727.25,11.14
2021-12-02,4742.79,11.18
2021-12-03,4788.2,11.28
2021-12-06,4798.18,11.29
2021-12-07,4837.36,11.37
2021-12-08,4911.99,11.53
2021-12-09,4994.45,11.71
2021-12-10,4984.71,11.68
2021-12-13,5003.19,12.08
2021-12-14,4980.05,12.02
2021-12-15,4933.2,11.93
2021-12-16,4950.85,11.99
2021-12-17,4873.63,11.82
2021-12-20,4838.63,11.76
2021-12-21,4864.91,11.82
2021-12-22,4846.39,11.78
2021-12-23,4885.95,11.88
2021-12-24,4890.48,11.89
2021-12-27,4872.94,11.86
2021-12-28,4910.05,11.92
2021-12-29,4817.07,11.72
2021-12-30,4848.2,11.77
2021-12-31,4866.82,11.8
2022-01-04,4851.58,11.79
2022-01-05,4837.03,11.77
2022-01-06,4771.79,11.63
2022-01-07,4790.94,11.7
2022-01-10,4810.04,11.73
2022-01-11,4777.95,11.66
2022-01-12,4810.32,11.73
2022-01-13,4732.73,11.59
2022-01-14,4665.75,11.41
2022-01-17,4678.62,11.43
2022-01-18,4737.81,11.59
2022-01-19,4737.32,11.58
2022-01-20,4806.45,11.72
2022-01-21,4784.2,11.65
2022-01-24,4770.84,11.62
2022-01-25,4674.53,11.4
2022-01-26,4702.36,11.47
2022-01-27,4636.31,11.33
2022-01-28,4539.38,11.11
2022-02-07,4628.91,11.35
2022-02-08,4632.25,11.41
2022-02-09,4666.52,11.48
2022-02-10,4674.77,11.52
2022-02-11,4671.5,11.57
2022-02-14,4613.66,11.44
2022-02-15,4637.34,11.44
2022-02-16,4661.35,11.49
2022-02-17,4665.95,11.5
2022-02-18,4701.09,11.57
2022-02-21,4674.4,11.51
2022-02-22,4611.17,11.39
2022-02-23,4634.53,11.41
2022-02-24,4547.73,11.23
2022-02-25,4571.43,11.25
2022-02-28,4579.15,11.27
2022-03-01,4645.9,11.42
2022-03-02,4618.48,11.38
2022-03-03,4603.39,11.36
2022-03-04,4551.81,11.25
2022-03-07,4421.44,10.98
2022-03-08,4359.74,10.82
2022-03-09,4321.12,10.71
2022-03-10,4360.18,10.77
2022-03-11,4363.49,10.79
2022-03-14,4238.92,10.52
2022-03-15,4017.42,10.01
2022-03-16,4203.06,10.39
2022-03-17,4276.59,10.54
2022-03-18,4330.05,10.66
2022-03-21,4298.71,10.58
2022-03-22,4311.59,10.64
2022-03-23,4334.98,10.68
2022-03-24,4315.82,10.64
2022-03-25,4245.68,10.51
2022-03-28,4240.86,10.54
2022-03-29,4224.47,10.53
2022-03-30,4333.47,10.74
2022-03-31,4308.7,10.71
2022-04-01,4374.72,10.86
2022-04-06,4356.82,10.84
2022-04-07,4314.14,10.75
2022-04-08,4348.34,10.83
2022-04-11,4230.75,10.58
2022-04-12,4301.91,10.73
2022-04-13,4284.11,10.71
2022-04-14,4352.95,10.86
2022-04-15,4355.9,10.85
2022-04-18,4292.2,10.69
2022-04-19,4253.32,10.65
2022-04-20,4214.36,10.56
2022-04-21,4158.14,10.43
2022-04-22,4182.81,10.51
2022-04-25,3988.52,10.09
2022-04-26,3984.98,10.09
2022-04-27,4064.51,10.23
2022-04-28,4116.79,10.37
2022-04-29,4172.74,10.49
2022-05-05,4166.19,10.14
2022-05-06,4045.46,9.88
2022-05-09,4008.82,9.82
2022-05-10,4043.39,9.86
2022-05-11,4077.5,9.91
2022-05-12,4048.55,9.85
2022-05-13,4087.92,9.96
2022-05-16,4046.52,9.88
2022-05-17,4100.56,9.99
2022-05-18,4083.89,9.94
2022-05-19,4082.43,9.93
2022-05-20,4176.78,10.12
2022-05-23,4139.01,10.05
2022-05-24,4067.08,9.92
2022-05-25,4080.8,9.97
2022-05-26,4083.0,9.98
2022-05-27,4110.04,10.05
2022-05-30,4134.41,10.08
2022-05-31,4186.15,10.2
2022-06-01,4166.57,10.15
2022-06-02,4155.37,10.12
2022-06-06,4208.7,10.19
2022-06-07,4240.21,10.25
2022-06-08,4289.11,10.37
2022-06-09,4273.54,10.35
2022-06-10,4325.92,10.45
2022-06-13,4244.08,10.66
2022-06-14,4300.75,10.84
2022-06-15,4362.34,10.97
2022-06-16,4322.9,10.82
2022-06-17,4389.98,10.97
2022-06-20,4382.77,10.89
2022-06-21,4391.86,10.91
2022-06-22,4340.55,10.8
2022-06-23,4406.08,10.97
2022-06-24,4464.42,11.06
2022-06-27,4523.24,11.19
2022-06-28,4563.16,11.25
2022-06-29,4518.13,11.16
2022-06-30,4603.5,11.3
2022-07-01,4583.74,11.26
2022-07-04,4591.09,11.27
2022-07-05,4594.47,11.3
2022-07-06,4513.57,11.1
2022-07-07,4502.25,11.08
2022-07-08,4508.42,11.11
2022-07-11,4438.6,10.92
2022-07-12,4414.11,10.83
2022-07-13,4402.46,10.79
2022-07-14,4374.42,10.7
2022-07-15,4309.97,10.5
2022-07-18,4369.54,10.66
2022-07-19,4349.75,10.64
2022-07-20,4362.62,10.68
2022-07-21,4311.43,10.53
2022-07-22,4329.33,10.57
2022-07-25,4312.34,10.55
2022-07-26,4338.75,10.6
2022-07-27,4301.19,10.51
2022-07-28,4298.84,10.5
2022-07-29,4245.96,10.39
2022-08-01,4229.77,10.36
2022-08-02,4152.33,10.18
2022-08-03,4121.87,10.11
2022-08-04,4168.04,10.22
2022-08-05,4220.23,10.31
2022-08-08,4200.18,10.27
2022-08-09,4204.61,10.28
2022-08-10,4154.25,10.18
2022-08-11,4239.59,10.37
2022-08-12,4254.54,10.41
2022-08-15,4232.9,10.35
2022-08-16,4212.62,10.3
2022-08-17,4237.86,10.36
2022-08-18,4197.83,10.26
2022-08-19,4184.75,10.27
2022-08-22,4193.48,10.3
2022-08-23,4163.04,10.25
2022-08-24,4121.07,10.19
2022-08-25,4188.83,10.36
2022-08-26,4190.58,10.35
2022-08-29,4161.06,10.29
2022-08-30,4152.61,10.28
2022-08-31,4206.1,10.39
2022-09-01,4161.35,10.07
2022-09-02,4129.16,10.0
2022-09-05,4108.61,10.0
2022-09-06,4149.32,10.09
2022-09-07,4128.28,10.04
2022-09-08,4125.01,10.02
2022-09-09,4200.09,10.19
2022-09-13,4217.86,10.23
2022-09-14,4181.6,10.15
2022-09-15,4179.1,10.16
2022-09-16,4078.95,9.93
2022-09-19,4082.62,9.94
2022-09-20,4075.11,9.89
2022-09-21,4042.09,9.84
2022-09-22,4007.28,9.8
2022-09-23,4007.95,9.83
2022-09-26,3985.22,9.74
2022-09-27,4027.93,9.82
2022-09-28,3980.78,9.75
2022-09-29,3976.2,9.74
2022-09-30,3977.93,9.76
2022-10-10,3878.77,9.58
2022-10-11,3870.99,9.55
2022-10-12,3893.97,9.61
2022-10-13,3846.13,9.5
2022-10-14,3939.17,9.65
2022-10-17,3940.41,9.65
2022-10-18,3916.74,9.59
2022-10-19,3840.44,9.42
2022-10-20,3818.38,9.39
2022-10-21,3796.59,9.36
2022-10-24,3652.15,9.07
2022-10-25,3655.7,9.07
2022-10-26,3664.24,9.05
2022-10-27,3634.85,8.98
2022-10-28,3551.93,8.82
2022-10-31,3504.58,8.66
2022-11-01,3658.3,8.85
2022-11-02,3691.42,8.92
2022-11-03,3644.3,8.83
2022-11-04,3767.67,9.1
2022-11-07,3782.16,9.14
2022-11-08,3753.65,9.08
2022-11-09,3725.04,9.02
2022-11-10,3724.99,9.02
2022-11-11,3843.64,9.27
2022-11-14,3874.55,9.32
2022-11-15,3943.89,9.45
2022-11-16,3927.35,9.41
2022-11-17,3907.7,9.38
2022-11-18,3887.4,9.33
2022-11-21,3838.77,9.23
2022-11-22,3863.94,9.32
2022-11-23,3870.32,9.36
2022-11-24,3847.48,9.3
2022-11-25,3884.19,9.42
2022-11-28,3821.62,9.3
2022-11-29,3980.57,9.62
2022-11-30,3978.72,9.64
2022-12-01,4016.37,9.69
2022-12-02,3991.04,9.64
2022-12-05,4084.96,9.86
2022-12-06,4098.25,9.89
2022-12-07,4076.57,9.83
2022-12-08,4080.01,9.83
2022-12-09,4131.67,9.91
2022-12-12,4081.6,9.66
2022-12-13,4086.12,9.68
2022-12-14,4108.33,9.71
2022-12-15,4091.23,9.67
2022-12-16,4111.26,9.72
2022-12-19,4046.86,9.58
2022-12-20,3975.46,9.43
2022-12-21,3987.59,9.46
2022-12-22,4006.46,9.51
2022-12-23,4000.53,9.51
2022-12-26,3987.75,9.47
2022-12-27,4034.27,9.57
2022-12-28,4043.24,9.59
2022-12-29,4018.36,9.52
2022-12-30,4038.56,9.57
2023-01-03,4048.02,9.58
2023-01-04,4062.7,9.61
2023-01-05,4138.26,9.75
2023-01-06,4158.68,9.77
2023-01-09,4202.46,9.85
2023-01-10,4189.31,9.82
2023-01-11,4199.39,9.84
2023-01-12,4202.07,9.85
2023-01-13,4271.66,10.01
2023-01-16,4343.59,10.12
2023-01-17,4332.46,10.08
2023-01-18,4306.5,10.04
2023-01-19,4322.93,10.06
2023-01-20,4347.45,10.11
2023-01-30,4351.0,10.1
2023-01-31,4303.23,10.0
2023-02-01,4323.03,10.04
2023-02-02,4309.2,10.02
2023-02-03,4252.42,9.91
2023-02-06,4191.43,9.81
2023-02-07,4199.77,9.83
2023-02-08,4185.68,9.79
2023-02-09,4232.61,9.89
2023-02-10,4209.39,9.85
2023-02-13,4241.68,9.91
2023-02-14,4255.77,9.95
2023-02-15,4218.0,9.87
2023-02-16,4203.39,9.85
2023-02-17,4159.69,9.77
2023-02-20,4273.26,10.02
2023-02-21,4294.31,10.07
2023-02-22,4244.06,9.97
2023-02-23,4241.29,9.97
2023-02-24,4180.07,9.85
2023-02-27,4173.93,9.85
2023-02-28,4194.73,9.89
2023-03-01,4250.66,10.01
2023-03-02,4243.7,10.01
2023-03-03,4251.97,10.05
2023-03-06,4205.44,9.96
2023-03-07,4157.97,9.91
2023-03-08,4125.43,9.85
2023-03-09,4094.64,9.78
2023-03-10,4040.31,9.65
2023-03-13,4082.68,9.79
2023-03-14,4053.68,9.7
2023-03-15,4058.69,9.73
2023-03-16,4019.52,9.65
2023-03-17,4028.35,9.72
2023-03-20,4010.21,9.68
2023-03-21,4050.99,9.72
2023-03-22,4063.52,9.76
2023-03-23,4089.77,9.82
2023-03-24,4066.2,9.74
2023-03-27,4045.26,9.68
2023-03-28,4043.9,9.71
2023-03-29,4040.05,9.7
2023-03-30,4082.94,9.81
2023-03-31,4079.43,9.8
2023-04-03,4085.26,9.81
2023-04-04,4100.88,9.88
2023-04-06,4086.37,9.85
2023-04-07,4114.59,9.89
2023-04-10,4114.66,9.92
2023-04-11,4107.21,9.92
2023-04-12,4085.33,9.92
2023-04-13,4091.84,9.94
2023-04-14,4105.62,9.97
2023-04-17,4188.32,10.21
2023-04-18,4205.92,10.28
2023-04-19,4169.54,10.2
2023-04-20,4145.23,10.16
2023-04-21,4067.62,10.0
2023-04-24,4012.86,9.92
2023-04-25,4014.01,9.99
2023-04-26,4012.09,9.96
2023-04-27,4062.04,10.07
2023-04-28,4103.7,10.18
2023-05-04,4126.59,10.41
2023-05-05,4115.07,10.4
2023-05-08,4168.94,10.66
2023-05-09,4143.82,10.56
2023-05-10,4097.8,10.36
2023-05-11,4085.78,10.32
2023-05-12,4031.97,10.21
2023-05-15,4102.6,10.37
2023-05-16,4092.5,10.34
2023-05-17,4060.18,10.26
2023-05-18,4052.3,10.32
2023-05-19,4035.7,10.25
2023-05-22,4074.63,10.31
2023-05-23,4011.42,10.12
2023-05-24,3949.82,9.94
2023-05-25,3930.27,9.89
2023-05-26,3924.6,9.89
2023-05-29,3907.23,9.93
2023-05-30,3887.08,9.89
2023-05-31,3828.2,9.74
2023-06-01,3839.69,9.77
2023-06-02,3906.09,9.89
2023-06-05,3882.78,9.88
2023-06-06,3868.64,9.85
2023-06-07,3856.66,9.84
2023-06-08,3901.13,9.98
2023-06-09,3909.05,9.98
2023-06-12,3906.38,10.15
2023-06-13,3914.47,10.15
2023-06-14,3920.07,10.11
2023-06-15,3975.89,10.21
2023-06-16,4013.3,10.28
2023-06-19,3962.36,10.14
2023-06-20,3942.06,10.07
2023-06-21,3901.32,9.99
2023-06-26,3855.27,9.86
2023-06-27,3883.25,9.96
2023-06-28,3896.31,9.96
2023-06-29,3865.55,9.89
2023-06-30,3880.37,9.9
2023-07-03,3946.35,10.09
2023-07-04,3951.21,10.08
2023-07-05,3929.01,10.0
2023-07-06,3899.61,9.93
2023-07-07,3881.69,9.9
2023-07-10,3903.2,9.92
2023-07-11,3927.47,9.96
2023-07-12,3924.71,9.94
2023-07-13,3989.84,10.1
2023-07-14,3992.28,10.12
2023-07-17,3955.91,9.97
2023-07-18,3948.26,9.87
2023-07-19,3957.78,9.9
2023-07-20,3941.68,9.84
2023-07-21,3950.75,9.85
2023-07-24,3936.12,9.82
2023-07-25,4059.48,10.09
2023-07-26,4056.39,10.06
2023-07-27,4054.78,10.08
2023-07-28,4168.87,10.34
2023-07-31,4178.89,10.34
2023-08-01,4167.12,10.35
2023-08-02,4127.42,10.19
2023-08-03,4165.95,10.28
2023-08-04,4171.77,10.31
2023-08-07,4149.3,10.26
2023-08-08,4144.26,10.26
2023-08-09,4140.36,10.25
2023-08-10,4142.21,10.27
2023-08-11,4046.83,10.05
2023-08-14,4015.94,9.98
2023-08-15,4011.46,10.01
2023-08-16,3986.83,9.94
2023-08-17,3995.78,9.95
2023-08-18,3950.24,9.87
2023-08-21,3899.06,9.74
2023-08-22,3928.68,9.85
2023-08-23,3877.36,9.76
2023-08-24,3908.19,9.79
2023-08-25,3919.53,9.82
2023-08-28,3971.34,9.95
2023-08-29,3988.75,9.96
2023-08-30,3978.21,9.93
2023-08-31,3960.45,9.89
2023-09-01,3994.83,9.96
2023-09-04,4066.15,10.13
2023-09-05,4041.43,10.07
2023-09-06,4037.59,10.08
2023-09-07,3997.83,10.02
2023-09-08,3975.45,9.96
2023-09-11,4001.01,10.01
2023-09-12,3994.16,10.0
2023-09-13,3982.66,10.0
2023-09-14,3992.82,10.06
2023-09-15,3969.16,9.97
2023-09-18,3995.86,10.02
2023-09-19,3996.46,10.05
2023-09-20,3980.97,10.01
2023-09-21,3940.2,9.92
2023-09-22,4027.41,10.11
2023-09-25,3992.94,10.04
2023-09-26,3968.09,9.98
2023-09-27,3978.72,9.98
2023-09-28,3958.11,9.94
2023-10-09,3946.24,9.92
2023-10-10,3919.35,9.85
2023-10-11,3932.49,9.87
2023-10-12,3969.64,9.98
2023-10-13,3929.75,9.91
2023-10-16,3897.09,9.88
2023-10-17,3913.62,9.93
2023-10-18,3895.13,9.92
2023-10-19,3792.09,9.64
2023-10-20,3772.03,9.57
2023-10-23,3741.58,9.51
2023-10-24,3755.01,9.53
2023-10-25,3773.41,9.48
2023-10-26,3785.16,9.54
2023-10-27,3818.65,9.59
2023-10-30,3817.45,9.52
2023-10-31,3813.22,9.53
2023-11-01,3827.85,9.58
2023-11-02,3822.67,9.59
2023-11-03,3853.48,9.64
2023-11-06,3884.84,9.65
2023-11-07,3864.59,9.62
2023-11-08,3853.1,9.59
2023-11-09,3852.36,9.62
2023-11-10,3817.23,9.55
2023-11-13,3807.07,9.54
2023-11-14,3805.18,9.53
2023-11-15,3837.96,9.61
2023-11-16,3801.9,9.54
2023-11-17,3792.23,9.5
2023-11-20,3802.6,9.53
2023-11-21,3820.75,9.58
2023-11-22,3790.17,9.52
2023-11-23,3803.23,9.55
2023-11-24,3780.87,9.51
2023-11-27,3748.76,9.44
2023-11-28,3749.54,9.44
2023-11-29,3728.84,9.39
2023-11-30,3741.3,9.45
2023-12-01,3719.17,9.4
2023-12-04,3690.51,9.35
2023-12-05,3615.72,9.18
2023-12-06,3611.74,9.12
2023-12-07,3597.13,9.1
2023-12-08,3608.84,9.14
2023-12-11,3626.28,8.88
2023-12-12,3645.99,8.95
2023-12-13,3576.21,8.8
2023-12-14,3558.68,8.76
2023-12-15,3551.33,8.72
2023-12-18,3560.72,8.77
2023-12-19,3570.18,8.79
2023-12-20,3547.85,8.73
2023-12-21,3585.58,8.79
2023-12-22,3600.05,8.83
2023-12-25,3604.41,8.85
2023-12-26,3587.37,8.84
2023-12-27,3594.24,8.87
2023-12-28,3675.37,8.98
2023-12-29,3688.8,9.01
2024-01-02,3634.97,8.94
2024-01-03,3639.11,8.99
2024-01-04,3614.05,8.97
2024-01-05,3597.41,8.93
2024-01-08,3558.24,8.86
2024-01-09,3561.07,8.86
2024-01-10,3544.55,8.81
2024-01-11,3552.32,8.77
2024-01-12,3547.72,8.78
2024-01-15,3549.78,8.81
2024-01-16,3566.38,8.85
2024-01-17,3487.54,8.68
2024-01-18,3549.71,8.78
2024-01-19,3557.76,8.79
2024-01-22,3537.26,8.75
2024-01-23,3530.54,8.73
2024-01-24,3584.75,8.9
2024-01-25,3667.68,9.16
2024-01-26,3670.09,9.24
2024-01-29,3654.33,9.24
2024-01-30,3601.28,9.13
2024-01-31,3574.83,9.11
2024-02-01,3565.26,9.05
2024-02-02,3534.73,9.03
2024-02-05,3576.38,9.18
2024-02-06,3677.18,9.35
2024-02-07,3717.31,9.41
2024-02-08,3730.67,9.41
2024-02-19,3760.76,9.58
2024-02-20,3756.85,9.58
2024-02-21,3822.09,9.71
2024-02-22,3858.34,9.84
2024-02-23,3858.85,9.84
2024-02-26,3795.65,9.64
2024-02-27,3813.9,9.67
2024-02-28,3783.06,9.62
2024-02-29,3826.71,9.7
2024-03-01,3829.41,9.7
2024-03-04,3835.35,9.74
2024-03-05,3879.48,9.86
2024-03-06,3859.98,9.79
2024-03-07,3848.65,9.78
2024-03-08,3847.37,9.79
2024-03-11,3874.23,9.8
2024-03-12,3885.91,9.73
2024-03-13,3849.64,9.65
2024-03-14,3843.71,9.66
2024-03-15,3849.0,9.66
2024-03-18,3866.44,9.69
2024-03-19,3832.57,9.62
2024-03-20,3847.83,9.7
2024-03-21,3848.85,9.71
2024-03-22,3810.95,9.65
2024-03-25,3807.8,9.68
2024-03-26,3827.67,9.72
2024-03-27,3804.19,9.69
2024-03-28,3809.03,9.67
2024-03-29,3829.54,9.78
2024-04-01,3871.79,9.85
2024-04-02,3862.58,9.87
2024-04-03,3853.72,9.87
2024-04-08,3828.22,9.86
2024-04-09,3813.18,9.79
2024-04-10,3800.71,9.79
2024-04-11,3797.74,9.78
2024-04-12,3764.72,9.72
2024-04-15,3843.96,9.96
2024-04-16,3825.42,9.97
2024-04-17,3869.08,10.06
2024-04-18,3877.56,10.05
2024-04-19,3854.37,10.05
2024-04-22,3846.87,9.98
2024-04-23,3829.41,9.93
2024-04-24,3845.88,9.96
2024-04-25,3857.78,10.0
2024-04-26,3905.75,10.05
2024-04-29,3925.55,10.04
2024-04-30,3909.54,10.03
2024-05-06,3959.54,10.79
2024-05-07,3965.9,10.82
2024-05-08,3944.08,10.81
2024-05-09,3969.01,10.82
2024-05-10,3979.87,10.85
2024-05-13,3976.51,10.83
2024-05-14,3961.08,10.78
2024-05-15,3930.39,10.72
2024-05-16,3949.47,10.76
2024-05-17,4004.61,10.88
2024-05-20,4018.34,10.93
2024-05-21,4006.29,10.93
2024-05-22,4012.33,10.93
2024-05-23,3967.57,10.84
2024-05-24,3925.69,10.74
2024-05-27,3962.46,10.86
2024-05-28,3950.65,10.86
2024-05-29,3955.43,10.86
2024-05-30,3924.63,10.77
2024-05-31,3906.27,10.72
2024-06-03,3917.11,10.76
2024-06-04,3939.8,10.78
2024-06-05,3920.18,10.73
2024-06-06,3919.7,10.76
2024-06-07,3907.44,10.71
2024-06-11,3855.83,10.55
2024-06-12,3856.02,10.57
2024-06-13,3838.48,10.54
2024-06-14,3865.06,10.59
2024-06-17,3848.87,10.16
2024-06-18,3847.47,10.17
2024-06-19,3856.46,10.19
2024-06-20,3848.27,10.22
2024-06-21,3834.0,10.16
2024-06-24,3842.2,10.2
2024-06-25,3826.42,10.18
2024-06-26,3835.71,10.18
2024-06-27,3823.3,10.18
2024-06-28,3836.34,10.26
2024-07-01,3853.31,10.34
2024-07-02,3871.27,10.44
2024-07-03,3868.36,10.4
2024-07-04,3857.77,10.4
2024-07-05,3823.85,10.28
2024-07-08,3805.02,10.27
2024-07-09,3841.88,10.33
2024-07-10,3835.38,10.29
2024-07-11,3874.59,10.31
2024-07-12,3903.27,10.38
2024-07-15,3916.63,10.47
2024-07-16,3932.23,10.46
2024-07-17,3948.18,10.43
2024-07-18,3967.13,10.48
2024-07-19,3993.95,10.49
2024-07-22,3954.54,10.36
2024-07-23,3896.22,10.29
2024-07-24,3886.92,10.3
2024-07-25,3852.39,10.19
2024-07-26,3839.17,10.09
2024-07-29,3828.03,10.12
2024-07-30,3808.22,10.04
2024-07-31,3873.58,10.12
2024-08-01,3849.16,10.09
2024-08-02,3821.92,10.04
2024-08-05,3797.8,9.95
2024-08-06,3772.38,9.87
2024-08-07,3774.16,9.89
2024-08-08,3783.94,9.91
2024-08-09,3781.15,9.93
2024-08-12,3779.39,9.94
2024-08-13,3780.67,9.96
2024-08-14,3761.85,9.93
2024-08-15,3810.5,10.05
2024-08-16,3828.02,10.12
2024-08-19,3847.58,10.22
2024-08-20,3830.62,10.19
2024-08-21,3818.27,10.16
2024-08-22,3821.66,10.2
2024-08-23,3844.88,10.26
2024-08-26,3842.4,10.26
2024-08-27,3839.37,10.33
2024-08-28,3816.06,10.25
2024-08-29,3785.87,10.07
2024-08-30,3814.54,10.06
2024-09-02,3758.1,9.85
2024-09-03,3743.79,9.71
2024-09-04,3712.14,9.61
2024-09-05,3718.11,9.59
2024-09-06,3699.22,9.55
2024-09-09,3649.21,9.43
2024-09-10,3653.67,9.49
2024-09-11,3630.82,9.36
2024-09-12,3612.44,9.33
2024-09-13,3607.55,9.32
2024-09-18,3628.56,9.41
2024-09-19,3648.21,9.41
2024-09-20,3653.86,9.45
2024-09-23,3669.84,9.52
2024-09-24,3848.37,9.97
2024-09-25,3904.29,10.09
2024-09-26,4087.3,10.45
2024-09-27,4206.58,10.56
2024-09-30,4508.15,11.22
2024-10-08,4668.05,11.5
2024-10-09,4385.95,10.83
2024-10-10,4483.31,11.15
2024-10-11,4387.29,10.96
2024-10-14,4457.34,11.16
2024-10-15,4345.93,10.87
2024-10-16,4337.84,10.89
2024-10-17,4272.84,10.74
2024-10-18,4395.55,10.96
2024-10-21,4394.15,10.89
2024-10-22,4413.36,10.92
2024-10-23,4438.82,10.96
2024-10-24,4394.01,10.88
2024-10-25,4398.6,10.84
2024-10-28,4403.46,10.82
2024-10-29,4373.38,10.76
2024-10-30,4319.91,10.62
2024-10-31,4317.26,10.6
2024-11-01,4347.46,10.27
2024-11-04,4387.19,10.31
2024-11-05,4472.28,10.48
2024-11-06,4437.76,10.4
2024-11-07,4587.37,10.71
2024-11-08,4534.38,10.59
2024-11-11,4515.04,10.49
2024-11-12,4447.03,10.34
2024-11-13,4473.39,10.42
2024-11-14,4433.91,10.38
2024-11-15,4380.3,10.31
2024-11-18,4391.48,10.4
2024-11-19,4379.87,10.34
2024-11-20,4388.09,10.36
2024-11-21,4395.62,10.37
2024-11-22,4265.69,10.11
2024-11-25,4233.71,10.07
2024-11-26,4251.23,10.12
2024-11-27,4305.38,10.23
2024-11-28,4279.74,10.18
2024-11-29,4304.06,10.21
2024-12-02,4327.26,10.25
2024-12-03,4349.98,10.33
2024-12-04,4343.19,10.38
2024-12-05,4321.56,10.32
2024-12-06,4370.53,10.43
2024-12-09,4374.08,10.47
2024-12-10,4409.72,10.54
2024-12-11,4388.77,10.48
2024-12-12,4430.94,10.59
2024-12-13,4325.6,10.38
2024-12-16,4331.39,10.55
2024-12-17,4349.08,10.58
2024-12-18,4380.33,10.64
2024-12-19,4364.55,10.57
2024-12-20,4352.39,10.51
2024-12-23,4389.76,10.65
2024-12-24,4440.84,10.78
2024-12-25,4453.79,10.88
2024-12-26,4441.35,10.85
2024-12-27,4439.88,10.84
2024-12-30,4467.9,10.91
2024-12-31,4412.06,10.81
2025-01-02,4289.74,10.52
2025-01-03,4251.6,10.45
2025-01-06,4239.82,10.43
2025-01-07,4265.57,10.45
2025-01-08,4274.36,10.48
2025-01-09,4244.95,10.38
2025-01-10,4213.15,10.29
2025-01-13,4201.81,10.24
2025-01-14,4276.6,10.39
2025-01-15,4264.58,10.37
2025-01-16,4245.84,10.39
2025-01-17,4249.96,10.36
2025-01-20,4260.79,10.34
2025-01-21,4253.91,10.31
2025-01-22,4198.72,10.16
2025-01-23,4226.68,10.28
2025-01-24,4250.29,10.3
2025-01-27,4257.8,10.39
2025-02-05,4222.02,10.25
2025-02-06,4252.48,10.3
2025-02-07,4298.07,10.37
2025-02-10,4319.42,10.4
2025-02-11,4308.34,10.42
2025-02-12,4350.74,10.5
2025-02-13,4352.53,10.52
2025-02-14,4385.03,10.58
2025-02-17,4391.0,10.58
2025-02-18,4368.97,10.58
2025-02-19,4389.56,10.58
2025-02-20,4364.12,10.54
2025-02-21,4420.27,10.58
2025-02-24,4406.89,10.53
2025-02-25,4355.99,10.41
2025-02-26,4394.59,10.47
2025-02-27,4415.06,10.54
2025-02-28,4348.94,10.42
2025-03-03,4331.75,10.39
2025-03-04,4319.71,10.32
2025-03-05,4353.05,10.42
2025-03-06,4423.09,10.51
2025-03-07,4419.9,10.51
2025-03-10,4398.13,10.44
2025-03-11,4420.24,10.49
2025-03-12,4398.48,10.43
2025-03-13,4391.23,10.46
2025-03-14,4516.29,10.67
2025-03-17,4512.04,10.69
2025-03-18,4515.04,10.67
2025-03-19,4526.93,10.72
2025-03-20,4479.51,10.63
2025-03-21,4408.93,10.49
2025-03-24,4438.55,10.57
2025-03-25,4436.19,10.6
2025-03-26,4412.15,10.56
2025-03-27,4434.45,10.61
2025-03-28,4416.15,10.56
2025-03-31,4392.91,10.56
2025-04-01,4388.09,10.53
2025-04-02,4381.35,10.54
2025-04-03,4387.33,10.58
2025-04-07,4147.9,10.05
2025-04-08,4242.48,10.3
2025-04-09,4279.97,10.33
2025-04-10,4305.54,10.36
2025-04-11,4317.0,10.38
2025-04-14,4331.23,10.43
2025-04-15,4341.75,10.5
2025-04-16,4381.14,10.62
2025-04-17,4383.45,10.62
2025-04-18,4382.35,10.63
2025-04-21,4374.39,10.57
2025-04-22,4380.54,10.63
2025-04-23,4367.83,10.59
2025-04-24,4378.61,10.66
2025-04-25,4369.2,10.6
2025-04-28,4373.19,10.63
2025-04-29,4363.77,10.59
2025-04-30,4344.07,10.49
2025-05-06,4368.08,10.39
2025-05-07,4406.0,10.52
2025-05-08,4420.53,10.52
2025-05-09,4427.95,10.57
2025-05-12,4458.66,10.61
2025-05-13,4468.08,10.66
2025-05-14,4543.52,10.81
2025-05-15,4521.27,10.78
2025-05-16,4482.36,10.67
2025-05-19,4463.26,10.62
2025-05-20,4482.3,10.66
2025-05-21,4503.63,10.71
2025-05-22,4512.23,10.73
2025-05-23,4476.77,10.64
2025-05-26,4456.25,10.59
2025-05-27,4432.91,10.56
2025-05-28,4429.24,10.57
2025-05-29,4442.17,10.58
2025-05-30,4422.8,10.55
2025-06-03,4437.0,10.58
2025-06-04,4442.83,10.59
2025-06-05,4445.78,10.59
2025-06-06,4445.86,10.61
2025-06-09,4442.52,10.6
2025-06-10,4425.28,10.58
2025-06-11,4453.28,10.64
2025-06-12,4451.86,10.63
2025-06-13,4429.87,10.58
2025-06-16,4444.07,10.6
2025-06-17,4442.32,10.63
2025-06-18,4436.76,10.64
2025-06-19,4412.92,10.62
2025-06-20,4436.71,10.66
2025-06-23,4455.37,10.72
2025-06-24,4507.05,10.74
2025-06-25,4567.42,10.81
2025-06-26,4561.46,10.78
2025-06-27,4512.39,10.59
2025-06-30,4529.19,10.62
2025-07-01,4538.76,10.66
2025-07-02,4546.84,10.67
2025-07-03,4550.18,10.65
2025-07-04,4576.72,10.74
2025-07-07,4566.87,10.7
2025-07-08,4593.05,10.74
2025-07-09,4580.9,10.75
2025-07-10,4609.83,10.84
2025-07-11,4623.29,10.8
2025-07-14,4628.12,10.82
2025-07-15,4612.29,10.78
2025-07-16,4601.67,10.76
2025-07-17,4612.68,10.73
2025-07-18,4654.48,10.8
2025-07-21,4667.49,10.81
2025-07-22,4701.06,10.86
2025-07-23,4716.25,10.9
2025-07-24,4735.18,10.89
2025-07-25,4708.65,10.82
2025-07-28,4722.62,10.82
2025-07-29,4732.44,10.83
2025-07-30,4750.57,10.9
2025-07-31,4677.51,10.81
2025-08-01,4640.77,10.72
2025-08-04,4666.49,10.78
2025-08-05,4702.44,10.88
2025-08-06,4713.72,10.91
2025-08-07,4715.22,10.95
2025-08-08,4700.39,10.92
2025-08-11,4701.61,10.9
2025-08-12,4730.45,10.99
2025-08-13,4740.51,10.97
2025-08-14,4769.72,11.03
2025-08-15,4775.46,11.0
2025-08-18,4785.57,11.04
2025-08-19,4740.98,11.0
2025-08-20,4799.94,11.12
2025-08-21,4825.54,11.21
2025-08-22,4937.55,11.39
2025-08-25,5042.35,11.55
2025-08-26,5008.48,11.49
2025-08-27,4921.8,11.27
2025-08-28,4993.22,11.35
2025-08-29,5019.78,11.39
2025-09-01,5029.0,11.79
2025-09-02,5048.7,11.92
2025-09-03,4994.91,11.79
2025-09-04,4911.21,11.73
2025-09-05,4964.78,11.76
2025-09-08,4960.84,11.73
2025-09-09,4941.85,11.72
2025-09-10,4960.35,11.75
2025-09-11,5033.73,11.89
2025-09-12,5009.91,11.83
2025-09-15,4999.91,11.8
2025-09-16,4974.95,11.73
2025-09-17,4984.68,11.72
2025-09-18,4917.23,11.52
2025-09-19,4912.03,11.47
2025-09-22,4933.02,11.46
2025-09-23,4928.53,11.51
2025-09-24,4962.28,11.55
2025-09-25,4984.61,11.57
2025-09-26,4965.39,11.55
2025-09-29,5019.46,11.61
2025-09-30,5048.63,11.63
2025-10-09,5102.1,11.74
2025-10-10,5024.83,11.65
2025-10-13,5011.92,11.63
2025-10-14,5001.61,11.7
2025-10-15,5070.61,11.82
2025-10-16,5100.76,11.97
2025-10-17,5014.62,11.83
2025-10-20,5026.6,11.9
2025-10-21,5081.34,12.03
2025-10-22,5086.25,12.11
2025-10-23,5114.66,12.19
2025-10-24,5155.17,12.24
2025-10-27,5195.96,12.35
2025-10-28,5164.53,12.33
2025-10-29,5185.87,12.3
2025-10-30,5158.23,12.25
2025-10-31,5098.87,12.12
2025-11-03,5106.99,12.19
2025-11-04,5101.27,12.25
2025-11-05,5092.8,12.22
2025-11-06,5155.06,12.33
2025-11-07,5144.79,12.29
2025-11-10,5172.84,12.37
2025-11-11,5140.28,12.34
2025-11-12,5156.65,12.44
2025-11-13,5206.39,12.5
2025-11-14,5146.7,12.39
2025-11-17,5102.06,12.29
2025-11-18,5086.72,12.25
2025-11-19,5116.08,12.38
2025-11-20,5096.39,12.37
2025-11-21,5007.56,12.21
2025-11-24,4998.78,12.15
2025-11-25,5028.66,12.22
2025-11-26,5034.76,12.17
2025-11-27,5035.55,12.22
2025-11-28,5031.06,12.17
2025-12-01,5071.82,12.25
2025-12-02,5046.05,12.23
2025-12-03,5019.98,12.15
2025-12-04,5039.06,12.16
2025-12-05,5085.94,12.2
2025-12-08,5115.34,12.24
2025-12-09,5079.08,12.2
2025-12-10,5063.28,12.1
2025-12-11,5044.49,12.09
2025-12-12,5074.33,12.06
2025-12-15,5065.88,12.23
2025-12-16,5011.26,12.12
2025-12-17,5075.52,12.24
2025-12-18,5087.13,11.88
2025-12-19,5105.31,11.86
2025-12-22,5132.3,11.9
2025-12-23,5144.69,11.95
2025-12-24,5140.73,11.92
2025-12-25,5156.1,11.93
2025-12-26,5177.46,11.92
2025-12-29,5159.15,11.95
2025-12-30,5162.41,11.97
2025-12-31,5153.18,11.99
2026-01-05,5269.85,12.11
2026-01-06,5370.18,12.26
2026-01-07,5346.98,12.18
2026-01-08,5307.79,12.12
2026-01-09,5328.63,12.17
2026-01-12,5345.37,12.21
2026-01-13,5327.09,12.22
2026-01-14,5291.62,12.1
2026-01-15,5280.57,12.05
2026-01-16,5243.54,11.91
2026-01-19,5237.02,11.89
2026-01-20,5228.02,11.92
2026-01-21,5222.11,11.83
2026-01-22,5198.19,11.78
2026-01-23,5162.55,11.66
2026-01-26,5192.16,11.79
2026-01-27,5196.94,11.8
2026-01-28,5210.84,11.83
2026-01-29,5296.62,12.0
2026-01-30,5221.0,11.9
2026-02-02,5113.12,11.72
2026-02-03,5166.66,11.71
2026-02-04,5225.67,11.85
2026-02-05,5208.31,11.84
2026-02-06,5177.51,11.79
2026-02-09,5253.95,11.91
2026-02-10,5263.55,11.93
2026-02-11,5265.45,11.95
2026-02-12,5251.99,11.89
2026-02-13,5174.6,11.71
2026-02-24,5186.5,11.75
2026-02-25,5209.69,11.77
2026-02-26,5175.83,11.68
2026-02-27,5183.27,11.69
2026-03-02,5195.27,11.85
2026-03-03,5140.36,11.97
2026-03-04,5072.05,11.83
2026-03-05,5096.33,11.83
2026-03-06,5103.58,11.8
2026-03-09,5052.91,11.78
2026-03-10,5085.05,11.71
2026-03-11,5091.04,11.76
2026-03-12,5067.53,11.75
2026-03-13,5042.44,11.71
2026-03-16,5037.73,11.71
2026-03-17,5053.92,11.78
2026-03-18,5050.25,11.74
2026-03-19,4973.18,11.73
2026-03-20,4917.98,11.6
2026-03-23,4761.88,11.29
2026-03-24,4827.58,11.37
2026-03-25,4876.49,11.44
2026-03-26,4817.04,11.37
2026-03-27,4838.58,11.38
2026-03-30,4831.59,11.42
2026-03-31,4819.51,11.44
2026-04-01,4909.33,11.54
2026-04-02,4866.11,11.56
2026-04-03,4827.14,11.46
2026-04-07,4827.01,11.44
2026-04-08,4957.54,11.56
2026-04-09,4919.5,11.49
2026-04-10,4944.78,11.51
2026-04-13,4944.59,11.54
2026-04-14,4986.73,11.61
2026-04-15,5003.84,11.67
2026-04-16,5013.31,11.68
2026-04-17,4964.04,11.6
2026-04-20,5002.88,11.7
2026-04-21,5000.19,11.7
2026-04-22,4997.63,11.65
2026-04-23,4993.12,11.7
2026-04-24,5022.31,11.75
2026-04-27,5012.09,11.69
2026-04-28,5031.48,11.76
2026-04-29,5060.61,11.78
2026-04-30,5091.31,11.82
2026-05-06,5161.12,11.79
2026-05-07,5165.81,11.74
2026-05-08,5122.31,11.66
2026-05-11,5187.2,11.74
2026-05-12,5190.48,11.75
2026-05-13,5201.89,11.7
2026-05-14,5115.39,11.61
2026-05-15,5048.87,11.51
2026-05-18,5010.21,11.46
2026-05-19,5042.82,11.54
2026-05-20,5042.29,11.46
2026-05-21,4986.26,11.35
2026-05-22,4990.69,11.33
2026-05-25,5067.81,11.41
2026-05-26,5075.81,11.44
2026-05-27,5013.07,11.31
2026-05-28,4978.01,11.24
2026-05-29,4992.04,11.31
