日期,收盘价,到期收益率
2002-01-04,99.9868,nan
2002-01-07,100.0286,nan
2002-01-08,100.1741,nan
2002-01-09,100.1507,nan
2002-01-10,100.303,nan
2002-01-11,100.6259,nan
2002-01-14,100.5436,nan
2002-01-15,100.6747,nan
2002-01-16,100.8134,nan
2002-01-17,100.6165,nan
2002-01-18,100.5702,nan
2002-01-21,100.7105,nan
2002-01-22,100.7189,nan
2002-01-23,100.5197,nan
2002-01-24,100.9171,nan
2002-01-25,100.879,nan
2002-01-28,100.9574,nan
2002-01-29,100.971,nan
2002-01-30,101.0661,nan
2002-01-31,101.0663,nan
2002-02-01,101.1157,nan
2002-02-04,101.2056,nan
2002-02-05,101.2172,nan
2002-02-06,101.2216,nan
2002-02-07,101.152,nan
2002-02-08,101.2241,nan
2002-02-09,101.2254,nan
2002-02-10,101.2048,nan
2002-02-11,101.0848,nan
2002-02-19,101.2456,nan
2002-02-20,101.2766,nan
2002-02-21,101.4669,nan
2002-02-22,101.1753,nan
2002-02-25,101.5355,nan
2002-02-26,101.5621,nan
2002-02-27,101.517,nan
2002-02-28,101.5392,nan
2002-03-01,101.4994,nan
2002-03-04,101.5771,nan
2002-03-05,101.5203,nan
2002-03-06,101.717,nan
2002-03-07,101.7808,nan
2002-03-08,101.9021,nan
2002-03-11,101.8431,nan
2002-03-12,102.026,nan
2002-03-13,102.0692,nan
2002-03-14,101.9784,nan
2002-03-15,101.8668,nan
2002-03-18,101.9519,nan
2002-03-19,101.9982,nan
2002-03-20,101.9183,nan
2002-03-21,102.2063,nan
2002-03-22,102.3617,nan
2002-03-25,102.2827,nan
2002-03-26,102.384,nan
2002-03-27,102.4388,nan
2002-03-28,102.2687,nan
2002-03-29,102.4313,nan
2002-04-01,102.1149,nan
2002-04-02,102.8188,nan
2002-04-03,102.5537,nan
2002-04-04,102.6256,nan
2002-04-05,102.6391,nan
2002-04-08,102.7246,nan
2002-04-09,102.5285,nan
2002-04-10,102.5728,nan
2002-04-11,102.6358,nan
2002-04-12,102.7601,nan
2002-04-15,102.886,nan
2002-04-16,102.9493,nan
2002-04-17,102.9462,nan
2002-04-18,102.8851,nan
2002-04-19,102.8331,nan
2002-04-22,102.8912,nan
2002-04-23,102.4271,nan
2002-04-24,102.9728,nan
2002-04-25,102.2399,nan
2002-04-26,103.1441,nan
2002-04-27,103.2493,nan
2002-04-28,102.9395,nan
2002-04-29,103.2376,nan
2002-04-30,103.1656,nan
2002-05-08,103.246,nan
2002-05-09,103.2296,nan
2002-05-10,103.2724,nan
2002-05-13,103.2634,nan
2002-05-14,103.4003,nan
2002-05-15,103.3892,nan
2002-05-16,103.3671,nan
2002-05-17,103.4119,nan
2002-05-20,103.4448,nan
2002-05-21,103.4962,nan
2002-05-22,102.8341,nan
2002-05-23,103.4505,nan
2002-05-24,103.5249,nan
2002-05-27,102.8038,nan
2002-05-28,103.5771,nan
2002-05-29,103.6878,nan
2002-05-30,103.7328,nan
2002-05-31,103.7586,nan
2002-06-03,103.83,nan
2002-06-04,103.9268,nan
2002-06-05,103.8914,nan
2002-06-06,103.9457,nan
2002-06-07,103.5473,nan
2002-06-10,103.8672,nan
2002-06-11,103.8517,nan
2002-06-12,103.8802,nan
2002-06-13,103.9049,nan
2002-06-14,103.9142,nan
2002-06-17,103.8822,nan
2002-06-18,103.9006,nan
2002-06-19,103.9598,nan
2002-06-20,103.6898,nan
2002-06-21,103.8817,nan
2002-06-24,103.942,nan
2002-06-25,103.8131,nan
2002-06-26,103.7807,nan
2002-06-27,103.7379,nan
2002-06-28,103.8412,nan
2002-07-01,103.8398,nan
2002-07-02,103.7267,nan
2002-07-03,103.6087,nan
2002-07-04,103.8624,nan
2002-07-05,103.8445,nan
2002-07-08,103.8599,nan
2002-07-09,103.7208,nan
2002-07-10,103.5949,nan
2002-07-11,103.7096,nan
2002-07-12,103.555,nan
2002-07-15,103.1883,nan
2002-07-16,103.5809,nan
2002-07-17,103.5847,nan
2002-07-18,103.5859,nan
2002-07-19,103.2238,nan
2002-07-22,103.3621,nan
2002-07-23,103.5386,nan
2002-07-24,103.4232,nan
2002-07-25,103.4813,nan
2002-07-26,103.4871,nan
2002-07-29,103.8216,nan
2002-07-30,103.4046,nan
2002-07-31,103.3699,nan
2002-08-01,103.4457,nan
2002-08-02,103.3959,nan
2002-08-05,103.5849,nan
2002-08-06,103.461,nan
2002-08-07,103.4912,nan
2002-08-08,103.4544,nan
2002-08-09,103.4549,nan
2002-08-12,103.6407,nan
2002-08-13,104.0316,nan
2002-08-14,103.5251,nan
2002-08-15,103.3888,nan
2002-08-16,103.4784,nan
2002-08-19,103.2258,nan
2002-08-20,103.4215,nan
2002-08-21,103.4224,nan
2002-08-22,103.4662,nan
2002-08-23,103.0746,nan
2002-08-26,102.9554,nan
2002-08-27,102.963,nan
2002-08-28,103.1795,nan
2002-08-29,103.1978,nan
2002-08-30,103.3059,nan
2002-09-02,103.3287,nan
2002-09-03,103.3377,nan
2002-09-04,103.3624,nan
2002-09-05,103.1136,nan
2002-09-06,102.952,nan
2002-09-09,103.1881,nan
2002-09-10,103.2695,nan
2002-09-11,102.9812,nan
2002-09-12,102.7751,nan
2002-09-13,102.7634,nan
2002-09-16,102.807,nan
2002-09-17,102.751,nan
2002-09-18,102.3521,nan
2002-09-19,102.8226,nan
2002-09-20,102.702,nan
2002-09-23,102.5621,nan
2002-09-24,102.7433,nan
2002-09-25,102.1696,nan
2002-09-26,102.8692,nan
2002-09-27,102.6074,nan
2002-09-28,102.5768,nan
2002-09-29,102.5409,nan
2002-09-30,103.3417,nan
2002-10-08,102.7203,nan
2002-10-09,102.7329,nan
2002-10-10,102.8838,nan
2002-10-11,102.7178,nan
2002-10-14,102.8015,nan
2002-10-15,102.8972,nan
2002-10-16,102.8712,nan
2002-10-17,103.062,nan
2002-10-18,102.9094,nan
2002-10-21,103.0123,nan
2002-10-22,103.0766,nan
2002-10-23,102.8691,nan
2002-10-24,102.8572,nan
2002-10-25,102.7406,nan
2002-10-28,102.8324,nan
2002-10-29,102.4706,nan
2002-10-30,102.6141,nan
2002-10-31,102.5774,nan
2002-11-01,102.4555,nan
2002-11-04,102.6009,nan
2002-11-05,102.5777,nan
2002-11-06,102.6277,nan
2002-11-07,102.6323,nan
2002-11-08,102.6505,nan
2002-11-11,102.6853,nan
2002-11-12,102.7117,nan
2002-11-13,102.7021,nan
2002-11-14,102.6751,nan
2002-11-15,102.8919,nan
2002-11-18,102.7909,nan
2002-11-19,102.8665,nan
2002-11-20,102.7311,nan
2002-11-21,102.7276,nan
2002-11-22,102.8688,nan
2002-11-25,102.9196,nan
2002-11-26,102.8272,nan
2002-11-27,102.878,nan
2002-11-28,102.8964,nan
2002-11-29,102.8069,nan
2002-12-02,102.8626,nan
2002-12-03,102.8637,nan
2002-12-04,102.9001,nan
2002-12-05,102.9568,nan
2002-12-06,102.9794,nan
2002-12-09,103.0656,nan
2002-12-10,103.0755,nan
2002-12-11,103.0318,nan
2002-12-12,103.0465,nan
2002-12-13,103.0108,nan
2002-12-16,102.9295,nan
2002-12-17,102.9907,nan
2002-12-18,103.5458,nan
2002-12-19,103.0702,nan
2002-12-20,103.1386,nan
2002-12-23,103.1233,nan
2002-12-24,103.2669,nan
2002-12-25,103.4342,nan
2002-12-26,103.2808,nan
2002-12-27,102.8711,nan
2002-12-30,102.7209,nan
2002-12-31,103.5457,nan
2003-01-02,103.69,nan
2003-01-03,103.4349,nan
2003-01-06,103.6799,nan
2003-01-07,103.4625,nan
2003-01-08,103.4892,nan
2003-01-09,103.169,nan
2003-01-10,103.6485,nan
2003-01-13,103.7241,nan
2003-01-14,103.5578,nan
2003-01-15,103.5933,nan
2003-01-16,103.5415,nan
2003-01-17,103.7044,nan
2003-01-20,103.6654,nan
2003-01-21,103.6568,nan
2003-01-22,103.711,nan
2003-01-23,103.7506,nan
2003-01-24,103.7774,nan
2003-01-27,104.1288,nan
2003-01-28,103.794,nan
2003-01-29,104.1993,nan
2003-01-30,103.957,nan
2003-01-31,103.5617,nan
2003-02-08,104.0285,nan
2003-02-09,104.315,nan
2003-02-10,104.1379,nan
2003-02-11,103.8722,nan
2003-02-12,103.9494,nan
2003-02-13,103.9444,nan
2003-02-14,103.9402,nan
2003-02-17,104.1425,nan
2003-02-18,103.8596,nan
2003-02-19,104.0956,nan
2003-02-20,103.8864,nan
2003-02-21,104.1965,nan
2003-02-24,104.2136,nan
2003-02-25,104.0997,nan
2003-02-26,104.0747,nan
2003-02-27,104.0472,nan
2003-02-28,104.1139,nan
2003-03-03,104.1733,nan
2003-03-04,104.2057,nan
2003-03-05,104.2368,nan
2003-03-06,104.2655,nan
2003-03-07,104.3304,nan
2003-03-10,104.4097,nan
2003-03-11,104.2681,nan
2003-03-12,104.4694,nan
2003-03-13,104.4324,nan
2003-03-14,104.3271,nan
2003-03-17,104.6378,nan
2003-03-18,104.4143,nan
2003-03-19,104.5836,nan
2003-03-20,104.353,nan
2003-03-21,104.4826,nan
2003-03-24,104.7108,nan
2003-03-25,104.6369,nan
2003-03-26,104.2956,nan
2003-03-27,104.0047,nan
2003-03-28,104.5826,nan
2003-03-31,104.5146,nan
2003-04-01,104.691,nan
2003-04-02,104.6997,nan
2003-04-03,104.4893,nan
2003-04-04,104.3745,nan
2003-04-07,104.6486,nan
2003-04-08,104.8792,nan
2003-04-09,104.6023,nan
2003-04-10,104.7982,nan
2003-04-11,103.8753,nan
2003-04-14,104.6613,nan
2003-04-15,104.9144,nan
2003-04-16,104.8029,nan
2003-04-17,104.5636,nan
2003-04-18,104.652,nan
2003-04-21,104.8051,nan
2003-04-22,104.7477,nan
2003-04-23,104.7761,nan
2003-04-24,104.7962,nan
2003-04-25,104.8864,nan
2003-04-28,104.7515,nan
2003-04-29,104.8468,nan
2003-04-30,104.958,nan
2003-05-06,105.2355,nan
2003-05-07,105.0679,nan
2003-05-08,105.0614,nan
2003-05-09,104.6601,nan
2003-05-12,105.0508,nan
2003-05-13,105.1103,nan
2003-05-14,104.9936,nan
2003-05-15,105.084,nan
2003-05-16,104.7909,nan
2003-05-19,105.1862,nan
2003-05-20,105.0238,nan
2003-05-21,105.2085,nan
2003-05-22,105.122,nan
2003-05-23,104.9971,nan
2003-05-26,105.2249,nan
2003-05-27,105.0417,nan
2003-05-28,105.281,nan
2003-05-29,105.1877,nan
2003-05-30,105.1031,nan
2003-06-02,104.9932,nan
2003-06-03,105.1362,nan
2003-06-04,105.1777,nan
2003-06-05,105.0936,nan
2003-06-06,105.0787,nan
2003-06-09,105.2204,nan
2003-06-10,105.0266,nan
2003-06-11,105.2078,nan
2003-06-12,105.0664,nan
2003-06-13,104.9257,nan
2003-06-16,105.1218,nan
2003-06-17,104.8632,nan
2003-06-18,105.0624,nan
2003-06-19,104.946,nan
2003-06-20,104.8913,nan
2003-06-23,105.0928,nan
2003-06-24,104.879,nan
2003-06-25,104.2067,nan
2003-06-26,104.7371,nan
2003-06-27,104.7776,nan
2003-06-30,105.0825,nan
2003-07-01,104.9654,nan
2003-07-02,104.9118,nan
2003-07-03,104.8441,nan
2003-07-04,104.8819,nan
2003-07-07,105.1544,nan
2003-07-08,105.019,nan
2003-07-09,105.0709,nan
2003-07-10,105.0412,nan
2003-07-11,105.1031,nan
2003-07-14,105.2391,nan
2003-07-15,105.0936,nan
2003-07-16,105.3215,nan
2003-07-17,105.1225,nan
2003-07-18,105.0927,nan
2003-07-21,105.2878,nan
2003-07-22,105.1104,nan
2003-07-23,105.336,nan
2003-07-24,105.1627,nan
2003-07-25,105.1894,nan
2003-07-28,105.4166,nan
2003-07-29,105.2134,nan
2003-07-30,105.2177,nan
2003-07-31,105.2062,nan
2003-08-01,105.2852,nan
2003-08-04,105.5126,nan
2003-08-05,105.2905,nan
2003-08-06,105.4437,nan
2003-08-07,105.2089,nan
2003-08-08,105.2752,nan
2003-08-11,105.3711,nan
2003-08-12,105.2458,nan
2003-08-13,105.4411,nan
2003-08-14,105.2827,nan
2003-08-15,105.2994,nan
2003-08-18,105.4819,nan
2003-08-19,105.3159,nan
2003-08-20,105.4567,nan
2003-08-21,105.2331,nan
2003-08-22,105.3472,nan
2003-08-25,105.3563,nan
2003-08-26,105.1653,nan
2003-08-27,105.3089,nan
2003-08-28,105.1091,nan
2003-08-29,105.2191,nan
2003-09-01,105.2522,nan
2003-09-02,105.3475,nan
2003-09-03,105.4023,nan
2003-09-04,105.1443,nan
2003-09-05,105.1426,nan
2003-09-08,105.1783,nan
2003-09-09,105.2851,nan
2003-09-10,105.3091,nan
2003-09-11,104.9536,nan
2003-09-12,104.8345,nan
2003-09-15,105.6724,nan
2003-09-16,105.2354,nan
2003-09-17,104.8703,nan
2003-09-18,104.753,nan
2003-09-19,104.8612,nan
2003-09-22,104.9921,nan
2003-09-23,105.0679,nan
2003-09-24,104.0293,nan
2003-09-25,104.0607,nan
2003-09-26,104.0193,nan
2003-09-27,103.512,nan
2003-09-28,104.3548,nan
2003-09-29,104.2228,nan
2003-09-30,104.7519,nan
2003-10-08,104.601,nan
2003-10-09,104.9138,nan
2003-10-10,104.0501,nan
2003-10-13,103.1965,nan
2003-10-14,103.8731,nan
2003-10-15,104.5132,nan
2003-10-16,103.8457,nan
2003-10-17,103.3778,nan
2003-10-20,103.2435,nan
2003-10-21,104.0284,nan
2003-10-22,104.1874,nan
2003-10-23,103.7191,nan
2003-10-24,104.1596,nan
2003-10-27,103.9087,nan
2003-10-28,103.4034,nan
2003-10-29,103.5836,nan
2003-10-30,103.586,nan
2003-10-31,103.7409,nan
2003-11-03,103.8091,nan
2003-11-04,103.8016,nan
2003-11-05,104.8136,nan
2003-11-06,104.1132,nan
2003-11-07,104.1886,nan
2003-11-10,104.2567,nan
2003-11-11,104.3851,nan
2003-11-12,105.0372,nan
2003-11-13,104.2584,nan
2003-11-14,104.5441,nan
2003-11-17,104.1685,nan
2003-11-18,104.4578,nan
2003-11-19,104.6573,nan
2003-11-20,104.578,nan
2003-11-21,104.1677,nan
2003-11-24,104.8875,nan
2003-11-25,104.4368,nan
2003-11-26,105.0467,nan
2003-11-27,104.4021,nan
2003-11-28,104.4987,nan
2003-12-01,104.5119,nan
2003-12-02,104.6263,nan
2003-12-03,104.83,nan
2003-12-04,104.2597,nan
2003-12-05,104.7824,nan
2003-12-08,104.3148,nan
2003-12-09,104.4933,nan
2003-12-10,104.6801,nan
2003-12-11,104.5713,nan
2003-12-12,104.7353,nan
2003-12-15,104.687,nan
2003-12-16,104.8852,nan
2003-12-17,105.0919,nan
2003-12-18,105.214,nan
2003-12-19,105.2135,nan
2003-12-22,105.2963,nan
2003-12-23,105.1725,nan
2003-12-24,105.0679,nan
2003-12-25,105.421,nan
2003-12-26,105.2072,nan
2003-12-29,105.7335,nan
2003-12-30,105.2728,nan
2003-12-31,105.5817,nan
2004-01-02,105.6022,nan
2004-01-05,105.2997,nan
2004-01-06,105.0855,nan
2004-01-07,105.6152,nan
2004-01-08,105.226,nan
2004-01-09,105.1671,nan
2004-01-12,105.3012,nan
2004-01-13,105.5227,nan
2004-01-14,105.422,nan
2004-01-15,105.4291,nan
2004-01-16,105.3917,nan
2004-01-17,105.3936,nan
2004-01-18,105.5853,nan
2004-01-19,105.6041,nan
2004-01-20,105.6954,nan
2004-01-21,105.5795,nan
2004-01-29,105.4929,nan
2004-01-30,105.4756,nan
2004-02-02,105.3829,nan
2004-02-03,105.3185,nan
2004-02-04,105.1373,nan
2004-02-05,105.1729,nan
2004-02-06,105.2965,nan
2004-02-09,105.2845,nan
2004-02-10,105.3233,nan
2004-02-11,105.2424,nan
2004-02-12,105.2157,nan
2004-02-13,105.5674,nan
2004-02-16,105.3223,nan
2004-02-17,105.4273,nan
2004-02-18,105.312,nan
2004-02-19,105.3306,nan
2004-02-20,105.2313,nan
2004-02-23,105.1917,nan
2004-02-24,105.3086,nan
2004-02-25,105.2266,nan
2004-02-26,105.1733,nan
2004-02-27,105.0167,nan
2004-03-01,105.1,nan
2004-03-02,105.0145,nan
2004-03-03,104.9835,nan
2004-03-04,105.3839,nan
2004-03-05,105.3508,nan
2004-03-08,105.169,nan
2004-03-09,105.2736,nan
2004-03-10,105.3324,nan
2004-03-11,105.0859,nan
2004-03-12,105.0702,nan
2004-03-15,105.4114,nan
2004-03-16,105.7095,nan
2004-03-17,105.3434,nan
2004-03-18,105.173,nan
2004-03-19,104.8475,nan
2004-03-22,104.9029,nan
2004-03-23,105.0732,nan
2004-03-24,104.4957,nan
2004-03-25,104.7865,nan
2004-03-26,104.6417,nan
2004-03-29,104.9181,nan
2004-03-30,105.2839,nan
2004-03-31,105.1266,nan
2004-04-01,104.9052,nan
2004-04-02,105.0006,nan
2004-04-05,105.0666,nan
2004-04-06,105.0847,nan
2004-04-07,104.4346,nan
2004-04-08,104.4956,nan
2004-04-09,104.3771,nan
2004-04-12,103.9475,nan
2004-04-13,104.5714,nan
2004-04-14,104.0788,nan
2004-04-15,103.5265,nan
2004-04-16,103.366,nan
2004-04-19,103.3575,nan
2004-04-20,103.8564,nan
2004-04-21,103.5675,nan
2004-04-22,103.5784,nan
2004-04-23,103.3886,nan
2004-04-26,103.3568,nan
2004-04-27,103.8541,nan
2004-04-28,103.7905,nan
2004-04-29,103.1326,nan
2004-04-30,103.5361,nan
2004-05-08,104.013,nan
2004-05-09,104.2544,nan
2004-05-10,103.6261,nan
2004-05-11,103.7522,nan
2004-05-12,103.8541,nan
2004-05-13,103.7868,nan
2004-05-14,103.2936,nan
2004-05-17,104.0669,nan
2004-05-18,104.1404,nan
2004-05-19,104.3138,nan
2004-05-20,104.5467,nan
2004-05-21,103.5918,nan
2004-05-24,103.8537,nan
2004-05-25,104.1547,nan
2004-05-26,104.1685,nan
2004-05-27,103.872,nan
2004-05-28,104.0115,nan
2004-05-31,103.9084,nan
2004-06-01,104.2544,nan
2004-06-02,104.258,nan
2004-06-03,103.8916,nan
2004-06-04,104.0231,nan
2004-06-07,104.1741,nan
2004-06-08,105.9261,nan
2004-06-09,105.1247,nan
2004-06-10,103.9922,nan
2004-06-11,105.1574,nan
2004-06-14,102.7988,nan
2004-06-15,104.1342,nan
2004-06-16,104.3997,nan
2004-06-17,104.1532,nan
2004-06-18,104.4991,nan
2004-06-21,104.2876,nan
2004-06-22,104.2421,nan
2004-06-23,104.711,nan
2004-06-24,104.747,nan
2004-06-25,104.7072,nan
2004-06-28,104.5227,nan
2004-06-29,104.7457,nan
2004-06-30,104.469,nan
2004-07-01,104.5518,nan
2004-07-02,104.2278,nan
2004-07-05,104.2827,nan
2004-07-06,104.8798,nan
2004-07-07,104.6833,nan
2004-07-08,104.6289,nan
2004-07-09,104.1877,nan
2004-07-12,104.0498,nan
2004-07-13,104.5708,nan
2004-07-14,105.3272,nan
2004-07-15,103.941,nan
2004-07-16,104.1836,nan
2004-07-19,104.3063,nan
2004-07-20,104.0512,nan
2004-07-21,104.1776,nan
2004-07-22,104.1886,nan
2004-07-23,104.1719,nan
2004-07-26,104.2966,nan
2004-07-27,104.2379,nan
2004-07-28,104.4809,nan
2004-07-29,104.4481,nan
2004-07-30,104.5001,nan
2004-08-02,104.416,nan
2004-08-03,104.4523,nan
2004-08-04,104.5663,nan
2004-08-05,104.5141,nan
2004-08-06,104.5633,nan
2004-08-09,104.3605,nan
2004-08-10,104.3748,nan
2004-08-11,104.3477,nan
2004-08-12,104.094,nan
2004-08-13,104.3565,nan
2004-08-16,104.1028,nan
2004-08-17,104.0988,nan
2004-08-18,104.467,nan
2004-08-19,103.8577,nan
2004-08-20,103.7621,nan
2004-08-23,103.9867,nan
2004-08-24,103.8069,nan
2004-08-25,103.6141,nan
2004-08-26,103.9423,nan
2004-08-27,103.5851,nan
2004-08-30,103.6648,nan
2004-08-31,104.8405,nan
2004-09-01,103.6774,nan
2004-09-02,103.8231,nan
2004-09-03,103.6557,nan
2004-09-06,103.7456,nan
2004-09-07,103.7305,nan
2004-09-08,103.6029,nan
2004-09-09,103.7431,nan
2004-09-10,104.2188,nan
2004-09-13,103.974,nan
2004-09-14,103.1551,nan
2004-09-15,103.5365,nan
2004-09-16,104.0973,nan
2004-09-17,103.69,nan
2004-09-20,103.5353,nan
2004-09-21,103.5479,nan
2004-09-22,104.4343,nan
2004-09-23,103.9499,nan
2004-09-24,104.3044,nan
2004-09-27,104.3235,nan
2004-09-28,104.1892,nan
2004-09-29,104.1574,nan
2004-09-30,104.6551,nan
2004-10-08,105.0759,nan
2004-10-09,103.3763,nan
2004-10-10,103.0786,nan
2004-10-11,103.8306,nan
2004-10-12,103.0606,nan
2004-10-13,103.3712,nan
2004-10-14,103.6075,nan
2004-10-15,103.5748,nan
2004-10-18,103.9025,nan
2004-10-19,103.609,nan
2004-10-20,103.7793,nan
2004-10-21,103.8006,nan
2004-10-22,103.9483,nan
2004-10-25,103.6962,nan
2004-10-26,103.2655,nan
2004-10-27,103.7215,nan
2004-10-28,103.7677,nan
2004-10-29,103.485,nan
2004-11-01,103.4997,nan
2004-11-02,103.4184,nan
2004-11-03,103.2721,nan
2004-11-04,103.2153,nan
2004-11-05,103.1843,nan
2004-11-08,102.8761,nan
2004-11-09,103.708,nan
2004-11-10,103.0744,nan
2004-11-11,103.1966,nan
2004-11-12,103.3605,nan
2004-11-15,103.1769,nan
2004-11-16,103.5303,nan
2004-11-17,103.3599,nan
2004-11-18,103.2141,nan
2004-11-19,103.602,nan
2004-11-22,103.1878,nan
2004-11-23,103.2527,nan
2004-11-24,103.7743,nan
2004-11-25,103.1754,nan
2004-11-26,103.1826,nan
2004-11-29,104.7322,nan
2004-11-30,103.2821,nan
2004-12-01,103.4148,nan
2004-12-02,103.6062,nan
2004-12-03,103.605,nan
2004-12-06,103.8624,nan
2004-12-07,104.0959,nan
2004-12-08,103.4457,nan
2004-12-09,103.6476,nan
2004-12-10,104.3765,nan
2004-12-13,103.6173,nan
2004-12-14,103.5105,nan
2004-12-15,104.3533,nan
2004-12-16,104.6591,nan
2004-12-17,104.3542,nan
2004-12-20,104.1381,nan
2004-12-21,103.5536,nan
2004-12-22,103.3713,nan
2004-12-23,103.9694,nan
2004-12-24,103.9817,nan
2004-12-27,104.1784,nan
2004-12-28,103.5803,nan
2004-12-29,104.6425,nan
2004-12-30,104.2823,nan
2004-12-31,104.962,nan
2005-01-04,104.6127,nan
2005-01-05,105.3801,nan
2005-01-06,103.9313,nan
2005-01-07,103.6937,nan
2005-01-10,104.0194,nan
2005-01-11,103.8653,nan
2005-01-12,103.8918,nan
2005-01-13,103.4937,nan
2005-01-14,103.917,nan
2005-01-17,104.6043,nan
2005-01-18,103.8733,nan
2005-01-19,104.2837,nan
2005-01-20,104.2182,nan
2005-01-21,104.7663,nan
2005-01-24,104.4283,nan
2005-01-25,104.2464,nan
2005-01-26,104.1309,nan
2005-01-27,104.1822,nan
2005-01-28,104.5184,nan
2005-01-31,104.3636,nan
2005-02-01,104.5982,nan
2005-02-02,104.7035,nan
2005-02-03,104.4956,nan
2005-02-04,104.5921,nan
2005-02-05,105.0845,nan
2005-02-06,105.0649,nan
2005-02-07,105.7813,nan
2005-02-08,105.9832,nan
2005-02-16,105.7799,nan
2005-02-17,105.4605,nan
2005-02-18,105.6437,nan
2005-02-21,104.9977,nan
2005-02-22,105.1238,nan
2005-02-23,105.342,nan
2005-02-24,105.1279,nan
2005-02-25,105.5162,nan
2005-02-28,106.8819,nan
2005-03-01,105.865,nan
2005-03-02,105.4938,nan
2005-03-03,105.2334,nan
2005-03-04,105.2682,nan
2005-03-07,105.5229,nan
2005-03-08,105.5424,nan
2005-03-09,105.4104,nan
2005-03-10,105.9442,nan
2005-03-11,105.8392,nan
2005-03-14,106.0435,nan
2005-03-15,106.1271,nan
2005-03-16,105.8715,nan
2005-03-17,106.8027,nan
2005-03-18,107.1922,nan
2005-03-21,107.2486,nan
2005-03-22,107.1536,nan
2005-03-23,106.8094,nan
2005-03-24,106.9091,nan
2005-03-25,107.2937,nan
2005-03-28,106.964,nan
2005-03-29,107.0408,nan
2005-03-30,106.9439,nan
2005-03-31,107.1102,nan
2005-04-01,106.7644,nan
2005-04-04,107.5089,nan
2005-04-05,107.5645,nan
2005-04-06,107.1284,nan
2005-04-07,107.8411,nan
2005-04-08,108.0062,nan
2005-04-11,107.9667,nan
2005-04-12,107.9578,nan
2005-04-13,107.739,nan
2005-04-14,108.7436,nan
2005-04-15,108.4455,nan
2005-04-18,108.4193,nan
2005-04-19,108.5581,nan
2005-04-20,108.4992,nan
2005-04-21,108.6496,nan
2005-04-22,108.3003,nan
2005-04-25,108.7289,nan
2005-04-26,108.5864,nan
2005-04-27,108.3323,nan
2005-04-28,108.4568,nan
2005-04-29,108.0294,nan
2005-04-30,108.6421,nan
2005-05-08,108.6729,nan
2005-05-09,108.5638,nan
2005-05-10,109.0928,nan
2005-05-11,109.0243,nan
2005-05-12,108.9224,nan
2005-05-13,109.0498,nan
2005-05-16,109.2519,nan
2005-05-17,108.9394,nan
2005-05-18,109.3885,nan
2005-05-19,109.3765,nan
2005-05-20,109.5014,nan
2005-05-23,109.8421,nan
2005-05-24,109.7285,nan
2005-05-25,109.9312,nan
2005-05-26,109.8289,nan
2005-05-27,109.8004,nan
2005-05-30,109.618,nan
2005-05-31,109.4809,nan
2005-06-01,109.7177,nan
2005-06-02,109.8208,nan
2005-06-03,109.8398,nan
2005-06-06,109.8647,nan
2005-06-07,110.0832,nan
2005-06-08,110.1134,nan
2005-06-09,110.2294,nan
2005-06-10,110.2571,nan
2005-06-13,110.8668,nan
2005-06-14,110.6675,nan
2005-06-15,110.8619,nan
2005-06-16,110.9177,nan
2005-06-17,111.0031,nan
2005-06-20,110.9612,nan
2005-06-21,111.0142,nan
2005-06-22,111.1144,nan
2005-06-23,111.168,nan
2005-06-24,111.1098,nan
2005-06-27,110.9277,nan
2005-06-28,110.8028,nan
2005-06-29,111.0544,nan
2005-06-30,110.9728,nan
2005-07-01,111.0929,nan
2005-07-04,111.3481,nan
2005-07-05,111.1611,nan
2005-07-06,111.6086,nan
2005-07-07,111.6014,nan
2005-07-08,111.6768,nan
2005-07-11,111.685,nan
2005-07-12,111.759,nan
2005-07-13,111.9317,nan
2005-07-14,112.0424,nan
2005-07-15,112.0755,nan
2005-07-18,112.0395,nan
2005-07-19,111.9616,nan
2005-07-20,112.0168,nan
2005-07-21,112.0116,nan
2005-07-22,111.9718,nan
2005-07-25,112.1085,nan
2005-07-26,112.165,nan
2005-07-27,112.2301,nan
2005-07-28,112.2397,nan
2005-07-29,112.2865,nan
2005-08-01,112.3207,nan
2005-08-02,112.3872,nan
2005-08-03,112.4848,nan
2005-08-04,112.523,nan
2005-08-05,112.4658,nan
2005-08-08,112.3829,nan
2005-08-09,112.4461,nan
2005-08-10,112.4596,nan
2005-08-11,112.3469,nan
2005-08-12,112.4087,nan
2005-08-15,112.4844,nan
2005-08-16,112.7126,nan
2005-08-17,112.4797,nan
2005-08-18,112.6419,nan
2005-08-19,112.6664,nan
2005-08-22,112.644,nan
2005-08-23,112.6787,nan
2005-08-24,112.5673,nan
2005-08-25,112.6572,nan
2005-08-26,112.817,nan
2005-08-29,112.8906,nan
2005-08-30,112.7275,nan
2005-08-31,112.6939,nan
2005-09-01,112.7527,nan
2005-09-02,112.838,nan
2005-09-05,112.7438,nan
2005-09-06,113.4682,nan
2005-09-07,112.9289,nan
2005-09-08,112.837,nan
2005-09-09,112.7443,nan
2005-09-12,113.077,nan
2005-09-13,113.0559,nan
2005-09-14,112.9811,nan
2005-09-15,113.0092,nan
2005-09-16,113.3893,nan
2005-09-19,113.4152,nan
2005-09-20,113.3545,nan
2005-09-21,113.3078,nan
2005-09-22,113.4806,nan
2005-09-23,113.7008,nan
2005-09-26,113.7942,nan
2005-09-27,113.3942,nan
2005-09-28,113.8268,nan
2005-09-29,113.8613,nan
2005-09-30,113.8008,nan
2005-10-08,114.0969,nan
2005-10-09,114.0446,nan
2005-10-10,114.073,nan
2005-10-11,114.2838,nan
2005-10-12,114.1278,nan
2005-10-13,114.1677,nan
2005-10-14,114.3136,nan
2005-10-17,114.5128,nan
2005-10-18,114.4229,nan
2005-10-19,114.6553,nan
2005-10-20,114.6686,nan
2005-10-21,114.7191,nan
2005-10-24,114.7848,nan
2005-10-25,114.1108,nan
2005-10-26,114.4994,nan
2005-10-27,114.4995,nan
2005-10-28,114.2143,nan
2005-10-31,113.8838,nan
2005-11-01,114.1771,nan
2005-11-02,114.1002,nan
2005-11-03,114.0294,nan
2005-11-04,113.7423,nan
2005-11-07,113.9989,nan
2005-11-08,113.492,nan
2005-11-09,113.1781,nan
2005-11-10,113.1499,nan
2005-11-11,112.8388,nan
2005-11-14,113.3182,nan
2005-11-15,113.4232,nan
2005-11-16,113.1593,nan
2005-11-17,113.3181,nan
2005-11-18,112.9084,nan
2005-11-21,112.8208,nan
2005-11-22,112.9561,nan
2005-11-23,112.7549,nan
2005-11-24,113.2489,nan
2005-11-25,112.8796,nan
2005-11-28,112.7736,nan
2005-11-29,112.8618,nan
2005-11-30,113.0233,nan
2005-12-01,112.8614,nan
2005-12-02,113.1186,nan
2005-12-05,112.3107,nan
2005-12-06,113.4963,nan
2005-12-07,113.6686,nan
2005-12-08,113.6348,nan
2005-12-09,113.4297,nan
2005-12-12,113.5414,nan
2005-12-13,114.1018,nan
2005-12-14,114.032,nan
2005-12-15,114.1459,nan
2005-12-16,113.965,nan
2005-12-19,113.9337,nan
2005-12-20,114.3422,nan
2005-12-21,114.4165,nan
2005-12-22,114.1929,nan
2005-12-23,114.6351,nan
2005-12-26,114.5858,nan
2005-12-27,114.8989,nan
2005-12-28,114.5545,nan
2005-12-29,113.9688,nan
2005-12-30,113.5856,nan
2005-12-31,114.2912,nan
2006-01-04,114.5235,nan
2006-01-05,114.6402,nan
2006-01-06,114.5103,nan
2006-01-09,114.9068,nan
2006-01-10,115.3679,nan
2006-01-11,115.3568,nan
2006-01-12,115.2557,nan
2006-01-13,115.1497,nan
2006-01-16,115.1992,nan
2006-01-17,115.168,nan
2006-01-18,115.1459,nan
2006-01-19,115.0437,nan
2006-01-20,114.7098,nan
2006-01-23,115.231,nan
2006-01-24,115.0797,nan
2006-01-25,115.2364,nan
2006-01-26,115.2622,nan
2006-01-27,115.2936,nan
2006-01-28,115.3069,nan
2006-02-05,115.2973,nan
2006-02-06,115.8645,nan
2006-02-07,115.1012,nan
2006-02-08,115.1206,nan
2006-02-09,115.2385,nan
2006-02-10,115.4539,nan
2006-02-13,115.4678,nan
2006-02-14,115.408,nan
2006-02-15,115.3845,nan
2006-02-16,115.4207,nan
2006-02-17,115.4289,nan
2006-02-20,115.4061,nan
2006-02-21,115.0769,nan
2006-02-22,115.2639,nan
2006-02-23,115.2165,nan
2006-02-24,115.0984,nan
2006-02-27,115.0663,nan
2006-02-28,115.493,nan
2006-03-01,115.3966,nan
2006-03-02,115.3129,nan
2006-03-03,115.3487,nan
2006-03-06,115.2869,nan
2006-03-07,115.4033,nan
2006-03-08,115.4541,nan
2006-03-09,115.4331,nan
2006-03-10,115.4103,nan
2006-03-13,115.3989,nan
2006-03-14,115.3611,nan
2006-03-15,115.4304,nan
2006-03-16,115.3718,nan
2006-03-17,115.433,nan
2006-03-20,115.2875,nan
2006-03-21,115.45,nan
2006-03-22,115.345,nan
2006-03-23,115.162,nan
2006-03-24,115.0896,nan
2006-03-27,115.0907,nan
2006-03-28,115.2099,nan
2006-03-29,115.3108,nan
2006-03-30,115.2825,nan
2006-03-31,115.2098,nan
2006-04-03,115.3553,nan
2006-04-04,115.4417,nan
2006-04-05,115.2467,nan
2006-04-06,115.2941,nan
2006-04-07,115.4132,nan
2006-04-10,115.3941,nan
2006-04-11,115.3418,nan
2006-04-12,115.3521,nan
2006-04-13,115.3043,nan
2006-04-14,115.2459,nan
2006-04-17,115.2105,nan
2006-04-18,114.91,nan
2006-04-19,114.6907,nan
2006-04-20,114.5504,nan
2006-04-21,115.1879,nan
2006-04-24,115.1518,nan
2006-04-25,115.3493,nan
2006-04-26,115.1152,nan
2006-04-27,115.1722,nan
2006-04-28,115.2843,nan
2006-04-29,115.4114,nan
2006-04-30,115.5686,nan
2006-05-08,115.5544,nan
2006-05-09,115.5958,nan
2006-05-10,115.7171,nan
2006-05-11,115.8064,nan
2006-05-12,115.8034,nan
2006-05-15,115.7215,nan
2006-05-16,115.8775,nan
2006-05-17,115.7665,nan
2006-05-18,115.6812,nan
2006-05-19,115.6905,nan
2006-05-22,115.7647,nan
2006-05-23,115.2243,nan
2006-05-24,115.7845,nan
2006-05-25,115.6692,nan
2006-05-26,115.7597,nan
2006-05-29,115.7225,nan
2006-05-30,115.4705,nan
2006-05-31,115.345,nan
2006-06-01,115.5618,nan
2006-06-02,115.2584,nan
2006-06-05,115.1373,nan
2006-06-06,115.0917,nan
2006-06-07,114.9649,nan
2006-06-08,115.0562,nan
2006-06-09,115.0164,nan
2006-06-12,114.9654,nan
2006-06-13,114.9107,nan
2006-06-14,114.8264,nan
2006-06-15,115.0154,nan
2006-06-16,115.0679,nan
2006-06-19,114.9649,nan
2006-06-20,114.9402,nan
2006-06-21,114.9388,nan
2006-06-22,115.0265,nan
2006-06-23,115.1798,nan
2006-06-26,115.2409,nan
2006-06-27,115.3173,nan
2006-06-28,115.3111,nan
2006-06-29,115.425,nan
2006-06-30,115.4889,nan
2006-07-03,115.5313,nan
2006-07-04,115.3881,nan
2006-07-05,115.4566,nan
2006-07-06,115.5367,nan
2006-07-07,115.311,nan
2006-07-10,115.539,nan
2006-07-11,115.6161,nan
2006-07-12,115.6611,nan
2006-07-13,115.6291,nan
2006-07-14,115.3632,nan
2006-07-17,115.4432,nan
2006-07-18,114.9476,nan
2006-07-19,115.4557,nan
2006-07-20,115.4027,nan
2006-07-21,115.4654,nan
2006-07-24,115.2401,nan
2006-07-25,115.1976,nan
2006-07-26,115.2386,nan
2006-07-27,115.1863,nan
2006-07-28,115.0649,nan
2006-07-31,115.241,nan
2006-08-01,115.2543,nan
2006-08-02,115.0672,nan
2006-08-03,115.2935,nan
2006-08-04,115.2794,nan
2006-08-07,115.3207,nan
2006-08-08,115.3179,nan
2006-08-09,115.3438,nan
2006-08-10,115.3362,nan
2006-08-11,115.4254,nan
2006-08-14,115.4468,nan
2006-08-15,115.5324,nan
2006-08-16,115.8179,nan
2006-08-17,115.6431,nan
2006-08-18,115.7056,nan
2006-08-21,115.5739,nan
2006-08-22,115.5577,nan
2006-08-23,115.7779,nan
2006-08-24,115.7175,nan
2006-08-25,115.6791,nan
2006-08-28,115.838,nan
2006-08-29,115.7896,nan
2006-08-30,115.8756,nan
2006-08-31,115.8856,nan
2006-09-01,115.9378,nan
2006-09-04,115.9163,nan
2006-09-05,115.9807,nan
2006-09-06,115.9263,nan
2006-09-07,115.9906,nan
2006-09-08,116.0196,nan
2006-09-11,116.0559,nan
2006-09-12,116.0102,nan
2006-09-13,116.1519,nan
2006-09-14,116.1615,nan
2006-09-15,116.1937,nan
2006-09-18,116.2319,nan
2006-09-19,116.2329,nan
2006-09-20,116.3603,nan
2006-09-21,116.4212,nan
2006-09-22,116.5423,nan
2006-09-25,116.5337,nan
2006-09-26,116.5308,nan
2006-09-27,116.5919,nan
2006-09-28,116.6447,nan
2006-09-29,116.6478,nan
2006-09-30,116.7305,nan
2006-10-08,116.7583,nan
2006-10-09,116.7293,nan
2006-10-10,116.7551,nan
2006-10-11,116.7206,nan
2006-10-12,116.8334,nan
2006-10-13,116.8987,nan
2006-10-16,116.9116,nan
2006-10-17,116.9482,nan
2006-10-18,116.9465,nan
2006-10-19,116.9951,nan
2006-10-20,117.1029,nan
2006-10-23,117.0545,nan
2006-10-24,117.1546,nan
2006-10-25,117.1272,nan
2006-10-26,117.1596,nan
2006-10-27,117.126,nan
2006-10-30,117.2131,nan
2006-10-31,117.1986,nan
2006-11-01,117.1839,nan
2006-11-02,117.1918,nan
2006-11-03,117.2116,nan
2006-11-06,117.1327,nan
2006-11-07,117.1186,nan
2006-11-08,117.1331,nan
2006-11-09,117.1583,nan
2006-11-10,117.216,nan
2006-11-13,117.2276,nan
2006-11-14,117.2261,nan
2006-11-15,117.2191,nan
2006-11-16,117.2106,nan
2006-11-17,117.2196,2.4517
2006-11-20,117.1526,2.4829
2006-11-21,117.1539,2.4849
2006-11-22,117.1469,2.4924
2006-11-23,116.9986,2.5272
2006-11-24,117.0365,2.5177
2006-11-27,117.054,2.5256
2006-11-28,117.1554,2.503
2006-11-29,117.1811,2.5002
2006-11-30,117.327,2.4721
2006-12-01,117.3192,2.4722
2006-12-04,117.3242,2.4748
2006-12-05,117.3592,2.4707
2006-12-06,117.4422,2.5603
2006-12-07,117.3683,2.4841
2006-12-08,117.1563,2.5362
2006-12-11,117.1865,2.5318
2006-12-12,117.1454,2.5423
2006-12-13,117.2447,2.5229
2006-12-14,117.2224,2.5316
2006-12-15,117.3048,2.5133
2006-12-18,117.1832,2.5416
2006-12-19,117.1906,2.5425
2006-12-20,117.2169,2.5399
2006-12-21,117.2353,2.5369
2006-12-22,117.229,2.5397
2006-12-25,117.216,2.5474
2006-12-26,117.1528,2.5634
2006-12-27,117.222,2.5504
2006-12-28,117.2691,2.5417
2006-12-29,117.3041,2.5367
2006-12-30,117.3198,2.4893
2006-12-31,117.2625,2.5048
2007-01-04,117.2405,2.5473
2007-01-05,117.3211,2.5304
2007-01-08,117.2857,2.5433
2007-01-09,117.3516,2.5287
2007-01-10,117.5576,2.4869
2007-01-11,117.4913,2.502
2007-01-12,117.465,2.51
2007-01-15,117.511,2.5064
2007-01-16,117.6057,2.4863
2007-01-17,117.5775,2.4937
2007-01-18,117.5688,2.4969
2007-01-19,117.5885,2.4934
2007-01-22,117.5852,2.5001
2007-01-23,117.5529,2.509
2007-01-24,117.5824,2.5063
2007-01-25,117.6229,2.4998
2007-01-26,117.5605,2.5148
2007-01-29,117.6617,2.4968
2007-01-30,117.5271,2.5298
2007-01-31,117.461,2.5457
2007-02-01,117.5516,2.5278
2007-02-02,117.5014,2.5416
2007-02-05,117.4792,2.5536
2007-02-06,117.3333,2.5861
2007-02-07,117.3571,2.5831
2007-02-08,117.3313,2.5917
2007-02-09,117.3343,2.593
2007-02-12,117.3161,2.6025
2007-02-13,117.2906,2.6098
2007-02-14,117.3158,2.6058
2007-02-15,117.336,2.6027
2007-02-16,117.3793,2.5931
2007-02-17,117.3783,2.5644
2007-02-25,117.5099,2.5584
2007-02-26,117.4698,2.5965
2007-02-27,117.4977,2.5923
2007-02-28,117.4651,2.6012
2007-03-01,117.4498,2.6079
2007-03-02,117.4823,2.602
2007-03-05,117.372,2.6372
2007-03-06,117.5319,2.5981
2007-03-07,117.6149,2.5811
2007-03-08,117.531,2.6021
2007-03-09,117.5499,2.5997
2007-03-12,117.6432,2.5854
2007-03-13,117.5805,2.6001
2007-03-14,117.589,2.6002
2007-03-15,117.5613,2.6084
2007-03-16,117.4263,2.6409
2007-03-19,117.4524,2.7106
2007-03-20,117.5162,2.6956
2007-03-21,117.4691,2.7114
2007-03-22,117.3034,2.7557
2007-03-23,117.3287,2.7509
2007-03-26,117.3908,2.7411
2007-03-27,117.4405,2.7294
2007-03-28,117.4175,2.7383
2007-03-29,117.399,2.7455
2007-03-30,117.4452,2.7359
2007-04-02,117.4933,2.7321
2007-04-03,117.456,2.7422
2007-04-04,117.4885,2.7362
2007-04-05,117.4527,2.7474
2007-04-06,117.4223,2.758
2007-04-09,117.3518,2.782
2007-04-10,117.1544,2.8311
2007-04-11,117.1526,2.8331
2007-04-12,117.103,2.8474
2007-04-13,117.1167,2.8462
2007-04-16,117.1384,2.8473
2007-04-17,116.9113,2.9017
2007-04-18,116.7283,2.9434
2007-04-19,116.5695,3.0123
2007-04-20,116.4868,3.0343
2007-04-23,116.5813,3.0181
2007-04-24,116.5292,3.0325
2007-04-25,116.587,3.0216
2007-04-26,116.6514,3.0091
2007-04-27,116.6806,3.0132
2007-04-28,116.7181,2.9544
2007-04-29,116.7299,2.9537
2007-04-30,116.8005,2.9921
2007-05-08,116.8869,2.9924
2007-05-09,116.8084,3.0221
2007-05-10,116.7018,3.0494
2007-05-11,116.4928,3.1027
2007-05-14,116.5123,3.1011
2007-05-15,116.4639,3.1146
2007-05-16,116.4598,3.1186
2007-05-17,116.2828,3.1639
2007-05-18,116.2337,3.177
2007-05-21,115.9105,3.3095
2007-05-22,115.8478,3.328
2007-05-23,115.9899,3.2992
2007-05-24,116.0624,3.2952
2007-05-25,115.9467,3.326
2007-05-28,115.9288,3.3363
2007-05-29,115.9366,3.3357
2007-05-30,115.9211,3.3421
2007-05-31,115.9125,3.3474
2007-06-01,115.89,3.3539
2007-06-04,115.9156,3.3505
2007-06-05,115.9236,3.3532
2007-06-06,115.9186,3.3589
2007-06-07,115.8776,3.3688
2007-06-08,115.903,3.363
2007-06-11,115.819,3.3881
2007-06-12,115.5606,3.455
2007-06-13,115.5263,3.4672
2007-06-14,115.5965,3.4511
2007-06-15,115.5286,3.4682
2007-06-18,115.4635,3.4925
2007-06-19,115.3028,3.5336
2007-06-20,115.3731,3.513
2007-06-21,114.9877,3.6083
2007-06-22,114.8898,3.636
2007-06-25,114.9848,3.6174
2007-06-26,114.9924,3.6181
2007-06-27,114.9649,3.6322
2007-06-28,114.9123,3.6485
2007-06-29,114.9134,3.6507
2007-07-02,114.914,3.6618
2007-07-03,115.0145,3.6382
2007-07-04,114.977,3.6513
2007-07-05,114.9993,3.6491
2007-07-06,114.9617,3.6599
2007-07-09,114.9274,3.6802
2007-07-10,114.9657,3.6769
2007-07-11,115.0877,3.6496
2007-07-12,114.9695,3.6813
2007-07-13,114.9597,3.6855
2007-07-16,115.0493,3.6702
2007-07-17,115.1243,3.6525
2007-07-18,115.0192,3.6833
2007-07-19,114.9544,3.7009
2007-07-20,115.0195,3.693
2007-07-23,114.977,3.7114
2007-07-24,115.0761,3.6845
2007-07-25,115.273,3.6432
2007-07-26,115.6098,3.569
2007-07-27,115.6374,3.5633
2007-07-30,115.7277,3.5499
2007-07-31,115.6623,3.5686
2007-08-01,115.7435,3.5505
2007-08-02,115.7607,3.549
2007-08-03,115.6972,3.5693
2007-08-06,115.7355,3.5717
2007-08-07,115.6489,3.5911
2007-08-08,115.5106,3.637
2007-08-09,115.6805,3.5887
2007-08-10,115.7455,3.5758
2007-08-13,115.6803,3.5973
2007-08-14,115.754,3.5827
2007-08-15,115.7796,3.6461
2007-08-16,115.7804,3.5819
2007-08-17,115.8742,3.5628
2007-08-20,115.9696,3.692
2007-08-21,116.0133,3.5503
2007-08-22,116.0291,3.601
2007-08-23,116.1654,3.6251
2007-08-24,116.1587,3.6285
2007-08-27,115.6731,3.6363
2007-08-28,115.7041,3.6326
2007-08-29,115.6352,3.6525
2007-08-30,115.6679,3.648
2007-08-31,115.6605,3.651
2007-09-03,115.6949,3.6512
2007-09-04,115.7127,3.6498
2007-09-05,115.7065,3.653
2007-09-06,115.7062,3.6558
2007-09-07,115.5262,3.6967
2007-09-10,115.6161,3.6869
2007-09-11,115.4247,3.7322
2007-09-12,115.3276,3.7592
2007-09-13,115.287,3.7711
2007-09-14,114.6971,3.9158
2007-09-17,114.3922,4.0411
2007-09-18,114.4814,4.0226
2007-09-19,114.5336,4.0161
2007-09-20,114.6759,3.9838
2007-09-21,115.1841,3.8584
2007-09-24,115.2495,3.8519
2007-09-25,115.3611,3.8752
2007-09-26,115.4927,3.7916
2007-09-27,115.6538,3.755
2007-09-28,115.7043,3.7475
2007-09-29,115.751,3.6873
2007-09-30,115.8591,3.6652
2007-10-08,115.8534,3.7376
2007-10-09,115.8782,3.7372
2007-10-10,115.9308,3.7284
2007-10-11,115.9369,3.7303
2007-10-12,115.8225,3.7599
2007-10-15,115.8381,3.765
2007-10-16,115.7927,3.7795
2007-10-17,115.7046,3.8059
2007-10-18,115.6265,3.8286
2007-10-19,115.4782,3.872
2007-10-22,115.5064,3.878
2007-10-23,115.4832,3.8837
2007-10-24,115.5439,3.8765
2007-10-25,115.4576,3.8973
2007-10-26,115.4688,3.9005
2007-10-29,115.5541,3.8874
2007-10-30,115.5658,3.9499
2007-10-31,115.5556,3.9002
2007-11-01,115.5788,3.9163
2007-11-02,115.5091,3.9331
2007-11-05,115.4232,3.9647
2007-11-06,115.3985,3.9784
2007-11-07,115.2027,4.029
2007-11-08,115.0434,4.0645
2007-11-09,114.9639,4.0906
2007-11-12,114.8642,4.1291
2007-11-13,114.7601,4.1565
2007-11-14,114.7295,4.1679
2007-11-15,114.5891,4.2027
2007-11-16,114.6722,4.186
2007-11-19,114.6591,4.3586
2007-11-20,114.6169,4.217
2007-11-21,114.6637,4.2099
2007-11-22,114.6172,4.2268
2007-11-23,114.7982,4.1866
2007-11-26,114.8643,4.1788
2007-11-27,114.9603,4.1577
2007-11-28,114.9744,4.1574
2007-11-29,114.9447,4.1675
2007-11-30,114.9625,4.1653
2007-12-03,114.9552,4.1752
2007-12-04,114.987,4.1701
2007-12-05,115.0133,4.1682
2007-12-06,115.0672,4.1568
2007-12-07,115.1114,4.1489
2007-12-10,115.1205,4.1567
2007-12-11,115.1787,4.1452
2007-12-12,115.1889,4.1454
2007-12-13,115.1083,4.1697
2007-12-14,115.163,4.158
2007-12-17,115.1642,4.1689
2007-12-18,115.1694,4.1697
2007-12-19,115.1822,4.1703
2007-12-20,115.2001,4.1691
2007-12-21,115.1617,4.1789
2007-12-24,115.3177,4.1693
2007-12-25,115.328,4.1697
2007-12-26,115.3841,4.1604
2007-12-27,115.4921,4.138
2007-12-28,115.5687,4.125
2007-12-29,115.5372,4.139
2008-01-02,115.5976,4.1314
2008-01-03,115.5452,4.1481
2008-01-04,115.5499,4.1509
2008-01-07,115.6655,4.1325
2008-01-08,115.7278,4.1191
2008-01-09,115.7584,4.1141
2008-01-10,115.8289,4.0989
2008-01-11,115.8249,4.1021
2008-01-14,115.9032,4.0933
2008-01-15,115.8693,4.1046
2008-01-16,115.9226,4.0945
2008-01-17,115.9828,4.0848
2008-01-18,115.9895,4.0857
2008-01-21,115.9969,4.0914
2008-01-22,115.9842,4.0977
2008-01-23,116.2609,4.0325
2008-01-24,116.3647,4.0123
2008-01-25,116.4693,3.9914
2008-01-28,116.6392,3.9607
2008-01-29,116.6778,3.9538
2008-01-30,116.7424,3.9415
2008-01-31,116.7958,3.9334
2008-02-01,117.2373,3.8311
2008-02-02,117.3541,3.7994
2008-02-03,117.288,3.8158
2008-02-04,117.3076,3.8226
2008-02-05,117.3803,3.8097
2008-02-13,117.4622,3.8111
2008-02-14,117.4954,3.8054
2008-02-15,117.5081,3.8054
2008-02-18,117.527,3.8088
2008-02-19,117.4649,3.8255
2008-02-20,117.4687,3.8284
2008-02-21,117.4707,3.8311
2008-02-22,117.4963,3.8287
2008-02-25,117.5567,3.8227
2008-02-26,117.6541,3.7996
2008-02-27,117.6791,3.7956
2008-02-28,117.6707,3.8046
2008-02-29,117.6077,3.8217
2008-03-03,117.6239,3.8271
2008-03-04,117.6654,3.8175
2008-03-05,117.6312,3.8278
2008-03-06,117.6271,3.8304
2008-03-07,117.6128,3.8373
2008-03-10,117.6715,3.8326
2008-03-11,117.6674,3.8365
2008-03-12,117.7428,3.8219
2008-03-13,117.7352,3.8277
2008-03-14,117.7821,3.8187
2008-03-17,117.8142,3.8199
2008-03-18,117.8319,3.8185
2008-03-19,117.8831,3.8097
2008-03-20,117.9562,3.7943
2008-03-21,118.0301,3.7809
2008-03-24,118.0424,3.7974
2008-03-25,118.2426,3.7552
2008-03-26,118.1899,3.7727
2008-03-27,118.2558,3.7608
2008-03-28,118.2826,3.7575
2008-03-31,118.4022,3.7345
2008-04-01,118.3589,3.7489
2008-04-02,118.4006,3.7392
2008-04-03,118.4777,3.7274
2008-04-07,118.5502,3.7165
2008-04-08,118.5963,3.7076
2008-04-09,118.6293,3.7026
2008-04-10,118.6693,3.6986
2008-04-11,118.7544,3.6808
2008-04-14,118.7728,3.6857
2008-04-15,118.8016,3.6827
2008-04-16,118.84,3.6732
2008-04-17,118.8775,3.6688
2008-04-18,118.9213,3.6595
2008-04-21,118.8476,3.687
2008-04-22,118.802,3.7057
2008-04-23,118.8595,3.6904
2008-04-24,118.7508,3.7232
2008-04-25,118.8405,3.7002
2008-04-28,118.8529,3.7072
2008-04-29,118.8402,3.7147
2008-04-30,118.7631,3.7358
2008-05-04,118.9367,3.6814
2008-05-05,118.844,3.7361
2008-05-06,118.8107,3.7473
2008-05-07,118.6417,3.7886
2008-05-08,118.7627,3.7587
2008-05-09,118.7931,3.7511
2008-05-12,118.8295,3.7538
2008-05-13,118.8322,3.7558
2008-05-14,118.8095,3.7653
2008-05-15,118.8528,3.7568
2008-05-16,118.819,3.7702
2008-05-19,118.7946,3.7897
2008-05-20,118.7942,3.794
2008-05-21,118.8625,3.7777
2008-05-22,118.9049,3.7707
2008-05-23,118.867,3.7843
2008-05-26,118.8377,3.8139
2008-05-27,118.8827,3.8078
2008-05-28,118.8791,3.8114
2008-05-29,118.8705,3.8148
2008-05-30,118.8931,3.8121
2008-06-02,118.8784,3.8245
2008-06-03,118.92,3.8176
2008-06-04,118.9263,3.8192
2008-06-05,118.9194,3.8238
2008-06-06,118.9536,3.8181
2008-06-10,118.8523,3.8536
2008-06-11,118.6252,3.9075
2008-06-12,118.5643,3.9239
2008-06-13,118.6013,3.9181
2008-06-16,118.6652,3.9102
2008-06-17,118.6891,3.9091
2008-06-18,118.683,3.9144
2008-06-19,118.6668,3.9206
2008-06-20,118.5087,3.9608
2008-06-23,118.5175,3.9678
2008-06-24,118.6043,3.9486
2008-06-25,118.5915,3.9543
2008-06-26,118.3891,4.0025
2008-06-27,118.2285,4.0455
2008-06-30,118.0965,4.0857
2008-07-01,118.0064,4.1081
2008-07-02,118.1073,4.0892
2008-07-03,118.0389,4.1128
2008-07-04,117.9485,4.1382
2008-07-07,118.0418,4.1256
2008-07-08,118.0899,4.1185
2008-07-09,118.2249,4.0885
2008-07-10,118.3658,4.06
2008-07-11,118.5357,4.0172
2008-07-14,118.3764,4.0667
2008-07-15,118.4331,4.0569
2008-07-16,118.45,4.055
2008-07-17,118.4333,4.0606
2008-07-18,118.3446,4.0836
2008-07-21,118.4277,4.0728
2008-07-22,118.444,4.0725
2008-07-23,118.4695,4.0695
2008-07-24,118.5287,4.0593
2008-07-25,118.5541,4.057
2008-07-28,118.5128,4.0745
2008-07-29,118.509,4.0803
2008-07-30,118.5985,4.0618
2008-07-31,118.6286,4.0599
2008-08-01,118.5249,4.0866
2008-08-04,118.5884,4.0813
2008-08-05,118.5927,4.0827
2008-08-06,118.5755,4.0914
2008-08-07,118.6743,4.0679
2008-08-08,118.6929,4.0648
2008-08-11,118.6961,4.0758
2008-08-12,118.6962,4.0795
2008-08-13,118.7726,4.0648
2008-08-14,118.8449,4.0502
2008-08-15,118.9487,4.0281
2008-08-18,119.0372,4.023
2008-08-19,119.1766,3.9919
2008-08-20,119.2073,3.9904
2008-08-21,119.221,3.9901
2008-08-22,119.2415,3.9891
2008-08-25,119.4012,3.9563
2008-08-26,119.477,3.9529
2008-08-27,119.5404,3.9414
2008-08-28,119.657,3.9165
2008-08-29,119.8351,3.8789
2008-09-01,119.9979,3.8589
2008-09-02,120.0469,3.8506
2008-09-03,120.0573,3.8483
2008-09-04,120.02,3.8598
2008-09-05,120.0087,3.8635
2008-09-08,120.039,3.8637
2008-09-09,120.1776,3.8414
2008-09-10,120.4876,3.7701
2008-09-11,120.5692,3.7543
2008-09-12,120.8859,3.6848
2008-09-16,121.8643,3.4647
2008-09-17,122.2861,3.3716
2008-09-18,122.098,3.425
2008-09-19,121.8102,3.4931
2008-09-22,121.7471,3.516
2008-09-23,121.5366,3.564
2008-09-24,121.9451,3.4784
2008-09-25,121.8862,3.4926
2008-09-26,121.9581,3.4811
2008-09-27,121.9497,3.4756
2008-09-28,122.0176,3.4639
2008-10-06,122.0725,3.4825
2008-10-07,122.5867,3.3697
2008-10-08,123.3819,3.1939
2008-10-09,124.5413,2.942
2008-10-10,125.1428,2.8067
2008-10-13,125.1695,2.8075
2008-10-14,124.4676,2.9614
2008-10-15,124.7461,2.9034
2008-10-16,124.8426,2.8834
2008-10-17,124.794,2.8941
2008-10-20,124.7792,2.9048
2008-10-21,124.8542,2.889
2008-10-22,124.752,2.9164
2008-10-23,124.8605,2.8929
2008-10-24,124.912,2.8847
2008-10-27,124.9909,2.8804
2008-10-28,125.2834,2.8238
2008-10-29,125.5474,2.7713
2008-10-30,125.7394,2.7296
2008-10-31,125.8678,2.6942
2008-11-03,125.9393,2.682
2008-11-04,125.7601,2.7232
2008-11-05,125.9674,2.6792
2008-11-06,126.1936,2.63
2008-11-07,126.7461,2.515
2008-11-10,127.0336,2.4608
2008-11-11,127.0261,2.4615
2008-11-12,127.207,2.4258
2008-11-13,127.7154,2.3231
2008-11-14,127.3669,2.3957
2008-11-17,127.205,2.4341
2008-11-18,127.2665,2.4262
2008-11-19,126.9089,2.4985
2008-11-20,127.0678,2.4718
2008-11-21,126.9036,2.5032
2008-11-24,127.1414,2.4644
2008-11-25,127.0572,2.4823
2008-11-26,127.505,2.4092
2008-11-27,128.3532,2.2298
2008-11-28,128.2021,2.2737
2008-12-01,127.9579,2.3309
2008-12-02,128.3772,2.2458
2008-12-03,128.4638,2.23
2008-12-04,128.9073,2.1378
2008-12-05,129.936,1.9308
2008-12-08,129.9805,1.9263
2008-12-09,129.9427,1.9323
2008-12-10,130.1335,1.8966
2008-12-11,130.1628,1.8914
2008-12-12,130.4137,1.8443
2008-12-15,130.4248,1.8469
2008-12-16,130.8135,1.7688
2008-12-17,131.3607,1.6615
2008-12-18,131.6352,1.6034
2008-12-19,131.6839,1.5952
2008-12-22,131.574,1.6253
2008-12-23,131.4833,1.6429
2008-12-24,131.436,1.6563
2008-12-25,131.4926,1.6526
2008-12-26,131.6916,1.6122
2008-12-29,131.7863,1.5963
2008-12-30,131.7816,1.599
2008-12-31,131.6632,1.6231
2009-01-04,131.8139,1.5711
2009-01-05,131.7968,1.6035
2009-01-06,131.8081,1.6007
2009-01-07,131.8129,1.6042
2009-01-08,131.9871,1.5673
2009-01-09,132.1535,1.5357
2009-01-12,132.0331,1.5639
2009-01-13,131.9402,1.5827
2009-01-14,131.7804,1.6116
2009-01-15,131.1685,1.7329
2009-01-16,130.6339,1.8399
2009-01-19,130.4616,1.8777
2009-01-20,129.9581,1.977
2009-01-21,129.8773,1.9975
2009-01-22,130.4145,1.8888
2009-01-23,130.4049,1.8972
2009-01-24,130.5409,1.8502
2009-02-01,130.5104,1.8666
2009-02-02,130.2779,1.9359
2009-02-03,129.7139,2.0531
2009-02-04,128.9867,2.2097
2009-02-05,128.5611,2.2997
2009-02-06,128.7811,2.2566
2009-02-09,129.1485,2.2072
2009-02-10,129.1438,2.2123
2009-02-11,129.3417,2.1748
2009-02-12,129.6927,2.1039
2009-02-13,129.7264,2.0998
2009-02-16,129.7613,2.0944
2009-02-17,129.5542,2.1398
2009-02-18,129.7862,2.0967
2009-02-19,129.8698,2.0793
2009-02-20,129.9115,2.0715
2009-02-23,129.8275,2.0935
2009-02-24,129.8912,2.0838
2009-02-25,130.0071,2.0625
2009-02-26,130.0974,2.0439
2009-02-27,130.0153,2.0606
2009-03-02,129.9705,2.0715
2009-03-03,129.9889,2.0703
2009-03-04,129.8907,2.0913
2009-03-05,129.8164,2.1095
2009-03-06,129.9798,2.0721
2009-03-09,130.072,2.056
2009-03-10,130.1395,2.0434
2009-03-11,130.2114,2.0321
2009-03-12,130.1827,2.0387
2009-03-13,130.1539,2.0466
2009-03-16,130.2355,2.0347
2009-03-17,130.3496,2.0151
2009-03-18,130.266,2.0325
2009-03-19,130.3507,2.0321
2009-03-20,130.4606,2.0111
2009-03-23,130.5391,1.9967
2009-03-24,130.5346,2.0004
2009-03-25,130.5172,2.0036
2009-03-26,130.4539,2.0184
2009-03-27,130.4045,2.0298
2009-03-30,130.3653,2.0416
2009-03-31,130.4744,2.0225
2009-04-01,130.5451,2.0132
2009-04-02,130.4436,2.0329
2009-04-03,130.3534,2.0543
2009-04-07,130.2273,2.0886
2009-04-08,130.0741,2.1186
2009-04-09,130.0031,2.1334
2009-04-10,130.0905,2.1374
2009-04-13,129.9753,2.1687
2009-04-14,129.994,2.1657
2009-04-15,129.8742,2.1958
2009-04-16,129.873,2.1965
2009-04-17,130.0192,2.1687
2009-04-20,130.0914,2.1621
2009-04-21,130.1494,2.1514
2009-04-22,130.129,2.1575
2009-04-23,130.1705,2.1494
2009-04-24,130.173,2.1769
2009-04-27,130.2032,2.173
2009-04-28,130.2454,2.1652
2009-04-29,130.4213,2.1327
2009-04-30,130.3723,2.143
2009-05-04,130.4191,2.1403
2009-05-05,130.4576,2.1345
2009-05-06,130.5123,2.1269
2009-05-07,130.5721,2.1172
2009-05-08,130.5075,2.1302
2009-05-11,130.6568,2.1033
2009-05-12,130.6035,2.1137
2009-05-13,130.7642,2.0815
2009-05-14,130.7841,2.0779
2009-05-15,130.9861,2.0404
2009-05-18,131.0004,2.0412
2009-05-19,131.1045,2.0203
2009-05-20,131.1037,2.0192
2009-05-21,131.0392,2.0335
2009-05-22,131.0825,2.0247
2009-05-25,131.0718,2.0575
2009-05-26,131.0854,2.0895
2009-05-27,131.1774,2.0712
2009-05-31,131.1289,2.0706
2009-06-01,131.1099,2.0953
2009-06-02,131.1024,2.0975
2009-06-03,131.0949,2.1035
2009-06-04,131.0593,2.1112
2009-06-05,131.0335,2.1169
2009-06-08,131.0934,2.1113
2009-06-09,131.0599,2.1195
2009-06-10,131.0305,2.1266
2009-06-11,130.9979,2.1445
2009-06-12,130.9302,2.159
2009-06-15,130.9365,2.1629
2009-06-16,130.984,2.1547
2009-06-17,130.9678,2.1588
2009-06-18,130.9843,2.157
2009-06-19,130.9039,2.1775
2009-06-22,130.9445,2.173
2009-06-23,130.9942,2.1637
2009-06-24,130.8818,2.1883
2009-06-25,130.8809,2.1905
2009-06-26,130.7866,2.2098
2009-06-29,130.8391,2.2057
2009-06-30,130.8535,2.2044
2009-07-01,130.808,2.2154
2009-07-02,130.7177,2.2326
2009-07-03,130.601,2.2565
2009-07-06,130.5445,2.2755
2009-07-07,130.4845,2.2906
2009-07-08,130.381,2.315
2009-07-09,129.8625,2.4317
2009-07-10,129.8112,2.455
2009-07-13,129.4825,2.5229
2009-07-14,129.3398,2.5514
2009-07-15,129.1318,2.5986
2009-07-16,128.6591,2.6994
2009-07-17,128.3564,2.7674
2009-07-20,128.2974,2.7959
2009-07-21,128.302,2.795
2009-07-22,128.4889,2.7581
2009-07-23,128.5266,2.7516
2009-07-24,128.5452,2.75
2009-07-27,128.6248,2.7391
2009-07-28,128.5398,2.7601
2009-07-29,128.5537,2.7587
2009-07-30,128.5851,2.7529
2009-07-31,128.6379,2.7439
2009-08-03,128.5925,2.7572
2009-08-04,128.5295,2.7736
2009-08-05,128.5117,2.7781
2009-08-06,128.6158,2.7597
2009-08-07,128.7462,2.7343
2009-08-10,128.6698,2.755
2009-08-11,128.6521,2.7735
2009-08-12,128.6877,2.7684
2009-08-13,128.7744,2.7641
2009-08-14,128.7366,2.7728
2009-08-17,128.7277,2.7808
2009-08-18,128.7112,2.7856
2009-08-19,128.7611,2.7793
2009-08-20,128.8185,2.767
2009-08-21,128.8783,2.7572
2009-08-24,128.9322,2.7571
2009-08-25,129.0184,2.7434
2009-08-26,128.9215,2.7838
2009-08-27,128.9725,2.775
2009-08-28,129.075,2.7524
2009-08-31,129.1095,2.7512
2009-09-01,129.0669,2.7644
2009-09-02,129.2516,2.7288
2009-09-03,129.3671,2.7062
2009-09-04,129.4387,2.6959
2009-09-07,129.5684,2.6739
2009-09-08,129.7053,2.6483
2009-09-09,129.9269,2.6038
2009-09-10,129.8574,2.6187
2009-09-11,129.6492,2.6621
2009-09-14,129.6494,2.6685
2009-09-15,129.726,2.6545
2009-09-16,129.8222,2.6387
2009-09-17,129.7123,2.6624
2009-09-18,129.7225,2.6625
2009-09-21,129.6265,2.687
2009-09-22,129.5273,2.7094
2009-09-23,129.4793,2.7212
2009-09-24,129.4965,2.7194
2009-09-25,129.4516,2.7302
2009-09-27,129.4991,2.72
2009-09-28,129.4761,2.7311
2009-09-29,129.4758,2.735
2009-09-30,129.5813,2.7135
2009-10-09,129.5202,2.7559
2009-10-10,129.5035,2.755
2009-10-12,129.5321,2.7602
2009-10-13,129.2481,2.8241
2009-10-14,129.1249,2.8492
2009-10-15,128.9978,2.8744
2009-10-16,128.9493,2.8844
2009-10-19,128.9976,2.8799
2009-10-20,129.1702,2.8455
2009-10-21,129.2558,2.8294
2009-10-22,129.1687,2.8497
2009-10-23,129.1553,2.8741
2009-10-26,129.2544,2.8596
2009-10-27,129.1602,2.881
2009-10-28,129.1145,2.8922
2009-10-29,129.1906,2.8776
2009-10-30,129.2825,2.8603
2009-11-02,129.3114,2.8603
2009-11-03,129.332,2.8576
2009-11-04,129.2817,2.8701
2009-11-05,129.1969,2.8933
2009-11-06,129.2173,2.8875
2009-11-09,129.237,2.8898
2009-11-10,129.2364,2.8944
2009-11-11,129.2564,2.8952
2009-11-12,129.2924,2.8862
2009-11-13,129.4005,2.8645
2009-11-16,129.4341,2.8638
2009-11-17,129.4276,2.8672
2009-11-18,129.4777,2.8583
2009-11-19,129.5853,2.8388
2009-11-20,129.6219,2.8343
2009-11-23,129.686,2.8253
2009-11-24,129.8122,2.8022
2009-11-25,129.8195,2.8048
2009-11-26,129.7693,2.8429
2009-11-27,130.0453,2.7966
2009-11-30,130.0543,2.8015
2009-12-01,130.0335,2.8089
2009-12-02,130.13,2.7914
2009-12-03,130.2635,2.766
2009-12-04,130.203,2.7818
2009-12-07,130.241,2.7778
2009-12-08,130.134,2.8003
2009-12-09,130.1436,2.798
2009-12-10,130.0938,2.8192
2009-12-11,130.0885,2.8224
2009-12-14,130.178,2.8115
2009-12-15,130.1174,2.8246
2009-12-16,130.146,2.8208
2009-12-17,130.2472,2.8007
2009-12-18,130.1353,2.8262
2009-12-21,130.2162,2.8166
2009-12-22,130.2969,2.8018
2009-12-23,130.3321,2.7959
2009-12-24,130.287,2.8085
2009-12-25,130.1986,2.8273
2009-12-28,130.2893,2.8146
2009-12-29,130.2924,2.8172
2009-12-30,130.343,2.8091
2009-12-31,130.379,2.8042
2010-01-04,130.419,2.8039
2010-01-05,130.4213,2.8056
2010-01-06,130.4624,2.797
2010-01-07,130.3935,2.8136
2010-01-08,130.1804,2.8582
2010-01-11,130.2431,2.8515
2010-01-12,130.1527,2.8749
2010-01-13,130.0656,2.8955
2010-01-14,130.2367,2.8622
2010-01-15,130.1407,2.8845
2010-01-18,130.1838,2.8816
2010-01-19,130.2211,2.8761
2010-01-20,130.2777,2.8671
2010-01-21,130.2326,2.8778
2010-01-22,130.3054,2.8649
2010-01-25,130.303,2.8723
2010-01-26,130.3789,2.8599
2010-01-27,130.3648,2.8647
2010-01-28,130.3851,2.8608
2010-01-29,130.4197,2.8563
2010-02-01,130.6512,2.8149
2010-02-02,130.7128,2.8042
2010-02-03,130.7407,2.8012
2010-02-04,130.7549,2.7998
2010-02-05,130.8195,2.7878
2010-02-08,130.9648,2.7639
2010-02-09,130.9838,2.7635
2010-02-10,131.0345,2.7542
2010-02-11,130.9874,2.7648
2010-02-12,130.9181,2.7808
2010-02-20,130.9312,2.8092
2010-02-21,130.9293,2.8131
2010-02-22,130.9191,2.81
2010-02-23,130.9283,2.8086
2010-02-24,131.0542,2.787
2010-02-25,131.3092,2.7379
2010-02-26,131.6059,2.6788
2010-03-01,131.874,2.6519
2010-03-02,131.9919,2.6309
2010-03-03,132.2084,2.5892
2010-03-04,132.2548,2.5827
2010-03-05,132.3863,2.5594
2010-03-08,132.4279,2.5568
2010-03-09,132.4303,2.5584
2010-03-10,132.3582,2.5757
2010-03-11,132.3983,2.5686
2010-03-12,132.3445,2.5815
2010-03-15,132.487,2.558
2010-03-16,132.5496,2.5448
2010-03-17,132.6357,2.5293
2010-03-18,132.724,2.512
2010-03-19,132.7493,2.5086
2010-03-22,132.7362,2.5177
2010-03-23,132.7141,2.5235
2010-03-24,132.7325,2.5206
2010-03-25,132.7231,2.524
2010-03-26,132.728,2.5241
2010-03-29,132.6235,2.5505
2010-03-30,132.4892,2.5791
2010-03-31,132.5112,2.5774
2010-04-01,132.5734,2.5684
2010-04-02,132.615,2.5611
2010-04-06,132.6341,2.5646
2010-04-07,132.3609,2.6235
2010-04-08,132.1777,2.6629
2010-04-09,132.1529,2.6702
2010-04-12,132.2317,2.6697
2010-04-13,132.277,2.6627
2010-04-14,132.3205,2.6564
2010-04-15,132.387,2.6467
2010-04-16,132.394,2.6478
2010-04-19,132.5152,2.6293
2010-04-20,132.6574,2.6012
2010-04-21,132.7437,2.5857
2010-04-22,132.8053,2.5882
2010-04-23,132.9792,2.5535
2010-04-26,133.1801,2.5205
2010-04-27,133.1631,2.525
2010-04-28,133.2624,2.5076
2010-04-29,133.2706,2.5094
2010-04-30,133.2664,2.5116
2010-05-04,133.1957,2.532
2010-05-05,133.1708,2.5409
2010-05-06,133.2372,2.5287
2010-05-07,133.3627,2.5057
2010-05-10,133.3935,2.5055
2010-05-11,133.3809,2.5085
2010-05-12,133.5197,2.4827
2010-05-13,133.5232,2.4846
2010-05-14,133.5724,2.4769
2010-05-17,133.7468,2.4482
2010-05-18,134.0151,2.3956
2010-05-19,134.2804,2.3463
2010-05-20,134.2385,2.3574
2010-05-21,134.1541,2.3791
2010-05-24,134.099,2.3931
2010-05-25,134.1236,2.3905
2010-05-26,134.1224,2.3987
2010-05-27,134.1249,2.3999
2010-05-28,133.9784,2.4307
2010-05-31,134.0259,2.4258
2010-06-01,133.9767,2.4354
2010-06-02,133.8527,2.4634
2010-06-03,133.899,2.4553
2010-06-04,133.9599,2.4461
2010-06-07,133.9788,2.4467
2010-06-08,133.9572,2.4534
2010-06-09,133.8956,2.4672
2010-06-10,133.7984,2.4868
2010-06-11,133.6837,2.5112
2010-06-12,133.7077,2.5121
2010-06-13,133.6859,2.5175
2010-06-17,133.7655,2.506
2010-06-18,133.0603,2.6465
2010-06-21,133.1093,2.6457
2010-06-22,133.1913,2.6323
2010-06-23,133.1228,2.6454
2010-06-24,133.2105,2.6311
2010-06-25,133.1219,2.6534
2010-06-28,133.2943,2.6238
2010-06-29,133.6045,2.5644
2010-06-30,133.7851,2.5292
2010-07-01,133.7934,2.5308
2010-07-02,133.8071,2.5318
2010-07-05,133.8817,2.5223
2010-07-06,134.1035,2.4784
2010-07-07,134.1387,2.4742
2010-07-08,134.1415,2.4763
2010-07-09,134.1205,2.4815
2010-07-12,134.1429,2.4823
2010-07-13,134.2251,2.4672
2010-07-14,134.2641,2.4621
2010-07-15,134.2669,2.467
2010-07-16,134.3082,2.4601
2010-07-19,134.3522,2.4575
2010-07-20,134.3802,2.4529
2010-07-21,134.3931,2.4518
2010-07-22,134.3451,2.4631
2010-07-23,134.3161,2.4711
2010-07-26,134.2486,2.4896
2010-07-27,134.2072,2.4985
2010-07-28,134.1947,2.5032
2010-07-29,134.2584,2.4916
2010-07-30,134.2362,2.4977
2010-08-02,134.2087,2.5083
2010-08-03,134.1379,2.5232
2010-08-04,134.2436,2.5064
2010-08-05,134.2553,2.5056
2010-08-06,134.3128,2.4958
2010-08-09,134.354,2.4926
2010-08-10,134.3911,2.4859
2010-08-11,134.4142,2.4837
2010-08-12,134.465,2.4749
2010-08-13,134.4811,2.4734
2010-08-16,134.5294,2.4678
2010-08-17,134.49,2.4788
2010-08-18,134.5486,2.4702
2010-08-19,134.5537,2.4769
2010-08-20,134.5025,2.4888
2010-08-23,134.5505,2.4829
2010-08-24,134.5735,2.4784
2010-08-25,134.5902,2.4769
2010-08-26,134.5575,2.4851
2010-08-27,134.6191,2.4765
2010-08-30,134.5872,2.4875
2010-08-31,134.6308,2.4806
2010-09-01,134.6273,2.4907
2010-09-02,134.6635,2.4905
2010-09-03,134.6137,2.5007
2010-09-06,134.6122,2.5058
2010-09-07,134.5466,2.5198
2010-09-08,134.5263,2.5259
2010-09-09,134.5432,2.5238
2010-09-10,134.5334,2.528
2010-09-13,134.4695,2.5463
2010-09-14,134.4361,2.5525
2010-09-15,134.4445,2.5526
2010-09-16,134.4094,2.5621
2010-09-17,134.402,2.5752
2010-09-19,134.4247,2.589
2010-09-20,134.4105,2.5932
2010-09-21,134.4432,2.5877
2010-09-25,134.4734,2.5904
2010-09-26,134.482,2.5905
2010-09-27,134.5027,2.5889
2010-09-28,134.4561,2.5979
2010-09-29,134.436,2.6052
2010-09-30,134.5357,2.5883
2010-10-08,134.5949,2.5885
2010-10-09,134.7024,2.5685
2010-10-11,134.5981,2.5932
2010-10-12,134.5234,2.6098
2010-10-13,134.5465,2.6067
2010-10-14,134.6284,2.5924
2010-10-15,134.6373,2.5915
2010-10-18,134.6603,2.5927
2010-10-19,134.6285,2.6013
2010-10-20,133.7245,2.7851
2010-10-21,133.2256,2.8881
2010-10-22,133.3332,2.8679
2010-10-25,133.3239,2.8763
2010-10-26,133.1893,2.9055
2010-10-27,133.09,2.9255
2010-10-28,133.1503,2.9233
2010-10-29,133.2235,2.9129
2010-11-01,133.1776,2.9283
2010-11-02,132.9737,2.9692
2010-11-03,132.5346,3.0575
2010-11-04,132.2715,3.1137
2010-11-05,132.1844,3.1327
2010-11-08,132.211,3.1355
2010-11-09,132.1482,3.1488
2010-11-10,131.7637,3.2318
2010-11-11,131.5396,3.2817
2010-11-12,131.3003,3.3382
2010-11-15,131.193,3.3669
2010-11-16,131.2831,3.352
2010-11-17,131.3813,3.3386
2010-11-18,131.5348,3.3131
2010-11-19,131.426,3.3362
2010-11-22,131.2367,3.3837
2010-11-23,131.0907,3.4203
2010-11-24,130.8811,3.4667
2010-11-25,130.8141,3.4887
2010-11-26,130.7211,3.5108
2010-11-29,130.7208,3.532
2010-11-30,130.8212,3.5117
2010-12-01,131.0718,3.4619
2010-12-02,131.0898,3.4604
2010-12-03,131.1628,3.4495
2010-12-06,131.365,3.4154
2010-12-07,131.48,3.3947
2010-12-08,131.3627,3.4206
2010-12-09,131.3384,3.4415
2010-12-10,131.3502,3.4413
2010-12-13,131.4324,3.4337
2010-12-14,131.4505,3.4337
2010-12-15,131.5146,3.424
2010-12-16,131.5247,3.4245
2010-12-17,131.5166,3.4279
2010-12-20,131.6749,3.4087
2010-12-21,131.6969,3.406
2010-12-22,131.7547,3.3968
2010-12-23,131.6967,3.4118
2010-12-24,131.6917,3.4167
2010-12-27,131.3444,3.4956
2010-12-28,131.3246,3.5039
2010-12-29,131.3655,3.4969
2010-12-30,131.41,3.4907
2010-12-31,131.5316,3.4692
2011-01-04,131.8027,3.4246
2011-01-05,132.0062,3.3855
2011-01-06,131.9759,3.3934
2011-01-07,132.1494,3.36
2011-01-10,132.2227,3.3537
2011-01-11,132.2113,3.3566
2011-01-12,132.2282,3.3557
2011-01-13,132.2718,3.3494
2011-01-14,132.0838,3.3884
2011-01-17,131.9478,3.425
2011-01-18,131.6925,3.4796
2011-01-19,131.6015,3.5003
2011-01-20,131.6622,3.4903
2011-01-21,131.641,3.4984
2011-01-24,131.7565,3.4812
2011-01-25,131.7695,3.4811
2011-01-26,131.7632,3.485
2011-01-27,131.7748,3.4857
2011-01-28,131.7701,3.4894
2011-01-30,131.8078,3.4863
2011-01-31,131.8556,3.4786
2011-02-01,131.8834,3.4752
2011-02-09,131.5925,3.561
2011-02-10,131.5169,3.5788
2011-02-11,131.574,3.5684
2011-02-12,131.5216,3.5838
2011-02-14,131.8317,3.5308
2011-02-15,131.897,3.5182
2011-02-16,131.8097,3.5418
2011-02-17,131.8503,3.5362
2011-02-18,131.8747,3.5329
2011-02-21,131.7443,3.5677
2011-02-22,131.8106,3.5577
2011-02-23,131.9332,3.5353
2011-02-24,132.0701,3.5129
2011-02-25,132.1537,3.4966
2011-02-28,132.2482,3.4857
2011-03-01,132.299,3.4773
2011-03-02,132.336,3.4732
2011-03-03,132.3891,3.4633
2011-03-04,132.3813,3.468
2011-03-07,132.4326,3.4638
2011-03-08,132.5392,3.4459
2011-03-09,132.8474,3.3826
2011-03-10,132.7868,3.3966
2011-03-11,132.755,3.4062
2011-03-14,132.8181,3.4011
2011-03-15,132.8658,3.3939
2011-03-16,132.9306,3.3825
2011-03-17,132.9635,3.378
2011-03-18,132.9813,3.3763
2011-03-21,133.0041,3.3803
2011-03-22,132.9531,3.3925
2011-03-23,132.9552,3.3931
2011-03-24,132.9567,3.395
2011-03-25,132.9264,3.4023
2011-03-28,133.0118,3.3985
2011-03-29,132.9842,3.4062
2011-03-30,133.0318,3.398
2011-03-31,133.0473,3.3976
2011-04-01,133.0819,3.3928
2011-04-02,133.1196,3.3884
2011-04-06,133.0478,3.4252
2011-04-07,133.0796,3.4228
2011-04-08,133.1265,3.4158
2011-04-11,133.1861,3.4119
2011-04-12,133.2987,3.3916
2011-04-13,133.4854,3.3563
2011-04-14,133.5248,3.3507
2011-04-15,133.5381,3.3506
2011-04-18,133.502,3.3668
2011-04-19,133.5358,3.3626
2011-04-20,133.5772,3.3607
2011-04-21,133.6039,3.3583
2011-04-22,133.617,3.3581
2011-04-25,133.6181,3.3663
2011-04-26,133.6036,3.3725
2011-04-27,133.6473,3.3656
2011-04-28,133.6618,3.3655
2011-04-29,133.6882,3.3628
2011-05-03,133.7814,3.3548
2011-05-04,133.7953,3.3545
2011-05-05,133.7928,3.3572
2011-05-06,133.8189,3.3544
2011-05-09,133.8622,3.3529
2011-05-10,133.876,3.353
2011-05-11,133.9016,3.3498
2011-05-12,133.9028,3.3527
2011-05-13,133.8753,3.361
2011-05-16,133.8977,3.3632
2011-05-17,133.8992,3.3653
2011-05-18,133.9035,3.3672
2011-05-19,133.9489,3.3601
2011-05-20,133.9505,3.3632
2011-05-23,134.0206,3.3568
2011-05-24,134.0276,3.3581
2011-05-25,134.113,3.3471
2011-05-26,134.2214,3.3276
2011-05-27,134.2436,3.3251
2011-05-30,134.2978,3.3214
2011-05-31,134.2539,3.3319
2011-06-01,134.197,3.3476
2011-06-02,134.1359,3.3639
2011-06-03,134.1395,3.3655
2011-06-07,134.1514,3.3745
2011-06-08,134.099,3.3851
2011-06-09,134.0268,3.4034
2011-06-10,133.9816,3.4148
2011-06-13,133.9177,3.4353
2011-06-14,133.6776,3.487
2011-06-15,133.4995,3.5268
2011-06-16,133.4048,3.5539
2011-06-17,133.3526,3.5664
2011-06-20,133.4865,3.5471
2011-06-21,133.564,3.5347
2011-06-22,133.5279,3.5444
2011-06-23,133.5583,3.5421
2011-06-24,133.6072,3.5346
2011-06-27,133.7804,3.5096
2011-06-28,133.8314,3.5024
2011-06-29,133.853,3.5001
2011-06-30,133.8817,3.4956
2011-07-01,133.9947,3.4743
2011-07-04,134.0293,3.4758
2011-07-05,134.0901,3.4659
2011-07-06,134.0062,3.4859
2011-07-07,133.9746,3.4942
2011-07-08,134.005,3.4918
2011-07-11,133.991,3.5018
2011-07-12,134.0055,3.5012
2011-07-13,133.9386,3.5189
2011-07-14,133.9113,3.5262
2011-07-15,133.9205,3.5259
2011-07-18,133.8103,3.5548
2011-07-19,133.5605,3.6106
2011-07-20,133.1355,3.7038
2011-07-21,132.9235,3.7496
2011-07-22,132.877,3.7618
2011-07-25,132.9013,3.7663
2011-07-26,132.8837,3.7724
2011-07-27,132.8852,3.7748
2011-07-28,132.9481,3.7635
2011-07-29,133.0152,3.7527
2011-08-01,133.0667,3.7517
2011-08-02,133.0846,3.7503
2011-08-03,132.7928,3.8114
2011-08-04,132.7388,3.8228
2011-08-05,132.8595,3.7994
2011-08-08,132.9761,3.7883
2011-08-09,133.0912,3.7676
2011-08-10,133.0987,3.7709
2011-08-11,133.3066,3.7364
2011-08-12,133.3428,3.7314
2011-08-15,133.4066,3.7286
2011-08-16,133.364,3.7392
2011-08-17,133.3614,3.7431
2011-08-18,133.3759,3.7442
2011-08-19,133.4616,3.7297
2011-08-22,133.5245,3.7281
2011-08-23,133.466,3.7409
2011-08-24,133.5466,3.7324
2011-08-25,133.453,3.7523
2011-08-26,133.3567,3.7737
2011-08-29,132.7625,3.9026
2011-08-30,132.4366,3.972
2011-08-31,132.5367,3.9545
2011-09-01,132.6481,3.9358
2011-09-02,132.7203,3.9242
2011-09-05,132.9236,3.8925
2011-09-06,133.033,3.8748
2011-09-07,132.8095,3.9258
2011-09-08,132.8145,3.9264
2011-09-09,132.9094,3.9114
2011-09-13,133.0427,3.8952
2011-09-14,132.9913,3.9085
2011-09-15,132.913,3.9269
2011-09-16,132.8305,3.9461
2011-09-19,132.8346,3.9542
2011-09-20,132.8849,3.9467
2011-09-21,132.8531,3.9552
2011-09-22,133.0771,3.912
2011-09-23,133.5315,3.8222
2011-09-26,133.9723,3.7423
2011-09-27,133.792,3.7785
2011-09-28,133.7746,3.7852
2011-09-29,134.0203,3.7388
2011-09-30,134.1359,3.7179
2011-10-08,134.2484,3.7144
2011-10-09,134.5657,3.6536
2011-10-10,134.9586,3.5763
2011-10-11,135.0523,3.5589
2011-10-12,135.0171,3.5678
2011-10-13,134.8927,3.5948
2011-10-14,135.0152,3.5723
2011-10-17,134.955,3.5931
2011-10-18,135.1734,3.5523
2011-10-19,135.1602,3.558
2011-10-20,135.2114,3.5501
2011-10-21,135.1309,3.5693
2011-10-24,135.1566,3.5731
2011-10-25,135.0178,3.6035
2011-10-26,135.1288,3.5829
2011-10-27,135.0793,3.594
2011-10-28,135.1267,3.5865
2011-10-31,135.2845,3.5642
2011-11-01,135.5784,3.5075
2011-11-02,135.7826,3.47
2011-11-03,135.7428,3.479
2011-11-04,135.8846,3.4543
2011-11-07,135.914,3.4559
2011-11-08,136.0669,3.4285
2011-11-09,136.4885,3.3471
2011-11-10,137.0374,3.238
2011-11-11,137.0039,3.2458
2011-11-14,137.0865,3.2391
2011-11-15,136.9392,3.2676
2011-11-16,136.9078,3.2777
2011-11-17,136.8456,3.2896
2011-11-18,136.8752,3.2868
2011-11-21,136.7872,3.313
2011-11-22,136.7225,3.3279
2011-11-23,136.966,3.2822
2011-11-24,137.0872,3.262
2011-11-25,137.1371,3.2531
2011-11-28,137.0721,3.2791
2011-11-29,137.0017,3.2956
2011-11-30,137.203,3.2584
2011-12-01,138.0818,3.0912
2011-12-02,138.4153,3.0278
2011-12-05,138.5687,3.0072
2011-12-06,138.5204,3.0176
2011-12-07,138.6125,2.9999
2011-12-08,138.5776,3.0089
2011-12-09,138.658,2.9961
2011-12-12,138.6457,3.0057
2011-12-13,138.5343,3.0289
2011-12-14,138.4682,3.0439
2011-12-15,138.4833,3.0443
2011-12-16,138.5269,3.0388
2011-12-19,138.6027,3.0307
2011-12-20,138.6159,3.0319
2011-12-21,138.5691,3.0442
2011-12-22,138.6095,3.0381
2011-12-23,138.6235,3.0371
2011-12-26,138.6475,3.0387
2011-12-27,138.6645,3.0377
2011-12-28,138.6906,3.0347
2011-12-29,138.774,3.0195
2011-12-30,138.9701,2.9844
2011-12-31,138.9811,2.9827
2012-01-04,139.0554,2.9776
2012-01-05,138.9979,2.9917
2012-01-06,139.136,2.9672
2012-01-09,139.1946,2.9626
2012-01-10,139.209,2.9622
2012-01-11,139.1925,2.9674
2012-01-12,139.2256,2.963
2012-01-13,139.1682,2.9763
2012-01-16,139.1331,2.9904
2012-01-17,139.115,2.9962
2012-01-18,139.1083,2.9993
2012-01-19,139.2058,2.983
2012-01-20,139.2747,2.9711
2012-01-21,139.2635,2.9763
2012-01-29,139.3777,2.9706
2012-01-30,139.3657,2.9747
2012-01-31,139.3312,2.9836
2012-02-01,139.2454,3.0017
2012-02-02,139.2182,3.0093
2012-02-03,139.2465,3.0058
2012-02-06,139.1407,3.0334
2012-02-07,139.1569,3.0319
2012-02-08,139.0305,3.0616
2012-02-09,138.8202,3.1074
2012-02-10,138.8441,3.1049
2012-02-13,139.0291,3.0764
2012-02-14,139.0286,3.0801
2012-02-15,138.8994,3.1075
2012-02-16,138.8531,3.1194
2012-02-17,138.7696,3.1387
2012-02-20,139.0865,3.082
2012-02-21,139.0687,3.089
2012-02-22,138.9893,3.1065
2012-02-23,138.9611,3.1151
2012-02-24,138.965,3.1166
2012-02-27,138.905,3.1351
2012-02-28,138.8543,3.1477
2012-02-29,138.9643,3.1307
2012-03-01,138.9482,3.1364
2012-03-02,138.9159,3.1442
2012-03-05,138.9041,3.1528
2012-03-06,138.9681,3.1428
2012-03-07,138.9726,3.1448
2012-03-08,139.0609,3.1281
2012-03-09,139.0639,3.1305
2012-03-12,139.1746,3.1174
2012-03-13,139.2583,3.1022
2012-03-14,139.1875,3.1186
2012-03-15,139.1142,3.1351
2012-03-16,139.1947,3.1205
2012-03-19,139.1863,3.13
2012-03-20,139.2152,3.1258
2012-03-21,139.2574,3.119
2012-03-22,139.2647,3.1209
2012-03-23,139.3733,3.1048
2012-03-26,139.4642,3.0932
2012-03-27,139.4541,3.0977
2012-03-28,139.4786,3.0956
2012-03-29,139.6566,3.0617
2012-03-30,139.596,3.0756
2012-03-31,139.6626,3.0658
2012-04-01,139.5946,3.08
2012-04-05,139.6825,3.0727
2012-04-06,139.673,3.0766
2012-04-09,139.6952,3.0859
2012-04-10,139.8385,3.059
2012-04-11,139.8505,3.0593
2012-04-12,139.8168,3.0678
2012-04-13,139.7674,3.0795
2012-04-16,139.8239,3.075
2012-04-17,139.8491,3.0723
2012-04-18,139.827,3.0788
2012-04-19,139.771,3.0921
2012-04-20,139.8176,3.0853
2012-04-23,139.9226,3.0734
2012-04-24,139.9628,3.0683
2012-04-25,139.894,3.0854
2012-04-26,139.8684,3.0933
2012-04-27,139.8953,3.0901
2012-04-28,139.8852,3.0949
2012-05-02,139.9303,3.095
2012-05-03,139.9517,3.0932
2012-05-04,139.9317,3.1
2012-05-07,139.9849,3.096
2012-05-08,140.032,3.0894
2012-05-09,140.1085,3.076
2012-05-10,140.2833,3.045
2012-05-11,140.5539,2.9934
2012-05-14,141.2289,2.8654
2012-05-15,141.8825,2.7402
2012-05-16,142.1652,2.6854
2012-05-17,141.8582,2.7502
2012-05-18,142.0684,2.7109
2012-05-21,142.0473,2.7272
2012-05-22,142.0305,2.7312
2012-05-23,142.0074,2.7381
2012-05-24,142.4629,2.6501
2012-05-25,142.864,2.5768
2012-05-28,142.7924,2.5975
2012-05-29,142.6454,2.6256
2012-05-30,142.3817,2.6772
2012-05-31,142.5154,2.6506
2012-06-01,142.6659,2.6216
2012-06-04,142.6727,2.6271
2012-06-05,142.5785,2.6473
2012-06-06,142.5439,2.6571
2012-06-07,142.509,2.6661
2012-06-08,142.7485,2.6209
2012-06-11,142.6695,2.6491
2012-06-12,142.4985,2.6855
2012-06-13,142.3349,2.7197
2012-06-14,142.2207,2.7427
2012-06-15,142.3254,2.7255
2012-06-18,142.0523,2.783
2012-06-19,141.9724,2.8015
2012-06-20,141.8813,2.8216
2012-06-21,142.011,2.798
2012-06-25,142.1107,2.7887
2012-06-26,142.3011,2.7643
2012-06-27,142.4293,2.7417
2012-06-28,142.5647,2.7188
2012-06-29,142.6298,2.7077
2012-07-02,142.6012,2.7187
2012-07-03,142.6099,2.721
2012-07-04,142.6534,2.7134
2012-07-05,142.7224,2.7029
2012-07-06,142.9568,2.6604
2012-07-09,143.1392,2.6388
2012-07-10,143.2327,2.6227
2012-07-11,143.3063,2.6114
2012-07-12,143.3697,2.6021
2012-07-13,143.3454,2.6087
2012-07-16,143.367,2.61
2012-07-17,143.3536,2.6123
2012-07-18,143.3133,2.6212
2012-07-19,143.2859,2.6286
2012-07-20,143.3297,2.6211
2012-07-23,143.3498,2.6311
2012-07-24,143.3698,2.6289
2012-07-25,143.2843,2.6497
2012-07-26,143.2655,2.6574
2012-07-27,143.1929,2.6734
2012-07-30,143.2174,2.6757
2012-07-31,143.1518,2.6898
2012-08-01,143.1569,2.6906
2012-08-02,143.1504,2.6942
2012-08-03,143.1406,2.6981
2012-08-06,143.0529,2.7202
2012-08-07,142.9941,2.734
2012-08-08,142.8213,2.769
2012-08-09,142.8527,2.7643
2012-08-10,142.8731,2.7611
2012-08-13,142.9026,2.7619
2012-08-14,142.7691,2.7908
2012-08-15,142.5422,2.8352
2012-08-16,142.4884,2.8488
2012-08-17,142.3989,2.8685
2012-08-20,142.1468,2.9343
2012-08-21,142.0882,2.9485
2012-08-22,141.7385,3.0172
2012-08-23,141.7647,3.0209
2012-08-24,141.8504,3.008
2012-08-27,141.8902,3.0096
2012-08-28,141.8104,3.0279
2012-08-29,141.7803,3.0367
2012-08-30,141.7259,3.0673
2012-08-31,141.7175,3.0701
2012-09-03,141.8036,3.0607
2012-09-04,141.9507,3.0366
2012-09-05,141.9195,3.0447
2012-09-06,141.9335,3.0446
2012-09-07,141.6469,3.0975
2012-09-10,141.417,3.1432
2012-09-11,141.3053,3.1644
2012-09-12,141.0015,3.2205
2012-09-13,140.9426,3.2341
2012-09-14,140.7096,3.2781
2012-09-17,140.5219,3.3175
2012-09-18,140.807,3.2683
2012-09-19,140.768,3.278
2012-09-20,140.8659,3.2642
2012-09-21,140.9118,3.2581
2012-09-24,140.8992,3.2676
2012-09-25,141.201,3.2152
2012-09-26,141.4936,3.168
2012-09-27,141.6566,3.1421
2012-09-28,141.6217,3.1496
2012-09-29,141.6237,3.1504
2012-10-08,141.5711,3.1801
2012-10-09,141.5725,3.1822
2012-10-10,141.5312,3.1916
2012-10-11,141.5937,3.1821
2012-10-12,141.7356,3.1589
2012-10-15,141.8202,3.1511
2012-10-16,141.7899,3.1575
2012-10-17,141.7263,3.1716
2012-10-18,141.7184,3.1752
2012-10-19,141.6652,3.1866
2012-10-22,141.7439,3.1809
2012-10-23,141.7164,3.1874
2012-10-24,141.6348,3.2048
2012-10-25,141.6504,3.2046
2012-10-26,141.6382,3.2083
2012-10-29,141.757,3.1942
2012-10-30,141.8223,3.1835
2012-10-31,141.8509,3.1805
2012-11-01,141.7427,3.2024
2012-11-02,141.8582,3.185
2012-11-05,141.9451,3.1763
2012-11-06,141.9952,3.1707
2012-11-07,142.0066,3.1707
2012-11-08,142.0133,3.1705
2012-11-09,142.1482,3.1487
2012-11-12,142.154,3.1542
2012-11-13,142.2388,3.1416
2012-11-14,142.2586,3.1406
2012-11-15,142.2479,3.1442
2012-11-16,142.366,3.1253
2012-11-19,142.6105,3.0877
2012-11-20,142.608,3.0907
2012-11-21,142.5309,3.1055
2012-11-22,142.4291,3.124
2012-11-23,142.4125,3.1291
2012-11-26,142.3758,3.1455
2012-11-27,142.3216,3.1565
2012-11-28,142.2433,3.1725
2012-11-29,142.196,3.1834
2012-11-30,142.1429,3.1959
2012-12-03,142.1589,3.2027
2012-12-04,142.0941,3.2168
2012-12-05,142.0494,3.2272
2012-12-06,142.0599,3.2289
2012-12-07,142.0534,3.2324
2012-12-10,142.0415,3.2411
2012-12-11,142.0747,3.2375
2012-12-12,142.1156,3.2324
2012-12-13,142.1319,3.2315
2012-12-14,142.124,3.2355
2012-12-17,142.1383,3.2394
2012-12-18,142.1774,3.2359
2012-12-19,142.1819,3.2371
2012-12-20,142.1739,3.2408
2012-12-21,142.1942,3.2395
2012-12-24,142.2288,3.24
2012-12-25,142.2369,3.2406
2012-12-26,142.2893,3.234
2012-12-27,142.5084,3.1971
2012-12-28,142.6001,3.1824
2012-12-31,142.6977,3.1719
2013-01-04,142.5244,3.2117
2013-01-05,142.6573,3.1895
2013-01-06,142.7143,3.1819
2013-01-07,142.7159,3.1836
2013-01-08,142.8619,3.1594
2013-01-09,142.8161,3.169
2013-01-10,142.7509,3.1833
2013-01-11,142.5606,3.2187
2013-01-14,142.5738,3.2233
2013-01-15,142.6193,3.2177
2013-01-16,142.6215,3.2194
2013-01-17,142.6965,3.2088
2013-01-18,142.8295,3.1872
2013-01-21,142.9009,3.1811
2013-01-22,142.9194,3.1798
2013-01-23,142.8145,3.2015
2013-01-24,142.7893,3.2082
2013-01-25,142.8087,3.2071
2013-01-28,142.7568,3.224
2013-01-29,142.7668,3.2236
2013-01-30,142.7155,3.2354
2013-01-31,142.7693,3.2275
2013-02-01,142.7989,3.2243
2013-02-04,142.8209,3.2272
2013-02-05,142.8614,3.2218
2013-02-06,142.8856,3.2191
2013-02-07,142.9298,3.213
2013-02-08,142.9572,3.2095
2013-02-16,143.0854,3.2066
2013-02-17,143.1188,3.2027
2013-02-18,143.0177,3.2299
2013-02-19,142.9968,3.2358
2013-02-20,143.0333,3.2316
2013-02-21,142.9941,3.241
2013-02-22,142.9508,3.2518
2013-02-25,142.8797,3.2719
2013-02-26,142.8834,3.2734
2013-02-27,142.9467,3.2642
2013-02-28,142.9299,3.2695
2013-03-01,142.914,3.2747
2013-03-04,143.1246,3.2446
2013-03-05,143.1529,3.2416
2013-03-06,143.18,3.2394
2013-03-07,143.1457,3.2475
2013-03-08,143.1445,3.2501
2013-03-11,143.0845,3.2676
2013-03-12,143.159,3.2564
2013-03-13,143.2131,3.2494
2013-03-14,143.2071,3.2527
2013-03-15,143.1558,3.2641
2013-03-18,143.218,3.2596
2013-03-19,143.2323,3.2593
2013-03-20,143.2395,3.2606
2013-03-21,143.2097,3.2685
2013-03-22,143.2304,3.2669
2013-03-25,143.2897,3.2629
2013-03-26,143.3078,3.2617
2013-03-27,143.307,3.2647
2013-03-28,143.3602,3.2602
2013-03-29,143.3882,3.2574
2013-04-01,143.5473,3.2362
2013-04-02,143.6861,3.2135
2013-04-03,143.8095,3.193
2013-04-07,143.9397,3.1781
2013-04-08,143.7992,3.2071
2013-04-09,143.8973,3.1914
2013-04-10,144.0093,3.1735
2013-04-11,143.9512,3.1865
2013-04-12,144.0169,3.1767
2013-04-15,144.1204,3.1641
2013-04-16,144.3286,3.1288
2013-04-17,144.2167,3.1532
2013-04-18,144.1185,3.1729
2013-04-19,144.0889,3.1806
2013-04-22,144.0623,3.1919
2013-04-23,144.2532,3.1599
2013-04-24,144.2564,3.1617
2013-04-25,144.2443,3.165
2013-04-26,144.4516,3.1304
2013-04-27,144.5147,3.121
2013-04-28,144.5769,3.1113
2013-05-02,144.6453,3.109
2013-05-03,144.7188,3.0982
2013-05-06,144.5945,3.1267
2013-05-07,144.9284,3.0702
2013-05-08,144.7784,3.0996
2013-05-09,144.7416,3.1076
2013-05-10,144.8415,3.092
2013-05-13,144.8793,3.092
2013-05-14,144.8644,3.0976
2013-05-15,144.8609,3.1002
2013-05-16,144.8539,3.1036
2013-05-17,144.8346,3.1089
2013-05-20,144.8326,3.1161
2013-05-21,144.8252,3.1199
2013-05-22,144.8357,3.1204
2013-05-23,144.8678,3.117
2013-05-24,144.9166,3.1103
2013-05-27,144.9791,3.1055
2013-05-28,145.0773,3.0896
2013-05-29,144.9142,3.1205
2013-05-30,144.9237,3.1212
2013-05-31,144.8499,3.1369
2013-06-03,144.8391,3.1462
2013-06-04,144.8243,3.1512
2013-06-05,144.7887,3.16
2013-06-06,144.6967,3.1805
2013-06-07,144.5484,3.2111
2013-06-08,144.4978,3.2234
2013-06-09,144.6595,3.1945
2013-06-13,144.6044,3.2174
2013-06-14,144.4845,3.2429
2013-06-17,144.4321,3.2597
2013-06-18,144.3266,3.2824
2013-06-19,143.8528,3.3739
2013-06-20,142.6569,3.6019
2013-06-21,142.7965,3.5785
2013-06-24,142.98,3.5517
2013-06-25,143.2479,3.5028
2013-06-26,144.0571,3.3546
2013-06-27,144.2349,3.3248
2013-06-28,144.4172,3.2925
2013-07-01,144.4708,3.2894
2013-07-02,144.5574,3.2743
2013-07-03,144.6311,3.2625
2013-07-04,144.6927,3.2532
2013-07-05,144.7307,3.2482
2013-07-08,144.5797,3.2836
2013-07-09,144.4644,3.3077
2013-07-10,144.3308,3.3354
2013-07-11,144.091,3.3833
2013-07-12,143.8203,3.437
2013-07-15,143.8181,3.4451
2013-07-16,143.8026,3.45
2013-07-17,143.7143,3.4688
2013-07-18,143.6484,3.4845
2013-07-19,143.6391,3.4892
2013-07-22,143.3817,3.5466
2013-07-23,143.0253,3.6175
2013-07-24,142.7382,3.6731
2013-07-25,142.9164,3.6405
2013-07-26,143.0216,3.6238
2013-07-29,143.0041,3.6355
2013-07-30,143.0238,3.634
2013-07-31,143.0981,3.6238
2013-08-01,143.1723,3.6131
2013-08-02,143.2693,3.5967
2013-08-05,143.2345,3.6114
2013-08-06,143.1911,3.6226
2013-08-07,143.0344,3.6541
2013-08-08,142.7364,3.7135
2013-08-09,142.6508,3.7329
2013-08-12,142.5883,3.7529
2013-08-13,142.2357,3.8236
2013-08-14,141.9791,3.8772
2013-08-15,142.0056,3.8745
2013-08-16,142.0916,3.8616
2013-08-19,141.9739,3.8941
2013-08-20,141.6819,3.9525
2013-08-21,141.8069,3.9328
2013-08-22,141.8472,3.9278
2013-08-23,142.1251,3.8771
2013-08-26,142.3211,3.848
2013-08-27,142.3137,3.8525
2013-08-28,142.149,3.8868
2013-08-29,142.1017,3.8989
2013-08-30,142.1173,3.8981
2013-09-02,142.1199,3.9065
2013-09-03,142.0995,3.9136
2013-09-04,141.9289,3.949
2013-09-05,141.9445,3.9499
2013-09-06,141.9638,3.9491
2013-09-09,141.9477,3.9611
2013-09-10,141.8382,3.985
2013-09-11,141.7151,4.0121
2013-09-12,141.7634,4.0053
2013-09-13,141.7949,4.0018
2013-09-16,141.8896,3.9919
2013-09-17,142.002,3.9725
2013-09-18,141.9902,3.9779
2013-09-22,142.3638,3.9168
2013-09-23,142.3213,3.9289
2013-09-24,142.3443,3.9275
2013-09-25,142.5733,3.8857
2013-09-26,142.7853,3.8474
2013-09-27,142.8321,3.8417
2013-09-29,142.8071,3.8522
2013-09-30,142.825,3.8515
2013-10-08,143.049,3.831
2013-10-09,143.0051,3.8427
2013-10-10,143.0512,3.8364
2013-10-11,143.053,3.8383
2013-10-12,143.0637,3.8393
2013-10-14,143.0078,3.8573
2013-10-15,142.9476,3.8723
2013-10-16,142.8197,3.8995
2013-10-17,142.9457,3.8775
2013-10-18,142.8321,3.9031
2013-10-21,142.8249,3.9138
2013-10-22,142.7682,3.9283
2013-10-23,142.7874,3.9285
2013-10-24,142.5746,3.9727
2013-10-25,142.4081,4.0089
2013-10-28,142.4054,4.0176
2013-10-29,142.2663,4.048
2013-10-30,142.1949,4.0653
2013-10-31,142.2518,4.0583
2013-11-01,142.4295,4.0262
2013-11-04,142.4215,4.0366
2013-11-05,142.2847,4.0667
2013-11-06,141.8191,4.161
2013-11-07,141.6794,4.1917
2013-11-08,141.4063,4.2497
2013-11-11,140.7649,4.3875
2013-11-12,140.8826,4.3677
2013-11-13,140.6374,4.42
2013-11-14,140.7127,4.4076
2013-11-15,140.3303,4.4873
2013-11-18,140.2646,4.5107
2013-11-19,140.2723,4.5127
2013-11-20,140.1025,4.5508
2013-11-21,140.2481,4.5238
2013-11-22,140.4499,4.4853
2013-11-25,140.5381,4.479
2013-11-26,140.62,4.466
2013-11-27,140.9689,4.4001
2013-11-28,141.168,4.3635
2013-11-29,141.4582,4.3093
2013-12-02,141.1744,4.3761
2013-12-03,141.2042,4.3724
2013-12-04,141.2564,4.3654
2013-12-05,141.0205,4.4166
2013-12-06,140.9372,4.4373
2013-12-09,140.8815,4.4578
2013-12-10,140.6861,4.5001
2013-12-11,140.8803,4.4642
2013-12-12,141.0174,4.4411
2013-12-13,141.2328,4.4012
2013-12-16,141.149,4.4275
2013-12-17,141.1344,4.4336
2013-12-18,141.0122,4.4625
2013-12-19,140.8825,4.4937
2013-12-20,140.9216,4.4886
2013-12-23,140.9961,4.4832
2013-12-24,141.0461,4.4768
2013-12-25,141.1223,4.4651
2013-12-26,141.1487,4.4625
2013-12-27,141.1672,4.4627
2013-12-30,141.181,4.4706
2013-12-31,141.1233,4.4859
2014-01-02,141.0756,4.5023
2014-01-03,141.0873,4.502
2014-01-06,141.1025,4.5085
2014-01-07,141.163,4.4998
2014-01-08,141.2604,4.4844
2014-01-09,141.4053,4.4586
2014-01-10,141.3907,4.4653
2014-01-13,141.4547,4.4627
2014-01-14,141.5488,4.4466
2014-01-15,141.6414,4.432
2014-01-16,141.7039,4.4227
2014-01-17,141.8157,4.4029
2014-01-20,141.8703,4.4016
2014-01-21,142.1933,4.3383
2014-01-22,142.5642,4.2645
2014-01-23,142.4745,4.2862
2014-01-24,142.6204,4.2576
2014-01-26,143.0139,4.1817
2014-01-27,143.0285,4.1848
2014-01-28,143.068,4.183
2014-01-29,143.1049,4.177
2014-01-30,143.0779,4.1875
2014-02-07,143.4553,4.1343
2014-02-08,143.4349,4.142
2014-02-10,143.3962,4.1557
2014-02-11,143.4126,4.1549
2014-02-12,143.5189,4.1364
2014-02-13,143.6304,4.1132
2014-02-14,143.7164,4.1001
2014-02-17,143.7796,4.1023
2014-02-18,143.7323,4.1132
2014-02-19,143.7465,4.1159
2014-02-20,143.7232,4.1235
2014-02-21,143.8875,4.0931
2014-02-24,144.0074,4.0798
2014-02-25,144.3797,4.0059
2014-02-26,144.2908,4.026
2014-02-27,144.7324,3.9386
2014-02-28,144.5448,3.9821
2014-03-03,144.4363,4.0141
2014-03-04,144.3092,4.0411
2014-03-05,144.179,4.0708
2014-03-06,144.1637,4.0766
2014-03-07,144.167,4.0801
2014-03-10,144.4669,4.0311
2014-03-11,144.503,4.0279
2014-03-12,144.5873,4.0192
2014-03-13,144.7601,3.9881
2014-03-14,144.8298,3.9771
2014-03-17,144.8814,3.9778
2014-03-18,144.7695,4.0046
2014-03-19,144.5842,4.0468
2014-03-20,144.4527,4.0785
2014-03-21,144.5551,4.0615
2014-03-24,144.5741,4.0706
2014-03-25,144.6147,4.0649
2014-03-26,144.6347,4.0646
2014-03-27,144.6553,4.0632
2014-03-28,144.5645,4.0851
2014-03-31,144.5909,4.0904
2014-04-01,144.5854,4.0955
2014-04-02,144.588,4.0991
2014-04-03,144.5192,4.1152
2014-04-04,144.5293,4.1172
2014-04-08,144.5417,4.1272
2014-04-09,144.4583,4.1495
2014-04-10,144.3265,4.1822
2014-04-11,144.5185,4.1448
2014-04-14,144.6144,4.1359
2014-04-15,144.6519,4.1321
2014-04-16,144.6508,4.1361
2014-04-17,145.1027,4.0473
2014-04-18,145.1435,4.0405
2014-04-21,145.1849,4.0415
2014-04-22,145.2159,4.0389
2014-04-23,145.1475,4.0585
2014-04-24,145.0803,4.0765
2014-04-25,145.1726,4.06
2014-04-28,145.2299,4.0587
2014-04-29,145.22,4.0649
2014-04-30,145.238,4.0638
2014-05-04,145.3497,4.0526
2014-05-05,145.3369,4.0588
2014-05-06,145.4155,4.0471
2014-05-07,145.4425,4.0448
2014-05-08,145.6538,4.0047
2014-05-09,145.844,3.9698
2014-05-12,145.8642,3.9768
2014-05-13,145.8295,3.9873
2014-05-14,145.8148,3.9923
2014-05-15,145.8362,3.9913
2014-05-16,145.7863,4.0053
2014-05-19,145.902,3.9898
2014-05-20,145.856,4.0033
2014-05-21,145.878,4.002
2014-05-22,145.9474,3.9908
2014-05-23,145.9689,3.9904
2014-05-26,146.0489,3.9841
2014-05-27,146.1223,3.9714
2014-05-28,146.2922,3.9406
2014-05-29,146.3537,3.932
2014-05-30,146.4591,3.9132
2014-06-03,146.9172,3.8317
2014-06-04,147.0398,3.8103
2014-06-05,147.0773,3.8063
2014-06-06,147.0094,3.8236
2014-06-09,147.0666,3.822
2014-06-10,147.2264,3.793
2014-06-11,147.2881,3.7844
2014-06-12,147.3244,3.7789
2014-06-13,147.2472,3.7985
2014-06-16,147.4037,3.7752
2014-06-17,147.3721,3.7856
2014-06-18,147.3337,3.7969
2014-06-19,147.4069,3.7858
2014-06-20,147.4398,3.7822
2014-06-23,147.4435,3.7909
2014-06-24,147.4687,3.7892
2014-06-25,147.525,3.781
2014-06-26,147.52,3.7859
2014-06-27,147.5353,3.7856
2014-06-30,147.4478,3.8143
2014-07-01,147.389,3.831
2014-07-02,147.1647,3.8786
2014-07-03,147.0024,3.9146
2014-07-04,146.9326,3.931
2014-07-07,147.0996,3.9046
2014-07-08,147.1157,3.9034
2014-07-09,147.1508,3.9004
2014-07-10,147.1676,3.8999
2014-07-11,147.1536,3.9061
2014-07-14,147.145,3.9179
2014-07-15,147.125,3.9243
2014-07-16,146.9824,3.9577
2014-07-17,146.7862,4.0002
2014-07-18,146.7146,4.0167
2014-07-21,146.9291,3.9801
2014-07-22,146.9564,3.9793
2014-07-23,147.0584,3.9621
2014-07-24,147.0733,3.9622
2014-07-25,147.135,3.9523
2014-07-28,147.2736,3.9349
2014-07-29,147.1829,3.9567
2014-07-30,147.1254,3.9723
2014-07-31,147.2015,3.9613
2014-08-01,147.239,3.9579
2014-08-04,147.309,3.9525
2014-08-05,147.3273,3.9522
2014-08-06,147.3556,3.9502
2014-08-07,147.3438,3.9567
2014-08-08,147.4284,3.9404
2014-08-11,147.4267,3.9521
2014-08-12,147.4059,3.9613
2014-08-13,147.4634,3.9521
2014-08-14,147.6471,3.9174
2014-08-15,147.5779,3.9345
2014-08-18,147.6344,3.9352
2014-08-19,147.5316,3.958
2014-08-20,147.4839,3.9706
2014-08-21,147.5475,3.9601
2014-08-22,147.5541,3.9622
2014-08-25,147.597,3.9631
2014-08-26,147.5002,3.9872
2014-08-27,147.6512,3.9588
2014-08-28,147.7046,3.9522
2014-08-29,147.667,3.9636
2014-09-01,147.7305,3.9646
2014-09-02,147.7846,3.9585
2014-09-03,147.7034,3.9762
2014-09-04,147.7464,3.9716
2014-09-05,147.7714,3.9698
2014-09-09,147.8144,3.9752
2014-09-10,147.5848,4.0205
2014-09-11,147.5744,4.025
2014-09-12,147.6529,4.0135
2014-09-15,147.7894,3.9963
2014-09-16,147.7689,4.0027
2014-09-17,147.9079,3.9797
2014-09-18,148.1124,3.9428
2014-09-19,148.3714,3.8977
2014-09-22,148.4406,3.8924
2014-09-23,148.6022,3.8661
2014-09-24,148.3771,3.9112
2014-09-25,148.4987,3.8938
2014-09-26,148.5048,3.8954
2014-09-28,148.5626,3.8894
2014-09-29,148.633,3.8782
2014-09-30,148.6968,3.8697
2014-10-08,148.7676,3.879
2014-10-09,148.7518,3.8846
2014-10-10,148.7843,3.8813
2014-10-11,148.8937,3.8645
2014-10-13,149.0146,3.8483
2014-10-14,149.4332,3.7742
2014-10-15,149.7519,3.7219
2014-10-16,149.9087,3.693
2014-10-17,150.2739,3.6346
2014-10-20,150.6162,3.5794
2014-10-21,150.755,3.5544
2014-10-22,150.8474,3.5435
2014-10-23,150.8163,3.5504
2014-10-24,150.8147,3.5515
2014-10-27,150.8025,3.5617
2014-10-28,150.9092,3.5446
2014-10-29,151.0491,3.5207
2014-10-30,151.1198,3.5111
2014-10-31,151.1481,3.5083
2014-11-03,151.4014,3.468
2014-11-04,151.6818,3.4174
2014-11-05,151.749,3.4088
2014-11-06,151.737,3.4186
2014-11-07,151.9604,3.3811
2014-11-10,152.3081,3.3289
2014-11-11,152.5051,3.2974
2014-11-12,152.3892,3.3174
2014-11-13,152.1959,3.3532
2014-11-14,152.0915,3.3749
2014-11-17,151.8969,3.4165
2014-11-18,151.8848,3.4217
2014-11-19,151.878,3.427
2014-11-20,151.8746,3.4324
2014-11-21,151.7413,3.4576
2014-11-24,152.3289,3.3605
2014-11-25,152.2991,3.3664
2014-11-26,152.3331,3.3639
2014-11-27,152.2375,3.382
2014-11-28,152.37,3.363
2014-12-01,152.4611,3.3534
2014-12-02,152.2609,3.3907
2014-12-03,151.9638,3.4472
2014-12-04,151.7718,3.4839
2014-12-05,151.3566,3.5597
2014-12-08,151.1891,3.5961
2014-12-09,151.1088,3.6164
2014-12-10,151.5627,3.536
2014-12-11,151.6657,3.521
2014-12-12,151.5426,3.545
2014-12-15,151.3951,3.5786
2014-12-16,151.5369,3.5571
2014-12-17,151.6256,3.5448
2014-12-18,151.6475,3.5453
2014-12-19,151.6851,3.5432
2014-12-22,151.7843,3.5334
2014-12-23,151.8871,3.5153
2014-12-24,152.1536,3.4716
2014-12-25,152.2101,3.4634
2014-12-26,152.0818,3.4878
2014-12-29,152.2813,3.459
2014-12-30,152.3387,3.4521
2014-12-31,152.3201,3.458
2015-01-04,152.3554,3.4606
2015-01-05,152.3739,3.46
2015-01-06,152.4381,3.4513
2015-01-07,152.597,3.4245
2015-01-08,152.5037,3.4409
2015-01-09,152.5101,3.4429
2015-01-12,152.6917,3.4238
2015-01-13,152.9377,3.3829
2015-01-14,153.1023,3.3559
2015-01-15,152.994,3.3741
2015-01-16,153.2647,3.3314
2015-01-19,153.298,3.3317
2015-01-20,153.3589,3.3221
2015-01-21,153.4128,3.3175
2015-01-22,153.5227,3.3011
2015-01-23,153.6463,3.2812
2015-01-26,153.82,3.2696
2015-01-27,153.8898,3.2616
2015-01-28,153.7291,3.294
2015-01-29,153.6155,3.3154
2015-01-30,153.4769,3.3426
2015-02-02,153.6293,3.3251
2015-02-03,153.6351,3.3262
2015-02-04,153.6922,3.3163
2015-02-05,153.9695,3.2741
2015-02-06,153.9445,3.2789
2015-02-09,154.0225,3.2723
2015-02-10,154.0662,3.2675
2015-02-11,154.1842,3.2501
2015-02-12,154.3151,3.2303
2015-02-13,154.5087,3.1993
2015-02-15,154.7157,3.169
2015-02-16,154.7616,3.1643
2015-02-17,154.7844,3.1649
2015-02-25,154.8732,3.1662
2015-02-26,154.8967,3.1644
2015-02-27,154.7884,3.1862
2015-02-28,154.748,3.1959
2015-03-02,154.7351,3.2029
2015-03-03,154.6805,3.2147
2015-03-04,154.6342,3.2271
2015-03-05,154.5049,3.2535
2015-03-06,154.3236,3.2889
2015-03-09,154.2498,3.3079
2015-03-10,154.2153,3.3164
2015-03-11,154.3187,3.3006
2015-03-12,154.3774,3.2934
2015-03-13,154.3856,3.294
2015-03-16,154.3531,3.3065
2015-03-17,154.2946,3.3201
2015-03-18,154.3601,3.3104
2015-03-19,154.4038,3.304
2015-03-20,154.4292,3.3028
2015-03-23,154.4864,3.3023
2015-03-24,154.4677,3.3077
2015-03-25,154.5061,3.303
2015-03-26,154.3443,3.3316
2015-03-27,154.28,3.3448
2015-03-30,154.179,3.3702
2015-03-31,154.0073,3.4034
2015-04-01,154.0902,3.3913
2015-04-02,154.2175,3.3706
2015-04-03,154.2951,3.3602
2015-04-07,154.2886,3.3711
2015-04-08,154.1669,3.3954
2015-04-09,154.1725,3.3963
2015-04-10,154.2971,3.3753
2015-04-13,154.3108,3.3803
2015-04-14,154.4806,3.3516
2015-04-15,154.6416,3.3259
2015-04-16,154.6475,3.3278
2015-04-17,154.6381,3.3325
2015-04-20,155.1432,3.2681
2015-04-21,155.2784,3.2472
2015-04-22,155.3375,3.2401
2015-04-23,155.1658,3.2741
2015-04-24,155.0776,3.2915
2015-04-27,155.242,3.2703
2015-04-28,155.2905,3.2645
2015-04-29,155.3645,3.2553
2015-04-30,155.441,3.2436
2015-05-04,155.5297,3.2371
2015-05-05,155.4975,3.2483
2015-05-06,155.4343,3.2581
2015-05-07,155.4835,3.2508
2015-05-08,155.6112,3.231
2015-05-11,155.8336,3.1987
2015-05-12,156.1614,3.1451
2015-05-13,156.7122,3.0549
2015-05-14,157.2456,2.9639
2015-05-15,157.3422,2.9456
2015-05-18,157.2095,2.9738
2015-05-19,156.9582,3.0195
2015-05-20,157.0288,3.0075
2015-05-21,156.9981,3.0151
2015-05-22,156.9722,3.0208
2015-05-25,156.8732,3.0422
2015-05-26,156.6352,3.0881
2015-05-27,156.7034,3.0799
2015-05-28,156.4412,3.1227
2015-05-29,156.3957,3.1341
2015-06-01,156.2588,3.1752
2015-06-02,156.4241,3.1501
2015-06-03,156.5137,3.1377
2015-06-04,156.5665,3.1304
2015-06-05,156.6061,3.1247
2015-06-08,156.7558,3.1055
2015-06-09,156.7784,3.1041
2015-06-10,156.7168,3.1177
2015-06-11,156.5841,3.1423
2015-06-12,156.6598,3.1324
2015-06-15,156.5697,3.1547
2015-06-16,156.5612,3.1589
2015-06-17,156.5564,3.1638
2015-06-18,156.6568,3.1479
2015-06-19,156.8897,3.1099
2015-06-23,156.8789,3.1201
2015-06-24,156.8676,3.1295
2015-06-25,156.8938,3.1299
2015-06-26,156.8362,3.1403
2015-06-29,156.8967,3.1383
2015-06-30,156.9117,3.1388
2015-07-01,157.0153,3.1245
2015-07-02,157.0571,3.1183
2015-07-03,157.1425,3.1067
2015-07-06,157.4677,3.0574
2015-07-07,157.4453,3.0631
2015-07-08,157.555,3.0586
2015-07-09,157.7888,3.0204
2015-07-10,157.7437,3.0298
2015-07-13,157.6783,3.064
2015-07-14,157.6144,3.0759
2015-07-15,157.6235,3.0761
2015-07-16,157.6696,3.0709
2015-07-17,157.7203,3.0656
2015-07-20,157.7545,3.0664
2015-07-21,157.7681,3.0639
2015-07-22,157.7379,3.0738
2015-07-23,157.7772,3.0689
2015-07-24,157.857,3.0586
2015-07-27,157.8921,3.0587
2015-07-28,157.7651,3.0838
2015-07-29,157.8975,3.0633
2015-07-30,157.8058,3.0827
2015-07-31,157.7688,3.0901
2015-08-03,157.7202,3.1051
2015-08-04,157.7581,3.1002
2015-08-05,157.7319,3.1071
2015-08-06,157.8541,3.0912
2015-08-07,157.8541,3.0944
2015-08-10,157.8919,3.095
2015-08-11,157.6801,3.1352
2015-08-12,157.5679,3.1546
2015-08-13,157.5674,3.1547
2015-08-14,157.6807,3.1368
2015-08-17,157.7077,3.1399
2015-08-18,157.7257,3.1385
2015-08-19,157.6951,3.1472
2015-08-20,157.7114,3.1469
2015-08-21,157.7944,3.1347
2015-08-24,157.8238,3.1384
2015-08-25,157.9729,3.1167
2015-08-26,157.945,3.1229
2015-08-27,158.0392,3.1103
2015-08-28,158.1733,3.0894
2015-08-31,158.242,3.0863
2015-09-01,158.2822,3.0815
2015-09-02,158.182,3.1015
2015-09-06,158.2708,3.0947
2015-09-07,158.1608,3.1159
2015-09-08,158.1888,3.114
2015-09-09,158.0501,3.1406
2015-09-10,158.0989,3.1356
2015-09-11,158.1369,3.1305
2015-09-14,158.1828,3.1287
2015-09-15,158.2751,3.1167
2015-09-16,158.3023,3.1137
2015-09-17,158.3015,3.1207
2015-09-18,158.3319,3.1177
2015-09-21,158.3735,3.1174
2015-09-22,158.4046,3.1143
2015-09-23,158.4072,3.1198
2015-09-24,158.4271,3.1178
2015-09-25,158.5,3.1083
2015-09-28,158.6027,3.0976
2015-09-29,158.8808,3.0524
2015-09-30,158.9599,3.0407
2015-10-08,159.104,3.034
2015-10-09,159.37,2.9903
2015-10-10,159.6076,2.9528
2015-10-12,159.5625,2.9647
2015-10-13,159.7476,2.9361
2015-10-14,159.977,2.9061
2015-10-15,159.9848,2.9027
2015-10-16,159.8031,2.9362
2015-10-19,159.8812,2.9316
2015-10-20,160.0371,2.9084
2015-10-21,160.0214,2.912
2015-10-22,160.1131,2.9004
2015-10-23,160.2211,2.8846
2015-10-26,160.3756,2.8667
2015-10-27,160.5824,2.8345
2015-10-28,160.6781,2.8218
2015-10-29,160.5455,2.8438
2015-10-30,160.4134,2.867
2015-11-02,160.5121,2.8566
2015-11-03,160.4051,2.8755
2015-11-04,160.264,2.9007
2015-11-05,160.2725,2.9027
2015-11-06,160.2258,2.9124
2015-11-09,160.0332,2.9514
2015-11-10,159.9257,2.9706
2015-11-11,159.9535,2.9691
2015-11-12,160.02,2.9602
2015-11-13,160.1081,2.9473
2015-11-16,160.1784,2.9432
2015-11-17,160.148,2.9498
2015-11-18,160.1167,2.9568
2015-11-19,160.0918,2.964
2015-11-20,160.0801,2.9712
2015-11-23,160.1649,2.9608
2015-11-24,160.2769,2.9456
2015-11-25,160.3701,2.9332
2015-11-26,160.4981,2.9156
2015-11-27,160.6032,2.9013
2015-11-30,160.6387,2.9003
2015-12-01,160.756,2.882
2015-12-02,160.82,2.8728
2015-12-03,161.0163,2.8414
2015-12-04,161.1372,2.8236
2015-12-07,161.1022,2.8366
2015-12-08,161.2384,2.8165
2015-12-09,161.1994,2.8273
2015-12-10,161.297,2.8131
2015-12-11,161.4166,2.7944
2015-12-14,161.3163,2.8152
2015-12-15,161.3455,2.8129
2015-12-16,161.3874,2.8111
2015-12-17,161.6394,2.7706
2015-12-18,161.8462,2.7385
2015-12-21,162.1808,2.6882
2015-12-22,162.4367,2.6488
2015-12-23,162.4375,2.6507
2015-12-24,162.4945,2.6417
2015-12-25,162.5174,2.6398
2015-12-28,162.6301,2.6265
2015-12-29,162.7084,2.6146
2015-12-30,162.6373,2.6276
2015-12-31,162.6445,2.6294
2016-01-04,162.4512,2.6669
2016-01-05,162.2609,2.702
2016-01-06,162.2288,2.7106
2016-01-07,162.2389,2.7118
2016-01-08,162.3243,2.7014
2016-01-11,162.5478,2.6687
2016-01-12,162.628,2.661
2016-01-13,162.9914,2.6009
2016-01-14,162.9768,2.605
2016-01-15,163.0109,2.6018
2016-01-18,162.9904,2.6082
2016-01-19,162.8488,2.6336
2016-01-20,162.6557,2.6666
2016-01-21,162.6663,2.6693
2016-01-22,162.754,2.6558
2016-01-25,162.5663,2.6916
2016-01-26,162.4812,2.7063
2016-01-27,162.3749,2.7267
2016-01-28,162.3889,2.7261
2016-01-29,162.5211,2.7062
2016-02-01,162.6873,2.6841
2016-02-02,162.6604,2.6905
2016-02-03,162.6577,2.6918
2016-02-04,162.7214,2.6833
2016-02-05,162.7867,2.675
2016-02-06,162.7796,2.6777
2016-02-14,162.9364,2.6696
2016-02-15,163.0107,2.6593
2016-02-16,162.9571,2.6715
2016-02-17,162.9557,2.6733
2016-02-18,163.0261,2.6628
2016-02-19,163.0435,2.663
2016-02-22,163.1057,2.6577
2016-02-23,163.1517,2.6526
2016-02-24,163.256,2.6358
2016-02-25,163.2123,2.6454
2016-02-26,163.2753,2.6367
2016-02-29,163.3005,2.6396
2016-03-01,163.5816,2.5944
2016-03-02,163.5983,2.5934
2016-03-03,163.6058,2.5939
2016-03-04,163.6489,2.5884
2016-03-07,163.6308,2.5975
2016-03-08,163.6043,2.6026
2016-03-09,163.6792,2.5881
2016-03-10,163.7886,2.5721
2016-03-11,163.9068,2.5561
2016-03-14,163.9771,2.5513
2016-03-15,164.1308,2.5266
2016-03-16,164.2103,2.5138
2016-03-17,164.3763,2.4901
2016-03-18,164.3761,2.4918
2016-03-21,164.3711,2.4981
2016-03-22,164.4559,2.4862
2016-03-23,164.5351,2.4742
2016-03-24,164.6597,2.4549
2016-03-25,164.7283,2.4456
2016-03-28,164.8129,2.438
2016-03-29,164.8311,2.4372
2016-03-30,164.8977,2.4288
2016-03-31,164.9891,2.4156
2016-04-01,164.9067,2.4314
2016-04-05,164.9692,2.4312
2016-04-06,164.8874,2.4463
2016-04-07,164.9357,2.4434
2016-04-08,164.8802,2.4522
2016-04-11,164.8525,2.4621
2016-04-12,164.8455,2.4653
2016-04-13,164.5476,2.5144
2016-04-14,164.3767,2.5446
2016-04-15,164.3034,2.558
2016-04-18,164.3786,2.5511
2016-04-19,164.3928,2.551
2016-04-20,164.2291,2.5797
2016-04-21,164.1102,2.5994
2016-04-22,164.0689,2.609
2016-04-25,163.7787,2.6694
2016-04-26,163.6096,2.6967
2016-04-27,163.7161,2.6826
2016-04-28,163.7571,2.6784
2016-04-29,163.7475,2.6826
2016-05-03,163.8524,2.6744
2016-05-04,163.8055,2.6845
2016-05-05,163.8658,2.6762
2016-05-06,163.8525,2.6808
2016-05-09,163.9714,2.6689
2016-05-10,164.0533,2.6578
2016-05-11,164.0744,2.6558
2016-05-12,164.1618,2.6432
2016-05-13,164.1985,2.6389
2016-05-16,164.257,2.6354
2016-05-17,164.2803,2.6338
2016-05-18,164.2683,2.6391
2016-05-19,164.1812,2.6542
2016-05-20,164.1873,2.6548
2016-05-23,164.2355,2.6537
2016-05-24,164.2619,2.6514
2016-05-25,164.2513,2.6551
2016-05-26,164.2434,2.6588
2016-05-27,164.1962,2.6697
2016-05-30,164.2021,2.6744
2016-05-31,164.1683,2.6816
2016-06-01,164.1314,2.6891
2016-06-02,164.1934,2.6811
2016-06-03,164.1081,2.695
2016-06-06,164.1639,2.6928
2016-06-07,164.1875,2.6911
2016-06-08,164.1495,2.7045
2016-06-12,164.2339,2.6983
2016-06-13,164.1934,2.7064
2016-06-14,164.1577,2.7131
2016-06-15,164.2277,2.706
2016-06-16,164.2803,2.6995
2016-06-17,164.3163,2.699
2016-06-20,164.4136,2.6908
2016-06-21,164.3371,2.7039
2016-06-22,164.3718,2.7007
2016-06-23,164.4013,2.6975
2016-06-24,164.4715,2.688
2016-06-27,164.6532,2.6639
2016-06-28,164.8637,2.6343
2016-06-29,164.8353,2.6395
2016-06-30,164.8383,2.6408
2016-07-01,165.0542,2.6087
2016-07-04,165.0905,2.611
2016-07-05,165.0097,2.6256
2016-07-06,165.0783,2.6158
2016-07-07,165.2099,2.5961
2016-07-08,165.2431,2.5928
2016-07-11,165.2983,2.59
2016-07-12,165.2589,2.5986
2016-07-13,165.2076,2.6084
2016-07-14,165.2114,2.6089
2016-07-15,165.1991,2.6124
2016-07-18,165.2653,2.6072
2016-07-19,165.293,2.6059
2016-07-20,165.3632,2.5965
2016-07-21,165.503,2.5762
2016-07-22,165.5317,2.5734
2016-07-25,165.5912,2.5715
2016-07-26,165.6326,2.5669
2016-07-27,165.6741,2.5625
2016-07-28,165.6805,2.5626
2016-07-29,165.6596,2.5678
2016-08-01,165.7229,2.562
2016-08-02,165.7843,2.5524
2016-08-03,165.8726,2.5406
2016-08-04,165.914,2.5353
2016-08-05,166.014,2.5204
2016-08-08,166.0842,2.5135
2016-08-09,166.2142,2.4957
2016-08-10,166.3658,2.474
2016-08-11,166.451,2.4622
2016-08-12,166.4569,2.4626
2016-08-15,166.6502,2.4388
2016-08-16,166.6316,2.4447
2016-08-17,166.6368,2.4444
2016-08-18,166.6451,2.4442
2016-08-19,166.5972,2.4557
2016-08-22,166.5722,2.4634
2016-08-23,166.5363,2.4715
2016-08-24,166.3673,2.4995
2016-08-25,166.3876,2.4991
2016-08-26,166.4034,2.4991
2016-08-29,166.3512,2.5112
2016-08-30,166.3232,2.5186
2016-08-31,166.3569,2.5155
2016-09-01,166.3508,2.5172
2016-09-02,166.363,2.5167
2016-09-05,166.3976,2.5167
2016-09-06,166.4549,2.5098
2016-09-07,166.4253,2.5222
2016-09-08,166.4157,2.5256
2016-09-09,166.4349,2.5244
2016-09-12,166.4151,2.533
2016-09-13,166.4773,2.5252
2016-09-14,166.5158,2.5207
2016-09-18,166.5673,2.521
2016-09-19,166.5656,2.5233
2016-09-20,166.5854,2.5219
2016-09-21,166.6393,2.5148
2016-09-22,166.7013,2.5065
2016-09-23,166.7407,2.5024
2016-09-26,166.7744,2.5021
2016-09-27,166.8334,2.4948
2016-09-28,166.8765,2.4897
2016-09-29,166.9142,2.486
2016-09-30,166.8315,2.5001
2016-10-08,166.9324,2.4987
2016-10-09,166.9714,2.4942
2016-10-10,167.1811,2.4626
2016-10-11,167.1892,2.4629
2016-10-12,167.1987,2.4634
2016-10-13,167.2286,2.4604
2016-10-14,167.2923,2.4518
2016-10-17,167.4707,2.4278
2016-10-18,167.5704,2.4128
2016-10-19,167.8423,2.3695
2016-10-20,168.024,2.3433
2016-10-21,168.1336,2.3269
2016-10-24,168.0447,2.3489
2016-10-25,168.1169,2.3383
2016-10-26,167.9821,2.3625
2016-10-27,167.881,2.382
2016-10-28,167.8327,2.3913
2016-10-31,167.8955,2.3872
2016-11-01,167.8781,2.3909
2016-11-02,167.9088,2.388
2016-11-03,167.9252,2.3872
2016-11-04,167.9261,2.3886
2016-11-07,167.7608,2.4225
2016-11-08,167.7983,2.4163
2016-11-09,167.7635,2.4242
2016-11-10,167.7667,2.4251
2016-11-11,167.7178,2.434
2016-11-14,167.5448,2.4669
2016-11-15,167.3686,2.4967
2016-11-16,167.2802,2.5141
2016-11-17,167.1213,2.5405
2016-11-18,167.1287,2.5454
2016-11-21,166.992,2.5738
2016-11-22,167.0252,2.5698
2016-11-23,167.046,2.5688
2016-11-24,167.0287,2.5733
2016-11-25,166.9322,2.5921
2016-11-28,166.9352,2.5969
2016-11-29,166.6304,2.6478
2016-11-30,166.4389,2.6816
2016-12-01,166.1423,2.731
2016-12-02,166.0852,2.7426
2016-12-05,166.1837,2.7296
2016-12-06,165.7657,2.7975
2016-12-07,165.7946,2.7952
2016-12-08,165.8902,2.7832
2016-12-09,165.9418,2.7775
2016-12-12,165.7729,2.8089
2016-12-13,165.5792,2.8444
2016-12-14,165.5274,2.8523
2016-12-15,164.6561,2.9999
2016-12-16,164.5285,3.0282
2016-12-19,164.1337,3.0985
2016-12-20,163.7957,3.158
2016-12-21,164.1249,3.1062
2016-12-22,164.3958,3.0654
2016-12-23,164.8017,3.0016
2016-12-26,165.2017,2.9415
2016-12-27,165.2649,2.9333
2016-12-28,165.3392,2.9227
2016-12-29,165.8772,2.835
2016-12-30,165.964,2.822
2016-12-31,165.936,2.829
2017-01-03,165.7882,2.8598
2017-01-04,165.5366,2.9033
2017-01-05,165.5986,2.895
2017-01-06,165.633,2.8893
2017-01-09,165.707,2.8836
2017-01-10,165.8284,2.8659
2017-01-11,165.6011,2.9062
2017-01-12,165.718,2.8871
2017-01-13,165.7663,2.8821
2017-01-16,165.7915,2.8835
2017-01-17,165.6507,2.9096
2017-01-18,165.7405,2.8973
2017-01-19,165.746,2.8981
2017-01-20,165.8257,2.8867
2017-01-22,165.9059,2.8769
2017-01-23,165.9812,2.869
2017-01-24,165.8934,2.8858
2017-01-25,165.6528,2.9303
2017-01-26,165.6344,2.9352
2017-02-03,165.5762,2.9612
2017-02-04,165.4497,2.9836
2017-02-06,165.4491,2.9959
2017-02-07,165.2308,3.0359
2017-02-08,165.2675,3.0323
2017-02-09,165.3911,3.0161
2017-02-10,165.4669,3.0055
2017-02-13,165.58,2.9942
2017-02-14,165.5496,3.0014
2017-02-15,165.596,2.9953
2017-02-16,165.6395,2.989
2017-02-17,165.8045,2.9633
2017-02-20,165.9645,2.947
2017-02-21,166.0474,2.9335
2017-02-22,165.988,2.9467
2017-02-23,166.0474,2.9387
2017-02-24,165.9735,2.9566
2017-02-27,166.0555,2.9501
2017-02-28,166.0314,2.9569
2017-03-01,166.0138,2.9607
2017-03-02,165.9571,2.9716
2017-03-03,165.9695,2.9724
2017-03-06,166.0167,2.9704
2017-03-07,165.9324,2.988
2017-03-08,165.7606,3.0189
2017-03-09,165.7751,3.0172
2017-03-10,165.5895,3.0466
2017-03-13,165.7731,3.0245
2017-03-14,165.8297,3.0171
2017-03-15,165.8581,3.0148
2017-03-16,165.9167,3.0084
2017-03-17,165.8815,3.0169
2017-03-20,165.9071,3.0189
2017-03-21,165.6989,3.0564
2017-03-22,165.5716,3.0818
2017-03-23,165.4128,3.1129
2017-03-24,165.5865,3.0875
2017-03-27,165.7544,3.0671
2017-03-28,165.828,3.0567
2017-03-29,165.8197,3.06
2017-03-30,165.84,3.059
2017-03-31,165.8723,3.0555
2017-04-01,165.9153,3.0501
2017-04-05,165.9522,3.0527
2017-04-06,165.8886,3.0656
2017-04-07,165.945,3.0585
2017-04-10,165.9552,3.0632
2017-04-11,165.9031,3.0733
2017-04-12,165.8339,3.0857
2017-04-13,165.8675,3.0828
2017-04-14,165.7529,3.105
2017-04-17,165.4753,3.1588
2017-04-18,165.2791,3.1983
2017-04-19,165.24,3.2091
2017-04-20,165.2488,3.2095
2017-04-21,165.0691,3.2405
2017-04-24,164.8667,3.2795
2017-04-25,164.9821,3.2654
2017-04-26,164.8507,3.2906
2017-04-27,164.9131,3.2825
2017-04-28,164.9255,3.283
2017-05-02,164.6594,3.3385
2017-05-03,164.4358,3.3785
2017-05-04,164.0691,3.4431
2017-05-05,164.0394,3.4504
2017-05-08,163.6783,3.5198
2017-05-09,163.4538,3.559
2017-05-10,163.0269,3.6324
2017-05-11,163.1387,3.6193
2017-05-12,162.9411,3.6566
2017-05-15,163.1876,3.6223
2017-05-16,163.1698,3.6278
2017-05-17,162.8697,3.6828
2017-05-18,163.03,3.6593
2017-05-19,162.895,3.6845
2017-05-22,162.7148,3.7231
2017-05-23,162.8296,3.7061
2017-05-24,163.0668,3.6692
2017-05-25,163.2195,3.6447
2017-05-26,163.2096,3.6489
2017-05-27,163.3179,3.633
2017-05-31,163.7421,3.5754
2017-06-01,163.7559,3.5762
2017-06-02,163.7369,3.5824
2017-06-05,163.8397,3.5733
2017-06-06,163.7429,3.5913
2017-06-07,163.6451,3.6111
2017-06-08,163.5436,3.6285
2017-06-09,163.6645,3.611
2017-06-12,164.0144,3.5606
2017-06-13,164.0294,3.5611
2017-06-14,164.0587,3.5595
2017-06-15,164.137,3.5494
2017-06-16,164.0929,3.5587
2017-06-19,164.5743,3.4869
2017-06-20,164.6186,3.482
2017-06-21,164.4731,3.5079
2017-06-22,164.2533,3.5479
2017-06-23,164.412,3.525
2017-06-26,164.6766,3.4892
2017-06-27,164.8107,3.4677
2017-06-28,164.7583,3.4801
2017-06-29,164.7892,3.477
2017-06-30,164.7012,3.4938
2017-07-03,164.5273,3.5312
2017-07-04,164.5937,3.5221
2017-07-05,164.7341,3.5011
2017-07-06,164.8823,3.4787
2017-07-07,164.9136,3.4761
2017-07-10,164.8898,3.488
2017-07-11,164.8889,3.4908
2017-07-12,164.8768,3.4963
2017-07-13,164.9115,3.4933
2017-07-14,164.9318,3.4922
2017-07-17,165.0052,3.4883
2017-07-18,164.8813,3.5111
2017-07-19,164.9277,3.5057
2017-07-20,164.9874,3.4981
2017-07-21,165.0139,3.4964
2017-07-24,165.0563,3.4971
2017-07-25,165.0268,3.5044
2017-07-26,164.8849,3.5306
2017-07-27,164.9165,3.5274
2017-07-28,164.9209,3.5291
2017-07-31,164.9392,3.5335
2017-08-01,164.9324,3.5361
2017-08-02,164.9917,3.5277
2017-08-03,165.0334,3.5236
2017-08-04,165.0715,3.52
2017-08-07,165.066,3.5282
2017-08-08,164.9994,3.5419
2017-08-09,164.9342,3.5545
2017-08-10,164.9858,3.5485
2017-08-11,165.0779,3.5373
2017-08-14,165.2064,3.5245
2017-08-15,165.2481,3.5202
2017-08-16,165.2049,3.5307
2017-08-17,165.1831,3.537
2017-08-18,165.1722,3.5413
2017-08-21,165.194,3.5455
2017-08-22,165.1632,3.5533
2017-08-23,165.1765,3.554
2017-08-24,165.0257,3.5847
2017-08-25,164.9852,3.5945
2017-08-28,164.8414,3.6266
2017-08-29,164.9512,3.6112
2017-08-30,164.9505,3.6141
2017-08-31,165.0331,3.6032
2017-09-01,165.0455,3.6038
2017-09-04,165.0504,3.6107
2017-09-05,165.0154,3.6186
2017-09-06,165.108,3.6053
2017-09-07,165.2623,3.5819
2017-09-08,165.4408,3.5545
2017-09-11,165.4885,3.557
2017-09-12,165.5051,3.5571
2017-09-13,165.3945,3.5773
2017-09-14,165.4664,3.5682
2017-09-15,165.5025,3.5653
2017-09-18,165.434,3.5853
2017-09-19,165.4354,3.5893
2017-09-20,165.3399,3.6094
2017-09-21,165.2635,3.6241
2017-09-22,165.3859,3.6069
2017-09-25,165.5212,3.5924
2017-09-26,165.4903,3.6008
2017-09-27,165.4775,3.6057
2017-09-28,165.5296,3.5994
2017-09-29,165.6183,3.5869
2017-09-30,165.5931,3.5936
2017-10-09,165.5765,3.6208
2017-10-10,165.5904,3.621
2017-10-11,165.5987,3.6217
2017-10-12,165.477,3.6439
2017-10-13,165.5512,3.6335
2017-10-16,165.3721,3.6688
2017-10-17,165.1629,3.706
2017-10-18,165.2689,3.6962
2017-10-19,165.391,3.6783
2017-10-20,165.4636,3.6699
2017-10-23,165.487,3.6771
2017-10-24,165.5552,3.6701
2017-10-25,165.2591,3.7201
2017-10-26,165.2971,3.7163
2017-10-27,165.0475,3.7578
2017-10-30,164.5676,3.8455
2017-10-31,164.723,3.8231
2017-11-01,164.9763,3.7839
2017-11-02,164.8842,3.8031
2017-11-03,164.888,3.8041
2017-11-06,164.9526,3.801
2017-11-07,164.8102,3.8262
2017-11-08,164.8988,3.8169
2017-11-09,164.9185,3.8167
2017-11-10,164.8753,3.8271
2017-11-13,164.7258,3.8608
2017-11-14,164.6921,3.8706
2017-11-15,164.8748,3.8434
2017-11-16,165.0314,3.8229
2017-11-17,165.0374,3.8253
2017-11-20,165.0303,3.8352
2017-11-21,164.9707,3.8484
2017-11-22,164.8288,3.8733
2017-11-23,164.8651,3.8698
2017-11-24,164.9874,3.8532
2017-11-27,165.0608,3.8499
2017-11-28,165.058,3.8536
2017-11-29,165.1209,3.8461
2017-11-30,165.2452,3.8311
2017-12-01,165.3801,3.8133
2017-12-04,165.4808,3.8049
2017-12-05,165.5143,3.8021
2017-12-06,165.5868,3.7922
2017-12-07,165.5108,3.8056
2017-12-08,165.4619,3.816
2017-12-11,165.3247,3.8461
2017-12-12,165.257,3.8593
2017-12-13,165.2952,3.8568
2017-12-14,165.3779,3.8466
2017-12-15,165.5407,3.8243
2017-12-18,165.6858,3.8106
2017-12-19,165.7175,3.8076
2017-12-20,165.6427,3.8245
2017-12-21,165.6215,3.8307
2017-12-22,165.6546,3.8284
2017-12-25,165.7548,3.8211
2017-12-26,165.6974,3.8331
2017-12-27,165.6761,3.8391
2017-12-28,165.7029,3.8378
2017-12-29,165.7851,3.8261
2017-12-30,165.8235,3.8223
2017-12-31,165.8412,3.8222
2018-01-02,165.919,3.8154
2018-01-03,165.9347,3.8136
2018-01-04,165.8112,3.8353
2018-01-05,165.9969,3.8078
2018-01-08,166.2573,3.7718
2018-01-09,166.329,3.7615
2018-01-10,166.2783,3.7717
2018-01-11,166.1211,3.7999
2018-01-12,166.1913,3.791
2018-01-15,166.1635,3.8079
2018-01-16,166.2053,3.8033
2018-01-17,166.1112,3.8251
2018-01-18,166.1053,3.8288
2018-01-19,166.1947,3.8174
2018-01-22,166.4108,3.7961
2018-01-23,166.5499,3.7768
2018-01-24,166.6065,3.7672
2018-01-25,166.5366,3.7832
2018-01-26,166.649,3.7677
2018-01-29,166.6988,3.7675
2018-01-30,166.6436,3.7802
2018-01-31,166.7142,3.7712
2018-02-01,166.724,3.7723
2018-02-02,166.7163,3.7769
2018-02-05,166.7157,3.7849
2018-02-06,166.7882,3.7763
2018-02-07,166.8731,3.7649
2018-02-08,166.8764,3.7668
2018-02-09,166.9033,3.7661
2018-02-11,167.0258,3.751
2018-02-12,167.0175,3.7556
2018-02-13,167.062,3.7512
2018-02-14,167.0932,3.7488
2018-02-22,167.1632,3.7617
2018-02-23,167.2071,3.757
2018-02-24,167.2669,3.7501
2018-02-26,167.6019,3.6988
2018-02-27,167.7724,3.6751
2018-02-28,167.9147,3.6559
2018-03-01,167.8942,3.6628
2018-03-02,167.9043,3.6636
2018-03-05,167.8719,3.6756
2018-03-06,167.8427,3.6838
2018-03-07,167.9133,3.6755
2018-03-08,167.9661,3.6697
2018-03-09,168.1343,3.646
2018-03-12,168.2061,3.6427
2018-03-13,168.1791,3.6493
2018-03-14,168.2102,3.6468
2018-03-15,168.1936,3.652
2018-03-16,168.2153,3.6517
2018-03-19,168.2492,3.658
2018-03-20,168.296,3.6536
2018-03-21,168.3206,3.6518
2018-03-22,168.4208,3.6392
2018-03-23,168.6761,3.6013
2018-03-26,168.6636,3.6113
2018-03-27,168.6038,3.6241
2018-03-28,168.5318,3.6387
2018-03-29,168.4916,3.6469
2018-03-30,168.5032,3.6486
2018-04-02,168.5896,3.6424
2018-04-03,168.6409,3.6368
2018-04-04,168.7112,3.6312
2018-04-08,168.814,3.6244
2018-04-09,169.1289,3.5756
2018-04-10,169.2269,3.5627
2018-04-11,169.3209,3.5496
2018-04-12,169.4907,3.5239
2018-04-13,169.7853,3.4784
2018-04-16,169.9561,3.4611
2018-04-17,170.1928,3.4248
2018-04-18,171.0864,3.2905
2018-04-19,170.959,3.3142
2018-04-20,171.116,3.2917
2018-04-23,171.0867,3.3039
2018-04-24,171.2457,3.2811
2018-04-25,171.3172,3.273
2018-04-26,171.2778,3.2809
2018-04-27,171.214,3.2938
2018-04-28,171.2845,3.2855
2018-05-02,171.1528,3.3178
2018-05-03,171.3545,3.2886
2018-05-04,171.3814,3.2871
2018-05-07,171.3041,3.3049
2018-05-08,171.1305,3.3343
2018-05-09,170.9921,3.357
2018-05-10,171.0692,3.3471
2018-05-11,171.1636,3.3333
2018-05-14,171.1279,3.3467
2018-05-15,171.1022,3.353
2018-05-16,171.0014,3.3712
2018-05-17,170.9566,3.3794
2018-05-18,170.9103,3.388
2018-05-21,171.0007,3.3821
2018-05-22,171.1112,3.3684
2018-05-23,171.1063,3.3719
2018-05-24,171.1064,3.377
2018-05-25,171.1572,3.3723
2018-05-28,171.1547,3.3801
2018-05-29,171.1623,3.3816
2018-05-30,171.1994,3.3788
2018-05-31,171.1375,3.3909
2018-06-01,170.9362,3.4288
2018-06-04,170.9101,3.4404
2018-06-05,170.8091,3.4606
2018-06-06,170.708,3.4792
2018-06-07,170.7254,3.4786
2018-06-08,170.9692,3.442
2018-06-11,170.9776,3.4481
2018-06-12,170.7181,3.4926
2018-06-13,170.7982,3.4818
2018-06-14,170.9353,3.4636
2018-06-15,171.0288,3.4503
2018-06-19,171.2525,3.4331
2018-06-20,171.2432,3.4357
2018-06-21,171.2668,3.4348
2018-06-22,171.3386,3.4268
2018-06-25,171.3529,3.4318
2018-06-26,171.3408,3.4362
2018-06-27,171.4188,3.4261
2018-06-28,171.5912,3.4024
2018-06-29,171.8767,3.3592
2018-07-02,171.9745,3.3499
2018-07-03,172.1116,3.3313
2018-07-04,172.1484,3.329
2018-07-05,172.1926,3.3248
2018-07-06,172.1947,3.3268
2018-07-09,172.1979,3.3333
2018-07-10,172.1177,3.348
2018-07-11,172.1484,3.3459
2018-07-12,172.2631,3.3302
2018-07-13,172.5236,3.2924
2018-07-16,172.5839,3.2913
2018-07-17,172.4832,3.3084
2018-07-18,172.512,3.3069
2018-07-19,172.5482,3.3037
2018-07-20,172.5718,3.3025
2018-07-23,172.617,3.3027
2018-07-24,172.5905,3.3088
2018-07-25,172.6207,3.3059
2018-07-26,172.8121,3.2763
2018-07-27,173.0299,3.2441
2018-07-30,173.1875,3.2247
2018-07-31,173.3845,3.1968
2018-08-01,173.4988,3.1816
2018-08-02,173.5494,3.1762
2018-08-03,173.6321,3.1661
2018-08-06,173.7144,3.1597
2018-08-07,173.7963,3.1488
2018-08-08,173.5053,3.1963
2018-08-09,173.1909,3.2478
2018-08-10,173.1386,3.2579
2018-08-13,172.8838,3.3055
2018-08-14,172.9115,3.3044
2018-08-15,172.8909,3.3099
2018-08-16,172.743,3.3379
2018-08-17,172.4493,3.3868
2018-08-20,172.466,3.3948
2018-08-21,172.1185,3.4531
2018-08-22,172.2369,3.4363
2018-08-23,172.5557,3.39
2018-08-24,172.5412,3.3949
2018-08-27,172.593,3.3948
2018-08-28,172.568,3.4009
2018-08-29,172.5996,3.3988
2018-08-30,172.7011,3.3864
2018-08-31,172.8773,3.361
2018-09-03,172.8314,3.3748
2018-09-04,172.6923,3.3984
2018-09-05,172.6441,3.4084
2018-09-06,172.5835,3.4198
2018-09-07,172.5583,3.4267
2018-09-10,172.2799,3.4779
2018-09-11,172.1691,3.4965
2018-09-12,172.1579,3.5009
2018-09-13,172.2408,3.49
2018-09-14,172.3202,3.4797
2018-09-17,172.4592,3.4657
2018-09-18,172.5151,3.4583
2018-09-19,172.5197,3.4604
2018-09-20,172.4643,3.4703
2018-09-21,172.5107,3.4659
2018-09-25,172.6727,3.4498
2018-09-26,172.783,3.4342
2018-09-27,172.9062,3.4177
2018-09-28,173.0418,3.4
2018-09-29,173.0701,3.3967
2018-09-30,173.0736,3.3989
2018-10-08,173.2366,3.3938
2018-10-09,173.2486,3.3944
2018-10-10,173.3676,3.3767
2018-10-11,173.5833,3.3452
2018-10-12,173.6432,3.3385
2018-10-15,173.6785,3.34
2018-10-16,173.7131,3.337
2018-10-17,173.7181,3.3381
2018-10-18,173.8266,3.3249
2018-10-19,173.9046,3.3143
2018-10-22,173.9237,3.3217
2018-10-23,173.9175,3.3272
2018-10-24,173.9256,3.3344
2018-10-25,173.9707,3.3302
2018-10-26,174.039,3.3225
2018-10-29,174.3414,3.2823
2018-10-30,174.4223,3.2717
2018-10-31,174.4216,3.2742
2018-11-01,174.3748,3.2849
2018-11-02,174.3364,3.2936
2018-11-05,174.3824,3.2935
2018-11-06,174.4065,3.2909
2018-11-07,174.7083,3.245
2018-11-08,174.7924,3.2331
2018-11-09,174.8478,3.2277
2018-11-12,174.9333,3.2218
2018-11-13,175.0469,3.2064
2018-11-14,175.6771,3.1106
2018-11-15,175.6864,3.1117
2018-11-16,175.7555,3.1045
2018-11-19,175.6818,3.1274
2018-11-20,175.5729,3.1459
2018-11-21,175.6265,3.1397
2018-11-22,175.5778,3.1497
2018-11-23,175.6304,3.143
2018-11-26,175.6855,3.142
2018-11-27,175.7,3.1418
2018-11-28,175.7079,3.1437
2018-11-29,175.8939,3.1178
2018-11-30,175.997,3.1045
2018-12-03,176.0042,3.11
2018-12-04,176.2972,3.0689
2018-12-05,176.4588,3.0447
2018-12-06,176.5534,3.0304
2018-12-07,176.8237,2.9919
2018-12-10,177.0524,2.9641
2018-12-11,177.0609,2.965
2018-12-12,177.0607,2.9671
2018-12-13,176.7985,3.0095
2018-12-14,176.7698,3.0168
2018-12-17,176.7201,3.0316
2018-12-18,176.7531,3.0284
2018-12-19,176.7806,3.0255
2018-12-20,177.03,2.9878
2018-12-21,177.0742,2.9829
2018-12-24,176.9931,3.0023
2018-12-25,177.0133,3.0009
2018-12-26,177.0018,3.0059
2018-12-27,177.1969,2.9804
2018-12-28,177.4288,2.947
2018-12-29,177.3853,2.9558
2018-12-30,177.3973,2.9562
2018-12-31,177.4123,2.9561
2019-01-02,177.7853,2.9006
2019-01-03,178.0223,2.8676
2019-01-04,178.0316,2.8687
2019-01-07,177.9315,2.8899
2019-01-08,178.1811,2.8533
2019-01-09,178.2019,2.8533
2019-01-10,178.1719,2.8603
2019-01-11,178.0908,2.8744
2019-01-14,178.032,2.8899
2019-01-15,178.0595,2.8871
2019-01-16,178.284,2.8549
2019-01-17,178.4963,2.8211
2019-01-18,178.3662,2.8432
2019-01-21,178.3756,2.848
2019-01-22,178.3869,2.8486
2019-01-23,178.3978,2.8524
2019-01-24,178.4155,2.8524
2019-01-25,178.3825,2.8604
2019-01-28,178.3709,2.8675
2019-01-29,178.5426,2.8414
2019-01-30,178.6707,2.8234
2019-01-31,178.7708,2.8118
2019-02-01,178.7823,2.8125
2019-02-02,178.8545,2.804
2019-02-03,178.8662,2.8035
2019-02-11,179.0302,2.7952
2019-02-12,179.1543,2.7778
2019-02-13,179.16,2.7783
2019-02-14,179.1574,2.7812
2019-02-15,179.1795,2.7797
2019-02-18,179.0806,2.8001
2019-02-19,179.053,2.8067
2019-02-20,179.0442,2.8112
2019-02-21,179.0345,2.8147
2019-02-22,179.0011,2.822
2019-02-25,178.7063,2.8784
2019-02-26,178.4136,2.9265
2019-02-27,178.4989,2.9154
2019-02-28,178.5058,2.9167
2019-03-01,178.4165,2.9317
2019-03-04,178.3952,2.9436
2019-03-05,178.2153,2.9733
2019-03-06,178.2188,2.9768
2019-03-07,178.3131,2.9654
2019-03-08,178.5057,2.9368
2019-03-11,178.5527,2.9354
2019-03-12,178.5085,2.9449
2019-03-13,178.5282,2.9443
2019-03-14,178.4817,2.9528
2019-03-15,178.5896,2.9361
2019-03-18,178.6111,2.9455
2019-03-19,178.663,2.9392
2019-03-20,178.6574,2.9414
2019-03-21,178.7022,2.943
2019-03-22,178.8297,2.9252
2019-03-25,179.0288,2.9014
2019-03-26,179.1086,2.8921
2019-03-27,179.1835,2.8814
2019-03-28,179.2924,2.8681
2019-03-29,179.3756,2.8574
2019-04-01,179.143,2.8998
2019-04-02,179.0574,2.9144
2019-04-03,178.5569,2.9986
2019-04-04,178.2517,3.0474
2019-04-08,178.3657,3.0369
2019-04-09,178.1155,3.0761
2019-04-10,178.2092,3.0649
2019-04-11,178.2363,3.0641
2019-04-12,178.2821,3.0594
2019-04-15,178.0378,3.1098
2019-04-16,177.7555,3.1615
2019-04-17,177.7353,3.1716
2019-04-18,177.9812,3.1366
2019-04-19,178.1505,3.1107
2019-04-22,178.0558,3.1323
2019-04-23,178.0062,3.1423
2019-04-24,177.9357,3.1545
2019-04-25,178.0087,3.1465
2019-04-26,178.1204,3.1329
2019-04-28,178.0995,3.1403
2019-04-29,178.1206,3.14
2019-04-30,178.1816,3.1337
2019-05-05,178.2598,3.1331
2019-05-06,178.6115,3.08
2019-05-07,178.304,3.1332
2019-05-08,178.5182,3.1009
2019-05-09,178.656,3.0809
2019-05-10,178.6514,3.083
2019-05-13,178.7838,3.0696
2019-05-14,178.6985,3.0847
2019-05-15,178.7651,3.077
2019-05-16,178.9854,3.0441
2019-05-17,178.9429,3.0537
2019-05-20,179.0242,3.0495
2019-05-21,178.959,3.0627
2019-05-22,178.9459,3.0662
2019-05-23,179.0178,3.0583
2019-05-24,179.0557,3.0547
2019-05-27,178.9119,3.0885
2019-05-28,179.0287,3.0714
2019-05-29,179.2288,3.0437
2019-05-30,179.4185,3.0167
2019-05-31,179.4203,3.0181
2019-06-03,179.4985,3.0139
2019-06-04,179.561,3.0066
2019-06-05,179.5423,3.0122
2019-06-06,179.5722,3.0096
2019-06-10,179.4789,3.0331
2019-06-11,179.2929,3.0649
2019-06-12,179.4094,3.0488
2019-06-13,179.5056,3.0347
2019-06-14,179.6698,3.0113
2019-06-17,179.8251,2.9952
2019-06-18,179.8603,2.9919
2019-06-19,179.8493,2.9957
2019-06-20,179.9163,2.9892
2019-06-21,180.0012,2.9787
2019-06-24,179.9638,2.9945
2019-06-25,180.0373,2.9848
2019-06-26,180.0324,2.988
2019-06-27,179.9812,2.9984
2019-06-28,179.9962,2.9984
2019-07-01,180.0799,2.9931
2019-07-02,180.3389,2.956
2019-07-03,180.4664,2.9373
2019-07-04,180.5178,2.9325
2019-07-05,180.43,2.9477
2019-07-08,180.39,2.9606
2019-07-09,180.4248,2.9574
2019-07-10,180.3667,2.9692
2019-07-11,180.4442,2.9581
2019-07-12,180.5157,2.9488
2019-07-15,180.5143,2.9618
2019-07-16,180.5452,2.9588
2019-07-17,180.5309,2.9632
2019-07-18,180.5873,2.9568
2019-07-19,180.6367,2.9517
2019-07-22,180.7179,2.946
2019-07-23,180.7818,2.9382
2019-07-24,180.7487,2.9464
2019-07-25,180.7632,2.9459
2019-07-26,180.7399,2.9518
2019-07-29,180.7575,2.9557
2019-07-30,180.764,2.9569
2019-07-31,180.8195,2.9504
2019-08-01,180.924,2.9374
2019-08-02,181.1654,2.9031
2019-08-05,181.3464,2.8824
2019-08-06,181.3412,2.8851
2019-08-07,181.5425,2.8526
2019-08-08,181.597,2.8456
2019-08-09,181.6351,2.8438
2019-08-12,181.6595,2.8462
2019-08-13,181.726,2.8382
2019-08-14,181.734,2.8392
2019-08-15,181.7533,2.8382
2019-08-16,181.6815,2.8508
2019-08-19,181.7831,2.8436
2019-08-20,181.7609,2.8485
2019-08-21,181.7396,2.8525
2019-08-22,181.7232,2.8575
2019-08-23,181.6989,2.8635
2019-08-26,181.8101,2.8562
2019-08-27,181.8411,2.8538
2019-08-28,181.8351,2.8563
2019-08-29,181.9572,2.8397
2019-08-30,181.8363,2.8607
2019-09-02,181.7842,2.8747
2019-09-03,181.6182,2.9052
2019-09-04,181.7259,2.8906
2019-09-05,182.0645,2.8391
2019-09-06,182.2173,2.8175
2019-09-09,182.2083,2.8246
2019-09-10,182.1649,2.8321
2019-09-11,182.1737,2.8334
2019-09-12,182.1243,2.842
2019-09-16,182.1481,2.847
2019-09-17,182.1723,2.8459
2019-09-18,182.1955,2.8448
2019-09-19,182.1908,2.8547
2019-09-20,182.2154,2.8582
2019-09-23,182.2756,2.8591
2019-09-24,182.2659,2.8623
2019-09-25,182.281,2.8626
2019-09-26,182.2443,2.8698
2019-09-27,182.206,2.8778
2019-09-29,182.2803,2.8711
2019-09-30,182.2419,2.8843
2019-10-08,182.4344,2.8732
2019-10-09,182.4371,2.8745
2019-10-10,182.4294,2.8776
2019-10-11,182.3574,2.8894
2019-10-12,182.3153,2.8979
2019-10-14,182.3423,2.8983
2019-10-15,182.314,2.9047
2019-10-16,182.4269,2.8916
2019-10-17,182.4978,2.8824
2019-10-18,182.5587,2.8767
2019-10-21,182.3901,2.911
2019-10-22,182.3171,2.9263
2019-10-23,182.3784,2.9251
2019-10-24,182.4351,2.9185
2019-10-25,182.4425,2.9197
2019-10-28,182.2327,2.9573
2019-10-29,182.1925,2.9647
2019-10-30,181.8633,3.0178
2019-10-31,181.9694,3.005
2019-11-01,182.1567,2.9787
2019-11-04,182.048,3.0021
2019-11-05,182.2436,2.9749
2019-11-06,182.2544,2.9747
2019-11-07,182.1976,2.9857
2019-11-08,182.2024,2.9873
2019-11-11,182.3311,2.9752
2019-11-12,182.2765,2.9853
2019-11-13,182.3297,2.9793
2019-11-14,182.3156,2.9841
2019-11-15,182.3868,2.9754
2019-11-18,182.6379,2.9459
2019-11-19,182.7623,2.9293
2019-11-20,182.8482,2.9252
2019-11-21,182.9745,2.9077
2019-11-22,182.9864,2.9086
2019-11-25,182.9135,2.9261
2019-11-26,182.9308,2.926
2019-11-27,182.9714,2.9218
2019-11-28,182.9857,2.9219
2019-11-29,183.032,2.9172
2019-12-02,182.9408,2.9371
2019-12-03,182.9841,2.9322
2019-12-04,183.117,2.9153
2019-12-05,183.1029,2.9199
2019-12-06,183.1259,2.9177
2019-12-09,183.1026,2.9277
2019-12-10,183.1531,2.9215
2019-12-11,183.2108,2.9151
2019-12-12,183.3397,2.8979
2019-12-13,183.3424,2.8999
2019-12-16,183.4046,2.8989
2019-12-17,183.3423,2.9108
2019-12-18,183.3867,2.9056
2019-12-19,183.4742,2.8971
2019-12-20,183.6782,2.8701
2019-12-23,183.8879,2.8467
2019-12-24,184.0513,2.8234
2019-12-25,184.1578,2.8102
2019-12-26,184.3813,2.7793
2019-12-27,184.3505,2.7866
2019-12-30,184.4111,2.7839
2019-12-31,184.5038,2.7709
2020-01-02,184.5072,2.7722
2020-01-03,184.3857,2.7923
2020-01-06,184.5283,2.7765
2020-01-07,184.5506,2.7759
2020-01-08,184.7073,2.7534
2020-01-09,184.7346,2.752
2020-01-10,184.8124,2.7444
2020-01-13,184.8452,2.7458
2020-01-14,184.7617,2.7604
2020-01-15,184.7533,2.7635
2020-01-16,184.7684,2.7634
2020-01-17,184.8021,2.7606
2020-01-19,184.9554,2.7449
2020-01-20,185.0937,2.7254
2020-01-21,185.3131,2.6961
2020-01-22,185.3552,2.6907
2020-01-23,185.5527,2.664
2020-02-03,186.6687,2.5176
2020-02-04,186.7266,2.5123
2020-02-05,186.6652,2.5237
2020-02-06,186.6499,2.5281
2020-02-07,186.8342,2.5041
2020-02-10,187.0926,2.4702
2020-02-11,186.9811,2.4893
2020-02-12,186.9414,2.4967
2020-02-13,186.9516,2.4963
2020-02-14,186.9353,2.5006
2020-02-17,186.8107,2.5243
2020-02-18,186.8286,2.5239
2020-02-19,186.8411,2.5245
2020-02-20,186.8413,2.5243
2020-02-21,186.9725,2.5068
2020-02-24,187.1566,2.4913
2020-02-25,187.1903,2.487
2020-02-26,187.232,2.4828
2020-02-27,187.3307,2.4718
2020-02-28,187.5268,2.4472
2020-03-02,187.5943,2.4448
2020-03-03,187.5523,2.4541
2020-03-04,187.9298,2.4001
2020-03-05,188.0161,2.3879
2020-03-06,188.2903,2.3487
2020-03-09,188.8844,2.2691
2020-03-10,188.5302,2.3206
2020-03-11,188.4354,2.3382
2020-03-12,188.3949,2.3452
2020-03-13,188.1367,2.3822
2020-03-16,188.2237,2.3777
2020-03-17,188.1656,2.387
2020-03-18,188.1604,2.3904
2020-03-19,188.2053,2.385
2020-03-20,188.2913,2.3756
2020-03-23,188.5973,2.3372
2020-03-24,188.7424,2.3155
2020-03-25,188.8518,2.302
2020-03-26,189.2163,2.2516
2020-03-27,189.1981,2.254
2020-03-30,189.366,2.2351
2020-03-31,189.6359,2.1983
2020-04-01,189.9372,2.1545
2020-04-02,189.89,2.1618
2020-04-03,190.022,2.144
2020-04-07,191.1741,1.9835
2020-04-08,192.0315,1.8606
2020-04-09,192.0225,1.8613
2020-04-10,191.8939,1.8869
2020-04-13,192.0546,1.8694
2020-04-14,192.2252,1.8509
2020-04-15,192.4592,1.8183
2020-04-16,192.5861,1.8012
2020-04-17,192.6303,1.7961
2020-04-20,192.6843,1.7982
2020-04-21,192.9055,1.7688
2020-04-22,193.3869,1.7058
2020-04-23,193.6545,1.6689
2020-04-24,193.8665,1.6374
2020-04-26,193.8834,1.6372
2020-04-27,193.8198,1.647
2020-04-28,193.9148,1.6352
2020-04-29,194.138,1.609
2020-04-30,194.1442,1.6097
2020-05-06,193.8283,1.6605
2020-05-07,193.5018,1.7037
2020-05-08,193.4586,1.711
2020-05-09,193.3737,1.7241
2020-05-11,193.002,1.7788
2020-05-12,192.9823,1.7819
2020-05-13,192.9865,1.7815
2020-05-14,193.1015,1.7681
2020-05-15,193.3235,1.739
2020-05-18,192.9833,1.796
2020-05-19,192.7628,1.8263
2020-05-20,192.6385,1.8462
2020-05-21,192.4757,1.8705
2020-05-22,192.9246,1.8137
2020-05-25,192.5353,1.8779
2020-05-26,192.0803,1.941
2020-05-27,191.3363,2.0526
2020-05-28,191.4379,2.0423
2020-05-29,191.5489,2.029
2020-06-01,191.5421,2.034
2020-06-02,190.6626,2.1609
2020-06-03,189.9794,2.2717
2020-06-04,189.575,2.3285
2020-06-05,189.2433,2.3781
2020-06-08,189.4188,2.3626
2020-06-09,189.4962,2.3522
2020-06-10,189.4273,2.363
2020-06-11,189.5403,2.3499
2020-06-12,189.7026,2.3283
2020-06-15,189.6719,2.3388
2020-06-16,189.1666,2.4118
2020-06-17,188.9576,2.4453
2020-06-18,189.0103,2.4396
2020-06-19,188.9863,2.4459
2020-06-22,188.6463,2.5005
2020-06-23,188.6012,2.5106
2020-06-24,189.0056,2.4602
2020-06-28,189.1448,2.4476
2020-06-29,189.2023,2.4395
2020-06-30,189.3781,2.4161
2020-07-01,189.1979,2.4426
2020-07-02,189.3284,2.4253
2020-07-03,189.2819,2.4361
2020-07-06,188.2116,2.5978
2020-07-07,187.9055,2.6428
2020-07-08,187.5855,2.689
2020-07-09,187.2945,2.7337
2020-07-10,187.5213,2.7058
2020-07-13,187.2798,2.749
2020-07-14,187.5778,2.71
2020-07-15,188.0402,2.6455
2020-07-16,188.2538,2.6169
2020-07-17,188.366,2.6065
2020-07-20,188.4759,2.5982
2020-07-21,188.8225,2.5501
2020-07-22,188.8623,2.547
2020-07-23,188.7774,2.5608
2020-07-24,188.9988,2.5323
2020-07-27,188.9963,2.5349
2020-07-28,188.8091,2.5621
2020-07-29,188.7429,2.5737
2020-07-30,188.73,2.5766
2020-07-31,188.6391,2.5904
2020-08-03,188.6609,2.5949
2020-08-04,188.56,2.6132
2020-08-05,188.1102,2.6793
2020-08-06,187.8653,2.7143
2020-08-07,187.7395,2.7346
2020-08-10,187.8035,2.7319
2020-08-11,187.7646,2.7393
2020-08-12,187.578,2.7674
2020-08-13,187.6869,2.754
2020-08-14,187.868,2.7307
2020-08-17,187.96,2.7249
2020-08-18,187.8629,2.7402
2020-08-19,187.6463,2.7724
2020-08-20,187.4182,2.8089
2020-08-21,187.5327,2.795
2020-08-24,187.4822,2.8214
2020-08-25,187.1153,2.8768
2020-08-26,186.9985,2.8944
2020-08-27,186.9363,2.9061
2020-08-28,186.8353,2.923
2020-08-31,187.049,2.8995
2020-09-01,186.9397,2.9167
2020-09-02,186.573,2.9709
2020-09-03,186.418,2.9952
2020-09-04,186.3241,3.0099
2020-09-07,186.2419,3.0274
2020-09-08,186.3269,3.0186
2020-09-09,186.7061,2.9659
2020-09-10,187.0031,2.9244
2020-09-11,186.8887,2.9423
2020-09-14,186.8446,2.9563
2020-09-15,187.2139,2.9062
2020-09-16,187.3549,2.8889
2020-09-17,187.3634,2.889
2020-09-18,187.5859,2.8609
2020-09-21,187.8043,2.8372
2020-09-22,187.9377,2.82
2020-09-23,187.9419,2.8208
2020-09-24,187.8913,2.8297
2020-09-25,187.6971,2.8584
2020-09-27,187.6099,2.876
2020-09-28,187.6833,2.8671
2020-09-29,187.6765,2.8698
2020-09-30,187.4065,2.9116
2020-10-09,187.126,2.9706
2020-10-10,187.1648,2.9669
2020-10-12,187.2185,2.9642
2020-10-13,187.214,2.9675
2020-10-14,187.102,2.9847
2020-10-15,187.0904,2.9928
2020-10-16,187.1136,2.9923
2020-10-19,187.337,2.9719
2020-10-20,187.4223,2.9613
2020-10-21,187.5772,2.9409
2020-10-22,187.9072,2.8969
2020-10-23,187.9089,2.8994
2020-10-26,187.9135,2.9053
2020-10-27,188.1396,2.8777
2020-10-28,188.0555,2.891
2020-10-29,188.0985,2.8878
2020-10-30,188.1545,2.8822
2020-11-02,188.2326,2.8776
2020-11-03,188.3635,2.8608
2020-11-04,188.3388,2.8664
2020-11-05,188.2609,2.8778
2020-11-06,188.1112,2.8997
2020-11-09,187.9959,2.9226
2020-11-10,188.0882,2.9111
2020-11-11,188.0646,2.9168
2020-11-12,187.9456,2.9353
2020-11-13,187.8564,2.9499
2020-11-16,187.8701,2.9581
2020-11-17,187.7459,2.978
2020-11-18,187.519,3.0108
2020-11-19,187.159,3.0647
2020-11-20,187.2302,3.0573
2020-11-23,187.5367,3.0206
2020-11-24,187.3605,3.0478
2020-11-25,187.4908,3.0328
2020-11-26,187.4713,3.0372
2020-11-27,187.416,3.0458
2020-11-30,187.9275,2.9809
2020-12-01,187.829,2.9973
2020-12-02,187.6123,3.0314
2020-12-03,187.5819,3.0375
2020-12-04,187.6599,3.0288
2020-12-07,187.6419,3.0431
2020-12-08,187.8234,3.019
2020-12-09,187.8093,3.0224
2020-12-10,187.9556,3.0038
2020-12-11,187.7355,3.037
2020-12-14,187.8561,3.0287
2020-12-15,188.0134,3.0102
2020-12-16,188.184,2.9871
2020-12-17,188.1399,2.9953
2020-12-18,188.0703,3.0073
2020-12-21,188.2961,2.9819
2020-12-22,188.5374,2.9524
2020-12-23,188.6809,2.9334
2020-12-24,188.5397,2.9563
2020-12-25,188.7195,2.9331
2020-12-28,188.9182,2.9109
2020-12-29,188.9693,2.9074
2020-12-30,189.2912,2.8644
2020-12-31,189.2697,2.869
2021-01-04,189.009,2.9142
2021-01-05,189.249,2.8814
2021-01-06,189.4176,2.8593
2021-01-07,189.5624,2.8402
2021-01-08,189.5105,2.8491
2021-01-11,189.4526,2.8626
2021-01-12,189.6343,2.8383
2021-01-13,189.9205,2.8003
2021-01-14,189.9483,2.799
2021-01-15,189.5769,2.8544
2021-01-18,189.3137,2.9008
2021-01-19,189.3827,2.8933
2021-01-20,189.568,2.8701
2021-01-21,189.7891,2.8393
2021-01-22,189.8189,2.8368
2021-01-25,189.7574,2.8511
2021-01-26,189.4437,2.8979
2021-01-27,189.3984,2.9081
2021-01-28,189.1851,2.9395
2021-01-29,189.2916,2.9288
2021-02-01,189.4983,2.9064
2021-02-02,189.4882,2.9098
2021-02-03,189.2728,2.9408
2021-02-04,189.1077,2.9654
2021-02-05,189.149,2.963
2021-02-07,189.2469,2.952
2021-02-08,189.153,2.9681
2021-02-09,189.3026,2.9496
2021-02-10,189.339,2.944
2021-02-18,189.1805,2.9858
2021-02-19,189.3933,2.9575
2021-02-20,189.4231,2.9541
2021-02-22,189.4484,2.9556
2021-02-23,189.4541,2.9566
2021-02-24,189.5829,2.9403
2021-02-25,189.6135,2.9379
2021-02-26,189.5552,2.9487
2021-03-01,189.6465,2.9446
2021-03-02,189.6775,2.9421
2021-03-03,189.672,2.9451
2021-03-04,189.6091,2.9565
2021-03-05,189.6362,2.9549
2021-03-08,189.7348,2.9477
2021-03-09,189.6983,2.9557
2021-03-10,189.7123,2.9562
2021-03-11,189.7358,2.9553
2021-03-12,189.7084,2.9612
2021-03-15,189.666,2.9731
2021-03-16,189.6925,2.9744
2021-03-17,189.7402,2.9704
2021-03-18,189.802,2.9637
2021-03-19,189.8446,2.9595
2021-03-22,189.9898,2.9528
2021-03-23,190.052,2.9456
2021-03-24,190.1925,2.928
2021-03-25,190.2435,2.9227
2021-03-26,190.235,2.9261
2021-03-29,190.2873,2.9253
2021-03-30,190.2841,2.9274
2021-03-31,190.3997,2.9132
2021-04-01,190.3935,2.9153
2021-04-02,190.4165,2.9146
2021-04-06,190.4199,2.9218
2021-04-07,190.4022,2.9258
2021-04-08,190.4343,2.9231
2021-04-09,190.4824,2.9179
2021-04-12,190.632,2.9088
2021-04-13,190.8484,2.8798
2021-04-14,190.9206,2.8711
2021-04-15,190.9587,2.8682
2021-04-16,191.002,2.8642
2021-04-19,191.1024,2.8585
2021-04-20,191.2383,2.8411
2021-04-21,191.3587,2.826
2021-04-22,191.4042,2.8215
2021-04-23,191.4109,2.8226
2021-04-25,191.3508,2.8352
2021-04-26,191.186,2.861
2021-04-27,191.1649,2.8662
2021-04-28,191.1983,2.8629
2021-04-29,191.3214,2.8476
2021-04-30,191.3864,2.8408
2021-05-06,191.6009,2.8292
2021-05-07,191.7187,2.8154
2021-05-08,191.7448,2.8128
2021-05-10,191.8141,2.8075
2021-05-11,191.9098,2.7969
2021-05-12,191.917,2.7979
2021-05-13,191.8127,2.8142
2021-05-14,191.8093,2.8171
2021-05-17,191.7331,2.8345
2021-05-18,191.749,2.8348
2021-05-19,191.8589,2.8213
2021-05-20,192.0146,2.8015
2021-05-21,192.1772,2.7807
2021-05-24,192.1488,2.7921
2021-05-25,192.1493,2.7941
2021-05-26,192.1861,2.791
2021-05-27,192.1635,2.796
2021-05-28,192.0691,2.8115
2021-05-31,192.0887,2.8154
2021-06-01,192.195,2.8021
2021-06-02,192.1493,2.8102
2021-06-03,192.1494,2.8125
2021-06-04,191.9309,2.8464
2021-06-07,191.8179,2.8784
2021-06-08,191.7916,2.8848
2021-06-09,191.8041,2.8854
2021-06-10,191.9044,2.8739
2021-06-11,191.8687,2.8799
2021-06-15,191.8779,2.89
2021-06-16,191.9164,2.887
2021-06-17,191.9002,2.8909
2021-06-18,191.9856,2.8809
2021-06-21,192.2521,2.8601
2021-06-22,192.3498,2.8483
2021-06-23,192.4123,2.8478
2021-06-24,192.4953,2.8382
2021-06-25,192.5338,2.8347
2021-06-28,192.4924,2.8459
2021-06-29,192.5077,2.8461
2021-06-30,192.5944,2.8362
2021-07-01,192.6171,2.8351
2021-07-02,192.6485,2.8326
2021-07-05,192.7595,2.8234
2021-07-06,192.7471,2.8272
2021-07-07,192.839,2.8167
2021-07-08,193.2903,2.7566
2021-07-09,193.2268,2.7679
2021-07-12,193.7107,2.7075
2021-07-13,193.8391,2.6918
2021-07-14,193.9666,2.6757
2021-07-15,193.8328,2.6953
2021-07-16,193.9162,2.6859
2021-07-19,194.0362,2.6768
2021-07-20,194.1926,2.6571
2021-07-21,194.3161,2.6421
2021-07-22,194.3082,2.645
2021-07-23,194.4277,2.6306
2021-07-26,194.7106,2.5975
2021-07-27,194.5685,2.6194
2021-07-28,194.3747,2.648
2021-07-29,194.5021,2.6324
2021-07-30,194.7999,2.5932
2021-08-02,195.1014,2.557
2021-08-03,195.0087,2.5721
2021-08-04,194.898,2.5898
2021-08-05,195.0625,2.5715
2021-08-06,195.0057,2.5814
2021-08-09,194.7665,2.6194
2021-08-10,194.6845,2.6324
2021-08-11,194.6332,2.6405
2021-08-12,194.7312,2.6293
2021-08-13,194.7044,2.6347
2021-08-16,194.6824,2.6434
2021-08-17,194.7664,2.6362
2021-08-18,194.9175,2.6173
2021-08-19,195.0246,2.604
2021-08-20,195.0068,2.6087
2021-08-23,194.9454,2.6228
2021-08-24,194.9635,2.6226
2021-08-25,195.1087,2.6042
2021-08-26,194.9931,2.6215
2021-08-27,195.0394,2.6175
2021-08-30,195.1538,2.6072
2021-08-31,195.2455,2.5963
2021-09-01,195.3742,2.5803
2021-09-02,195.4274,2.5743
2021-09-03,195.4493,2.5732
2021-09-06,195.4898,2.5732
2021-09-07,195.3628,2.5929
2021-09-08,195.2852,2.6063
2021-09-09,195.2713,2.6097
2021-09-10,195.249,2.6156
2021-09-13,195.2061,2.6286
2021-09-14,195.0735,2.6497
2021-09-15,195.1273,2.6438
2021-09-16,195.1009,2.6492
2021-09-17,195.2266,2.634
2021-09-18,195.2668,2.6301
2021-09-22,195.4003,2.6376
2021-09-23,195.5005,2.6252
2021-09-24,195.5011,2.6268
2021-09-26,195.5572,2.6222
2021-09-27,195.5562,2.6241
2021-09-28,195.5158,2.6314
2021-09-29,195.5772,2.6249
2021-09-30,195.688,2.6109
2021-10-08,195.6639,2.6291
2021-10-09,195.623,2.6369
2021-10-11,195.4404,2.6663
2021-10-12,195.3161,2.6866
2021-10-13,195.2527,2.6976
2021-10-14,195.2149,2.7055
2021-10-15,195.1357,2.7187
2021-10-18,194.6835,2.7921
2021-10-19,194.7115,2.7903
2021-10-20,194.8476,2.7728
2021-10-21,195.0252,2.7496
2021-10-22,195.0734,2.7444
2021-10-25,195.1099,2.7472
2021-10-26,195.1701,2.7409
2021-10-27,195.2102,2.7373
2021-10-28,195.2013,2.7409
2021-10-29,195.2012,2.7427
2021-11-01,195.3025,2.7355
2021-11-02,195.5068,2.709
2021-11-03,195.5862,2.6996
2021-11-04,195.6295,2.6988
2021-11-05,195.9209,2.6614
2021-11-08,196.0193,2.6531
2021-11-09,195.9203,2.6691
2021-11-10,195.9599,2.6656
2021-11-11,195.8794,2.6786
2021-11-12,195.9028,2.6773
2021-11-15,195.981,2.6736
2021-11-16,196.0412,2.6673
2021-11-17,196.057,2.6667
2021-11-18,196.1194,2.66
2021-11-19,196.1097,2.663
2021-11-22,196.2034,2.656
2021-11-23,196.2062,2.6576
2021-11-24,196.3391,2.6415
2021-11-25,196.4073,2.6339
2021-11-26,196.5573,2.6153
2021-11-29,196.6179,2.6123
2021-11-30,196.5439,2.6243
2021-12-01,196.5215,2.6295
2021-12-02,196.415,2.646
2021-12-03,196.3416,2.6581
2021-12-06,196.6481,2.6284
2021-12-07,196.625,2.6325
2021-12-08,196.5337,2.6471
2021-12-09,196.5381,2.6486
2021-12-10,196.6275,2.6386
2021-12-13,196.6794,2.6378
2021-12-14,196.7892,2.6254
2021-12-15,196.8442,2.6192
2021-12-16,196.8291,2.6229
2021-12-17,196.877,2.6181
2021-12-20,196.8096,2.6388
2021-12-21,196.7535,2.649
2021-12-22,196.8641,2.6421
2021-12-23,197.0822,2.6142
2021-12-24,197.1398,2.6083
2021-12-27,197.259,2.5978
2021-12-28,197.2835,2.596
2021-12-29,197.431,2.5784
2021-12-30,197.6317,2.553
2021-12-31,197.7309,2.5399
2022-01-04,197.746,2.5459
2022-01-05,197.7971,2.5409
2022-01-06,197.6616,2.5605
2022-01-07,197.6687,2.5613
2022-01-10,197.8177,2.5469
2022-01-11,197.969,2.5275
2022-01-12,198.1067,2.5105
2022-01-13,198.1117,2.5115
2022-01-14,198.1303,2.5111
2022-01-17,198.2569,2.4991
2022-01-18,198.7481,2.4353
2022-01-19,199.0012,2.401
2022-01-20,199.0672,2.3938
2022-01-21,199.3233,2.3602
2022-01-24,199.6695,2.3175
2022-01-25,199.5447,2.3375
2022-01-26,199.3915,2.3598
2022-01-27,199.2826,2.3758
2022-01-28,199.4258,2.358
2022-01-29,199.5481,2.3426
2022-01-30,199.6026,2.3368
2022-02-07,199.548,2.3587
2022-02-08,199.6017,2.3537
2022-02-09,199.4788,2.3722
2022-02-10,199.5015,2.3718
2022-02-11,199.0241,2.4385
2022-02-14,198.9795,2.4507
2022-02-15,198.9885,2.4512
2022-02-16,199.0508,2.4442
2022-02-17,199.1916,2.4262
2022-02-18,199.1329,2.4354
2022-02-21,198.8484,2.4788
2022-02-22,198.6827,2.5038
2022-02-23,198.7664,2.495
2022-02-24,198.9185,2.4759
2022-02-25,198.9885,2.4672
2022-02-28,199.1741,2.4477
2022-03-01,199.0971,2.4604
2022-03-02,198.9216,2.4864
2022-03-03,198.7601,2.5101
2022-03-04,198.7777,2.5107
2022-03-07,198.8972,2.5001
2022-03-08,199.0593,2.48
2022-03-09,198.9459,2.5061
2022-03-10,198.9061,2.5131
2022-03-11,199.1329,2.4842
2022-03-14,199.4786,2.4423
2022-03-15,199.0763,2.4983
2022-03-16,198.9795,2.5144
2022-03-17,199.0507,2.5074
2022-03-18,199.1497,2.4957
2022-03-21,199.063,2.5146
2022-03-22,198.8437,2.5473
2022-03-23,198.8406,2.5496
2022-03-24,198.8793,2.5458
2022-03-25,198.9899,2.5328
2022-03-28,199.0303,2.5332
2022-03-29,198.9919,2.5402
2022-03-30,199.1041,2.5268
2022-03-31,199.1394,2.5231
2022-04-01,199.2932,2.5028
2022-04-02,199.4074,2.4886
2022-04-06,199.564,2.4745
2022-04-07,199.6687,2.4615
2022-04-08,199.6654,2.4635
2022-04-11,199.5569,2.4905
2022-04-12,199.5085,2.499
2022-04-13,199.5181,2.4999
2022-04-14,199.6933,2.4778
2022-04-15,199.7369,2.4737
2022-04-18,199.5507,2.5042
2022-04-19,199.5609,2.5048
2022-04-20,199.4346,2.5248
2022-04-21,199.4906,2.5188
2022-04-22,199.4869,2.5209
2022-04-24,199.4814,2.5254
2022-04-25,199.5825,2.5133
2022-04-26,199.6024,2.5119
2022-04-27,199.5437,2.5218
2022-04-28,199.4373,2.5381
2022-04-29,199.5072,2.5307
2022-05-05,199.6696,2.5208
2022-05-06,199.6807,2.5211
2022-05-07,199.6943,2.5212
2022-05-09,199.7673,2.5154
2022-05-10,199.9244,2.4961
2022-05-11,199.9073,2.5
2022-05-12,199.99,2.4907
2022-05-13,200.0499,2.4837
2022-05-16,200.0558,2.4919
2022-05-17,200.1771,2.4774
2022-05-18,200.2966,2.4625
2022-05-19,200.3691,2.454
2022-05-20,200.2937,2.4663
2022-05-23,200.4567,2.4506
2022-05-24,200.4994,2.4467
2022-05-25,200.4936,2.4494
2022-05-26,200.7756,2.413
2022-05-27,200.8242,2.4078
2022-05-30,200.7756,2.4192
2022-05-31,200.5752,2.4485
2022-06-01,200.5148,2.4586
2022-06-02,200.4843,2.4649
2022-06-06,200.3946,2.4983
2022-06-07,200.3556,2.5057
2022-06-08,200.4289,2.5068
2022-06-09,200.4909,2.5003
2022-06-10,200.5543,2.4935
2022-06-13,200.5294,2.5028
2022-06-14,200.4832,2.5108
2022-06-15,200.4661,2.5148
2022-06-16,200.5285,2.5083
2022-06-17,200.6174,2.4986
2022-06-20,200.5358,2.5221
2022-06-21,200.534,2.5241
2022-06-22,200.5913,2.5185
2022-06-23,200.6377,2.5142
2022-06-24,200.5948,2.5215
2022-06-27,200.3132,2.5655
2022-06-28,200.2812,2.5716
2022-06-29,200.2775,2.5742
2022-06-30,200.3954,2.5602
2022-07-01,200.4864,2.55
2022-07-04,200.2999,2.5805
2022-07-05,200.1999,2.5962
2022-07-06,200.3002,2.5848
2022-07-07,200.3206,2.5839
2022-07-08,200.3456,2.5824
2022-07-11,200.538,2.5621
2022-07-12,200.7542,2.5353
2022-07-13,200.8701,2.5219
2022-07-14,201.0132,2.5044
2022-07-15,201.0703,2.4985
2022-07-18,201.1875,2.4933
2022-07-19,201.1884,2.4945
2022-07-20,201.2825,2.4837
2022-07-21,201.4304,2.4658
2022-07-22,201.3624,2.4768
2022-07-25,201.4678,2.4682
2022-07-26,201.6044,2.4513
2022-07-27,201.6773,2.4432
2022-07-28,201.5652,2.4614
2022-07-29,201.7754,2.4353
2022-08-01,202.0143,2.4085
2022-08-02,202.1235,2.3955
2022-08-03,202.2185,2.3848
2022-08-04,202.419,2.3607
2022-08-05,202.297,2.3789
2022-08-08,202.2838,2.3862
2022-08-09,202.1817,2.4017
2022-08-10,202.1812,2.4041
2022-08-11,202.1283,2.4133
2022-08-12,202.1718,2.4092
2022-08-15,202.8299,2.3308
2022-08-16,203.0307,2.3051
2022-08-17,202.9878,2.3118
2022-08-18,203.1079,2.298
2022-08-19,203.1111,2.2989
2022-08-22,203.0789,2.3076
2022-08-23,202.9431,2.3274
2022-08-24,202.9368,2.3296
2022-08-25,202.8228,2.3454
2022-08-26,202.7803,2.3524
2022-08-29,202.9986,2.3277
2022-08-30,203.139,2.3106
2022-08-31,203.164,2.3082
2022-09-01,203.2341,2.3006
2022-09-02,203.2955,2.294
2022-09-05,203.3953,2.2858
2022-09-06,203.445,2.2813
2022-09-07,203.4346,2.2926
2022-09-08,203.3752,2.3015
2022-09-09,203.3264,2.3096
2022-09-13,203.2752,2.325
2022-09-14,203.1927,2.3374
2022-09-15,203.1928,2.3391
2022-09-16,203.0121,2.3645
2022-09-19,203.0536,2.3648
2022-09-20,203.1536,2.3539
2022-09-21,203.2502,2.3428
2022-09-22,203.2933,2.3383
2022-09-23,203.1869,2.3538
2022-09-26,202.9701,2.3876
2022-09-27,202.9239,2.3955
2022-09-28,202.852,2.4065
2022-09-29,202.7287,2.4245
2022-09-30,202.6246,2.4404
2022-10-08,202.7063,2.4428
2022-10-09,203.018,2.401
2022-10-10,203.096,2.393
2022-10-11,203.1656,2.386
2022-10-12,203.1371,2.3919
2022-10-13,203.2373,2.3805
2022-10-14,203.3694,2.3648
2022-10-17,203.4119,2.3693
2022-10-18,203.4313,2.3685
2022-10-19,203.4952,2.3614
2022-10-20,203.4748,2.3676
2022-10-21,203.4517,2.3722
2022-10-24,203.5213,2.3832
2022-10-25,203.4798,2.3901
2022-10-26,203.53,2.385
2022-10-27,203.6902,2.3661
2022-10-28,203.8174,2.352
2022-10-31,203.98,2.3359
2022-11-01,203.8666,2.3518
2022-11-02,203.7974,2.3627
2022-11-03,203.8065,2.3602
2022-11-04,203.7105,2.3744
2022-11-07,203.7099,2.3816
2022-11-08,203.6503,2.3912
2022-11-09,203.6593,2.3921
2022-11-10,203.6513,2.3949
2022-11-11,203.4893,2.4169
2022-11-14,202.5897,2.5416
2022-11-15,202.6206,2.5397
2022-11-16,202.4594,2.5624
2022-11-17,202.5824,2.5481
2022-11-18,202.7359,2.53
2022-11-21,202.8933,2.5147
2022-11-22,202.947,2.5085
2022-11-23,203.1734,2.4802
2022-11-24,203.3901,2.4523
2022-11-25,203.1159,2.4899
2022-11-28,202.9864,2.5117
2022-11-29,202.642,2.559
2022-11-30,202.6194,2.5644
2022-12-01,202.7102,2.5545
2022-12-02,202.78,2.5476
2022-12-05,202.7725,2.5591
2022-12-06,202.5651,2.5883
2022-12-07,202.4981,2.6098
2022-12-08,202.5878,2.6015
2022-12-09,202.523,2.6113
2022-12-12,202.5136,2.6203
2022-12-13,202.2992,2.6505
2022-12-14,202.5697,2.6173
2022-12-15,202.6209,2.6126
2022-12-16,202.5672,2.6217
2022-12-19,202.8563,2.5902
2022-12-20,202.8275,2.5955
2022-12-21,202.8307,2.5969
2022-12-22,202.9604,2.582
2022-12-23,203.1249,2.5628
2022-12-26,203.1155,2.57
2022-12-27,202.9709,2.5899
2022-12-28,203.048,2.5811
2022-12-29,203.2219,2.5602
2022-12-30,203.2484,2.559
2022-12-31,203.3295,2.5497
2023-01-03,203.4056,2.5457
2023-01-04,203.5552,2.5281
2023-01-05,203.5662,2.5289
2023-01-06,203.4145,2.5503
2023-01-09,203.4171,2.5556
2023-01-10,203.209,2.5848
2023-01-11,203.1878,2.5896
2023-01-12,203.3044,2.5762
2023-01-13,203.2899,2.58
2023-01-16,203.1009,2.6101
2023-01-17,203.1353,2.6082
2023-01-18,203.2088,2.6009
2023-01-19,203.202,2.6062
2023-01-20,203.2293,2.6044
2023-01-28,203.2859,2.6122
2023-01-29,203.369,2.6048
2023-01-30,203.4095,2.6012
2023-01-31,203.5042,2.5906
2023-02-01,203.4906,2.5948
2023-02-02,203.5257,2.5881
2023-02-03,203.5634,2.5847
2023-02-06,203.545,2.5932
2023-02-07,203.5458,2.5951
2023-02-08,203.5901,2.5916
2023-02-09,203.5948,2.5929
2023-02-10,203.6347,2.5895
2023-02-13,203.6881,2.5885
2023-02-14,203.6702,2.5924
2023-02-15,203.676,2.5935
2023-02-16,203.7053,2.592
2023-02-17,203.71,2.5933
2023-02-20,203.6417,2.6081
2023-02-21,203.5295,2.625
2023-02-22,203.5684,2.6222
2023-02-23,203.5781,2.623
2023-02-24,203.5488,2.6289
2023-02-27,203.5997,2.6301
2023-02-28,203.587,2.6336
2023-03-01,203.6229,2.6308
2023-03-02,203.6285,2.6319
2023-03-03,203.6065,2.6365
2023-03-06,203.8291,2.6128
2023-03-07,203.8801,2.6079
2023-03-08,203.9131,2.6052
2023-03-09,203.9386,2.6035
2023-03-10,204.0059,2.596
2023-03-13,204.0511,2.6034
2023-03-14,204.0835,2.6012
2023-03-15,204.0952,2.6014
2023-03-16,204.1552,2.5956
2023-03-17,204.2077,2.5907
2023-03-20,204.393,2.5722
2023-03-21,204.4108,2.5707
2023-03-22,204.3167,2.5849
2023-03-23,204.3533,2.5822
2023-03-24,204.3226,2.588
2023-03-27,204.4119,2.5846
2023-03-28,204.44,2.5829
2023-03-29,204.4434,2.5839
2023-03-30,204.502,2.5781
2023-03-31,204.5309,2.576
2023-04-03,204.5997,2.5725
2023-04-04,204.58,2.5768
2023-04-06,204.5947,2.5785
2023-04-07,204.6193,2.5773
2023-04-10,204.7177,2.5701
2023-04-11,204.8139,2.5593
2023-04-12,204.9049,2.5489
2023-04-13,204.8913,2.5524
2023-04-14,204.8982,2.5534
2023-04-17,204.8941,2.5594
2023-04-18,204.915,2.5583
2023-04-19,204.9779,2.5517
2023-04-20,204.9937,2.5542
2023-04-21,205.0252,2.5521
2023-04-23,205.0789,2.5489
2023-04-24,205.1093,2.5466
2023-04-25,205.1411,2.5443
2023-04-26,205.2086,2.5374
2023-04-27,205.3853,2.5158
2023-04-28,205.4335,2.5113
2023-05-04,205.6534,2.493
2023-05-05,205.8318,2.4716
2023-05-06,205.9137,2.4647
2023-05-08,205.8494,2.4767
2023-05-09,205.8784,2.4747
2023-05-10,206.0326,2.4561
2023-05-11,206.26,2.4275
2023-05-12,206.2588,2.4292
2023-05-15,206.281,2.4406
2023-05-16,206.224,2.4496
2023-05-17,206.2266,2.4512
2023-05-18,206.1868,2.4556
2023-05-19,206.2999,2.4431
2023-05-22,206.5265,2.4196
2023-05-23,206.7468,2.3932
2023-05-24,206.7915,2.3889
2023-05-25,206.7403,2.3974
2023-05-26,206.7022,2.4039
2023-05-29,206.7493,2.4024
2023-05-30,206.8602,2.3897
2023-05-31,206.9486,2.3801
2023-06-01,207.1119,2.3607
2023-06-02,207.0446,2.3712
2023-06-05,207.0632,2.3736
2023-06-06,207.1604,2.3626
2023-06-07,207.2748,2.3603
2023-06-08,207.2355,2.3671
2023-06-09,207.3137,2.3588
2023-06-12,207.4195,2.3505
2023-06-13,207.5747,2.3325
2023-06-14,207.7219,2.3157
2023-06-15,207.4989,2.3455
2023-06-16,207.2765,2.3758
2023-06-19,207.075,2.4076
2023-06-20,207.1678,2.3973
2023-06-21,207.3138,2.3807
2023-06-25,207.4438,2.3708
2023-06-26,207.467,2.3694
2023-06-27,207.3857,2.383
2023-06-28,207.4498,2.3766
2023-06-29,207.5195,2.3694
2023-06-30,207.7549,2.3412
2023-07-03,207.8038,2.34
2023-07-04,207.8358,2.3374
2023-07-05,207.8355,2.3387
2023-07-06,207.9091,2.3311
2023-07-07,207.926,2.3306
2023-07-10,207.9419,2.3333
2023-07-11,208.015,2.3254
2023-07-12,208.0092,2.3278
2023-07-13,208.0186,2.328
2023-07-14,207.9908,2.333
2023-07-17,208.1363,2.3196
2023-07-18,208.2557,2.3057
2023-07-19,208.3078,2.3005
2023-07-20,208.3445,2.2997
2023-07-21,208.4368,2.2897
2023-07-24,208.5297,2.2827
2023-07-25,208.1417,2.3338
2023-07-26,208.1954,2.3289
2023-07-27,208.3481,2.3111
2023-07-28,208.3184,2.3164
2023-07-31,208.2419,2.3311
2023-08-01,208.3024,2.3247
2023-08-02,208.3347,2.3222
2023-08-03,208.4393,2.3107
2023-08-04,208.4941,2.3053
2023-08-07,208.5305,2.3077
2023-08-08,208.5547,2.3064
2023-08-09,208.5667,2.3066
2023-08-10,208.5272,2.3133
2023-08-11,208.5473,2.3123
2023-08-14,208.7116,2.3041
2023-08-15,208.9006,2.2823
2023-08-16,209.0418,2.2664
2023-08-17,209.0178,2.2712
2023-08-18,209.0688,2.2665
2023-08-21,209.2197,2.2526
2023-08-22,209.2126,2.255
2023-08-23,209.1652,2.2623
2023-08-24,209.1942,2.2601
2023-08-25,209.1297,2.27
2023-08-28,208.916,2.3014
2023-08-29,208.8663,2.3094
2023-08-30,208.9685,2.2983
2023-08-31,209.0867,2.2851
2023-09-01,208.9084,2.3082
2023-09-04,208.6562,2.3456
2023-09-05,208.6727,2.3455
2023-09-06,208.5054,2.3691
2023-09-07,208.3657,2.3883
2023-09-08,208.4033,2.3857
2023-09-11,208.3895,2.3956
2023-09-12,208.5269,2.3801
2023-09-13,208.6326,2.3682
2023-09-14,208.6875,2.363
2023-09-15,208.6356,2.3713
2023-09-18,208.4244,2.4032
2023-09-19,208.3923,2.4089
2023-09-20,208.3876,2.4112
2023-09-21,208.4693,2.4028
2023-09-22,208.4741,2.4037
2023-09-25,208.3834,2.4205
2023-09-26,208.2751,2.4364
2023-09-27,208.2725,2.4386
2023-09-28,208.4825,2.4169
2023-10-07,208.6911,2.4054
2023-10-08,208.7687,2.397
2023-10-09,208.7129,2.406
2023-10-10,208.5742,2.4253
2023-10-11,208.3175,2.4599
2023-10-12,208.2439,2.4714
2023-10-13,208.422,2.4503
2023-10-16,208.5146,2.4511
2023-10-17,208.3916,2.4686
2023-10-18,208.3356,2.4771
2023-10-19,208.1335,2.5073
2023-10-20,208.1932,2.5015
2023-10-23,208.4195,2.4785
2023-10-24,208.3525,2.4885
2023-10-25,208.5701,2.4632
2023-10-26,208.7018,2.4483
2023-10-27,208.6603,2.4549
2023-10-30,208.7616,2.4472
2023-10-31,208.8975,2.4318
2023-11-01,208.9068,2.4325
2023-11-02,209.0433,2.4172
2023-11-03,209.0395,2.4195
2023-11-06,209.0597,2.4228
2023-11-07,209.0673,2.4235
2023-11-08,209.0232,2.4308
2023-11-09,209.0964,2.4238
2023-11-10,209.0956,2.4259
2023-11-13,209.2394,2.4129
2023-11-14,209.2349,2.415
2023-11-15,209.2517,2.4139
2023-11-16,209.3341,2.405
2023-11-17,209.3571,2.4036
2023-11-20,209.3403,2.4107
2023-11-21,209.2609,2.4225
2023-11-22,209.1691,2.4358
2023-11-23,208.9927,2.4607
2023-11-24,208.9673,2.4661
2023-11-27,208.9107,2.4814
2023-11-28,208.9559,2.4778
2023-11-29,208.9895,2.4756
2023-11-30,209.0736,2.4668
2023-12-01,209.0977,2.4653
2023-12-04,209.0845,2.4728
2023-12-05,209.0289,2.4815
2023-12-06,209.0188,2.4902
2023-12-07,209.0374,2.49
2023-12-08,209.149,2.4782
2023-12-11,209.3023,2.4644
2023-12-12,209.307,2.4657
2023-12-13,209.5079,2.4421
2023-12-14,209.5938,2.4327
2023-12-15,209.7322,2.4168
2023-12-18,209.8531,2.4067
2023-12-19,209.8151,2.4153
2023-12-20,209.7891,2.4202
2023-12-21,209.8832,2.4107
2023-12-22,210.0811,2.3876
2023-12-25,210.2707,2.3693
2023-12-26,210.505,2.3418
2023-12-27,210.6651,2.3225
2023-12-28,210.706,2.319
2023-12-29,210.6432,2.3283
2023-12-31,210.7128,2.3231
2024-01-02,210.6116,2.3387
2024-01-03,210.5188,2.3523
2024-01-04,210.6069,2.3431
2024-01-05,210.7933,2.3213
2024-01-08,210.7989,2.3256
2024-01-09,210.9203,2.3116
2024-01-10,210.8689,2.3198
2024-01-11,210.8962,2.3179
2024-01-12,210.8656,2.3232
2024-01-15,210.8867,2.3255
2024-01-16,210.8099,2.3367
2024-01-17,210.908,2.3262
2024-01-18,210.9998,2.3176
2024-01-19,211.0857,2.3086
2024-01-22,211.2061,2.2985
2024-01-23,211.1682,2.3047
2024-01-24,211.191,2.3038
2024-01-25,211.4921,2.2681
2024-01-26,211.5181,2.2661
2024-01-29,211.6227,2.2574
2024-01-30,211.9273,2.2212
2024-01-31,212.0362,2.2094
2024-02-01,211.9502,2.2218
2024-02-02,211.9822,2.2193
2024-02-04,212.1381,2.2034
2024-02-05,212.1003,2.2094
2024-02-06,211.8705,2.2398
2024-02-07,211.9546,2.2309
2024-02-08,211.9988,2.2269
2024-02-09,212.0,2.2288
2024-02-18,212.1209,2.2301
2024-02-19,212.0956,2.2348
2024-02-20,212.2428,2.2173
2024-02-21,212.2972,2.2121
2024-02-22,212.4753,2.1911
2024-02-23,212.6556,2.1699
2024-02-26,212.6752,2.1731
2024-02-27,212.7168,2.1692
2024-02-28,212.7875,2.1617
2024-02-29,212.9092,2.1483
2024-03-01,212.6429,2.1815
2024-03-04,212.7406,2.1738
2024-03-05,212.8175,2.1659
2024-03-06,213.1623,2.1248
2024-03-07,213.1608,2.1269
2024-03-08,213.1018,2.1351
2024-03-11,213.0729,2.1425
2024-03-12,212.8725,2.1702
2024-03-13,212.7878,2.1823
2024-03-14,212.7572,2.1882
2024-03-15,212.8267,2.1812
2024-03-18,213.0519,2.157
2024-03-19,213.173,2.1432
2024-03-20,213.1522,2.147
2024-03-21,213.2254,2.1392
2024-03-22,213.271,2.135
2024-03-25,213.2131,2.1532
2024-03-26,213.1917,2.1574
2024-03-27,213.3307,2.1417
2024-03-28,213.423,2.1312
2024-03-29,213.5167,2.1206
2024-04-01,213.491,2.1282
2024-04-02,213.5789,2.1189
2024-04-03,213.7244,2.1016
2024-04-07,213.7763,2.101
2024-04-08,213.9332,2.0829
2024-04-09,214.0961,2.064
2024-04-10,214.132,2.0604
2024-04-11,214.2339,2.0494
2024-04-12,214.4202,2.0275
2024-04-15,214.4896,2.0229
2024-04-16,214.3954,2.0373
2024-04-17,214.4588,2.031
2024-04-18,214.6087,2.0156
2024-04-19,214.7045,2.0055
2024-04-22,214.8007,1.9976
2024-04-23,214.983,1.9761
2024-04-24,214.7859,2.0015
2024-04-25,214.85,1.995
2024-04-26,214.5776,2.03
2024-04-28,214.3613,2.0605
2024-04-29,213.9953,2.109
2024-04-30,214.4263,2.0558
2024-05-06,214.6015,2.0492
2024-05-07,214.8101,2.025
2024-05-08,214.8209,2.0248
2024-05-09,214.7185,2.0389
2024-05-10,214.7017,2.0422
2024-05-11,214.5634,2.0611
2024-05-13,214.8833,2.0238
2024-05-14,215.0099,2.0096
2024-05-15,215.0156,2.0098
2024-05-16,214.9376,2.021
2024-05-17,214.9103,2.0255
2024-05-20,215.0597,2.0116
2024-05-21,215.006,2.0198
2024-05-22,215.0775,2.0124
2024-05-23,215.205,1.9976
2024-05-24,215.1805,2.0014
2024-05-27,215.1785,2.0083
2024-05-28,215.26,1.9997
2024-05-29,215.4009,1.9839
2024-05-30,215.4151,1.9833
2024-05-31,215.4273,1.9833
2024-06-03,215.5221,1.9757
2024-06-04,215.5846,1.9695
2024-06-05,215.7101,1.9591
2024-06-06,215.7731,1.9527
2024-06-07,215.7803,1.9531
2024-06-11,215.8743,1.947
2024-06-12,215.866,1.9494
2024-06-13,215.8587,1.952
2024-06-14,215.8609,1.9532
2024-06-17,215.8695,1.9645
2024-06-18,215.9397,1.9574
2024-06-19,216.0582,1.9443
2024-06-20,216.1766,1.9325
2024-06-21,216.0965,1.9437
2024-06-24,216.2144,1.9333
2024-06-25,216.3958,1.9128
2024-06-26,216.4898,1.9027
2024-06-27,216.6402,1.8851
2024-06-28,216.7453,1.8734
2024-07-01,216.6043,1.8936
2024-07-02,216.703,1.8834
2024-07-03,216.9099,1.8602
2024-07-04,216.9146,1.861
2024-07-05,216.7505,1.8824
2024-07-08,216.4591,1.9213
2024-07-09,216.6387,1.9014
2024-07-10,216.6703,1.8987
2024-07-11,216.739,1.8919
2024-07-12,216.8566,1.8791
2024-07-15,216.9426,1.8726
2024-07-16,216.9729,1.8705
2024-07-17,217.0059,1.8679
2024-07-18,216.9975,1.8715
2024-07-19,217.0681,1.8639
2024-07-22,217.4213,1.8252
2024-07-23,217.6278,1.8016
2024-07-24,217.6847,1.7957
2024-07-25,217.726,1.7923
2024-07-26,217.7509,1.7937
2024-07-29,217.8023,1.7913
2024-07-30,217.8596,1.7854
2024-07-31,218.0753,1.7614
2024-08-01,218.2006,1.7474
2024-08-02,218.3452,1.7318
2024-08-05,218.4458,1.73
2024-08-06,218.3249,1.7452
2024-08-07,218.5062,1.7248
2024-08-08,218.3599,1.744
2024-08-09,218.0846,1.7779
2024-08-12,217.6244,1.839
2024-08-13,217.7854,1.8212
2024-08-14,218.0476,1.7919
2024-08-15,217.974,1.8015
2024-08-16,217.9693,1.8039
2024-08-19,218.0164,1.8026
2024-08-20,218.0554,1.7992
2024-08-21,217.9737,1.8106
2024-08-22,218.1606,1.7895
2024-08-23,218.2934,1.7738
2024-08-26,218.4965,1.7531
2024-08-27,218.3703,1.7696
2024-08-28,218.3701,1.7711
2024-08-29,218.4076,1.7676
2024-08-30,218.4046,1.7689
2024-09-02,218.7658,1.7296
2024-09-03,219.0065,1.7009
2024-09-04,219.1504,1.6851
2024-09-05,219.2252,1.6775
2024-09-06,219.2443,1.6759
2024-09-09,219.3683,1.6645
2024-09-10,219.551,1.643
2024-09-11,219.7802,1.6169
2024-09-12,219.8303,1.6118
2024-09-13,219.8709,1.6081
2024-09-14,219.9619,1.601
2024-09-18,219.9889,1.602
2024-09-19,219.8624,1.6188
2024-09-20,219.8359,1.6232
2024-09-23,219.8759,1.6221
2024-09-24,219.8329,1.6282
2024-09-25,219.9766,1.6123
2024-09-26,220.001,1.6147
2024-09-27,219.3214,1.6964
2024-09-29,218.4511,1.8047
2024-09-30,218.9834,1.7417
2024-10-08,218.7263,1.7828
2024-10-09,218.6284,1.797
2024-10-10,219.0232,1.7514
2024-10-11,219.2667,1.7231
2024-10-12,219.283,1.7228
2024-10-14,219.3401,1.7178
2024-10-15,219.3432,1.7182
2024-10-16,219.3761,1.7167
2024-10-17,219.5363,1.698
2024-10-18,219.6219,1.691
2024-10-21,219.5286,1.7051
2024-10-22,219.3754,1.725
2024-10-23,219.1839,1.7489
2024-10-24,219.1847,1.7502
2024-10-25,219.1663,1.7533
2024-10-28,219.2433,1.7476
2024-10-29,219.331,1.7385
2024-10-30,219.3981,1.7317
2024-10-31,219.4597,1.7254
2024-11-01,219.6717,1.7013
2024-11-04,219.8096,1.6932
2024-11-05,219.852,1.6895
2024-11-06,219.9362,1.6805
2024-11-07,220.0777,1.6636
2024-11-08,220.1871,1.6512
2024-11-11,220.2752,1.6436
2024-11-12,220.4022,1.63
2024-11-13,220.4372,1.6269
2024-11-14,220.4852,1.6222
2024-11-15,220.5651,1.6139
2024-11-18,220.5414,1.6198
2024-11-19,220.5986,1.614
2024-11-20,220.6749,1.6058
2024-11-21,220.7996,1.5916
2024-11-22,220.7948,1.5975
2024-11-25,220.8981,1.5892
2024-11-26,220.9148,1.5888
2024-11-27,220.9126,1.5905
2024-11-28,220.9601,1.586
2024-11-29,221.0994,1.5706
2024-12-02,221.4829,1.529
2024-12-03,221.5021,1.5275
2024-12-04,221.6177,1.5271
2024-12-05,221.6288,1.5268
2024-12-06,221.6331,1.5275
2024-12-09,221.7183,1.5216
2024-12-10,222.1437,1.4727
2024-12-11,222.1918,1.4682
2024-12-12,222.4979,1.434
2024-12-13,223.0137,1.3742
2024-12-16,223.3013,1.3477
2024-12-17,223.1718,1.363
2024-12-18,223.1934,1.361
2024-12-19,223.2744,1.3526
2024-12-20,223.6259,1.312
2024-12-23,223.7969,1.294
2024-12-24,223.7282,1.3018
2024-12-25,223.5755,1.32
2024-12-26,223.4618,1.3342
2024-12-27,223.6392,1.3157
2024-12-30,223.5762,1.3257
2024-12-31,223.667,1.3169
2025-01-02,223.8325,1.2994
2025-01-03,224.1694,1.261
2025-01-06,224.2699,1.2521
2025-01-07,224.0943,1.2743
2025-01-08,223.9857,1.2885
2025-01-09,223.5929,1.3353
2025-01-10,223.4322,1.357
2025-01-13,223.2343,1.3837
2025-01-14,223.4084,1.3654
2025-01-15,223.5695,1.3469
2025-01-16,223.5025,1.3567
2025-01-17,223.4812,1.3606
2025-01-20,223.4455,1.3673
2025-01-21,223.4986,1.362
2025-01-22,223.5612,1.3557
2025-01-23,223.4432,1.3706
2025-01-24,223.2446,1.3954
2025-01-26,223.3087,1.3898
2025-01-27,223.5886,1.3581
2025-02-05,223.7695,1.3497
2025-02-06,223.9003,1.3351
2025-02-07,223.9351,1.333
2025-02-08,223.9162,1.3359
2025-02-10,223.665,1.3675
2025-02-11,223.5647,1.3806
2025-02-12,223.6047,1.3768
2025-02-13,223.4773,1.3926
2025-02-14,223.2267,1.4239
2025-02-17,223.0738,1.4452
2025-02-18,222.7793,1.4818
2025-02-19,222.8868,1.4708
2025-02-20,222.7143,1.4928
2025-02-21,222.4226,1.5279
2025-02-24,222.1771,1.5605
2025-02-25,222.1142,1.5701
2025-02-26,222.2737,1.5524
2025-02-27,222.1565,1.5686
2025-02-28,222.1383,1.5726
2025-03-03,222.4826,1.5352
2025-03-04,222.552,1.5276
2025-03-05,222.5296,1.5315
2025-03-06,222.3291,1.5561
2025-03-07,221.8572,1.6133
2025-03-10,221.8007,1.6243
2025-03-11,221.4168,1.6717
2025-03-12,221.6642,1.6452
2025-03-13,221.7857,1.6313
2025-03-14,221.7625,1.6352
2025-03-17,221.5243,1.6668
2025-03-18,221.58,1.6616
2025-03-19,221.552,1.666
2025-03-20,221.7799,1.6391
2025-03-21,221.7668,1.6415
2025-03-24,221.7395,1.6481
2025-03-25,221.8986,1.6305
2025-03-26,221.9458,1.6302
2025-03-27,222.0714,1.6174
2025-03-28,222.1656,1.6064
2025-03-31,222.1729,1.6087
2025-04-01,222.127,1.6157
2025-04-02,222.2549,1.6017
2025-04-03,222.8877,1.5274
2025-04-07,223.4827,1.4605
2025-04-08,223.291,1.4847
2025-04-09,223.4133,1.4706
2025-04-10,223.5542,1.4558
2025-04-11,223.7258,1.436
2025-04-14,223.6667,1.4454
2025-04-15,223.6398,1.4496
2025-04-16,223.6898,1.4422
2025-04-17,223.6752,1.4452
2025-04-18,223.5804,1.4574
2025-04-21,223.521,1.4672
2025-04-22,223.5247,1.4678
2025-04-23,223.4472,1.4777
2025-04-24,223.3986,1.4846
2025-04-25,223.3931,1.4864
2025-04-27,223.3904,1.489
2025-04-28,223.4202,1.4866
2025-04-29,223.5166,1.4762
2025-04-30,223.6171,1.4674
2025-05-06,223.6881,1.4651
2025-05-07,223.7255,1.4619
2025-05-08,223.883,1.4446
2025-05-09,223.9359,1.4396
2025-05-12,223.7914,1.4575
2025-05-13,223.7878,1.4601
2025-05-14,223.7052,1.473
2025-05-15,223.5924,1.4874
2025-05-16,223.4163,1.5093
2025-05-19,223.5297,1.5087
2025-05-20,223.5864,1.5035
2025-05-21,223.5482,1.5089
2025-05-22,223.598,1.5092
2025-05-23,223.6005,1.51
2025-05-26,223.6985,1.5019
2025-05-27,223.6753,1.5054
2025-05-28,223.6461,1.5099
2025-05-29,223.5229,1.5251
2025-05-30,223.6709,1.509
2025-06-03,223.7031,1.5094
2025-06-04,223.7484,1.5054
2025-06-05,223.8465,1.4953
2025-06-06,223.9669,1.4822
2025-06-09,224.0599,1.4743
2025-06-10,224.0669,1.4746
2025-06-11,224.0989,1.4719
2025-06-12,224.1087,1.4717
2025-06-13,224.1171,1.4717
2025-06-16,224.2088,1.4635
2025-06-17,224.3278,1.4505
2025-06-18,224.3987,1.4432
2025-06-19,224.4241,1.4413
2025-06-20,224.4409,1.4405
2025-06-23,224.4764,1.4404
2025-06-24,224.4279,1.447
2025-06-25,224.4344,1.451
2025-06-26,224.4141,1.4573
2025-06-27,224.4728,1.4516
2025-06-30,224.4869,1.4526
2025-07-01,224.5055,1.4517
2025-07-02,224.6174,1.4399
2025-07-03,224.6857,1.4329
2025-07-04,224.7178,1.4301
2025-07-07,224.7625,1.4276
2025-07-08,224.6918,1.4365
2025-07-09,224.6553,1.4417
2025-07-10,224.5766,1.4515
2025-07-11,224.4674,1.4651
2025-07-14,224.4241,1.4732
2025-07-15,224.5658,1.4585
2025-07-16,224.6218,1.454
2025-07-17,224.6346,1.4572
2025-07-18,224.6154,1.4604
2025-07-21,224.5742,1.4677
2025-07-22,224.5533,1.4712
2025-07-23,224.3713,1.4923
2025-07-24,224.2258,1.51
2025-07-25,224.1237,1.523
2025-07-28,224.2982,1.5058
2025-07-29,224.1602,1.5225
2025-07-30,224.2126,1.518
2025-07-31,224.4051,1.4974
2025-08-01,224.4288,1.4959
2025-08-04,224.4906,1.4921
2025-08-05,224.488,1.4935
2025-08-06,224.5647,1.4859
2025-08-07,224.6816,1.4735
2025-08-08,224.7207,1.4699
2025-08-11,224.6813,1.4771
2025-08-12,224.5929,1.4909
2025-08-13,224.6391,1.4866
2025-08-14,224.6341,1.4882
2025-08-15,224.5914,1.4939
2025-08-18,224.3425,1.5323
2025-08-19,224.3035,1.538
2025-08-20,224.2947,1.5398
2025-08-21,224.2567,1.5451
2025-08-22,224.2966,1.5418
2025-08-25,224.3505,1.5403
2025-08-26,224.4302,1.5322
2025-08-27,224.4027,1.5371
2025-08-28,224.4065,1.537
2025-08-29,224.4307,1.5353
2025-09-01,224.5178,1.5285
2025-09-02,224.576,1.523
2025-09-03,224.7078,1.5078
2025-09-04,224.8024,1.4982
2025-09-05,224.6689,1.5144
2025-09-08,224.5928,1.526
2025-09-09,224.5955,1.5268
2025-09-10,224.5128,1.5374
2025-09-11,224.5642,1.5329
2025-09-12,224.6385,1.5256
2025-09-15,224.7269,1.5204
2025-09-16,224.7782,1.5206
2025-09-17,224.9111,1.5073
2025-09-18,224.8896,1.5102
2025-09-19,224.8142,1.52
2025-09-22,224.8215,1.5224
2025-09-23,224.7536,1.5308
2025-09-24,224.6377,1.5449
2025-09-25,224.501,1.5622
2025-09-26,224.5513,1.559
2025-09-28,224.6122,1.5544
2025-09-29,224.5755,1.5594
2025-09-30,224.6551,1.5519
2025-10-09,224.9122,1.5317
2025-10-10,224.9482,1.5284
2025-10-11,225.0868,1.5137
2025-10-13,225.0284,1.5222
2025-10-14,224.9905,1.5281
2025-10-15,224.9965,1.5335
2025-10-16,224.9705,1.5416
2025-10-17,225.0236,1.5367
2025-10-20,224.9584,1.547
2025-10-21,224.9692,1.547
2025-10-22,225.0011,1.5445
2025-10-23,225.0186,1.5437
2025-10-24,224.9702,1.5499
2025-10-27,225.0408,1.5451
2025-10-28,225.3538,1.5107
2025-10-29,225.5441,1.4899
2025-10-30,225.655,1.4798
2025-10-31,225.7061,1.475
2025-11-03,225.6841,1.4805
2025-11-04,225.6356,1.4871
2025-11-05,225.6544,1.486
2025-11-06,225.6195,1.4911
2025-11-07,225.6052,1.4937
2025-11-10,225.6331,1.4937
2025-11-11,225.6628,1.4915
2025-11-12,225.6855,1.4899
2025-11-13,225.6637,1.4934
2025-11-14,225.6565,1.4951
2025-11-17,225.6935,1.494
2025-11-18,225.7151,1.4926
2025-11-19,225.7027,1.4951
2025-11-20,225.7531,1.4861
2025-11-21,225.7566,1.4868
2025-11-24,225.7863,1.4939
2025-11-25,225.7909,1.4943
2025-11-26,225.7107,1.504
2025-11-27,225.6425,1.5128
2025-11-28,225.6407,1.5143
2025-12-01,225.726,1.5077
2025-12-02,225.7646,1.5041
2025-12-03,225.7766,1.5039
2025-12-04,225.6852,1.5149
2025-12-05,225.6981,1.5145
2025-12-08,225.7535,1.5111
2025-12-09,225.8112,1.5057
2025-12-10,225.8439,1.5028
2025-12-11,225.9381,1.4933
2025-12-12,225.9253,1.4959
2025-12-15,225.9048,1.5008
2025-12-16,225.9073,1.5014
2025-12-17,225.9678,1.4956
2025-12-18,226.0233,1.4902
2025-12-19,226.0875,1.4841
2025-12-22,226.1316,1.4821
2025-12-23,226.1824,1.4773
2025-12-24,226.2491,1.4721
2025-12-25,226.2714,1.4706
2025-12-26,226.2871,1.4739
2025-12-29,226.2085,1.4858
2025-12-30,226.1177,1.4971
2025-12-31,226.0759,1.5028
2026-01-04,226.2054,1.4923
2026-01-05,226.1369,1.501
2026-01-06,226.0316,1.5139
2026-01-07,225.931,1.5264
2026-01-08,225.9798,1.5221
2026-01-09,226.0367,1.5168
2026-01-12,226.1637,1.5056
2026-01-13,226.2,1.5023
2026-01-14,226.2803,1.4937
2026-01-15,226.3989,1.4813
2026-01-16,226.4834,1.4767
2026-01-19,226.576,1.4688
2026-01-20,226.6373,1.4629
2026-01-21,226.684,1.4588
2026-01-22,226.7022,1.4578
2026-01-23,226.735,1.4551
2026-01-26,226.8101,1.4495
2026-01-27,226.8075,1.4508
2026-01-28,226.8423,1.4478
2026-01-29,226.9101,1.4443
2026-01-30,226.9081,1.4454
2026-02-02,226.957,1.4428
2026-02-03,226.9634,1.4431
2026-02-04,226.9883,1.4412
2026-02-05,227.0258,1.438
2026-02-06,227.1106,1.4294
2026-02-09,227.2093,1.4212
2026-02-10,227.2788,1.4143
2026-02-11,227.3551,1.4066
2026-02-12,227.4066,1.4019
2026-02-13,227.4328,1.3999
2026-02-14,227.4244,1.4022
2026-02-24,227.5487,1.3989
2026-02-25,227.5016,1.405
2026-02-26,227.4025,1.4172
2026-02-27,227.4174,1.4166
2026-02-28,227.4658,1.4145
2026-03-02,227.5127,1.4109
2026-03-03,227.5715,1.4051
2026-03-04,227.6236,1.4002
2026-03-05,227.6674,1.3958
2026-03-06,227.6765,1.3961
2026-03-09,227.6103,1.4067
2026-03-10,227.5917,1.4099
2026-03-11,227.6001,1.4098
2026-03-12,227.6221,1.4084
2026-03-13,227.6457,1.4067
2026-03-16,227.5981,1.4147
2026-03-17,227.6227,1.4128
2026-03-18,227.7228,1.402
2026-03-19,227.7906,1.395
2026-03-20,227.805,1.3943
2026-03-23,227.7845,1.4025
2026-03-24,227.7753,1.4048
2026-03-25,227.7862,1.4084
2026-03-26,227.8335,1.4097
2026-03-27,227.8863,1.4047
2026-03-30,228.0594,1.3878
2026-03-31,228.0862,1.3857
2026-04-01,228.0119,1.3954
2026-04-02,227.9813,1.3997
2026-04-03,228.0211,1.3966
2026-04-07,228.07,1.3945
2026-04-08,228.0403,1.3993
2026-04-09,228.0265,1.4017
2026-04-10,228.03,1.4024
2026-04-13,228.0868,1.3988
2026-04-14,228.1301,1.395
2026-04-15,228.2112,1.387
2026-04-16,228.3123,1.3797
2026-04-17,228.3781,1.3734
2026-04-20,228.477,1.3677
2026-04-21,228.4872,1.3674
2026-04-22,228.5775,1.3581
2026-04-23,228.6196,1.3541
2026-04-24,228.6623,1.3501
2026-04-27,228.5955,1.3601
2026-04-28,228.6127,1.3592
2026-04-29,228.6699,1.3529
2026-04-30,228.6518,1.3561
2026-05-06,228.6344,1.3635
2026-05-07,228.6443,1.3633
2026-05-08,228.6905,1.3591
2026-05-09,228.6932,1.3599
2026-05-11,228.7177,1.3591
2026-05-12,228.7737,1.3538
2026-05-13,228.8112,1.3506
2026-05-14,228.8338,1.349
2026-05-15,228.8641,1.3467
2026-05-18,228.9472,1.3402
2026-05-19,229.055,1.3292
2026-05-20,229.1176,1.3231
2026-05-21,229.1261,1.3231
2026-05-22,229.0545,1.332
2026-05-25,229.0846,1.3414
2026-05-26,229.1283,1.3373
2026-05-27,229.2196,1.3301
2026-05-28,229.3316,1.3192
2026-05-29,229.3934,1.3132
2026-06-01,229.4717,1.3074
2026-06-02,229.4664,1.3087
