日期,收盘价
2002-01-04,99.9515
2002-01-07,100.0206
2002-01-08,99.799
2002-01-09,99.6221
2002-01-10,99.6537
2002-01-11,99.9558
2002-01-14,99.9353
2002-01-15,100.1706
2002-01-16,100.27
2002-01-17,100.3286
2002-01-18,100.3013
2002-01-21,100.6221
2002-01-22,100.5234
2002-01-23,100.4285
2002-01-24,100.5646
2002-01-25,100.5937
2002-01-28,100.5747
2002-01-29,100.4252
2002-01-30,100.6199
2002-01-31,100.8081
2002-02-01,100.9946
2002-02-04,100.9218
2002-02-05,101.0718
2002-02-06,101.0308
2002-02-07,101.0262
2002-02-08,101.1063
2002-02-09,101.2673
2002-02-10,101.3127
2002-02-11,101.1589
2002-02-19,101.1487
2002-02-20,101.1312
2002-02-21,101.2258
2002-02-22,101.2303
2002-02-25,101.2716
2002-02-26,101.3964
2002-02-27,101.5256
2002-02-28,101.6385
2002-03-01,101.6422
2002-03-04,101.7058
2002-03-05,101.8664
2002-03-06,101.879
2002-03-07,101.8392
2002-03-08,101.9032
2002-03-11,101.5789
2002-03-12,101.9215
2002-03-13,101.9736
2002-03-14,102.0085
2002-03-15,102.0646
2002-03-18,102.228
2002-03-19,102.3809
2002-03-20,102.2061
2002-03-21,102.4765
2002-03-22,102.5896
2002-03-25,102.6466
2002-03-26,102.6939
2002-03-27,102.6317
2002-03-28,102.3628
2002-03-29,102.7577
2002-04-01,103.0119
2002-04-02,103.0757
2002-04-03,103.2066
2002-04-04,103.2555
2002-04-05,102.993
2002-04-08,103.4923
2002-04-09,103.0957
2002-04-10,103.5828
2002-04-11,103.6618
2002-04-12,103.7378
2002-04-15,103.8234
2002-04-16,103.8123
2002-04-17,103.8271
2002-04-18,103.8574
2002-04-19,103.8065
2002-04-22,103.8678
2002-04-23,103.7759
2002-04-24,103.9003
2002-04-25,104.0443
2002-04-26,104.1102
2002-04-27,103.9186
2002-04-28,104.1593
2002-04-29,104.1183
2002-04-30,103.7576
2002-05-08,104.1089
2002-05-09,104.1698
2002-05-10,104.1746
2002-05-13,104.2184
2002-05-14,104.1509
2002-05-15,104.2856
2002-05-16,104.3244
2002-05-17,104.2459
2002-05-20,104.4662
2002-05-21,104.4722
2002-05-22,104.5763
2002-05-23,104.6569
2002-05-24,104.7454
2002-05-27,104.8253
2002-05-28,105.0031
2002-05-29,105.0111
2002-05-30,105.1382
2002-05-31,105.1391
2002-06-03,105.2385
2002-06-04,104.8207
2002-06-05,104.7485
2002-06-06,105.1259
2002-06-07,104.6618
2002-06-10,104.7653
2002-06-11,104.6149
2002-06-12,105.2264
2002-06-13,105.2974
2002-06-14,105.2521
2002-06-17,105.221
2002-06-18,105.218
2002-06-19,105.1678
2002-06-20,105.1479
2002-06-21,105.1174
2002-06-24,104.2232
2002-06-25,104.6678
2002-06-26,104.667
2002-06-27,104.6595
2002-06-28,104.8922
2002-07-01,104.2977
2002-07-02,104.8461
2002-07-03,104.2237
2002-07-04,104.8763
2002-07-05,104.9113
2002-07-08,104.9851
2002-07-09,104.9934
2002-07-10,104.6873
2002-07-11,103.9348
2002-07-12,104.1356
2002-07-15,104.1464
2002-07-16,104.2226
2002-07-17,103.8771
2002-07-18,103.649
2002-07-19,103.6362
2002-07-22,103.5725
2002-07-23,104.6782
2002-07-24,103.307
2002-07-25,104.3216
2002-07-26,103.6237
2002-07-29,103.5668
2002-07-30,103.8685
2002-07-31,104.5289
2002-08-01,103.6986
2002-08-02,103.5815
2002-08-05,103.6367
2002-08-06,103.9584
2002-08-07,103.9052
2002-08-08,103.5627
2002-08-09,103.6622
2002-08-12,103.4988
2002-08-13,103.5709
2002-08-14,103.2943
2002-08-15,103.6567
2002-08-16,103.1746
2002-08-19,103.2828
2002-08-20,103.7365
2002-08-21,103.6157
2002-08-22,103.7055
2002-08-23,103.5956
2002-08-26,103.5623
2002-08-27,103.4975
2002-08-28,103.4369
2002-08-29,103.4401
2002-08-30,103.4626
2002-09-02,103.3846
2002-09-03,103.5956
2002-09-04,103.5638
2002-09-05,103.4323
2002-09-06,103.5214
2002-09-09,103.6125
2002-09-10,103.6164
2002-09-11,103.3426
2002-09-12,103.6838
2002-09-13,103.1405
2002-09-16,103.2325
2002-09-17,102.8383
2002-09-18,103.8536
2002-09-19,102.98
2002-09-20,103.0498
2002-09-23,103.1069
2002-09-24,103.1206
2002-09-25,102.3143
2002-09-26,103.3757
2002-09-27,103.293
2002-09-28,103.2933
2002-09-29,103.1184
2002-09-30,103.7051
2002-10-08,103.3797
2002-10-09,103.2848
2002-10-10,103.3711
2002-10-11,103.3992
2002-10-14,103.3506
2002-10-15,103.3343
2002-10-16,103.3292
2002-10-17,103.2883
2002-10-18,103.1515
2002-10-21,103.1659
2002-10-22,103.061
2002-10-23,102.9013
2002-10-24,102.9245
2002-10-25,102.8157
2002-10-28,103.3265
2002-10-29,102.378
2002-10-30,102.5631
2002-10-31,103.2194
2002-11-01,101.9378
2002-11-04,102.0141
2002-11-05,102.1441
2002-11-06,102.1615
2002-11-07,102.1484
2002-11-08,102.2476
2002-11-11,102.1897
2002-11-12,102.2018
2002-11-13,102.2111
2002-11-14,102.2136
2002-11-15,102.2976
2002-11-18,102.4706
2002-11-19,102.0991
2002-11-20,102.4932
2002-11-21,102.4539
2002-11-22,102.8271
2002-11-25,102.7158
2002-11-26,102.7614
2002-11-27,102.5837
2002-11-28,102.4474
2002-11-29,102.5813
2002-12-02,102.2403
2002-12-03,102.2311
2002-12-04,102.3291
2002-12-05,102.8267
2002-12-06,102.3279
2002-12-09,102.4198
2002-12-10,103.2955
2002-12-11,103.4005
2002-12-12,102.2726
2002-12-13,102.64
2002-12-16,102.584
2002-12-17,102.2784
2002-12-18,103.0782
2002-12-19,102.3114
2002-12-20,102.6922
2002-12-23,102.4733
2002-12-24,103.2375
2002-12-25,103.779
2002-12-26,102.5936
2002-12-27,104.4191
2002-12-30,104.1108
2002-12-31,103.9422
2003-01-02,103.8344
2003-01-03,103.9092
2003-01-06,103.15
2003-01-07,103.1605
2003-01-08,103.2931
2003-01-09,103.1719
2003-01-10,103.9137
2003-01-13,103.8154
2003-01-14,103.8705
2003-01-15,103.7762
2003-01-16,103.449
2003-01-17,103.4512
2003-01-20,103.4772
2003-01-21,103.4938
2003-01-22,104.1169
2003-01-23,104.0376
2003-01-24,103.4553
2003-01-27,104.3405
2003-01-28,104.6561
2003-01-29,104.0643
2003-01-30,103.7849
2003-01-31,103.1555
2003-02-08,104.2425
2003-02-09,103.1715
2003-02-10,103.336
2003-02-11,103.4515
2003-02-12,103.5594
2003-02-13,103.5316
2003-02-14,103.578
2003-02-17,102.9192
2003-02-18,103.1786
2003-02-19,103.3032
2003-02-20,103.4856
2003-02-21,103.7538
2003-02-24,103.5568
2003-02-25,103.5898
2003-02-26,103.6255
2003-02-27,103.4553
2003-02-28,104.1946
2003-03-03,103.7116
2003-03-04,103.8184
2003-03-05,103.9289
2003-03-06,103.8319
2003-03-07,103.8924
2003-03-10,103.9261
2003-03-11,104.3998
2003-03-12,103.9414
2003-03-13,103.8164
2003-03-14,103.9
2003-03-17,104.1069
2003-03-18,103.8901
2003-03-19,103.9007
2003-03-20,103.969
2003-03-21,104.0066
2003-03-24,103.9538
2003-03-25,104.0232
2003-03-26,104.5646
2003-03-27,104.0745
2003-03-28,104.1286
2003-03-31,104.3577
2003-04-01,104.0974
2003-04-02,104.3294
2003-04-03,104.1789
2003-04-04,104.3876
2003-04-07,104.158
2003-04-08,104.8051
2003-04-09,104.6931
2003-04-10,104.3577
2003-04-11,104.3316
2003-04-14,104.3312
2003-04-15,104.352
2003-04-16,104.4605
2003-04-17,104.3128
2003-04-18,104.4007
2003-04-21,104.5031
2003-04-22,104.5039
2003-04-23,105.0345
2003-04-24,104.5704
2003-04-25,104.4892
2003-04-28,103.9703
2003-04-29,104.4963
2003-04-30,105.1431
2003-05-06,104.6226
2003-05-07,104.5484
2003-05-08,104.6263
2003-05-09,104.8752
2003-05-12,105.204
2003-05-13,104.6738
2003-05-14,104.7927
2003-05-15,104.7987
2003-05-16,105.3301
2003-05-19,104.7786
2003-05-20,105.248
2003-05-21,104.817
2003-05-22,104.8198
2003-05-23,104.9818
2003-05-26,104.8119
2003-05-27,104.8776
2003-05-28,104.9425
2003-05-29,104.919
2003-05-30,105.1427
2003-06-02,104.7356
2003-06-03,104.9195
2003-06-04,104.8392
2003-06-05,104.6838
2003-06-06,105.2004
2003-06-09,104.8955
2003-06-10,104.8591
2003-06-11,104.9868
2003-06-12,104.9619
2003-06-13,105.2067
2003-06-16,104.9448
2003-06-17,104.7612
2003-06-18,104.9407
2003-06-19,104.9371
2003-06-20,104.8837
2003-06-23,104.6745
2003-06-24,104.8523
2003-06-25,104.6873
2003-06-26,105.2395
2003-06-27,105.0592
2003-06-30,104.721
2003-07-01,104.9273
2003-07-02,105.1176
2003-07-03,104.7482
2003-07-04,105.4467
2003-07-07,104.9548
2003-07-08,104.8472
2003-07-09,104.7862
2003-07-10,104.8947
2003-07-11,105.5317
2003-07-14,104.9153
2003-07-15,105.019
2003-07-16,103.6345
2003-07-17,104.8003
2003-07-18,105.4204
2003-07-21,104.9167
2003-07-22,104.8951
2003-07-23,105.0224
2003-07-24,105.0593
2003-07-25,105.6408
2003-07-28,105.1722
2003-07-29,105.0333
2003-07-30,105.0214
2003-07-31,105.1785
2003-08-01,105.4005
2003-08-04,105.1756
2003-08-05,105.1772
2003-08-06,105.1329
2003-08-07,105.0583
2003-08-08,104.9367
2003-08-11,105.0914
2003-08-12,105.2007
2003-08-13,105.1723
2003-08-14,105.1826
2003-08-15,105.4848
2003-08-18,105.1903
2003-08-19,105.2107
2003-08-20,105.2156
2003-08-21,105.0575
2003-08-22,105.3242
2003-08-25,104.9109
2003-08-26,104.9097
2003-08-27,104.7796
2003-08-28,104.8747
2003-08-29,105.3929
2003-09-01,105.5016
2003-09-02,104.8788
2003-09-03,104.7997
2003-09-04,104.6617
2003-09-05,105.2333
2003-09-08,104.753
2003-09-09,104.5812
2003-09-10,104.5824
2003-09-11,104.877
2003-09-12,104.6225
2003-09-15,105.2318
2003-09-16,104.5329
2003-09-17,104.3398
2003-09-18,104.2684
2003-09-19,104.3334
2003-09-22,104.8064
2003-09-23,103.7196
2003-09-24,103.4179
2003-09-25,103.5537
2003-09-26,104.0247
2003-09-27,102.8938
2003-09-28,102.8118
2003-09-29,103.6699
2003-09-30,102.8511
2003-10-08,103.2363
2003-10-09,102.6004
2003-10-10,102.7942
2003-10-13,101.4631
2003-10-14,102.5
2003-10-15,102.0053
2003-10-16,101.7593
2003-10-17,101.5679
2003-10-20,101.2885
2003-10-21,101.9057
2003-10-22,102.5205
2003-10-23,101.7761
2003-10-24,102.4993
2003-10-27,102.5376
2003-10-28,102.4526
2003-10-29,101.8547
2003-10-30,101.8186
2003-10-31,101.7073
2003-11-03,102.4998
2003-11-04,102.1775
2003-11-05,102.1452
2003-11-06,102.3156
2003-11-07,102.3519
2003-11-10,103.2052
2003-11-11,101.8329
2003-11-12,102.4367
2003-11-13,102.1413
2003-11-14,102.0659
2003-11-17,103.0175
2003-11-18,101.8512
2003-11-19,102.747
2003-11-20,102.3137
2003-11-21,101.9928
2003-11-24,102.9419
2003-11-25,102.142
2003-11-26,101.3969
2003-11-27,102.4639
2003-11-28,102.1815
2003-12-01,102.5571
2003-12-02,102.0124
2003-12-03,102.0772
2003-12-04,102.4671
2003-12-05,102.5542
2003-12-08,102.8209
2003-12-09,102.1648
2003-12-10,102.0155
2003-12-11,102.1496
2003-12-12,102.6475
2003-12-15,102.9128
2003-12-16,103.1633
2003-12-17,102.8222
2003-12-18,102.7824
2003-12-19,102.5196
2003-12-22,103.2277
2003-12-23,102.9372
2003-12-24,103.2406
2003-12-25,102.8867
2003-12-26,103.9735
2003-12-29,104.274
2003-12-30,103.1687
2003-12-31,102.9083
2004-01-02,104.0616
2004-01-05,102.8577
2004-01-06,103.2336
2004-01-07,103.0598
2004-01-08,103.1397
2004-01-09,103.2076
2004-01-12,102.9032
2004-01-13,102.4452
2004-01-14,102.9772
2004-01-15,103.1172
2004-01-16,103.7366
2004-01-17,103.316
2004-01-18,103.2828
2004-01-19,103.7602
2004-01-20,103.8878
2004-01-21,102.9393
2004-01-29,103.2103
2004-01-30,103.04
2004-02-02,102.991
2004-02-03,102.1096
2004-02-04,101.9655
2004-02-05,102.0348
2004-02-06,102.2131
2004-02-09,103.0242
2004-02-10,102.3103
2004-02-11,102.5346
2004-02-12,102.4071
2004-02-13,102.083
2004-02-16,103.0358
2004-02-17,102.3297
2004-02-18,101.0058
2004-02-19,102.0221
2004-02-20,102.2758
2004-02-23,102.7456
2004-02-24,102.4469
2004-02-25,102.2932
2004-02-26,102.0163
2004-02-27,102.3113
2004-03-01,103.0047
2004-03-02,102.1231
2004-03-03,101.6746
2004-03-04,101.9611
2004-03-05,101.9213
2004-03-08,102.9419
2004-03-09,101.4908
2004-03-10,102.131
2004-03-11,101.6923
2004-03-12,101.6152
2004-03-15,102.1036
2004-03-16,102.3855
2004-03-17,102.1757
2004-03-18,101.5681
2004-03-19,101.63
2004-03-22,102.1375
2004-03-23,101.4523
2004-03-24,101.2511
2004-03-25,101.2173
2004-03-26,101.9682
2004-03-29,101.8461
2004-03-30,101.2
2004-03-31,102.1511
2004-04-01,101.3797
2004-04-02,101.6918
2004-04-05,102.0684
2004-04-06,101.6373
2004-04-07,101.9328
2004-04-08,101.003
2004-04-09,101.1656
2004-04-12,101.5029
2004-04-13,100.8587
2004-04-14,100.3107
2004-04-15,99.6937
2004-04-16,100.074
2004-04-19,99.8748
2004-04-20,100.3432
2004-04-21,98.4217
2004-04-22,99.6223
2004-04-23,99.8578
2004-04-26,99.2162
2004-04-27,99.1754
2004-04-28,98.9624
2004-04-29,97.2213
2004-04-30,98.2186
2004-05-08,102.4301
2004-05-09,101.5371
2004-05-10,99.4899
2004-05-11,100.0356
2004-05-12,100.8719
2004-05-13,99.8273
2004-05-14,100.9383
2004-05-17,101.5752
2004-05-18,100.8385
2004-05-19,101.5311
2004-05-20,100.3265
2004-05-21,100.6649
2004-05-24,99.0986
2004-05-25,100.4427
2004-05-26,101.6346
2004-05-27,101.1396
2004-05-28,101.4248
2004-05-31,99.9987
2004-06-01,101.79
2004-06-02,100.8838
2004-06-03,100.1834
2004-06-04,100.4847
2004-06-07,100.9631
2004-06-08,100.8672
2004-06-09,101.2419
2004-06-10,100.8133
2004-06-11,100.9533
2004-06-14,100.858
2004-06-15,101.0278
2004-06-16,100.9151
2004-06-17,100.0681
2004-06-18,100.8839
2004-06-21,101.5986
2004-06-22,100.3663
2004-06-23,101.8086
2004-06-24,101.7391
2004-06-25,100.915
2004-06-28,101.648
2004-06-29,101.6219
2004-06-30,102.013
2004-07-01,100.5629
2004-07-02,100.0719
2004-07-05,100.3859
2004-07-06,100.1937
2004-07-07,100.7443
2004-07-08,100.7744
2004-07-09,100.0525
2004-07-12,101.228
2004-07-13,100.9657
2004-07-14,100.1828
2004-07-15,100.4593
2004-07-16,100.0312
2004-07-19,101.8493
2004-07-20,100.6276
2004-07-21,100.3815
2004-07-22,100.8486
2004-07-23,100.909
2004-07-26,100.913
2004-07-27,101.5989
2004-07-28,100.9894
2004-07-29,101.3912
2004-07-30,101.8854
2004-08-02,100.8084
2004-08-03,101.0827
2004-08-04,100.9111
2004-08-05,101.3724
2004-08-06,102.1169
2004-08-09,100.5011
2004-08-10,101.3809
2004-08-11,100.9532
2004-08-12,101.2009
2004-08-13,101.7855
2004-08-16,101.0075
2004-08-17,100.2821
2004-08-18,101.3276
2004-08-19,100.3486
2004-08-20,102.2876
2004-08-23,100.2209
2004-08-24,100.2211
2004-08-25,101.3531
2004-08-26,100.1242
2004-08-27,101.5855
2004-08-30,100.2604
2004-08-31,100.4776
2004-09-01,100.5887
2004-09-02,101.18
2004-09-03,101.4118
2004-09-06,101.638
2004-09-07,100.9042
2004-09-08,100.071
2004-09-09,99.9834
2004-09-10,100.7014
2004-09-13,99.8571
2004-09-14,99.9284
2004-09-15,100.4821
2004-09-16,100.3701
2004-09-17,101.0642
2004-09-20,100.202
2004-09-21,100.6379
2004-09-22,100.0625
2004-09-23,101.0521
2004-09-24,101.5104
2004-09-27,100.7677
2004-09-28,101.1444
2004-09-29,101.1754
2004-09-30,102.3182
2004-10-08,101.9929
2004-10-09,100.4152
2004-10-10,100.3273
2004-10-11,102.0285
2004-10-12,101.667
2004-10-13,101.0228
2004-10-14,100.9434
2004-10-15,101.2472
2004-10-18,101.1416
2004-10-19,101.2179
2004-10-20,101.01
2004-10-21,102.8215
2004-10-22,101.4883
2004-10-25,100.9791
2004-10-26,102.0847
2004-10-27,100.6885
2004-10-28,101.1785
2004-10-29,101.9597
2004-11-01,100.5408
2004-11-02,100.5483
2004-11-03,100.3937
2004-11-04,101.2177
2004-11-05,99.9911
2004-11-08,99.9963
2004-11-09,100.3799
2004-11-10,102.121
2004-11-11,100.9774
2004-11-12,100.6778
2004-11-15,100.1285
2004-11-16,100.4986
2004-11-17,100.1922
2004-11-18,100.2804
2004-11-19,100.0868
2004-11-22,98.969
2004-11-23,99.129
2004-11-24,98.9506
2004-11-25,100.5348
2004-11-26,98.9994
2004-11-29,99.3766
2004-11-30,100.5102
2004-12-01,99.4171
2004-12-02,101.3133
2004-12-03,99.7373
2004-12-06,100.0443
2004-12-07,100.4411
2004-12-08,100.0861
2004-12-09,100.3734
2004-12-10,100.8759
2004-12-13,100.5742
2004-12-14,100.4585
2004-12-15,101.1266
2004-12-16,100.3453
2004-12-17,100.2438
2004-12-20,101.252
2004-12-21,101.4302
2004-12-22,101.0124
2004-12-23,100.7267
2004-12-24,101.3247
2004-12-27,100.8264
2004-12-28,100.6242
2004-12-29,101.2169
2004-12-30,101.6457
2004-12-31,102.1962
2005-01-04,102.0369
2005-01-05,101.9733
2005-01-06,101.0766
2005-01-07,101.3291
2005-01-10,100.9527
2005-01-11,101.6946
2005-01-12,101.7894
2005-01-13,102.1982
2005-01-14,102.3314
2005-01-17,102.0832
2005-01-18,101.9376
2005-01-19,102.0973
2005-01-20,102.3668
2005-01-21,102.172
2005-01-24,102.5642
2005-01-25,102.1945
2005-01-26,102.184
2005-01-27,102.6098
2005-01-28,102.6607
2005-01-31,102.217
2005-02-01,102.5822
2005-02-02,102.8974
2005-02-03,102.8627
2005-02-04,103.0718
2005-02-05,103.0662
2005-02-06,103.031
2005-02-07,103.0878
2005-02-08,103.2974
2005-02-16,103.8587
2005-02-17,103.2786
2005-02-18,103.4503
2005-02-21,103.5637
2005-02-22,103.6279
2005-02-23,104.5731
2005-02-24,103.7163
2005-02-25,104.6706
2005-02-28,103.5588
2005-03-01,104.0869
2005-03-02,104.0944
2005-03-03,103.9164
2005-03-04,103.7675
2005-03-07,103.9631
2005-03-08,103.8295
2005-03-09,104.0487
2005-03-10,104.0967
2005-03-11,104.9387
2005-03-14,104.5235
2005-03-15,104.7028
2005-03-16,104.9493
2005-03-17,105.0236
2005-03-18,105.4892
2005-03-21,105.6269
2005-03-22,105.0086
2005-03-23,104.8441
2005-03-24,105.1591
2005-03-25,104.9988
2005-03-28,105.2549
2005-03-29,105.0355
2005-03-30,105.2808
2005-03-31,105.088
2005-04-01,105.1468
2005-04-04,105.8295
2005-04-05,106.0535
2005-04-06,106.0455
2005-04-07,106.314
2005-04-08,106.7257
2005-04-11,106.735
2005-04-12,107.3605
2005-04-13,106.4581
2005-04-14,107.3979
2005-04-15,107.1565
2005-04-18,107.1913
2005-04-19,106.8136
2005-04-20,106.9829
2005-04-21,106.9356
2005-04-22,106.5223
2005-04-25,107.0147
2005-04-26,107.1387
2005-04-27,107.0803
2005-04-28,107.4281
2005-04-29,107.1788
2005-04-30,107.4372
2005-05-08,107.9398
2005-05-09,107.8814
2005-05-10,107.9366
2005-05-11,107.9758
2005-05-12,108.0238
2005-05-13,108.6049
2005-05-16,108.1634
2005-05-17,107.825
2005-05-18,108.3133
2005-05-19,108.2952
2005-05-20,109.1496
2005-05-23,109.6545
2005-05-24,109.6349
2005-05-25,109.6791
2005-05-26,109.4759
2005-05-27,109.4214
2005-05-30,109.4651
2005-05-31,109.2762
2005-06-01,109.5016
2005-06-02,109.6653
2005-06-03,109.6723
2005-06-06,109.8099
2005-06-07,109.822
2005-06-08,109.7986
2005-06-09,109.9636
2005-06-10,110.1604
2005-06-13,110.831
2005-06-14,110.7837
2005-06-15,111.0296
2005-06-16,111.1325
2005-06-17,111.3796
2005-06-20,111.2702
2005-06-21,111.3961
2005-06-22,111.485
2005-06-23,111.3853
2005-06-24,111.1994
2005-06-27,111.1755
2005-06-28,111.1026
2005-06-29,111.2931
2005-06-30,111.3389
2005-07-01,111.3204
2005-07-04,111.3613
2005-07-05,111.5009
2005-07-06,111.664
2005-07-07,111.8971
2005-07-08,112.1307
2005-07-11,112.0175
2005-07-12,112.3329
2005-07-13,112.5789
2005-07-14,112.7021
2005-07-15,112.7622
2005-07-18,112.7412
2005-07-19,112.4822
2005-07-20,112.5346
2005-07-21,112.5933
2005-07-22,112.6015
2005-07-25,112.9552
2005-07-26,113.0543
2005-07-27,113.1192
2005-07-28,113.0059
2005-07-29,112.8936
2005-08-01,113.1038
2005-08-02,112.8004
2005-08-03,113.0845
2005-08-04,113.0162
2005-08-05,113.1651
2005-08-08,113.2676
2005-08-09,112.8574
2005-08-10,113.2951
2005-08-11,112.9064
2005-08-12,112.9577
2005-08-15,112.8929
2005-08-16,112.9514
2005-08-17,113.0107
2005-08-18,112.9063
2005-08-19,112.6213
2005-08-22,113.1904
2005-08-23,113.5876
2005-08-24,113.3229
2005-08-25,114.1175
2005-08-26,113.3949
2005-08-29,113.4663
2005-08-30,113.4339
2005-08-31,113.4618
2005-09-01,113.4654
2005-09-02,113.3421
2005-09-05,113.3944
2005-09-06,113.4824
2005-09-07,113.4618
2005-09-08,113.5366
2005-09-09,113.6011
2005-09-12,113.7122
2005-09-13,113.7758
2005-09-14,113.7177
2005-09-15,113.9247
2005-09-16,114.0653
2005-09-19,114.4113
2005-09-20,114.3089
2005-09-21,114.3811
2005-09-22,114.5649
2005-09-23,114.4793
2005-09-26,114.4291
2005-09-27,114.1568
2005-09-28,114.1973
2005-09-29,114.8036
2005-09-30,114.4474
2005-10-08,114.8026
2005-10-09,114.6907
2005-10-10,115.0584
2005-10-11,115.1763
2005-10-12,115.0864
2005-10-13,115.4773
2005-10-14,115.4011
2005-10-17,115.8465
2005-10-18,115.993
2005-10-19,116.143
2005-10-20,116.3747
2005-10-21,116.0854
2005-10-24,116.3492
2005-10-25,115.5374
2005-10-26,116.1561
2005-10-27,115.8313
2005-10-28,115.602
2005-10-31,115.4139
2005-11-01,115.4552
2005-11-02,115.1381
2005-11-03,114.8798
2005-11-04,114.9927
2005-11-07,115.1945
2005-11-08,114.7848
2005-11-09,114.2566
2005-11-10,114.2181
2005-11-11,113.8293
2005-11-14,113.8698
2005-11-15,113.9646
2005-11-16,113.7118
2005-11-17,113.7781
2005-11-18,113.4415
2005-11-21,113.2732
2005-11-22,113.5543
2005-11-23,113.5843
2005-11-24,113.4166
2005-11-25,113.5389
2005-11-28,114.2742
2005-11-29,114.5282
2005-11-30,113.5633
2005-12-01,113.7224
2005-12-02,114.1682
2005-12-05,113.8251
2005-12-06,115.0547
2005-12-07,114.4128
2005-12-08,114.4159
2005-12-09,114.7423
2005-12-12,114.853
2005-12-13,114.813
2005-12-14,114.9084
2005-12-15,115.5932
2005-12-16,115.3175
2005-12-19,115.3902
2005-12-20,115.3289
2005-12-21,115.2557
2005-12-22,115.0787
2005-12-23,115.4492
2005-12-26,115.5986
2005-12-27,114.0172
2005-12-28,115.4812
2005-12-29,115.5496
2005-12-30,115.592
2005-12-31,115.6673
2006-01-04,116.0233
2006-01-05,115.9434
2006-01-06,116.1618
2006-01-09,116.2386
2006-01-10,116.4675
2006-01-11,116.4878
2006-01-12,116.3906
2006-01-13,116.6803
2006-01-16,116.6945
2006-01-17,116.9972
2006-01-18,117.2268
2006-01-19,116.7688
2006-01-20,116.7056
2006-01-23,116.6405
2006-01-24,117.0852
2006-01-25,116.991
2006-01-26,117.1577
2006-01-27,117.1567
2006-01-28,117.1672
2006-02-05,117.2229
2006-02-06,117.3417
2006-02-07,117.7641
2006-02-08,117.1444
2006-02-09,117.4964
2006-02-10,117.5931
2006-02-13,117.8394
2006-02-14,117.5588
2006-02-15,118.3962
2006-02-16,117.5796
2006-02-17,118.3683
2006-02-20,117.7644
2006-02-21,117.3125
2006-02-22,117.4342
2006-02-23,117.4754
2006-02-24,117.7128
2006-02-27,117.8274
2006-02-28,117.976
2006-03-01,117.4343
2006-03-02,117.1216
2006-03-03,117.8673
2006-03-06,117.5924
2006-03-07,117.939
2006-03-08,117.877
2006-03-09,118.0135
2006-03-10,118.0341
2006-03-13,117.9872
2006-03-14,118.0489
2006-03-15,117.8662
2006-03-16,117.9455
2006-03-17,117.9309
2006-03-20,117.9803
2006-03-21,117.8037
2006-03-22,117.2874
2006-03-23,117.1714
2006-03-24,117.5791
2006-03-27,117.5152
2006-03-28,117.8121
2006-03-29,117.7794
2006-03-30,117.3973
2006-03-31,117.6127
2006-04-03,117.7543
2006-04-04,118.0623
2006-04-05,117.8685
2006-04-06,117.6956
2006-04-07,117.6042
2006-04-10,117.636
2006-04-11,117.3976
2006-04-12,117.5034
2006-04-13,117.389
2006-04-14,117.2512
2006-04-17,117.1969
2006-04-18,116.7808
2006-04-19,116.6983
2006-04-20,117.1091
2006-04-21,117.2716
2006-04-24,117.0887
2006-04-25,117.2608
2006-04-26,117.2239
2006-04-27,117.2231
2006-04-28,117.4259
2006-04-29,117.6094
2006-04-30,117.392
2006-05-08,117.4684
2006-05-09,117.5221
2006-05-10,117.8758
2006-05-11,118.0746
2006-05-12,117.9862
2006-05-15,117.9229
2006-05-16,117.9817
2006-05-17,117.9791
2006-05-18,117.9559
2006-05-19,117.9769
2006-05-22,117.9848
2006-05-23,117.9279
2006-05-24,117.8598
2006-05-25,117.789
2006-05-26,117.8481
2006-05-29,117.7679
2006-05-30,118.0174
2006-05-31,117.8884
2006-06-01,117.8688
2006-06-02,117.6094
2006-06-05,117.4768
2006-06-06,117.3424
2006-06-07,117.1296
2006-06-08,117.1237
2006-06-09,117.1184
2006-06-12,117.2322
2006-06-13,117.158
2006-06-14,117.0554
2006-06-15,117.2295
2006-06-16,117.2867
2006-06-19,117.0417
2006-06-20,116.8652
2006-06-21,116.7839
2006-06-22,116.8809
2006-06-23,116.9863
2006-06-26,117.0634
2006-06-27,117.2962
2006-06-28,117.2927
2006-06-29,117.3098
2006-06-30,117.4242
2006-07-03,117.4625
2006-07-04,117.4435
2006-07-05,117.4482
2006-07-06,117.3989
2006-07-07,117.4462
2006-07-10,117.4417
2006-07-11,117.6569
2006-07-12,117.5873
2006-07-13,117.415
2006-07-14,117.283
2006-07-17,117.3724
2006-07-18,117.251
2006-07-19,117.1694
2006-07-20,116.982
2006-07-21,117.0264
2006-07-24,116.8443
2006-07-25,116.9026
2006-07-26,116.7515
2006-07-27,116.7996
2006-07-28,117.0567
2006-07-31,116.7659
2006-08-01,116.2513
2006-08-02,115.9976
2006-08-03,116.9174
2006-08-04,116.9966
2006-08-07,116.9265
2006-08-08,116.9736
2006-08-09,116.9941
2006-08-10,117.1176
2006-08-11,117.1066
2006-08-14,117.2624
2006-08-15,117.3102
2006-08-16,117.4431
2006-08-17,117.4574
2006-08-18,117.7748
2006-08-21,117.2705
2006-08-22,117.3105
2006-08-23,117.3836
2006-08-24,117.4154
2006-08-25,117.518
2006-08-28,117.3863
2006-08-29,117.4221
2006-08-30,117.5017
2006-08-31,117.5952
2006-09-01,117.5069
2006-09-04,117.5603
2006-09-05,117.5698
2006-09-06,117.5849
2006-09-07,117.691
2006-09-08,117.6632
2006-09-11,117.9141
2006-09-12,117.8048
2006-09-13,117.8784
2006-09-14,118.0185
2006-09-15,118.0124
2006-09-18,118.1743
2006-09-19,118.2511
2006-09-20,118.4712
2006-09-21,118.5419
2006-09-22,118.7822
2006-09-25,118.8136
2006-09-26,118.8694
2006-09-27,118.8803
2006-09-28,118.9257
2006-09-29,118.8909
2006-09-30,119.0759
2006-10-08,119.0863
2006-10-09,118.8992
2006-10-10,119.1333
2006-10-11,119.1069
2006-10-12,119.2275
2006-10-13,119.3006
2006-10-16,119.2789
2006-10-17,119.4285
2006-10-18,119.3062
2006-10-19,119.5591
2006-10-20,119.7098
2006-10-23,119.6838
2006-10-24,119.6636
2006-10-25,119.8369
2006-10-26,119.7304
2006-10-27,119.8274
2006-10-30,118.4613
2006-10-31,119.7769
2006-11-01,119.7565
2006-11-02,119.8655
2006-11-03,119.8796
2006-11-06,119.7722
2006-11-07,119.7891
2006-11-08,119.7578
2006-11-09,119.8044
2006-11-10,119.8119
2006-11-13,119.7672
2006-11-14,119.8073
2006-11-15,119.836
2006-11-16,119.864
2006-11-17,119.9147
2006-11-20,119.6296
2006-11-21,119.6218
2006-11-22,119.3978
2006-11-23,119.0535
2006-11-24,119.1009
2006-11-27,119.2929
2006-11-28,119.6497
2006-11-29,119.643
2006-11-30,119.6371
2006-12-01,119.7181
2006-12-04,119.7361
2006-12-05,119.7749
2006-12-06,119.7801
2006-12-07,119.6823
2006-12-08,119.3238
2006-12-11,119.4929
2006-12-12,119.533
2006-12-13,119.4757
2006-12-14,119.4851
2006-12-15,119.5181
2006-12-18,119.537
2006-12-19,119.5081
2006-12-20,119.579
2006-12-21,119.5881
2006-12-22,119.4729
2006-12-25,119.5346
2006-12-26,119.5212
2006-12-27,119.464
2006-12-28,119.5944
2006-12-29,119.7064
2006-12-30,119.773
2006-12-31,119.7919
2007-01-04,119.7169
2007-01-05,119.744
2007-01-08,119.7153
2007-01-09,119.7915
2007-01-10,119.8992
2007-01-11,119.9661
2007-01-12,119.7863
2007-01-15,119.8029
2007-01-16,119.8842
2007-01-17,119.9144
2007-01-18,119.8855
2007-01-19,119.8146
2007-01-22,119.8749
2007-01-23,119.819
2007-01-24,119.8216
2007-01-25,119.809
2007-01-26,119.7867
2007-01-29,119.8215
2007-01-30,119.6311
2007-01-31,119.5316
2007-02-01,119.4478
2007-02-02,119.4074
2007-02-05,119.3205
2007-02-06,119.2821
2007-02-07,119.3031
2007-02-08,119.2973
2007-02-09,119.2586
2007-02-12,119.2298
2007-02-13,119.2048
2007-02-14,119.2192
2007-02-15,119.2321
2007-02-16,119.3059
2007-02-17,119.2205
2007-02-25,119.389
2007-02-26,119.2751
2007-02-27,119.3003
2007-02-28,119.3512
2007-03-01,119.3952
2007-03-02,119.3377
2007-03-05,119.3125
2007-03-06,119.2882
2007-03-07,119.2871
2007-03-08,119.2786
2007-03-09,119.264
2007-03-12,119.3721
2007-03-13,119.3192
2007-03-14,119.2573
2007-03-15,119.2415
2007-03-16,119.1765
2007-03-19,119.0869
2007-03-20,119.2274
2007-03-21,119.0249
2007-03-22,119.0318
2007-03-23,118.9991
2007-03-26,118.9767
2007-03-27,119.0355
2007-03-28,119.039
2007-03-29,119.0819
2007-03-30,119.0424
2007-04-02,119.1422
2007-04-03,119.142
2007-04-04,119.2611
2007-04-05,119.154
2007-04-06,118.9556
2007-04-09,118.9151
2007-04-10,118.7569
2007-04-11,118.6941
2007-04-12,118.7297
2007-04-13,118.6268
2007-04-16,118.5633
2007-04-17,118.1782
2007-04-18,117.8326
2007-04-19,117.3944
2007-04-20,117.1721
2007-04-23,117.1484
2007-04-24,117.1722
2007-04-25,117.4316
2007-04-26,117.5337
2007-04-27,117.5233
2007-04-28,117.6261
2007-04-29,117.695
2007-04-30,117.6477
2007-05-08,117.6354
2007-05-09,117.6261
2007-05-10,117.371
2007-05-11,117.2247
2007-05-14,117.0872
2007-05-15,116.6514
2007-05-16,116.7777
2007-05-17,116.358
2007-05-18,116.4816
2007-05-21,115.6724
2007-05-22,115.6608
2007-05-23,115.8971
2007-05-24,115.82
2007-05-25,115.8186
2007-05-28,115.6989
2007-05-29,115.5323
2007-05-30,115.5447
2007-05-31,115.5582
2007-06-01,115.4697
2007-06-04,115.5088
2007-06-05,115.5446
2007-06-06,115.6179
2007-06-07,115.5569
2007-06-08,115.2489
2007-06-11,115.2743
2007-06-12,114.8309
2007-06-13,114.7724
2007-06-14,114.6148
2007-06-15,114.5662
2007-06-18,114.3496
2007-06-19,114.4442
2007-06-20,114.2757
2007-06-21,113.5262
2007-06-22,113.6715
2007-06-25,113.6281
2007-06-26,113.6045
2007-06-27,113.6563
2007-06-28,113.6376
2007-06-29,113.6478
2007-07-02,113.7053
2007-07-03,113.8224
2007-07-04,113.8632
2007-07-05,113.8636
2007-07-06,113.8616
2007-07-09,113.9406
2007-07-10,114.0128
2007-07-11,114.0363
2007-07-12,114.0259
2007-07-13,114.0022
2007-07-16,113.4818
2007-07-17,113.518
2007-07-18,113.4779
2007-07-19,113.489
2007-07-20,113.5304
2007-07-23,113.301
2007-07-24,113.4719
2007-07-25,114.0512
2007-07-26,114.3332
2007-07-27,114.6245
2007-07-30,114.7571
2007-07-31,114.6881
2007-08-01,114.7081
2007-08-02,114.7806
2007-08-03,114.6812
2007-08-06,114.6614
2007-08-07,114.5708
2007-08-08,114.4818
2007-08-09,114.5077
2007-08-10,114.5467
2007-08-13,114.5175
2007-08-14,114.5134
2007-08-15,114.6018
2007-08-16,114.6329
2007-08-17,114.749
2007-08-20,114.8626
2007-08-21,115.0577
2007-08-22,115.2024
2007-08-23,115.428
2007-08-24,115.4874
2007-08-27,115.5654
2007-08-28,115.5462
2007-08-29,115.4427
2007-08-30,115.4757
2007-08-31,115.3855
2007-09-03,115.3846
2007-09-04,115.5151
2007-09-05,115.4173
2007-09-06,115.4644
2007-09-07,114.9646
2007-09-10,114.9735
2007-09-11,114.6385
2007-09-12,114.5125
2007-09-13,114.549
2007-09-14,113.7158
2007-09-17,112.8694
2007-09-18,112.9431
2007-09-19,113.4027
2007-09-20,113.5466
2007-09-21,113.6203
2007-09-24,113.7481
2007-09-25,113.98
2007-09-26,114.2731
2007-09-27,114.291
2007-09-28,114.3804
2007-09-29,114.4814
2007-09-30,114.4121
2007-10-08,114.552
2007-10-09,114.5415
2007-10-10,114.6339
2007-10-11,114.7117
2007-10-12,114.5934
2007-10-15,114.7567
2007-10-16,114.5833
2007-10-17,114.3148
2007-10-18,114.3342
2007-10-19,114.4697
2007-10-22,114.0553
2007-10-23,113.8842
2007-10-24,113.9498
2007-10-25,113.8687
2007-10-26,114.0162
2007-10-29,114.0716
2007-10-30,114.0344
2007-10-31,113.9437
2007-11-01,113.9707
2007-11-02,113.8713
2007-11-05,113.7012
2007-11-06,113.7732
2007-11-07,113.8591
2007-11-08,113.3397
2007-11-09,113.2163
2007-11-12,112.9982
2007-11-13,113.0798
2007-11-14,113.0979
2007-11-15,113.0776
2007-11-16,113.0422
2007-11-19,113.1522
2007-11-20,113.2903
2007-11-21,113.3194
2007-11-22,113.3196
2007-11-23,113.5078
2007-11-26,113.567
2007-11-27,113.73
2007-11-28,113.7632
2007-11-29,113.7113
2007-11-30,113.7287
2007-12-03,113.7311
2007-12-04,113.7046
2007-12-05,113.7638
2007-12-06,113.8176
2007-12-07,113.8841
2007-12-10,113.898
2007-12-11,113.9667
2007-12-12,113.9826
2007-12-13,113.7576
2007-12-14,113.9444
2007-12-17,113.996
2007-12-18,114.018
2007-12-19,114.1483
2007-12-20,114.1943
2007-12-21,113.8253
2007-12-24,113.8936
2007-12-25,113.859
2007-12-26,114.0053
2007-12-27,114.2483
2007-12-28,114.2386
2007-12-29,114.1122
2008-01-02,114.3073
2008-01-03,114.3245
2008-01-04,114.441
2008-01-07,114.5087
2008-01-08,114.6013
2008-01-09,114.5408
2008-01-10,114.473
2008-01-11,114.4614
2008-01-14,114.4862
2008-01-15,114.5032
2008-01-16,114.5653
2008-01-17,114.5394
2008-01-18,114.6062
2008-01-21,114.6707
2008-01-22,114.7287
2008-01-23,115.1248
2008-01-24,115.6131
2008-01-25,115.5009
2008-01-28,115.7421
2008-01-29,115.7047
2008-01-30,115.9919
2008-01-31,116.2154
2008-02-01,116.8493
2008-02-02,117.0631
2008-02-03,116.8438
2008-02-04,116.8665
2008-02-05,117.0259
2008-02-13,117.0484
2008-02-14,117.0443
2008-02-15,117.0967
2008-02-18,116.9887
2008-02-19,116.878
2008-02-20,116.7943
2008-02-21,117.0666
2008-02-22,117.1293
2008-02-25,117.1527
2008-02-26,117.1237
2008-02-27,117.192
2008-02-28,117.1095
2008-02-29,117.0481
2008-03-03,116.9638
2008-03-04,116.9723
2008-03-05,116.8951
2008-03-06,116.9231
2008-03-07,116.8755
2008-03-10,116.9151
2008-03-11,116.9187
2008-03-12,117.0144
2008-03-13,117.1076
2008-03-14,117.1298
2008-03-17,117.1855
2008-03-18,117.2302
2008-03-19,117.3079
2008-03-20,117.4178
2008-03-21,117.537
2008-03-24,117.6442
2008-03-25,118.0118
2008-03-26,118.0653
2008-03-27,118.1396
2008-03-28,118.1672
2008-03-31,118.2064
2008-04-01,118.1559
2008-04-02,118.1459
2008-04-03,118.201
2008-04-07,118.3145
2008-04-08,118.2962
2008-04-09,118.3073
2008-04-10,118.3412
2008-04-11,118.38
2008-04-14,118.4437
2008-04-15,118.4493
2008-04-16,118.4426
2008-04-17,118.4639
2008-04-18,118.5677
2008-04-21,118.5707
2008-04-22,118.5998
2008-04-23,118.6015
2008-04-24,118.4036
2008-04-25,118.5142
2008-04-28,118.5554
2008-04-29,118.3607
2008-04-30,118.2639
2008-05-04,118.352
2008-05-05,118.3799
2008-05-06,118.3671
2008-05-07,118.0383
2008-05-08,118.0956
2008-05-09,118.0888
2008-05-12,118.1419
2008-05-13,118.1662
2008-05-14,118.119
2008-05-15,118.093
2008-05-16,118.0379
2008-05-19,118.0321
2008-05-20,118.104
2008-05-21,118.0799
2008-05-22,118.1274
2008-05-23,118.1462
2008-05-26,118.1651
2008-05-27,118.1541
2008-05-28,118.2052
2008-05-29,118.1676
2008-05-30,118.2083
2008-06-02,118.246
2008-06-03,118.3024
2008-06-04,118.3254
2008-06-05,118.3328
2008-06-06,118.3187
2008-06-10,117.9619
2008-06-11,117.5938
2008-06-12,117.5985
2008-06-13,117.5792
2008-06-16,117.5912
2008-06-17,117.6497
2008-06-18,117.7105
2008-06-19,117.6518
2008-06-20,117.2826
2008-06-23,117.1651
2008-06-24,117.2928
2008-06-25,117.284
2008-06-26,116.8695
2008-06-27,116.5521
2008-06-30,116.4742
2008-07-01,116.3321
2008-07-02,116.3778
2008-07-03,116.4657
2008-07-04,116.3865
2008-07-07,116.5699
2008-07-08,116.6896
2008-07-09,116.796
2008-07-10,117.032
2008-07-11,117.1674
2008-07-14,117.2213
2008-07-15,117.2664
2008-07-16,117.3263
2008-07-17,117.1737
2008-07-18,117.218
2008-07-21,117.2375
2008-07-22,117.2239
2008-07-23,117.1567
2008-07-24,117.2521
2008-07-25,117.2584
2008-07-28,117.2663
2008-07-29,117.3245
2008-07-30,117.3711
2008-07-31,117.4153
2008-08-01,117.3382
2008-08-04,117.3217
2008-08-05,117.4139
2008-08-06,117.4318
2008-08-07,117.4626
2008-08-08,117.4216
2008-08-11,117.3534
2008-08-12,117.4088
2008-08-13,117.4723
2008-08-14,117.5468
2008-08-15,117.6524
2008-08-18,117.7751
2008-08-19,118.1283
2008-08-20,118.1543
2008-08-21,118.2004
2008-08-22,118.384
2008-08-25,118.5537
2008-08-26,118.652
2008-08-27,118.759
2008-08-28,118.9885
2008-08-29,119.1035
2008-09-01,119.4948
2008-09-02,119.5271
2008-09-03,119.4754
2008-09-04,119.4304
2008-09-05,119.435
2008-09-08,119.4336
2008-09-09,119.7303
2008-09-10,120.0511
2008-09-11,120.2856
2008-09-12,120.8886
2008-09-16,122.252
2008-09-17,122.7975
2008-09-18,122.5692
2008-09-19,122.4288
2008-09-22,122.132
2008-09-23,121.7166
2008-09-24,122.2926
2008-09-25,122.1947
2008-09-26,122.2744
2008-09-27,122.4103
2008-09-28,122.4333
2008-10-06,122.5464
2008-10-07,123.3969
2008-10-08,124.3463
2008-10-09,126.3446
2008-10-10,126.5356
2008-10-13,126.4571
2008-10-14,125.9298
2008-10-15,126.2784
2008-10-16,126.1243
2008-10-17,125.9736
2008-10-20,125.9122
2008-10-21,125.9914
2008-10-22,126.0013
2008-10-23,125.95
2008-10-24,126.076
2008-10-27,126.1155
2008-10-28,126.8038
2008-10-29,127.1668
2008-10-30,127.3612
2008-10-31,127.3308
2008-11-03,127.3932
2008-11-04,127.3797
2008-11-05,127.5925
2008-11-06,127.746
2008-11-07,128.1184
2008-11-10,129.1432
2008-11-11,129.2113
2008-11-12,129.3602
2008-11-13,130.0707
2008-11-14,129.5326
2008-11-17,128.9559
2008-11-18,129.2666
2008-11-19,128.4716
2008-11-20,129.062
2008-11-21,128.8825
2008-11-24,129.0099
2008-11-25,128.8225
2008-11-26,129.4268
2008-11-27,129.9478
2008-11-28,129.6909
2008-12-01,129.634
2008-12-02,130.0787
2008-12-03,130.0663
2008-12-04,130.4795
2008-12-05,131.509
2008-12-08,131.5082
2008-12-09,131.2204
2008-12-10,131.5311
2008-12-11,131.4791
2008-12-12,132.1396
2008-12-15,132.4092
2008-12-16,132.9029
2008-12-17,134.1766
2008-12-18,134.1232
2008-12-19,134.2552
2008-12-22,134.2739
2008-12-23,134.0638
2008-12-24,134.1605
2008-12-25,134.1267
2008-12-26,134.1324
2008-12-29,134.199
2008-12-30,134.2022
2008-12-31,133.9661
2009-01-04,134.1586
2009-01-05,134.2483
2009-01-06,134.2318
2009-01-07,134.2741
2009-01-08,134.23
2009-01-09,134.5014
2009-01-12,134.3311
2009-01-13,133.9864
2009-01-14,133.4484
2009-01-15,132.1247
2009-01-16,131.4765
2009-01-19,131.263
2009-01-20,129.6343
2009-01-21,129.9492
2009-01-22,130.589
2009-01-23,130.8241
2009-01-24,130.8561
2009-02-01,130.8591
2009-02-02,130.4575
2009-02-03,129.913
2009-02-04,129.3743
2009-02-05,128.5497
2009-02-06,128.9862
2009-02-09,129.0838
2009-02-10,129.1921
2009-02-11,130.0677
2009-02-12,130.3571
2009-02-13,130.4219
2009-02-16,130.4257
2009-02-17,130.0734
2009-02-18,130.4679
2009-02-19,130.5186
2009-02-20,130.5036
2009-02-23,130.5872
2009-02-24,130.7923
2009-02-25,130.7401
2009-02-26,130.8119
2009-02-27,130.6686
2009-03-02,130.635
2009-03-03,130.593
2009-03-04,130.4047
2009-03-05,130.0791
2009-03-06,130.1054
2009-03-09,130.141
2009-03-10,130.488
2009-03-11,130.5831
2009-03-12,130.4208
2009-03-13,130.6248
2009-03-16,130.7493
2009-03-17,130.8638
2009-03-18,130.9446
2009-03-19,130.9408
2009-03-20,130.6393
2009-03-23,130.6518
2009-03-24,130.4949
2009-03-25,130.5378
2009-03-26,130.4433
2009-03-27,130.4672
2009-03-30,130.5706
2009-03-31,130.7496
2009-04-01,130.993
2009-04-02,131.0257
2009-04-03,130.8215
2009-04-07,130.7663
2009-04-08,130.6351
2009-04-09,130.6085
2009-04-10,130.5362
2009-04-13,130.5025
2009-04-14,130.6918
2009-04-15,130.5174
2009-04-16,130.5165
2009-04-17,130.7775
2009-04-20,130.8002
2009-04-21,130.8738
2009-04-22,130.8931
2009-04-23,130.951
2009-04-24,130.8766
2009-04-27,130.9789
2009-04-28,130.9895
2009-04-29,131.0889
2009-04-30,131.0703
2009-05-04,131.1656
2009-05-05,131.2821
2009-05-06,131.2053
2009-05-07,131.2495
2009-05-08,131.4974
2009-05-11,131.5556
2009-05-12,131.6707
2009-05-13,131.8029
2009-05-14,131.7409
2009-05-15,131.878
2009-05-18,131.9632
2009-05-19,132.1989
2009-05-20,132.1612
2009-05-21,132.1787
2009-05-22,132.0131
2009-05-25,132.0011
2009-05-26,131.9703
2009-05-27,132.0191
2009-05-31,132.0816
2009-06-01,132.0462
2009-06-02,132.0433
2009-06-03,132.1988
2009-06-04,132.0994
2009-06-05,132.084
2009-06-08,131.991
2009-06-09,132.0036
2009-06-10,132.063
2009-06-11,132.0381
2009-06-12,131.9095
2009-06-15,131.9534
2009-06-16,131.9445
2009-06-17,131.9728
2009-06-18,131.9645
2009-06-19,131.9833
2009-06-22,131.9569
2009-06-23,131.8371
2009-06-24,131.815
2009-06-25,131.6222
2009-06-26,131.6669
2009-06-29,131.6209
2009-06-30,131.7067
2009-07-01,131.5229
2009-07-02,131.5409
2009-07-03,131.4405
2009-07-06,131.4315
2009-07-07,131.4412
2009-07-08,131.3864
2009-07-09,131.2088
2009-07-10,130.9859
2009-07-13,130.9393
2009-07-14,130.91
2009-07-15,130.5197
2009-07-16,129.6875
2009-07-17,129.125
2009-07-20,129.2049
2009-07-21,129.1297
2009-07-22,129.3694
2009-07-23,129.5028
2009-07-24,129.4249
2009-07-27,129.4964
2009-07-28,129.5399
2009-07-29,129.3265
2009-07-30,129.2352
2009-07-31,129.2164
2009-08-03,129.0389
2009-08-04,129.0739
2009-08-05,129.0884
2009-08-06,129.1486
2009-08-07,129.2936
2009-08-10,129.0515
2009-08-11,129.0405
2009-08-12,129.2497
2009-08-13,129.2338
2009-08-14,129.1962
2009-08-17,129.2608
2009-08-18,129.1579
2009-08-19,129.1731
2009-08-20,129.3543
2009-08-21,129.5478
2009-08-24,129.6178
2009-08-25,129.5848
2009-08-26,129.6874
2009-08-27,129.5909
2009-08-28,129.6838
2009-08-31,129.6953
2009-09-01,129.7699
2009-09-02,129.9749
2009-09-03,130.1012
2009-09-04,130.1138
2009-09-07,129.9956
2009-09-08,129.9678
2009-09-09,130.0696
2009-09-10,130.0372
2009-09-11,129.9347
2009-09-14,129.9613
2009-09-15,130.1348
2009-09-16,130.1355
2009-09-17,130.1356
2009-09-18,130.0697
2009-09-21,129.8796
2009-09-22,129.6527
2009-09-23,129.6335
2009-09-24,129.4765
2009-09-25,129.4723
2009-09-27,129.4584
2009-09-28,129.4969
2009-09-29,129.6135
2009-09-30,129.5577
2009-10-09,129.6257
2009-10-10,129.5833
2009-10-12,129.3778
2009-10-13,129.1485
2009-10-14,128.8937
2009-10-15,128.7616
2009-10-16,128.697
2009-10-19,128.8924
2009-10-20,128.9722
2009-10-21,129.1155
2009-10-22,129.0757
2009-10-23,129.0637
2009-10-26,129.0919
2009-10-27,129.088
2009-10-28,128.9972
2009-10-29,129.0083
2009-10-30,129.2411
2009-11-02,129.2365
2009-11-03,129.3217
2009-11-04,129.1604
2009-11-05,129.0268
2009-11-06,129.0762
2009-11-09,129.0957
2009-11-10,129.1169
2009-11-11,129.3182
2009-11-12,129.4277
2009-11-13,129.5005
2009-11-16,129.5245
2009-11-17,129.5929
2009-11-18,129.658
2009-11-19,129.6703
2009-11-20,129.7708
2009-11-23,129.7736
2009-11-24,129.8828
2009-11-25,130.0706
2009-11-26,130.0001
2009-11-27,130.3614
2009-11-30,130.5859
2009-12-01,130.4829
2009-12-02,130.6408
2009-12-03,130.7368
2009-12-04,130.7148
2009-12-07,130.6015
2009-12-08,130.5824
2009-12-09,130.7171
2009-12-10,130.7475
2009-12-11,130.7038
2009-12-14,130.8498
2009-12-15,130.8035
2009-12-16,130.9596
2009-12-17,130.8954
2009-12-18,130.9666
2009-12-21,130.9046
2009-12-22,130.8886
2009-12-23,130.9564
2009-12-24,130.9428
2009-12-25,130.8635
2009-12-28,130.8618
2009-12-29,130.9738
2009-12-30,131.0432
2009-12-31,131.0162
2010-01-04,131.0329
2010-01-05,130.9359
2010-01-06,131.0562
2010-01-07,130.8349
2010-01-08,130.7141
2010-01-11,130.7742
2010-01-12,130.7272
2010-01-13,130.5315
2010-01-14,130.581
2010-01-15,130.6652
2010-01-18,130.7559
2010-01-19,130.8241
2010-01-20,130.8285
2010-01-21,130.8022
2010-01-22,130.8966
2010-01-25,130.9503
2010-01-26,131.0037
2010-01-27,131.1775
2010-01-28,131.1058
2010-01-29,131.1353
2010-02-01,131.5964
2010-02-02,131.7318
2010-02-03,131.722
2010-02-04,131.8088
2010-02-05,131.8836
2010-02-08,131.9713
2010-02-09,131.9463
2010-02-10,131.939
2010-02-11,131.9751
2010-02-12,131.9701
2010-02-20,131.9088
2010-02-21,131.9468
2010-02-22,131.9588
2010-02-23,131.9734
2010-02-24,132.1932
2010-02-25,132.3858
2010-02-26,133.0417
2010-03-01,133.1823
2010-03-02,133.2799
2010-03-03,133.6784
2010-03-04,133.5301
2010-03-05,133.6956
2010-03-08,133.8822
2010-03-09,133.949
2010-03-10,133.7174
2010-03-11,133.5237
2010-03-12,133.5001
2010-03-15,133.5391
2010-03-16,133.6559
2010-03-17,133.794
2010-03-18,134.0156
2010-03-19,134.0446
2010-03-22,133.7505
2010-03-23,133.7592
2010-03-24,133.724
2010-03-25,133.5875
2010-03-26,133.4676
2010-03-29,133.2522
2010-03-30,133.1738
2010-03-31,133.0924
2010-04-01,133.2043
2010-04-02,133.2434
2010-04-06,133.3976
2010-04-07,133.1095
2010-04-08,132.9113
2010-04-09,132.8211
2010-04-12,132.9731
2010-04-13,133.1085
2010-04-14,133.0649
2010-04-15,133.027
2010-04-16,133.0207
2010-04-19,133.4606
2010-04-20,133.7255
2010-04-21,133.6785
2010-04-22,133.8842
2010-04-23,134.1539
2010-04-26,134.3756
2010-04-27,134.3182
2010-04-28,134.424
2010-04-29,134.5169
2010-04-30,134.5127
2010-05-04,134.3797
2010-05-05,134.4155
2010-05-06,134.5714
2010-05-07,134.9736
2010-05-10,134.8821
2010-05-11,134.8617
2010-05-12,134.9916
2010-05-13,135.158
2010-05-14,135.1599
2010-05-17,135.6624
2010-05-18,136.0919
2010-05-19,136.2663
2010-05-20,136.2089
2010-05-21,136.2431
2010-05-24,136.1406
2010-05-25,136.125
2010-05-26,136.158
2010-05-27,136.1521
2010-05-28,136.0559
2010-05-31,136.0302
2010-06-01,135.7771
2010-06-02,135.8306
2010-06-03,135.9958
2010-06-04,136.0746
2010-06-07,136.183
2010-06-08,136.1299
2010-06-09,136.1021
2010-06-10,135.9798
2010-06-11,135.8202
2010-06-12,135.858
2010-06-13,135.8349
2010-06-17,135.8607
2010-06-18,135.3083
2010-06-21,135.4066
2010-06-22,135.4058
2010-06-23,135.2973
2010-06-24,135.3403
2010-06-25,135.4385
2010-06-28,135.7441
2010-06-29,135.9466
2010-06-30,136.1791
2010-07-01,136.2588
2010-07-02,136.3232
2010-07-05,136.3826
2010-07-06,136.67
2010-07-07,136.628
2010-07-08,136.678
2010-07-09,136.6559
2010-07-12,136.7072
2010-07-13,136.9459
2010-07-14,136.9608
2010-07-15,136.9621
2010-07-16,136.9949
2010-07-19,137.0515
2010-07-20,136.9358
2010-07-21,136.8662
2010-07-22,136.8617
2010-07-23,136.634
2010-07-26,136.4591
2010-07-27,136.34
2010-07-28,136.4977
2010-07-29,136.5511
2010-07-30,136.4659
2010-08-02,136.4834
2010-08-03,136.321
2010-08-04,136.5113
2010-08-05,136.5741
2010-08-06,136.773
2010-08-09,136.8157
2010-08-10,136.8008
2010-08-11,136.9934
2010-08-12,137.0757
2010-08-13,137.1933
2010-08-16,137.1963
2010-08-17,137.1933
2010-08-18,137.1668
2010-08-19,137.1654
2010-08-20,137.1489
2010-08-23,137.1619
2010-08-24,137.1563
2010-08-25,137.2237
2010-08-26,137.209
2010-08-27,137.1173
2010-08-30,137.1379
2010-08-31,137.1421
2010-09-01,137.1543
2010-09-02,137.1408
2010-09-03,137.126
2010-09-06,137.0368
2010-09-07,136.897
2010-09-08,136.9775
2010-09-09,136.8744
2010-09-10,136.723
2010-09-13,136.6643
2010-09-14,136.4869
2010-09-15,136.4329
2010-09-16,136.3613
2010-09-17,136.304
2010-09-19,136.3223
2010-09-20,136.3231
2010-09-21,136.3313
2010-09-25,136.3551
2010-09-26,136.3016
2010-09-27,136.2786
2010-09-28,136.2779
2010-09-29,136.3303
2010-09-30,136.3958
2010-10-08,136.3716
2010-10-09,136.3369
2010-10-11,135.8352
2010-10-12,135.7631
2010-10-13,135.7373
2010-10-14,135.7367
2010-10-15,135.7119
2010-10-18,135.7259
2010-10-19,135.6837
2010-10-20,133.8708
2010-10-21,133.1869
2010-10-22,133.3804
2010-10-25,133.5015
2010-10-26,133.302
2010-10-27,133.1793
2010-10-28,133.1402
2010-10-29,133.2097
2010-11-01,133.2565
2010-11-02,132.7679
2010-11-03,131.8514
2010-11-04,131.4386
2010-11-05,131.3988
2010-11-08,131.4581
2010-11-09,131.2815
2010-11-10,130.6983
2010-11-11,130.342
2010-11-12,130.4913
2010-11-15,130.6185
2010-11-16,130.9293
2010-11-17,131.4386
2010-11-18,131.7554
2010-11-19,131.4744
2010-11-22,130.9894
2010-11-23,130.745
2010-11-24,130.6376
2010-11-25,130.6443
2010-11-26,130.4127
2010-11-29,130.4409
2010-11-30,130.6445
2010-12-01,131.2111
2010-12-02,131.4619
2010-12-03,131.5354
2010-12-06,131.8284
2010-12-07,131.9687
2010-12-08,131.7789
2010-12-09,131.5832
2010-12-10,131.5996
2010-12-13,131.9556
2010-12-14,131.956
2010-12-15,132.0778
2010-12-16,132.1467
2010-12-17,132.2525
2010-12-20,132.4098
2010-12-21,132.3332
2010-12-22,132.3274
2010-12-23,132.2443
2010-12-24,132.2202
2010-12-27,131.9398
2010-12-28,131.8659
2010-12-29,131.9449
2010-12-30,132.0705
2010-12-31,132.2185
2011-01-04,132.4531
2011-01-05,132.9099
2011-01-06,132.777
2011-01-07,132.9102
2011-01-10,132.8522
2011-01-11,132.6952
2011-01-12,132.7171
2011-01-13,132.5578
2011-01-14,132.3213
2011-01-17,132.0233
2011-01-18,131.6958
2011-01-19,131.6295
2011-01-20,131.6263
2011-01-21,131.6648
2011-01-24,131.7045
2011-01-25,131.6607
2011-01-26,131.6186
2011-01-27,131.6282
2011-01-28,131.6409
2011-01-30,131.6845
2011-01-31,131.6145
2011-02-01,131.6753
2011-02-09,131.3143
2011-02-10,131.3102
2011-02-11,131.3888
2011-02-12,131.4062
2011-02-14,131.6526
2011-02-15,131.6879
2011-02-16,131.6125
2011-02-17,131.7034
2011-02-18,131.7074
2011-02-21,131.4748
2011-02-22,131.6815
2011-02-23,131.9519
2011-02-24,132.2611
2011-02-25,132.0106
2011-02-28,132.1161
2011-03-01,132.2718
2011-03-02,132.4854
2011-03-03,132.4507
2011-03-04,132.3484
2011-03-07,132.4098
2011-03-08,132.8029
2011-03-09,132.8582
2011-03-10,132.8208
2011-03-11,132.6987
2011-03-14,132.8465
2011-03-15,133.1576
2011-03-16,133.2447
2011-03-17,133.428
2011-03-18,133.3829
2011-03-21,133.3447
2011-03-22,133.2486
2011-03-23,133.2457
2011-03-24,133.2599
2011-03-25,133.3323
2011-03-28,133.3421
2011-03-29,133.2583
2011-03-30,133.301
2011-03-31,133.3186
2011-04-01,133.368
2011-04-02,133.3872
2011-04-06,133.2897
2011-04-07,133.3768
2011-04-08,133.4446
2011-04-11,133.5459
2011-04-12,133.8582
2011-04-13,133.871
2011-04-14,133.9366
2011-04-15,133.9552
2011-04-18,133.8042
2011-04-19,133.8533
2011-04-20,133.8677
2011-04-21,133.8707
2011-04-22,133.8986
2011-04-25,133.9388
2011-04-26,133.9313
2011-04-27,133.9612
2011-04-28,133.9813
2011-04-29,134.1192
2011-05-03,134.1337
2011-05-04,134.1939
2011-05-05,134.1525
2011-05-06,134.3294
2011-05-09,134.4151
2011-05-10,134.43
2011-05-11,134.5679
2011-05-12,134.552
2011-05-13,134.4889
2011-05-16,134.4943
2011-05-17,134.4876
2011-05-18,134.5197
2011-05-19,134.5486
2011-05-20,134.5578
2011-05-23,134.6364
2011-05-24,134.6522
2011-05-25,134.6493
2011-05-26,134.7399
2011-05-27,134.8249
2011-05-30,134.8732
2011-05-31,134.7914
2011-06-01,134.764
2011-06-02,134.7767
2011-06-03,134.7878
2011-06-07,134.7644
2011-06-08,134.6376
2011-06-09,134.6646
2011-06-10,134.6307
2011-06-13,134.6049
2011-06-14,134.3889
2011-06-15,134.0645
2011-06-16,134.0344
2011-06-17,133.9186
2011-06-20,134.2669
2011-06-21,134.3164
2011-06-22,134.1905
2011-06-23,134.2844
2011-06-24,134.628
2011-06-27,134.8814
2011-06-28,134.8541
2011-06-29,134.8009
2011-06-30,134.7483
2011-07-01,134.7862
2011-07-04,134.8835
2011-07-05,134.8806
2011-07-06,134.8463
2011-07-07,134.849
2011-07-08,134.8705
2011-07-11,134.8584
2011-07-12,134.9014
2011-07-13,134.8432
2011-07-14,134.7663
2011-07-15,134.7418
2011-07-18,134.5556
2011-07-19,134.3029
2011-07-20,133.6463
2011-07-21,133.2923
2011-07-22,133.3963
2011-07-25,133.4673
2011-07-26,133.449
2011-07-27,133.4841
2011-07-28,133.4918
2011-07-29,133.6277
2011-08-01,133.6929
2011-08-02,133.7627
2011-08-03,133.2303
2011-08-04,133.1694
2011-08-05,133.5098
2011-08-08,133.6901
2011-08-09,133.8914
2011-08-10,133.8452
2011-08-11,134.0624
2011-08-12,134.063
2011-08-15,134.0613
2011-08-16,133.9939
2011-08-17,134.069
2011-08-18,134.0102
2011-08-19,134.1421
2011-08-22,134.1797
2011-08-23,134.1773
2011-08-24,134.1937
2011-08-25,134.1077
2011-08-26,134.0334
2011-08-29,133.316
2011-08-30,132.9644
2011-08-31,133.0803
2011-09-01,133.3276
2011-09-02,133.3074
2011-09-05,133.5824
2011-09-06,133.6697
2011-09-07,133.5566
2011-09-08,133.5148
2011-09-09,133.5921
2011-09-13,133.8092
2011-09-14,133.7537
2011-09-15,133.6948
2011-09-16,133.6285
2011-09-19,133.6477
2011-09-20,133.6768
2011-09-21,133.6579
2011-09-22,133.8335
2011-09-23,134.4207
2011-09-26,134.7738
2011-09-27,134.6219
2011-09-28,134.7049
2011-09-29,134.9214
2011-09-30,135.1278
2011-10-08,135.3896
2011-10-09,135.8505
2011-10-10,136.4099
2011-10-11,136.5068
2011-10-12,136.2306
2011-10-13,136.0473
2011-10-14,136.2524
2011-10-17,136.2473
2011-10-18,136.4873
2011-10-19,136.4141
2011-10-20,136.4876
2011-10-21,136.4763
2011-10-24,136.4605
2011-10-25,136.2652
2011-10-26,136.3795
2011-10-27,136.2907
2011-10-28,136.3671
2011-10-31,136.5582
2011-11-01,136.84
2011-11-02,137.0293
2011-11-03,137.0592
2011-11-04,137.1409
2011-11-07,137.1271
2011-11-08,137.3349
2011-11-09,137.9007
2011-11-10,138.4734
2011-11-11,138.3419
2011-11-14,138.3346
2011-11-15,138.014
2011-11-16,137.9739
2011-11-17,137.8923
2011-11-18,137.9983
2011-11-21,137.8991
2011-11-22,137.9866
2011-11-23,138.4757
2011-11-24,138.435
2011-11-25,138.5452
2011-11-28,138.4635
2011-11-29,138.3754
2011-11-30,138.5029
2011-12-01,139.4071
2011-12-02,139.88
2011-12-05,140.0042
2011-12-06,139.9276
2011-12-07,139.7092
2011-12-08,139.8121
2011-12-09,139.925
2011-12-12,139.8542
2011-12-13,139.7825
2011-12-14,139.812
2011-12-15,139.8204
2011-12-16,139.9076
2011-12-19,139.8619
2011-12-20,139.9333
2011-12-21,139.9272
2011-12-22,139.9515
2011-12-23,139.9405
2011-12-26,139.9786
2011-12-27,139.9828
2011-12-28,139.9708
2011-12-29,140.1065
2011-12-30,140.3181
2011-12-31,140.4553
2012-01-04,140.393
2012-01-05,140.4141
2012-01-06,140.6503
2012-01-09,140.6947
2012-01-10,140.6841
2012-01-11,140.7303
2012-01-12,140.6414
2012-01-13,140.6868
2012-01-16,140.5969
2012-01-17,140.6623
2012-01-18,140.7625
2012-01-19,140.9251
2012-01-20,141.0528
2012-01-21,141.0439
2012-01-29,141.1681
2012-01-30,141.0503
2012-01-31,141.0598
2012-02-01,140.7949
2012-02-02,140.6844
2012-02-03,140.7366
2012-02-06,140.5546
2012-02-07,140.6129
2012-02-08,140.4975
2012-02-09,140.3755
2012-02-10,140.4648
2012-02-13,140.6677
2012-02-14,140.7821
2012-02-15,140.6546
2012-02-16,140.6477
2012-02-17,140.4632
2012-02-20,140.6751
2012-02-21,140.751
2012-02-22,140.6867
2012-02-23,140.7108
2012-02-24,140.6871
2012-02-27,140.5634
2012-02-28,140.5304
2012-02-29,140.6543
2012-03-01,140.6591
2012-03-02,140.5236
2012-03-05,140.5061
2012-03-06,140.6561
2012-03-07,140.8644
2012-03-08,140.9052
2012-03-09,140.9429
2012-03-12,141.1269
2012-03-13,141.0955
2012-03-14,141.054
2012-03-15,140.937
2012-03-16,141.0137
2012-03-19,141.056
2012-03-20,141.0108
2012-03-21,140.9423
2012-03-22,141.0838
2012-03-23,141.1836
2012-03-26,141.2325
2012-03-27,141.2183
2012-03-28,141.3502
2012-03-29,141.3998
2012-03-30,141.4921
2012-03-31,141.5525
2012-04-01,141.4344
2012-04-05,141.516
2012-04-06,141.5201
2012-04-09,141.5043
2012-04-10,141.5512
2012-04-11,141.6424
2012-04-12,141.5102
2012-04-13,141.4895
2012-04-16,141.5409
2012-04-17,141.6034
2012-04-18,141.53
2012-04-19,141.5003
2012-04-20,141.584
2012-04-23,141.6467
2012-04-24,141.6585
2012-04-25,141.6859
2012-04-26,141.7679
2012-04-27,141.8455
2012-04-28,141.8557
2012-05-02,141.9036
2012-05-03,141.8565
2012-05-04,141.8739
2012-05-07,141.9692
2012-05-08,141.9475
2012-05-09,141.9277
2012-05-10,142.0842
2012-05-11,142.3625
2012-05-14,142.7922
2012-05-15,143.8076
2012-05-16,144.094
2012-05-17,143.5739
2012-05-18,143.9307
2012-05-21,143.8353
2012-05-22,143.8047
2012-05-23,143.8261
2012-05-24,144.4588
2012-05-25,145.1498
2012-05-28,144.9167
2012-05-29,144.7303
2012-05-30,144.5983
2012-05-31,144.4345
2012-06-01,144.402
2012-06-04,144.4559
2012-06-05,144.3009
2012-06-06,144.121
2012-06-07,144.1478
2012-06-08,144.5351
2012-06-11,144.1958
2012-06-12,144.1223
2012-06-13,143.8929
2012-06-14,143.8729
2012-06-15,143.8529
2012-06-18,143.5657
2012-06-19,143.5924
2012-06-20,143.5785
2012-06-21,143.7331
2012-06-25,144.0183
2012-06-26,144.1999
2012-06-27,144.4528
2012-06-28,144.5983
2012-06-29,144.5773
2012-07-02,144.5004
2012-07-03,144.623
2012-07-04,144.6247
2012-07-05,144.6999
2012-07-06,145.0136
2012-07-09,145.2891
2012-07-10,145.4251
2012-07-11,145.5617
2012-07-12,145.6813
2012-07-13,145.637
2012-07-16,145.6337
2012-07-17,145.5082
2012-07-18,145.4903
2012-07-19,145.4419
2012-07-20,145.5783
2012-07-23,145.5818
2012-07-24,145.6078
2012-07-25,145.6321
2012-07-26,145.5707
2012-07-27,145.5577
2012-07-30,145.53
2012-07-31,145.3857
2012-08-01,145.3539
2012-08-02,145.4294
2012-08-03,145.3825
2012-08-06,145.2857
2012-08-07,145.1732
2012-08-08,144.9149
2012-08-09,144.929
2012-08-10,144.9957
2012-08-13,144.8984
2012-08-14,144.7664
2012-08-15,144.6043
2012-08-16,144.49
2012-08-17,144.4777
2012-08-20,144.391
2012-08-21,144.3255
2012-08-22,143.952
2012-08-23,144.1758
2012-08-24,144.5518
2012-08-27,144.5642
2012-08-28,144.5583
2012-08-29,144.5647
2012-08-30,144.4698
2012-08-31,144.417
2012-09-03,144.4593
2012-09-04,144.512
2012-09-05,144.4099
2012-09-06,144.4372
2012-09-07,144.1014
2012-09-10,143.722
2012-09-11,143.6376
2012-09-12,143.4098
2012-09-13,143.4487
2012-09-14,143.1081
2012-09-17,142.9707
2012-09-18,143.1726
2012-09-19,143.182
2012-09-20,143.3762
2012-09-21,143.3553
2012-09-24,143.3943
2012-09-25,143.6221
2012-09-26,143.8404
2012-09-27,144.0509
2012-09-28,143.9997
2012-09-29,143.9835
2012-10-08,143.9053
2012-10-09,143.8817
2012-10-10,143.7871
2012-10-11,143.8464
2012-10-12,143.9683
2012-10-15,144.0994
2012-10-16,143.9428
2012-10-17,143.8605
2012-10-18,143.8166
2012-10-19,143.7691
2012-10-22,143.8693
2012-10-23,143.8683
2012-10-24,143.8366
2012-10-25,143.8007
2012-10-26,143.727
2012-10-29,143.7714
2012-10-30,143.914
2012-10-31,143.8502
2012-11-01,143.6627
2012-11-02,143.7418
2012-11-05,143.8186
2012-11-06,143.7685
2012-11-07,143.8275
2012-11-08,143.9521
2012-11-09,144.0374
2012-11-12,144.0864
2012-11-13,144.153
2012-11-14,144.3913
2012-11-15,144.5111
2012-11-16,144.7135
2012-11-19,144.8304
2012-11-20,144.8167
2012-11-21,144.6833
2012-11-22,144.5984
2012-11-23,144.5984
2012-11-26,144.6386
2012-11-27,144.61
2012-11-28,144.4639
2012-11-29,144.466
2012-11-30,144.4692
2012-12-03,144.4627
2012-12-04,144.3854
2012-12-05,144.3723
2012-12-06,144.3753
2012-12-07,144.3464
2012-12-10,144.3775
2012-12-11,144.4162
2012-12-12,144.441
2012-12-13,144.4904
2012-12-14,144.4807
2012-12-17,144.4876
2012-12-18,144.5004
2012-12-19,144.4701
2012-12-20,144.4309
2012-12-21,144.4514
2012-12-24,144.4672
2012-12-25,144.4803
2012-12-26,144.5323
2012-12-27,144.6324
2012-12-28,144.7235
2012-12-31,144.7942
2013-01-04,144.5838
2013-01-05,144.6426
2013-01-06,144.7207
2013-01-07,144.7074
2013-01-08,144.8227
2013-01-09,144.8954
2013-01-10,144.7882
2013-01-11,144.7172
2013-01-14,144.7683
2013-01-15,144.7823
2013-01-16,144.8181
2013-01-17,144.8813
2013-01-18,144.9569
2013-01-21,145.0473
2013-01-22,145.0435
2013-01-23,145.0685
2013-01-24,145.0142
2013-01-25,145.0487
2013-01-28,144.9763
2013-01-29,144.9589
2013-01-30,144.9521
2013-01-31,144.9521
2013-02-01,145.0183
2013-02-04,145.1026
2013-02-05,145.1213
2013-02-06,145.1486
2013-02-07,145.1629
2013-02-08,145.2251
2013-02-16,145.3373
2013-02-17,145.3505
2013-02-18,145.3534
2013-02-19,145.3162
2013-02-20,145.4433
2013-02-21,145.4383
2013-02-22,145.3532
2013-02-25,145.3153
2013-02-26,145.3229
2013-02-27,145.3673
2013-02-28,145.3623
2013-03-01,145.37
2013-03-04,145.5332
2013-03-05,145.5517
2013-03-06,145.5631
2013-03-07,145.5345
2013-03-08,145.5356
2013-03-11,145.4799
2013-03-12,145.5315
2013-03-13,145.5744
2013-03-14,145.5759
2013-03-15,145.5235
2013-03-18,145.5609
2013-03-19,145.5823
2013-03-20,145.6004
2013-03-21,145.5916
2013-03-22,145.608
2013-03-25,145.6489
2013-03-26,145.6474
2013-03-27,145.6655
2013-03-28,145.736
2013-03-29,145.7433
2013-04-01,145.9166
2013-04-02,146.1776
2013-04-03,146.3211
2013-04-07,146.5258
2013-04-08,146.4107
2013-04-09,146.4759
2013-04-10,146.5825
2013-04-11,146.5095
2013-04-12,146.5566
2013-04-15,146.7411
2013-04-16,147.0216
2013-04-17,146.8861
2013-04-18,146.7593
2013-04-19,146.5878
2013-04-22,146.5023
2013-04-23,146.8271
2013-04-24,146.9401
2013-04-25,147.0475
2013-04-26,147.1487
2013-04-27,147.1789
2013-04-28,147.1973
2013-05-02,147.392
2013-05-03,147.3917
2013-05-06,147.366
2013-05-07,147.4846
2013-05-08,147.3699
2013-05-09,147.484
2013-05-10,147.5837
2013-05-13,147.5939
2013-05-14,147.607
2013-05-15,147.5683
2013-05-16,147.5626
2013-05-17,147.5463
2013-05-20,147.5781
2013-05-21,147.5787
2013-05-22,147.5795
2013-05-23,147.6713
2013-05-24,147.683
2013-05-27,147.7585
2013-05-28,147.8354
2013-05-29,147.6923
2013-05-30,147.7142
2013-05-31,147.7127
2013-06-03,147.62
2013-06-04,147.5448
2013-06-05,147.4519
2013-06-06,147.3792
2013-06-07,147.2274
2013-06-08,147.1813
2013-06-09,147.5574
2013-06-13,147.4748
2013-06-14,147.3527
2013-06-17,147.3119
2013-06-18,147.152
2013-06-19,146.7212
2013-06-20,145.5668
2013-06-21,145.7036
2013-06-24,145.972
2013-06-25,146.1311
2013-06-26,147.0185
2013-06-27,147.3785
2013-06-28,147.6049
2013-07-01,147.6402
2013-07-02,147.6313
2013-07-03,147.668
2013-07-04,147.6947
2013-07-05,147.7256
2013-07-08,147.5326
2013-07-09,147.4622
2013-07-10,146.9788
2013-07-11,146.7403
2013-07-12,146.5119
2013-07-15,146.5939
2013-07-16,146.4158
2013-07-17,146.1198
2013-07-18,146.21
2013-07-19,146.1502
2013-07-22,145.893
2013-07-23,145.6141
2013-07-24,145.1324
2013-07-25,145.4194
2013-07-26,145.5866
2013-07-29,145.5183
2013-07-30,145.6874
2013-07-31,145.7577
2013-08-01,145.9318
2013-08-02,146.027
2013-08-05,145.9827
2013-08-06,145.9046
2013-08-07,145.5354
2013-08-08,145.226
2013-08-09,145.1037
2013-08-12,144.9741
2013-08-13,144.4904
2013-08-14,144.0709
2013-08-15,144.0546
2013-08-16,144.0429
2013-08-19,143.8327
2013-08-20,143.4316
2013-08-21,143.6992
2013-08-22,143.671
2013-08-23,143.9836
2013-08-26,144.1975
2013-08-27,144.2315
2013-08-28,143.9005
2013-08-29,143.8138
2013-08-30,143.837
2013-09-02,143.8356
2013-09-03,143.8403
2013-09-04,143.6572
2013-09-05,143.7379
2013-09-06,143.7712
2013-09-09,143.6418
2013-09-10,143.4596
2013-09-11,143.0547
2013-09-12,142.9981
2013-09-13,143.0258
2013-09-16,143.1625
2013-09-17,143.5565
2013-09-18,143.6184
2013-09-22,144.2172
2013-09-23,144.031
2013-09-24,143.9988
2013-09-25,144.1549
2013-09-26,144.3323
2013-09-27,144.2188
2013-09-29,144.2302
2013-09-30,144.3078
2013-10-08,144.4367
2013-10-09,144.3711
2013-10-10,144.4126
2013-10-11,144.402
2013-10-12,144.4809
2013-10-14,144.1611
2013-10-15,144.1925
2013-10-16,144.0606
2013-10-17,144.0179
2013-10-18,143.9365
2013-10-21,143.9318
2013-10-22,143.889
2013-10-23,143.8793
2013-10-24,143.7032
2013-10-25,143.6606
2013-10-28,143.5017
2013-10-29,143.3944
2013-10-30,143.3343
2013-10-31,143.6306
2013-11-01,143.7866
2013-11-04,143.7211
2013-11-05,143.5518
2013-11-06,143.2733
2013-11-07,142.7093
2013-11-08,142.4697
2013-11-11,141.6888
2013-11-12,141.8281
2013-11-13,141.3224
2013-11-14,141.321
2013-11-15,140.7519
2013-11-18,140.5848
2013-11-19,140.467
2013-11-20,140.385
2013-11-21,140.4522
2013-11-22,140.8798
2013-11-25,140.7634
2013-11-26,140.86
2013-11-27,141.2225
2013-11-28,141.7699
2013-11-29,142.229
2013-12-02,141.7685
2013-12-03,141.8677
2013-12-04,141.8109
2013-12-05,141.5781
2013-12-06,141.4763
2013-12-09,141.2947
2013-12-10,140.8928
2013-12-11,140.6646
2013-12-12,140.9289
2013-12-13,141.2841
2013-12-16,141.2201
2013-12-17,141.1231
2013-12-18,141.0212
2013-12-19,140.8647
2013-12-20,140.9078
2013-12-23,140.9635
2013-12-24,141.1278
2013-12-25,141.15
2013-12-26,141.3106
2013-12-27,141.2065
2013-12-30,141.2649
2013-12-31,141.2301
2014-01-02,141.0733
2014-01-03,141.0889
2014-01-06,140.9695
2014-01-07,141.0721
2014-01-08,141.2941
2014-01-09,141.4647
2014-01-10,141.5299
2014-01-13,141.5348
2014-01-14,141.5441
2014-01-15,141.8519
2014-01-16,141.8325
2014-01-17,141.7887
2014-01-20,141.7892
2014-01-21,142.1529
2014-01-22,142.651
2014-01-23,142.6055
2014-01-24,142.5141
2014-01-26,142.9343
2014-01-27,142.9864
2014-01-28,142.9401
2014-01-29,142.9628
2014-01-30,142.9879
2014-02-07,143.3188
2014-02-08,143.3928
2014-02-10,143.3996
2014-02-11,143.5015
2014-02-12,143.554
2014-02-13,143.7278
2014-02-14,143.6417
2014-02-17,143.5635
2014-02-18,143.4602
2014-02-19,143.3602
2014-02-20,143.4587
2014-02-21,143.4301
2014-02-24,143.7665
2014-02-25,144.5458
2014-02-26,144.2353
2014-02-27,144.6814
2014-02-28,144.7441
2014-03-03,144.7803
2014-03-04,144.2298
2014-03-05,144.2115
2014-03-06,144.1845
2014-03-07,144.2012
2014-03-10,144.3168
2014-03-11,144.316
2014-03-12,144.3358
2014-03-13,144.4706
2014-03-14,144.6127
2014-03-17,144.6565
2014-03-18,144.5797
2014-03-19,144.5545
2014-03-20,144.526
2014-03-21,144.573
2014-03-24,144.6168
2014-03-25,144.6468
2014-03-26,144.6252
2014-03-27,144.6629
2014-03-28,144.6029
2014-03-31,144.7258
2014-04-01,144.6646
2014-04-02,144.5923
2014-04-03,144.4684
2014-04-04,144.3908
2014-04-08,144.4528
2014-04-09,144.4151
2014-04-10,144.5205
2014-04-11,144.5847
2014-04-14,144.786
2014-04-15,144.8397
2014-04-16,144.9722
2014-04-17,145.3695
2014-04-18,145.5053
2014-04-21,145.4878
2014-04-22,145.5476
2014-04-23,145.5951
2014-04-24,145.6733
2014-04-25,145.7269
2014-04-28,145.7965
2014-04-29,145.8449
2014-04-30,145.8313
2014-05-04,145.8304
2014-05-05,145.8785
2014-05-06,146.1295
2014-05-07,146.3527
2014-05-08,146.6049
2014-05-09,147.4052
2014-05-12,147.3618
2014-05-13,147.4024
2014-05-14,147.2812
2014-05-15,147.2325
2014-05-16,147.1916
2014-05-19,147.2906
2014-05-20,147.2896
2014-05-21,147.3305
2014-05-22,147.4313
2014-05-23,147.4762
2014-05-26,147.5972
2014-05-27,147.5879
2014-05-28,147.8584
2014-05-29,148.0558
2014-05-30,148.2705
2014-06-03,148.6865
2014-06-04,148.9283
2014-06-05,148.8597
2014-06-06,148.8868
2014-06-09,148.881
2014-06-10,149.0121
2014-06-11,149.1244
2014-06-12,149.1522
2014-06-13,148.9984
2014-06-16,149.1139
2014-06-17,149.2085
2014-06-18,149.1937
2014-06-19,149.13
2014-06-20,149.1912
2014-06-23,149.1923
2014-06-24,149.3217
2014-06-25,149.3268
2014-06-26,149.3116
2014-06-27,149.3006
2014-06-30,149.2507
2014-07-01,149.2233
2014-07-02,148.84
2014-07-03,148.5907
2014-07-04,148.4741
2014-07-07,148.5703
2014-07-08,148.5848
2014-07-09,148.6167
2014-07-10,148.5255
2014-07-11,148.5409
2014-07-14,148.5295
2014-07-15,148.3233
2014-07-16,148.0567
2014-07-17,147.786
2014-07-18,147.6763
2014-07-21,147.7547
2014-07-22,147.9122
2014-07-23,147.9894
2014-07-24,147.9473
2014-07-25,148.0465
2014-07-28,148.1456
2014-07-29,148.1282
2014-07-30,148.1012
2014-07-31,148.2902
2014-08-01,148.3154
2014-08-04,148.3859
2014-08-05,148.4249
2014-08-06,148.3979
2014-08-07,148.4037
2014-08-08,148.4418
2014-08-11,148.4819
2014-08-12,148.4315
2014-08-13,148.4494
2014-08-14,148.7051
2014-08-15,148.7641
2014-08-18,148.7575
2014-08-19,148.624
2014-08-20,148.528
2014-08-21,148.6014
2014-08-22,148.6223
2014-08-25,148.677
2014-08-26,148.6574
2014-08-27,148.8238
2014-08-28,148.896
2014-08-29,148.9093
2014-09-01,149.0641
2014-09-02,148.9775
2014-09-03,148.9389
2014-09-04,148.9122
2014-09-05,148.9075
2014-09-09,149.0285
2014-09-10,148.9172
2014-09-11,148.8979
2014-09-12,148.9597
2014-09-15,149.1043
2014-09-16,149.0975
2014-09-17,149.3308
2014-09-18,149.8588
2014-09-19,150.4367
2014-09-22,150.6839
2014-09-23,150.7546
2014-09-24,150.536
2014-09-25,150.7384
2014-09-26,150.6544
2014-09-28,150.6751
2014-09-29,150.7437
2014-09-30,150.8622
2014-10-08,150.9793
2014-10-09,150.9065
2014-10-10,150.9261
2014-10-11,151.0439
2014-10-13,151.2178
2014-10-14,151.9118
2014-10-15,152.4269
2014-10-16,152.6875
2014-10-17,152.9375
2014-10-20,153.3867
2014-10-21,153.6274
2014-10-22,153.4745
2014-10-23,153.3187
2014-10-24,153.2497
2014-10-27,153.339
2014-10-28,153.5058
2014-10-29,153.6468
2014-10-30,153.6635
2014-10-31,153.6877
2014-11-03,153.9766
2014-11-04,154.5202
2014-11-05,154.8299
2014-11-06,154.819
2014-11-07,155.2738
2014-11-10,155.7654
2014-11-11,155.9085
2014-11-12,155.776
2014-11-13,155.4677
2014-11-14,155.1086
2014-11-17,154.8093
2014-11-18,155.0068
2014-11-19,155.0914
2014-11-20,155.0738
2014-11-21,154.8157
2014-11-24,156.0098
2014-11-25,155.8119
2014-11-26,155.8411
2014-11-27,155.9022
2014-11-28,155.9778
2014-12-01,156.0891
2014-12-02,155.8742
2014-12-03,155.1668
2014-12-04,154.6417
2014-12-05,153.8089
2014-12-08,153.7462
2014-12-09,153.7056
2014-12-10,154.2099
2014-12-11,154.0425
2014-12-12,154.1088
2014-12-15,153.9683
2014-12-16,154.0913
2014-12-17,154.3517
2014-12-18,154.4052
2014-12-19,154.68
2014-12-22,154.7814
2014-12-23,155.0521
2014-12-24,155.4418
2014-12-25,155.4842
2014-12-26,155.6109
2014-12-29,155.6178
2014-12-30,155.5489
2014-12-31,155.5243
2015-01-04,155.5931
2015-01-05,155.6296
2015-01-06,155.5577
2015-01-07,155.7396
2015-01-08,155.7793
2015-01-09,155.6662
2015-01-12,155.7615
2015-01-13,156.0519
2015-01-14,156.3217
2015-01-15,156.3458
2015-01-16,156.6555
2015-01-19,156.8319
2015-01-20,156.8999
2015-01-21,157.0856
2015-01-22,157.2085
2015-01-23,157.2632
2015-01-26,157.4791
2015-01-27,157.5821
2015-01-28,157.3097
2015-01-29,157.1992
2015-01-30,157.1143
2015-02-02,157.2946
2015-02-03,157.4146
2015-02-04,157.5601
2015-02-05,157.7138
2015-02-06,157.6875
2015-02-09,157.7738
2015-02-10,157.8449
2015-02-11,158.2851
2015-02-12,158.4393
2015-02-13,158.7381
2015-02-15,158.8554
2015-02-16,158.9654
2015-02-17,159.0177
2015-02-25,159.3319
2015-02-26,159.2829
2015-02-27,159.1028
2015-02-28,159.1593
2015-03-02,159.067
2015-03-03,158.887
2015-03-04,158.8021
2015-03-05,158.565
2015-03-06,158.4398
2015-03-09,158.2765
2015-03-10,158.3385
2015-03-11,158.5529
2015-03-12,158.7854
2015-03-13,158.5113
2015-03-16,158.419
2015-03-17,158.3956
2015-03-18,158.298
2015-03-19,158.2533
2015-03-20,158.5085
2015-03-23,158.5089
2015-03-24,158.4603
2015-03-25,158.4593
2015-03-26,157.8956
2015-03-27,157.7823
2015-03-30,157.5116
2015-03-31,157.119
2015-04-01,157.3814
2015-04-02,157.6726
2015-04-03,157.6085
2015-04-07,157.4874
2015-04-08,157.0311
2015-04-09,157.0083
2015-04-10,157.1059
2015-04-13,157.3712
2015-04-14,157.4513
2015-04-15,157.6923
2015-04-16,157.7308
2015-04-17,157.9241
2015-04-20,158.8194
2015-04-21,159.1572
2015-04-22,159.0933
2015-04-23,158.916
2015-04-24,158.8946
2015-04-27,159.1032
2015-04-28,159.3464
2015-04-29,159.3971
2015-04-30,159.4071
2015-05-04,159.4255
2015-05-05,159.5285
2015-05-06,159.1854
2015-05-07,159.0532
2015-05-08,159.2377
2015-05-11,159.2844
2015-05-12,159.515
2015-05-13,160.0344
2015-05-14,160.4425
2015-05-15,160.299
2015-05-18,160.2942
2015-05-19,160.2907
2015-05-20,160.1303
2015-05-21,160.1313
2015-05-22,159.9608
2015-05-25,159.9845
2015-05-26,159.5967
2015-05-27,159.5643
2015-05-28,158.4743
2015-05-29,158.7076
2015-06-01,158.3344
2015-06-02,158.6959
2015-06-03,158.8278
2015-06-04,158.9564
2015-06-05,159.0692
2015-06-08,159.2368
2015-06-09,159.3034
2015-06-10,159.2847
2015-06-11,159.173
2015-06-12,159.1949
2015-06-15,159.0499
2015-06-16,159.2048
2015-06-17,159.2922
2015-06-18,159.8052
2015-06-19,159.8027
2015-06-23,159.8844
2015-06-24,159.7547
2015-06-25,159.7256
2015-06-26,159.7706
2015-06-29,159.753
2015-06-30,159.7754
2015-07-01,160.0135
2015-07-02,159.855
2015-07-03,160.0137
2015-07-06,160.6006
2015-07-07,160.5751
2015-07-08,160.4937
2015-07-09,160.5258
2015-07-10,160.4418
2015-07-13,160.3756
2015-07-14,160.2573
2015-07-15,160.246
2015-07-16,160.3273
2015-07-17,160.4134
2015-07-20,160.5848
2015-07-21,160.4694
2015-07-22,160.5304
2015-07-23,160.7618
2015-07-24,160.9578
2015-07-27,161.0176
2015-07-28,161.0308
2015-07-29,161.026
2015-07-30,161.0954
2015-07-31,160.7703
2015-08-03,160.6233
2015-08-04,160.674
2015-08-05,160.669
2015-08-06,160.759
2015-08-07,161.0506
2015-08-10,161.1293
2015-08-11,160.558
2015-08-12,160.4442
2015-08-13,160.4779
2015-08-14,160.5214
2015-08-17,160.587
2015-08-18,160.4773
2015-08-19,160.4983
2015-08-20,160.476
2015-08-21,160.6066
2015-08-24,160.7368
2015-08-25,160.8956
2015-08-26,160.9808
2015-08-27,161.3654
2015-08-28,161.6034
2015-08-31,161.91
2015-09-01,162.0792
2015-09-02,162.1231
2015-09-06,162.192
2015-09-07,161.8842
2015-09-08,161.9129
2015-09-09,161.9081
2015-09-10,161.8695
2015-09-11,161.8377
2015-09-14,161.991
2015-09-15,162.1578
2015-09-16,162.2439
2015-09-17,162.1713
2015-09-18,162.2568
2015-09-21,162.3314
2015-09-22,162.3117
2015-09-23,162.3797
2015-09-24,162.4666
2015-09-25,162.4876
2015-09-28,162.7897
2015-09-29,162.9614
2015-09-30,163.0951
2015-10-08,163.3784
2015-10-09,163.9655
2015-10-10,164.2511
2015-10-12,163.9943
2015-10-13,164.3648
2015-10-14,164.9974
2015-10-15,164.8761
2015-10-16,164.4084
2015-10-19,164.3719
2015-10-20,164.7865
2015-10-21,164.8917
2015-10-22,164.9872
2015-10-23,165.0297
2015-10-26,165.4497
2015-10-27,165.833
2015-10-28,165.7736
2015-10-29,165.3256
2015-10-30,165.2038
2015-11-02,165.2723
2015-11-03,165.1688
2015-11-04,164.9305
2015-11-05,164.7925
2015-11-06,164.7881
2015-11-09,163.9545
2015-11-10,164.1163
2015-11-11,164.4845
2015-11-12,164.5693
2015-11-13,164.7556
2015-11-16,164.84
2015-11-17,164.8279
2015-11-18,164.6206
2015-11-19,164.5871
2015-11-20,164.7181
2015-11-23,164.7181
2015-11-24,164.9818
2015-11-25,165.054
2015-11-26,165.3528
2015-11-27,165.5011
2015-11-30,165.7334
2015-12-01,165.7384
2015-12-02,165.7251
2015-12-03,165.9074
2015-12-04,165.9492
2015-12-07,166.0178
2015-12-08,166.2265
2015-12-09,166.3008
2015-12-10,166.3453
2015-12-11,166.5128
2015-12-14,166.1965
2015-12-15,166.3457
2015-12-16,166.5961
2015-12-17,166.6712
2015-12-18,167.0488
2015-12-21,167.8129
2015-12-22,167.9442
2015-12-23,168.0183
2015-12-24,168.3205
2015-12-25,168.3355
2015-12-28,168.3918
2015-12-29,168.3059
2015-12-30,168.1382
2015-12-31,168.1811
2016-01-04,167.9334
2016-01-05,167.6621
2016-01-06,167.7531
2016-01-07,167.906
2016-01-08,168.1183
2016-01-11,168.3021
2016-01-12,168.5368
2016-01-13,169.0481
2016-01-14,168.8754
2016-01-15,169.0021
2016-01-18,168.8041
2016-01-19,168.468
2016-01-20,168.3383
2016-01-21,168.4822
2016-01-22,168.6315
2016-01-25,168.2245
2016-01-26,168.1348
2016-01-27,167.8649
2016-01-28,167.9979
2016-01-29,168.1997
2016-02-01,168.3963
2016-02-02,168.1021
2016-02-03,168.0204
2016-02-04,168.1931
2016-02-05,168.126
2016-02-06,168.0846
2016-02-14,168.7661
2016-02-15,168.5028
2016-02-16,168.4735
2016-02-17,168.4598
2016-02-18,168.5206
2016-02-19,168.6083
2016-02-22,168.6355
2016-02-23,168.682
2016-02-24,168.7052
2016-02-25,168.6343
2016-02-26,168.6829
2016-02-29,168.8083
2016-03-01,168.9682
2016-03-02,168.9565
2016-03-03,168.8612
2016-03-04,168.9328
2016-03-07,168.7244
2016-03-08,168.6348
2016-03-09,168.9166
2016-03-10,169.113
2016-03-11,169.2809
2016-03-14,169.3744
2016-03-15,169.4103
2016-03-16,169.733
2016-03-17,169.6835
2016-03-18,169.6839
2016-03-21,169.7036
2016-03-22,169.6769
2016-03-23,169.8783
2016-03-24,169.9627
2016-03-25,170.2113
2016-03-28,170.125
2016-03-29,170.1553
2016-03-30,170.3481
2016-03-31,170.4994
2016-04-01,170.5787
2016-04-05,170.6093
2016-04-06,170.6281
2016-04-07,170.5612
2016-04-08,170.5274
2016-04-11,170.5036
2016-04-12,170.4568
2016-04-13,170.1452
2016-04-14,169.9288
2016-04-15,170.0002
2016-04-18,170.1251
2016-04-19,169.9792
2016-04-20,169.3572
2016-04-21,169.0778
2016-04-22,168.7937
2016-04-25,168.2614
2016-04-26,168.5603
2016-04-27,168.7499
2016-04-28,168.9182
2016-04-29,168.9764
2016-05-03,169.1954
2016-05-04,169.2084
2016-05-05,169.2204
2016-05-06,169.2418
2016-05-09,169.5096
2016-05-10,169.6758
2016-05-11,169.6994
2016-05-12,169.7734
2016-05-13,169.7867
2016-05-16,169.6993
2016-05-17,169.5496
2016-05-18,169.2351
2016-05-19,169.1946
2016-05-20,169.2617
2016-05-23,169.3113
2016-05-24,169.3704
2016-05-25,169.4202
2016-05-26,169.3509
2016-05-27,169.3174
2016-05-30,169.3442
2016-05-31,169.3817
2016-06-01,169.3538
2016-06-02,169.3041
2016-06-03,169.2163
2016-06-06,169.3339
2016-06-07,169.3697
2016-06-08,169.2613
2016-06-12,169.1581
2016-06-13,169.2755
2016-06-14,169.5391
2016-06-15,169.6191
2016-06-16,169.8455
2016-06-17,169.8627
2016-06-20,169.8847
2016-06-21,169.8979
2016-06-22,170.1012
2016-06-23,170.1513
2016-06-24,170.4313
2016-06-27,170.948
2016-06-28,170.806
2016-06-29,170.7005
2016-06-30,170.7985
2016-07-01,171.1029
2016-07-04,171.1641
2016-07-05,170.9587
2016-07-06,171.1453
2016-07-07,171.2734
2016-07-08,171.2975
2016-07-11,171.3385
2016-07-12,171.2704
2016-07-13,171.1225
2016-07-14,171.2256
2016-07-15,171.2497
2016-07-18,171.298
2016-07-19,171.3585
2016-07-20,171.5969
2016-07-21,171.8161
2016-07-22,171.8401
2016-07-25,171.8254
2016-07-26,171.8972
2016-07-27,171.912
2016-07-28,171.9292
2016-07-29,172.0337
2016-08-01,172.0636
2016-08-02,172.0888
2016-08-03,172.1743
2016-08-04,172.2167
2016-08-05,172.4568
2016-08-08,172.5058
2016-08-09,172.674
2016-08-10,172.9923
2016-08-11,173.076
2016-08-12,173.174
2016-08-15,173.5093
2016-08-16,173.4311
2016-08-17,173.2448
2016-08-18,173.1712
2016-08-19,173.0676
2016-08-22,173.1145
2016-08-23,172.8105
2016-08-24,172.6339
2016-08-25,172.7357
2016-08-26,172.7727
2016-08-29,172.6803
2016-08-30,172.4793
2016-08-31,172.4977
2016-09-01,172.5071
2016-09-02,172.6025
2016-09-05,172.5731
2016-09-06,172.6109
2016-09-07,172.5983
2016-09-08,172.6973
2016-09-09,172.7238
2016-09-12,172.6161
2016-09-13,172.7273
2016-09-14,172.8794
2016-09-18,172.9035
2016-09-19,172.9864
2016-09-20,173.0452
2016-09-21,173.082
2016-09-22,173.0996
2016-09-23,173.0951
2016-09-26,173.2992
2016-09-27,173.2403
2016-09-28,173.242
2016-09-29,173.2474
2016-09-30,173.3244
2016-10-08,173.4942
2016-10-09,173.797
2016-10-10,173.7855
2016-10-11,173.9093
2016-10-12,173.9298
2016-10-13,173.8946
2016-10-14,174.1234
2016-10-17,174.3597
2016-10-18,174.382
2016-10-19,174.5174
2016-10-20,174.6818
2016-10-21,175.0974
2016-10-24,175.1874
2016-10-25,175.2061
2016-10-26,174.7501
2016-10-27,174.6485
2016-10-28,174.6454
2016-10-31,174.7324
2016-11-01,174.6055
2016-11-02,174.6422
2016-11-03,174.6594
2016-11-04,174.624
2016-11-07,174.3487
2016-11-08,174.3469
2016-11-09,174.3152
2016-11-10,174.1458
2016-11-11,174.0228
2016-11-14,173.6461
2016-11-15,173.4442
2016-11-16,173.2426
2016-11-17,173.1258
2016-11-18,172.9737
2016-11-21,172.8771
2016-11-22,172.9377
2016-11-23,173.2014
2016-11-24,173.2935
2016-11-25,173.1304
2016-11-28,173.2358
2016-11-29,172.6947
2016-11-30,172.5649
2016-12-01,172.1314
2016-12-02,171.9572
2016-12-05,171.6963
2016-12-06,170.846
2016-12-07,171.0302
2016-12-08,171.3885
2016-12-09,171.5273
2016-12-12,171.1311
2016-12-13,171.011
2016-12-14,170.8757
2016-12-15,169.6587
2016-12-16,169.7871
2016-12-19,169.3962
2016-12-20,169.3245
2016-12-21,169.708
2016-12-22,170.3119
2016-12-23,170.9045
2016-12-26,171.5677
2016-12-27,171.4248
2016-12-28,171.5602
2016-12-29,172.132
2016-12-30,172.2296
2016-12-31,172.3277
2017-01-03,172.0493
2017-01-04,171.68
2017-01-05,171.3681
2017-01-06,171.2526
2017-01-09,171.4327
2017-01-10,171.7283
2017-01-11,171.3889
2017-01-12,171.4578
2017-01-13,171.5339
2017-01-16,171.5547
2017-01-17,171.3269
2017-01-18,171.3879
2017-01-19,171.1003
2017-01-20,171.252
2017-01-22,171.2656
2017-01-23,171.1556
2017-01-24,171.0442
2017-01-25,170.7156
2017-01-26,170.5999
2017-02-03,170.4811
2017-02-04,170.429
2017-02-06,170.3417
2017-02-07,170.2923
2017-02-08,170.3581
2017-02-09,170.8744
2017-02-10,170.8231
2017-02-13,170.9847
2017-02-14,171.0457
2017-02-15,171.0209
2017-02-16,171.115
2017-02-17,171.3487
2017-02-20,171.6694
2017-02-21,171.5566
2017-02-22,171.5958
2017-02-23,171.7273
2017-02-24,171.6722
2017-02-27,171.823
2017-02-28,171.8066
2017-03-01,171.7044
2017-03-02,171.6206
2017-03-03,171.6382
2017-03-06,171.6538
2017-03-07,171.6505
2017-03-08,171.4547
2017-03-09,171.2535
2017-03-10,171.1226
2017-03-13,171.141
2017-03-14,171.3046
2017-03-15,171.3054
2017-03-16,171.5251
2017-03-17,171.4967
2017-03-20,171.3533
2017-03-21,171.0977
2017-03-22,171.1303
2017-03-23,171.2029
2017-03-24,171.5706
2017-03-27,171.7631
2017-03-28,171.7688
2017-03-29,171.687
2017-03-30,171.723
2017-03-31,171.7279
2017-04-01,171.7499
2017-04-05,171.7826
2017-04-06,171.7547
2017-04-07,171.7369
2017-04-10,171.7216
2017-04-11,171.6595
2017-04-12,171.4213
2017-04-13,171.4631
2017-04-14,171.0955
2017-04-17,170.5141
2017-04-18,170.367
2017-04-19,170.3823
2017-04-20,170.2181
2017-04-21,169.796
2017-04-24,169.5562
2017-04-25,169.8738
2017-04-26,169.8776
2017-04-27,169.9335
2017-04-28,169.9116
2017-05-02,169.756
2017-05-03,169.4709
2017-05-04,169.0217
2017-05-05,168.9634
2017-05-08,168.6198
2017-05-09,168.3022
2017-05-10,167.6303
2017-05-11,168.0675
2017-05-12,168.0327
2017-05-15,168.196
2017-05-16,168.1149
2017-05-17,167.6851
2017-05-18,167.744
2017-05-19,167.5289
2017-05-22,167.2516
2017-05-23,167.4377
2017-05-24,167.8421
2017-05-25,168.0322
2017-05-26,168.0075
2017-05-27,168.1388
2017-05-31,168.6678
2017-06-01,168.6438
2017-06-02,168.6202
2017-06-05,168.7584
2017-06-06,168.6103
2017-06-07,168.4609
2017-06-08,168.3209
2017-06-09,168.5173
2017-06-12,169.0698
2017-06-13,169.17
2017-06-14,169.2581
2017-06-15,169.3087
2017-06-16,169.2245
2017-06-19,169.9233
2017-06-20,169.9638
2017-06-21,169.5357
2017-06-22,169.4186
2017-06-23,169.5399
2017-06-26,169.8364
2017-06-27,169.9966
2017-06-28,169.9641
2017-06-29,169.9477
2017-06-30,169.7159
2017-07-03,169.432
2017-07-04,169.5251
2017-07-05,169.7199
2017-07-06,169.9925
2017-07-07,169.9116
2017-07-10,169.8681
2017-07-11,169.8482
2017-07-12,169.9011
2017-07-13,169.9859
2017-07-14,169.9656
2017-07-17,170.0708
2017-07-18,169.892
2017-07-19,169.8976
2017-07-20,169.9516
2017-07-21,169.9358
2017-07-24,169.9781
2017-07-25,169.9403
2017-07-26,169.7353
2017-07-27,169.8511
2017-07-28,169.7995
2017-07-31,169.7143
2017-08-01,169.5513
2017-08-02,169.6588
2017-08-03,169.6672
2017-08-04,169.7574
2017-08-07,169.4624
2017-08-08,169.4298
2017-08-09,169.3644
2017-08-10,169.4268
2017-08-11,169.7487
2017-08-14,169.905
2017-08-15,169.9004
2017-08-16,169.8188
2017-08-17,169.8373
2017-08-18,169.82
2017-08-21,169.7313
2017-08-22,169.7282
2017-08-23,169.819
2017-08-24,169.7577
2017-08-25,169.7632
2017-08-28,169.5906
2017-08-29,169.7564
2017-08-30,169.7564
2017-08-31,169.863
2017-09-01,169.8756
2017-09-04,169.8714
2017-09-05,169.7097
2017-09-06,169.8359
2017-09-07,170.052
2017-09-08,170.2352
2017-09-11,170.2048
2017-09-12,170.2142
2017-09-13,170.1045
2017-09-14,170.2656
2017-09-15,170.2961
2017-09-18,170.1046
2017-09-19,170.204
2017-09-20,170.1634
2017-09-21,170.0563
2017-09-22,170.2273
2017-09-25,170.4192
2017-09-26,170.3626
2017-09-27,170.3822
2017-09-28,170.4724
2017-09-29,170.5072
2017-09-30,170.4322
2017-10-09,170.4942
2017-10-10,170.506
2017-10-11,170.5045
2017-10-12,170.3204
2017-10-13,170.3675
2017-10-16,170.0136
2017-10-17,169.7476
2017-10-18,169.7948
2017-10-19,169.9526
2017-10-20,169.9909
2017-10-23,170.0035
2017-10-24,170.0517
2017-10-25,169.6138
2017-10-26,169.6926
2017-10-27,169.2645
2017-10-30,168.4789
2017-10-31,168.6114
2017-11-01,168.9351
2017-11-02,168.8725
2017-11-03,168.8386
2017-11-06,168.908
2017-11-07,168.8064
2017-11-08,168.8829
2017-11-09,168.827
2017-11-10,168.6295
2017-11-13,168.3624
2017-11-14,168.3546
2017-11-15,168.5912
2017-11-16,168.8648
2017-11-17,168.911
2017-11-20,168.8343
2017-11-21,168.7905
2017-11-22,168.4307
2017-11-23,168.6431
2017-11-24,168.9172
2017-11-27,168.9318
2017-11-28,168.9786
2017-11-29,169.2139
2017-11-30,169.4763
2017-12-01,169.6582
2017-12-04,169.8147
2017-12-05,169.8497
2017-12-06,169.8741
2017-12-07,169.7337
2017-12-08,169.6472
2017-12-11,169.2313
2017-12-12,169.1426
2017-12-13,169.2343
2017-12-14,169.3534
2017-12-15,169.601
2017-12-18,169.7448
2017-12-19,169.742
2017-12-20,169.8687
2017-12-21,169.9552
2017-12-22,170.0252
2017-12-25,170.0898
2017-12-26,170.0713
2017-12-27,170.0367
2017-12-28,170.0497
2017-12-29,170.1219
2017-12-30,170.1385
2017-12-31,170.157
2018-01-02,170.2256
2018-01-03,170.2216
2018-01-04,170.0262
2018-01-05,170.1786
2018-01-08,170.3185
2018-01-09,170.3336
2018-01-10,170.3679
2018-01-11,170.3431
2018-01-12,170.338
2018-01-15,170.3239
2018-01-16,170.3193
2018-01-17,170.2798
2018-01-18,170.1771
2018-01-19,170.3145
2018-01-22,170.2591
2018-01-23,170.348
2018-01-24,170.3404
2018-01-25,170.4652
2018-01-26,170.4443
2018-01-29,170.5281
2018-01-30,170.4845
2018-01-31,170.5868
2018-02-01,170.6506
2018-02-02,170.7092
2018-02-05,170.6282
2018-02-06,170.9226
2018-02-07,171.0217
2018-02-08,171.0531
2018-02-09,171.0512
2018-02-11,171.0119
2018-02-12,171.1281
2018-02-13,171.139
2018-02-14,171.2451
2018-02-22,171.3295
2018-02-23,171.3655
2018-02-24,171.3654
2018-02-26,171.6471
2018-02-27,171.9287
2018-02-28,172.1238
2018-03-01,172.0742
2018-03-02,172.0764
2018-03-05,171.9651
2018-03-06,171.9714
2018-03-07,172.1481
2018-03-08,172.2091
2018-03-09,172.3552
2018-03-12,172.572
2018-03-13,172.5829
2018-03-14,172.5437
2018-03-15,172.5378
2018-03-16,172.4998
2018-03-19,172.5694
2018-03-20,172.7983
2018-03-21,172.7654
2018-03-22,172.9228
2018-03-23,173.2922
2018-03-26,173.3873
2018-03-27,173.274
2018-03-28,173.1955
2018-03-29,173.0986
2018-03-30,173.1732
2018-04-02,173.2736
2018-04-03,173.2381
2018-04-04,173.2895
2018-04-08,173.3737
2018-04-09,173.6867
2018-04-10,173.7139
2018-04-11,173.8413
2018-04-12,173.9685
2018-04-13,174.284
2018-04-16,174.6636
2018-04-17,174.7832
2018-04-18,176.0107
2018-04-19,176.0715
2018-04-20,176.0947
2018-04-23,176.1232
2018-04-24,176.2227
2018-04-25,176.0678
2018-04-26,175.9059
2018-04-27,175.7387
2018-04-28,175.8243
2018-05-02,175.7063
2018-05-03,175.8989
2018-05-04,176.1766
2018-05-07,175.8829
2018-05-08,175.6163
2018-05-09,175.3411
2018-05-10,175.4237
2018-05-11,175.5684
2018-05-14,175.5449
2018-05-15,175.5069
2018-05-16,175.4545
2018-05-17,175.3113
2018-05-18,175.2386
2018-05-21,175.4046
2018-05-22,175.5894
2018-05-23,175.6625
2018-05-24,175.8686
2018-05-25,175.9615
2018-05-28,176.0878
2018-05-29,175.9723
2018-05-30,176.1378
2018-05-31,175.9885
2018-06-01,176.0505
2018-06-04,175.8015
2018-06-05,175.8071
2018-06-06,175.7204
2018-06-07,175.6314
2018-06-08,175.934
2018-06-11,175.8335
2018-06-12,175.6086
2018-06-13,175.7061
2018-06-14,175.8872
2018-06-15,176.1759
2018-06-19,176.5392
2018-06-20,176.4152
2018-06-21,176.5626
2018-06-22,176.6631
2018-06-25,176.6412
2018-06-26,176.6763
2018-06-27,176.6512
2018-06-28,177.0415
2018-06-29,177.5029
2018-07-02,177.6041
2018-07-03,177.6766
2018-07-04,177.7171
2018-07-05,177.7004
2018-07-06,177.6833
2018-07-09,177.6014
2018-07-10,177.5408
2018-07-11,177.6948
2018-07-12,177.7153
2018-07-13,177.9519
2018-07-16,178.0821
2018-07-17,178.0424
2018-07-18,178.1027
2018-07-19,178.1942
2018-07-20,178.114
2018-07-23,178.1324
2018-07-24,177.9564
2018-07-25,177.9234
2018-07-26,177.9398
2018-07-27,178.0821
2018-07-30,178.2625
2018-07-31,178.4214
2018-08-01,178.8473
2018-08-02,178.9533
2018-08-03,179.1675
2018-08-06,179.2212
2018-08-07,179.2607
2018-08-08,178.7863
2018-08-09,178.4689
2018-08-10,178.3453
2018-08-13,178.0385
2018-08-14,178.1212
2018-08-15,178.1305
2018-08-16,178.1189
2018-08-17,177.9534
2018-08-20,177.6761
2018-08-21,177.3938
2018-08-22,177.5555
2018-08-23,177.8511
2018-08-24,177.9541
2018-08-27,177.9191
2018-08-28,177.7966
2018-08-29,177.849
2018-08-30,178.0817
2018-08-31,178.1356
2018-09-03,178.0658
2018-09-04,177.7882
2018-09-05,177.7926
2018-09-06,177.7328
2018-09-07,177.725
2018-09-10,177.5349
2018-09-11,177.3554
2018-09-12,177.3447
2018-09-13,177.4418
2018-09-14,177.5049
2018-09-17,177.6331
2018-09-18,177.6418
2018-09-19,177.5442
2018-09-20,177.4189
2018-09-21,177.525
2018-09-25,177.6465
2018-09-26,177.7524
2018-09-27,178.0038
2018-09-28,178.1376
2018-09-29,178.1225
2018-09-30,178.1223
2018-10-08,178.3207
2018-10-09,178.331
2018-10-10,178.386
2018-10-11,178.6739
2018-10-12,178.7335
2018-10-15,178.7977
2018-10-16,178.8245
2018-10-17,178.8545
2018-10-18,179.2481
2018-10-19,179.2548
2018-10-22,179.156
2018-10-23,179.2508
2018-10-24,179.2969
2018-10-25,179.4264
2018-10-26,179.584
2018-10-29,179.9293
2018-10-30,179.9138
2018-10-31,179.954
2018-11-01,179.9969
2018-11-02,179.8144
2018-11-05,179.8426
2018-11-06,180.0433
2018-11-07,180.2182
2018-11-08,180.3039
2018-11-09,180.3845
2018-11-12,180.4764
2018-11-13,180.5871
2018-11-14,181.3899
2018-11-15,181.4397
2018-11-16,181.7219
2018-11-19,181.7391
2018-11-20,181.4864
2018-11-21,181.5655
2018-11-22,181.492
2018-11-23,181.4515
2018-11-26,181.5777
2018-11-27,181.5927
2018-11-28,181.6252
2018-11-29,181.816
2018-11-30,181.9198
2018-12-03,181.9616
2018-12-04,182.5017
2018-12-05,182.6132
2018-12-06,182.8723
2018-12-07,183.1184
2018-12-10,183.3122
2018-12-11,183.3579
2018-12-12,183.4175
2018-12-13,183.2666
2018-12-14,183.3144
2018-12-17,183.0814
2018-12-18,183.104
2018-12-19,183.1565
2018-12-20,183.141
2018-12-21,183.4633
2018-12-24,183.4795
2018-12-25,183.3802
2018-12-26,183.4511
2018-12-27,183.8301
2018-12-28,184.3317
2018-12-29,184.4054
2018-12-30,184.4306
2018-12-31,184.4488
2019-01-02,184.9258
2019-01-03,184.926
2019-01-04,185.0342
2019-01-07,184.6972
2019-01-08,185.2307
2019-01-09,185.067
2019-01-10,185.007
2019-01-11,185.1207
2019-01-14,185.0211
2019-01-15,184.9135
2019-01-16,185.2745
2019-01-17,185.4741
2019-01-18,185.1995
2019-01-21,185.2665
2019-01-22,185.3853
2019-01-23,185.5988
2019-01-24,185.6206
2019-01-25,185.5401
2019-01-28,185.5377
2019-01-29,185.6105
2019-01-30,185.8483
2019-01-31,185.9717
2019-02-01,185.9996
2019-02-02,186.0405
2019-02-03,186.1023
2019-02-11,186.2208
2019-02-12,186.2437
2019-02-13,186.2969
2019-02-14,186.2691
2019-02-15,186.3496
2019-02-18,186.1616
2019-02-19,186.1497
2019-02-20,186.1841
2019-02-21,186.1755
2019-02-22,186.1416
2019-02-25,185.4783
2019-02-26,185.1501
2019-02-27,185.3706
2019-02-28,185.2722
2019-03-01,184.945
2019-03-04,184.9953
2019-03-05,184.8761
2019-03-06,184.7914
2019-03-07,185.1495
2019-03-08,185.218
2019-03-11,185.3084
2019-03-12,185.2524
2019-03-13,185.255
2019-03-14,185.2575
2019-03-15,185.2538
2019-03-18,185.3
2019-03-19,185.2902
2019-03-20,185.2757
2019-03-21,185.4759
2019-03-22,185.6525
2019-03-25,185.7885
2019-03-26,186.1095
2019-03-27,186.1316
2019-03-28,186.1866
2019-03-29,186.1908
2019-04-01,185.5713
2019-04-02,185.2512
2019-04-03,184.8457
2019-04-04,184.6806
2019-04-08,184.6916
2019-04-09,184.3003
2019-04-10,184.4204
2019-04-11,184.6065
2019-04-12,184.4983
2019-04-15,183.9786
2019-04-16,183.7932
2019-04-17,183.7621
2019-04-18,184.146
2019-04-19,184.1869
2019-04-22,183.8495
2019-04-23,183.7887
2019-04-24,183.5688
2019-04-25,183.7317
2019-04-26,184.0545
2019-04-28,184.1173
2019-04-29,183.9406
2019-04-30,184.1006
2019-05-05,184.2162
2019-05-06,184.6191
2019-05-07,184.5305
2019-05-08,184.6518
2019-05-09,184.8681
2019-05-10,184.9208
2019-05-13,185.2084
2019-05-14,185.0042
2019-05-15,185.171
2019-05-16,185.3382
2019-05-17,185.3172
2019-05-20,185.387
2019-05-21,185.2548
2019-05-22,185.1172
2019-05-23,185.2795
2019-05-24,185.3953
2019-05-27,185.0518
2019-05-28,185.1793
2019-05-29,185.6168
2019-05-30,185.7737
2019-05-31,185.7584
2019-06-03,186.0648
2019-06-04,186.2162
2019-06-05,186.4703
2019-06-06,186.5259
2019-06-10,186.4461
2019-06-11,186.1047
2019-06-12,186.1635
2019-06-13,186.2905
2019-06-14,186.5244
2019-06-17,186.7442
2019-06-18,186.7429
2019-06-19,186.6513
2019-06-20,186.7851
2019-06-21,186.8545
2019-06-24,186.7434
2019-06-25,186.8485
2019-06-26,186.8087
2019-06-27,186.7267
2019-06-28,186.837
2019-07-01,186.8895
2019-07-02,187.3876
2019-07-03,187.6498
2019-07-04,187.7128
2019-07-05,187.561
2019-07-08,187.5401
2019-07-09,187.5966
2019-07-10,187.5794
2019-07-11,187.6276
2019-07-12,187.7466
2019-07-15,187.6619
2019-07-16,187.67
2019-07-17,187.6738
2019-07-18,187.8258
2019-07-19,187.8645
2019-07-22,188.01
2019-07-23,188.0779
2019-07-24,187.9934
2019-07-25,188.0642
2019-07-26,188.0461
2019-07-29,188.0183
2019-07-30,188.0338
2019-07-31,188.2007
2019-08-01,188.3193
2019-08-02,188.7741
2019-08-05,189.1371
2019-08-06,189.1131
2019-08-07,189.1397
2019-08-08,189.1533
2019-08-09,189.4294
2019-08-12,189.3415
2019-08-13,189.6136
2019-08-14,189.5763
2019-08-15,189.6052
2019-08-16,189.5217
2019-08-19,189.5809
2019-08-20,189.5506
2019-08-21,189.2789
2019-08-22,189.3231
2019-08-23,189.3132
2019-08-26,189.5219
2019-08-27,189.4487
2019-08-28,189.4246
2019-08-29,189.7079
2019-08-30,189.3936
2019-09-02,189.376
2019-09-03,189.3647
2019-09-04,189.4706
2019-09-05,189.8829
2019-09-06,189.9682
2019-09-09,189.8539
2019-09-10,189.6919
2019-09-11,189.7041
2019-09-12,189.3831
2019-09-16,189.4575
2019-09-17,189.3788
2019-09-18,189.2396
2019-09-19,189.3039
2019-09-20,189.4859
2019-09-23,189.5526
2019-09-24,189.4745
2019-09-25,189.5079
2019-09-26,189.3765
2019-09-27,189.2953
2019-09-29,189.3997
2019-09-30,189.304
2019-10-08,189.609
2019-10-09,189.6759
2019-10-10,189.5513
2019-10-11,189.4162
2019-10-12,189.3109
2019-10-14,189.349
2019-10-15,189.3316
2019-10-16,189.506
2019-10-17,189.6669
2019-10-18,189.6047
2019-10-21,189.3063
2019-10-22,189.2703
2019-10-23,189.3619
2019-10-24,189.3848
2019-10-25,189.3327
2019-10-28,188.9697
2019-10-29,188.9345
2019-10-30,188.6946
2019-10-31,189.0565
2019-11-01,189.2288
2019-11-04,189.0367
2019-11-05,189.3433
2019-11-06,189.338
2019-11-07,189.4525
2019-11-08,189.3826
2019-11-11,189.555
2019-11-12,189.7613
2019-11-13,189.7917
2019-11-14,189.7384
2019-11-15,189.815
2019-11-18,190.1496
2019-11-19,190.4533
2019-11-20,190.5446
2019-11-21,190.6279
2019-11-22,190.6468
2019-11-25,190.4572
2019-11-26,190.5755
2019-11-27,190.5893
2019-11-28,190.656
2019-11-29,190.723
2019-12-02,190.5664
2019-12-03,190.5764
2019-12-04,190.7085
2019-12-05,190.7673
2019-12-06,190.8089
2019-12-09,190.8811
2019-12-10,190.8156
2019-12-11,190.961
2019-12-12,191.0156
2019-12-13,191.0068
2019-12-16,191.0446
2019-12-17,191.0265
2019-12-18,191.0262
2019-12-19,191.0879
2019-12-20,191.3165
2019-12-23,191.5555
2019-12-24,191.7279
2019-12-25,191.8873
2019-12-26,192.1739
2019-12-27,192.2585
2019-12-30,192.2964
2019-12-31,192.4175
2020-01-02,192.2922
2020-01-03,192.1668
2020-01-06,192.2451
2020-01-07,192.236
2020-01-08,192.3087
2020-01-09,192.3712
2020-01-10,192.6024
2020-01-13,192.5804
2020-01-14,192.4908
2020-01-15,192.5247
2020-01-16,192.5613
2020-01-17,192.7939
2020-01-19,192.808
2020-01-20,193.0719
2020-01-21,193.3985
2020-01-22,193.4549
2020-01-23,193.8354
2020-02-03,195.4365
2020-02-04,195.3138
2020-02-05,195.3156
2020-02-06,195.4563
2020-02-07,195.6971
2020-02-10,195.8915
2020-02-11,195.7509
2020-02-12,195.6177
2020-02-13,195.5975
2020-02-14,195.6136
2020-02-17,195.4362
2020-02-18,195.3621
2020-02-19,195.328
2020-02-20,195.1729
2020-02-21,195.3008
2020-02-24,195.6118
2020-02-25,195.6381
2020-02-26,195.7349
2020-02-27,195.9994
2020-02-28,196.5532
2020-03-02,196.5395
2020-03-03,196.5443
2020-03-04,196.9204
2020-03-05,196.9414
2020-03-06,197.4856
2020-03-09,198.4629
2020-03-10,197.8217
2020-03-11,197.7604
2020-03-12,197.6413
2020-03-13,197.1084
2020-03-16,197.2074
2020-03-17,197.044
2020-03-18,197.0034
2020-03-19,196.9105
2020-03-20,197.0186
2020-03-23,197.4804
2020-03-24,197.5769
2020-03-25,197.7063
2020-03-26,198.2343
2020-03-27,198.1803
2020-03-30,198.2493
2020-03-31,198.6818
2020-04-01,199.0145
2020-04-02,198.7738
2020-04-03,198.8256
2020-04-07,200.0935
2020-04-08,200.8595
2020-04-09,200.8165
2020-04-10,200.7516
2020-04-13,200.8344
2020-04-14,201.098
2020-04-15,201.4097
2020-04-16,201.7292
2020-04-17,201.6681
2020-04-20,201.5475
2020-04-21,201.7147
2020-04-22,202.3341
2020-04-23,202.7755
2020-04-24,203.1409
2020-04-26,203.1246
2020-04-27,203.0987
2020-04-28,203.2177
2020-04-29,203.6943
2020-04-30,203.593
2020-05-06,203.2401
2020-05-07,202.6629
2020-05-08,202.6563
2020-05-09,202.5472
2020-05-11,201.9185
2020-05-12,201.8631
2020-05-13,201.7534
2020-05-14,201.7906
2020-05-15,202.0473
2020-05-18,201.5577
2020-05-19,201.3148
2020-05-20,201.2505
2020-05-21,201.2004
2020-05-22,201.8666
2020-05-25,201.3001
2020-05-26,200.608
2020-05-27,200.1583
2020-05-28,200.1815
2020-05-29,200.4709
2020-06-01,200.3446
2020-06-02,199.3415
2020-06-03,198.8876
2020-06-04,198.3837
2020-06-05,198.0058
2020-06-08,198.3649
2020-06-09,198.4086
2020-06-10,198.4453
2020-06-11,198.6787
2020-06-12,198.8076
2020-06-15,198.8257
2020-06-16,197.8419
2020-06-17,197.4927
2020-06-18,197.8743
2020-06-19,197.898
2020-06-22,197.6413
2020-06-23,197.47
2020-06-24,197.9341
2020-06-28,198.0978
2020-06-29,198.0295
2020-06-30,198.3488
2020-07-01,198.3071
2020-07-02,198.41
2020-07-03,198.1075
2020-07-06,197.0908
2020-07-07,196.688
2020-07-08,196.5194
2020-07-09,195.9967
2020-07-10,196.2393
2020-07-13,195.7718
2020-07-14,196.2227
2020-07-15,196.507
2020-07-16,196.8842
2020-07-17,197.0364
2020-07-20,197.1754
2020-07-21,197.5351
2020-07-22,197.8977
2020-07-23,197.8823
2020-07-24,198.3052
2020-07-27,198.2344
2020-07-28,197.8034
2020-07-29,197.7579
2020-07-30,197.5807
2020-07-31,197.3711
2020-08-03,197.3024
2020-08-04,197.3538
2020-08-05,197.1826
2020-08-06,196.9445
2020-08-07,196.8395
2020-08-10,197.0817
2020-08-11,197.1685
2020-08-12,197.0387
2020-08-13,197.1731
2020-08-14,197.3064
2020-08-17,197.5352
2020-08-18,197.4523
2020-08-19,197.1122
2020-08-20,196.8288
2020-08-21,196.9996
2020-08-24,197.0
2020-08-25,196.5903
2020-08-26,196.5641
2020-08-27,196.4242
2020-08-28,196.2997
2020-08-31,196.6384
2020-09-01,196.487
2020-09-02,196.0274
2020-09-03,195.8963
2020-09-04,195.7735
2020-09-07,195.6469
2020-09-08,195.7534
2020-09-09,196.1296
2020-09-10,196.2978
2020-09-11,196.1007
2020-09-14,195.9535
2020-09-15,196.3872
2020-09-16,196.3633
2020-09-17,196.3101
2020-09-18,196.5753
2020-09-21,196.8814
2020-09-22,197.0435
2020-09-23,197.0514
2020-09-24,197.0285
2020-09-25,196.798
2020-09-27,196.9251
2020-09-28,196.8407
2020-09-29,196.6375
2020-09-30,196.3826
2020-10-09,195.9873
2020-10-10,196.0171
2020-10-12,196.0637
2020-10-13,196.1345
2020-10-14,195.9608
2020-10-15,195.9467
2020-10-16,196.0262
2020-10-19,196.1397
2020-10-20,196.2405
2020-10-21,196.4415
2020-10-22,196.8052
2020-10-23,196.696
2020-10-26,196.7085
2020-10-27,196.8899
2020-10-28,196.7512
2020-10-29,196.73
2020-10-30,196.8442
2020-11-02,196.9747
2020-11-03,197.1039
2020-11-04,197.2157
2020-11-05,197.1509
2020-11-06,197.0233
2020-11-09,196.9366
2020-11-10,196.9584
2020-11-11,196.9803
2020-11-12,196.805
2020-11-13,196.7445
2020-11-16,196.7425
2020-11-17,196.7103
2020-11-18,196.3927
2020-11-19,196.0954
2020-11-20,196.2602
2020-11-23,196.5682
2020-11-24,196.4788
2020-11-25,196.5608
2020-11-26,196.577
2020-11-27,196.5214
2020-11-30,197.1545
2020-12-01,197.0554
2020-12-02,196.9137
2020-12-03,196.9517
2020-12-04,197.1223
2020-12-07,197.1835
2020-12-08,197.2682
2020-12-09,197.2622
2020-12-10,197.2766
2020-12-11,196.9992
2020-12-14,197.0763
2020-12-15,197.2493
2020-12-16,197.335
2020-12-17,197.3089
2020-12-18,197.2405
2020-12-21,197.5021
2020-12-22,197.9321
2020-12-23,197.9371
2020-12-24,197.7954
2020-12-25,198.1227
2020-12-28,198.2656
2020-12-29,198.3302
2020-12-30,198.6627
2020-12-31,198.5455
2021-01-04,198.3018
2021-01-05,198.5596
2021-01-06,198.8654
2021-01-07,199.1106
2021-01-08,198.9644
2021-01-11,198.8473
2021-01-12,199.0665
2021-01-13,199.419
2021-01-14,199.5882
2021-01-15,199.0998
2021-01-18,198.841
2021-01-19,198.8976
2021-01-20,199.1505
2021-01-21,199.3836
2021-01-22,199.3909
2021-01-25,199.3388
2021-01-26,198.9732
2021-01-27,198.9619
2021-01-28,198.5435
2021-01-29,198.7819
2021-02-01,199.0351
2021-02-02,198.9427
2021-02-03,198.6357
2021-02-04,198.5167
2021-02-05,198.6632
2021-02-07,198.7238
2021-02-08,198.7533
2021-02-09,198.9374
2021-02-10,198.8325
2021-02-18,198.4885
2021-02-19,198.7477
2021-02-20,198.7068
2021-02-22,198.7394
2021-02-23,198.7465
2021-02-24,198.8136
2021-02-25,198.6674
2021-02-26,198.5802
2021-03-01,198.8176
2021-03-02,198.8251
2021-03-03,198.8459
2021-03-04,198.83
2021-03-05,198.9586
2021-03-08,199.0491
2021-03-09,199.0279
2021-03-10,199.0804
2021-03-11,199.0774
2021-03-12,199.0475
2021-03-15,199.0136
2021-03-16,199.0336
2021-03-17,199.1129
2021-03-18,199.1748
2021-03-19,199.2644
2021-03-22,199.3555
2021-03-23,199.4201
2021-03-24,199.5888
2021-03-25,199.6005
2021-03-26,199.6408
2021-03-29,199.7052
2021-03-30,199.6586
2021-03-31,199.8336
2021-04-01,199.7991
2021-04-02,199.7985
2021-04-06,199.7516
2021-04-07,199.6842
2021-04-08,199.6809
2021-04-09,199.8643
2021-04-12,200.0554
2021-04-13,200.4193
2021-04-14,200.4381
2021-04-15,200.4092
2021-04-16,200.524
2021-04-19,200.6777
2021-04-20,200.8388
2021-04-21,200.8833
2021-04-22,200.8695
2021-04-23,200.8359
2021-04-25,200.725
2021-04-26,200.6021
2021-04-27,200.5735
2021-04-28,200.6891
2021-04-29,200.8358
2021-04-30,201.0229
2021-05-06,201.2645
2021-05-07,201.3312
2021-05-08,201.3294
2021-05-10,201.5439
2021-05-11,201.6261
2021-05-12,201.6633
2021-05-13,201.518
2021-05-14,201.6199
2021-05-17,201.578
2021-05-18,201.6362
2021-05-19,201.8387
2021-05-20,202.0226
2021-05-21,202.1628
2021-05-24,202.1669
2021-05-25,202.1724
2021-05-26,202.2931
2021-05-27,202.1531
2021-05-28,202.0007
2021-05-31,202.1593
2021-06-01,202.2776
2021-06-02,202.1237
2021-06-03,202.2138
2021-06-04,201.9021
2021-06-07,201.719
2021-06-08,201.7064
2021-06-09,201.7168
2021-06-10,201.8335
2021-06-11,201.7096
2021-06-15,201.6945
2021-06-16,201.7308
2021-06-17,201.679
2021-06-18,201.8474
2021-06-21,202.2062
2021-06-22,202.308
2021-06-23,202.3734
2021-06-24,202.4325
2021-06-25,202.4374
2021-06-28,202.3254
2021-06-29,202.3635
2021-06-30,202.4701
2021-07-01,202.4995
2021-07-02,202.5824
2021-07-05,202.7564
2021-07-06,202.7282
2021-07-07,202.931
2021-07-08,203.7677
2021-07-09,203.6326
2021-07-12,204.3491
2021-07-13,204.569
2021-07-14,204.5982
2021-07-15,204.3567
2021-07-16,204.4996
2021-07-19,204.5981
2021-07-20,204.8203
2021-07-21,204.9828
2021-07-22,204.9256
2021-07-23,205.0743
2021-07-26,205.5078
2021-07-27,205.2843
2021-07-28,205.1082
2021-07-29,205.3965
2021-07-30,205.9238
2021-08-02,206.1859
2021-08-03,206.003
2021-08-04,205.9503
2021-08-05,206.2249
2021-08-06,206.1131
2021-08-09,205.7605
2021-08-10,205.5811
2021-08-11,205.4311
2021-08-12,205.5885
2021-08-13,205.4944
2021-08-16,205.3988
2021-08-17,205.4758
2021-08-18,205.7776
2021-08-19,205.9221
2021-08-20,205.9004
2021-08-23,205.7455
2021-08-24,205.7742
2021-08-25,205.9296
2021-08-26,205.6353
2021-08-27,205.7331
2021-08-30,205.9852
2021-08-31,206.1314
2021-09-01,206.403
2021-09-02,206.4433
2021-09-03,206.4411
2021-09-06,206.4495
2021-09-07,206.2877
2021-09-08,206.1924
2021-09-09,206.1693
2021-09-10,206.184
2021-09-13,206.093
2021-09-14,205.9707
2021-09-15,205.9808
2021-09-16,206.039
2021-09-17,206.2408
2021-09-18,206.3276
2021-09-22,206.5184
2021-09-23,206.6342
2021-09-24,206.5796
2021-09-26,206.6477
2021-09-27,206.6133
2021-09-28,206.5473
2021-09-29,206.6931
2021-09-30,206.7733
2021-10-08,206.5414
2021-10-09,206.5325
2021-10-11,206.1804
2021-10-12,206.0952
2021-10-13,206.0773
2021-10-14,206.1027
2021-10-15,206.1152
2021-10-18,205.3547
2021-10-19,205.5516
2021-10-20,205.7187
2021-10-21,205.9484
2021-10-22,205.9357
2021-10-25,205.8811
2021-10-26,205.936
2021-10-27,205.9412
2021-10-28,206.0171
2021-10-29,206.0284
2021-11-01,206.2891
2021-11-02,206.519
2021-11-03,206.5828
2021-11-04,206.7796
2021-11-05,207.1137
2021-11-08,207.1423
2021-11-09,207.0844
2021-11-10,207.1711
2021-11-11,206.9896
2021-11-12,207.0091
2021-11-15,207.1287
2021-11-16,207.2316
2021-11-17,207.2238
2021-11-18,207.3076
2021-11-19,207.2867
2021-11-22,207.3746
2021-11-23,207.3752
2021-11-24,207.5603
2021-11-25,207.6597
2021-11-26,207.9565
2021-11-29,207.9562
2021-11-30,207.8678
2021-12-01,207.7957
2021-12-02,207.6349
2021-12-03,207.5189
2021-12-06,208.0897
2021-12-07,207.8525
2021-12-08,207.7671
2021-12-09,207.7634
2021-12-10,207.8816
2021-12-13,207.8677
2021-12-14,207.9733
2021-12-15,208.0291
2021-12-16,208.0173
2021-12-17,208.0367
2021-12-20,208.0166
2021-12-21,207.9922
2021-12-22,208.1235
2021-12-23,208.3934
2021-12-24,208.3739
2021-12-27,208.5508
2021-12-28,208.6567
2021-12-29,208.8915
2021-12-30,209.2105
2021-12-31,209.247
2022-01-04,209.2632
2022-01-05,209.2709
2022-01-06,209.0843
2022-01-07,209.1201
2022-01-10,209.3033
2022-01-11,209.4637
2022-01-12,209.5879
2022-01-13,209.6172
2022-01-14,209.6818
2022-01-17,209.8351
2022-01-18,210.4625
2022-01-19,210.8146
2022-01-20,210.8925
2022-01-21,211.2987
2022-01-24,211.7789
2022-01-25,211.6492
2022-01-26,211.3207
2022-01-27,211.2042
2022-01-28,211.5481
2022-01-29,211.6541
2022-01-30,211.7214
2022-02-07,211.6361
2022-02-08,211.6719
2022-02-09,211.5459
2022-02-10,211.5079
2022-02-11,210.7932
2022-02-14,210.6241
2022-02-15,210.6538
2022-02-16,210.7023
2022-02-17,210.898
2022-02-18,210.7407
2022-02-21,210.0852
2022-02-22,210.0447
2022-02-23,210.2595
2022-02-24,210.4631
2022-02-25,210.5255
2022-02-28,210.685
2022-03-01,210.5233
2022-03-02,210.2684
2022-03-03,210.068
2022-03-04,210.14
2022-03-07,210.3352
2022-03-08,210.4354
2022-03-09,210.2512
2022-03-10,210.2521
2022-03-11,210.8834
2022-03-14,211.2223
2022-03-15,210.63
2022-03-16,210.6245
2022-03-17,210.6637
2022-03-18,210.8004
2022-03-21,210.6223
2022-03-22,210.3782
2022-03-23,210.4051
2022-03-24,210.5581
2022-03-25,210.6755
2022-03-28,210.7258
2022-03-29,210.6976
2022-03-30,210.8383
2022-03-31,210.8083
2022-04-01,210.9651
2022-04-02,211.1131
2022-04-06,211.2573
2022-04-07,211.4697
2022-04-08,211.4554
2022-04-11,211.3247
2022-04-12,211.2451
2022-04-13,211.3448
2022-04-14,211.4829
2022-04-15,211.5596
2022-04-18,211.2471
2022-04-19,211.2319
2022-04-20,211.0596
2022-04-21,211.0826
2022-04-22,211.0384
2022-04-24,211.0885
2022-04-25,211.2146
2022-04-26,211.22
2022-04-27,211.1407
2022-04-28,210.9925
2022-04-29,211.1035
2022-05-05,211.2992
2022-05-06,211.3093
2022-05-07,211.3853
2022-05-09,211.4198
2022-05-10,211.6613
2022-05-11,211.5923
2022-05-12,211.7351
2022-05-13,211.7715
2022-05-16,211.8182
2022-05-17,211.9408
2022-05-18,212.0779
2022-05-19,212.1952
2022-05-20,212.0833
2022-05-23,212.3073
2022-05-24,212.3755
2022-05-25,212.4971
2022-05-26,212.9588
2022-05-27,213.0045
2022-05-30,212.8576
2022-05-31,212.5055
2022-06-01,212.4616
2022-06-02,212.4002
2022-06-06,212.2721
2022-06-07,212.289
2022-06-08,212.3671
2022-06-09,212.4667
2022-06-10,212.5244
2022-06-13,212.4632
2022-06-14,212.3939
2022-06-15,212.3201
2022-06-16,212.4193
2022-06-17,212.5088
2022-06-20,212.4446
2022-06-21,212.4417
2022-06-22,212.5169
2022-06-23,212.5181
2022-06-24,212.3861
2022-06-27,212.0481
2022-06-28,211.9458
2022-06-29,211.9482
2022-06-30,212.1435
2022-07-01,212.2168
2022-07-04,211.9876
2022-07-05,211.9437
2022-07-06,212.1081
2022-07-07,212.1464
2022-07-08,212.1925
2022-07-11,212.3768
2022-07-12,212.6384
2022-07-13,212.7725
2022-07-14,212.9443
2022-07-15,213.0805
2022-07-18,213.1831
2022-07-19,213.1969
2022-07-20,213.3682
2022-07-21,213.5724
2022-07-22,213.4287
2022-07-25,213.5541
2022-07-26,213.6996
2022-07-27,213.7986
2022-07-28,213.6096
2022-07-29,213.9236
2022-08-01,214.2519
2022-08-02,214.3461
2022-08-03,214.583
2022-08-04,214.7361
2022-08-05,214.5361
2022-08-08,214.5134
2022-08-09,214.3978
2022-08-10,214.4701
2022-08-11,214.485
2022-08-12,214.4749
2022-08-15,215.3474
2022-08-16,215.7085
2022-08-17,215.639
2022-08-18,215.8479
2022-08-19,215.8391
2022-08-22,215.7589
2022-08-23,215.563
2022-08-24,215.5877
2022-08-25,215.2901
2022-08-26,215.2564
2022-08-29,215.4818
2022-08-30,215.6221
2022-08-31,215.6403
2022-09-01,215.7037
2022-09-02,215.8185
2022-09-05,215.9406
2022-09-06,216.0329
2022-09-07,216.0094
2022-09-08,215.915
2022-09-09,215.8258
2022-09-13,215.7828
2022-09-14,215.6631
2022-09-15,215.7157
2022-09-16,215.5389
2022-09-19,215.6173
2022-09-20,215.7794
2022-09-21,215.8967
2022-09-22,215.9325
2022-09-23,215.7916
2022-09-26,215.506
2022-09-27,215.4597
2022-09-28,215.2415
2022-09-29,215.0209
2022-09-30,214.8694
2022-10-08,215.0181
2022-10-09,215.3217
2022-10-10,215.456
2022-10-11,215.5295
2022-10-12,215.5291
2022-10-13,215.6446
2022-10-14,215.878
2022-10-17,215.9734
2022-10-18,215.9951
2022-10-19,216.0556
2022-10-20,215.9908
2022-10-21,215.962
2022-10-24,216.0479
2022-10-25,216.0274
2022-10-26,216.1233
2022-10-27,216.3454
2022-10-28,216.5671
2022-10-31,216.7563
2022-11-01,216.6451
2022-11-02,216.478
2022-11-03,216.4773
2022-11-04,216.3437
2022-11-07,216.4019
2022-11-08,216.3948
2022-11-09,216.4409
2022-11-10,216.4409
2022-11-11,216.2118
2022-11-14,215.1704
2022-11-15,215.1172
2022-11-16,214.9709
2022-11-17,215.1791
2022-11-18,215.2599
2022-11-21,215.395
2022-11-22,215.3586
2022-11-23,215.5795
2022-11-24,215.7205
2022-11-25,215.5361
2022-11-28,215.3275
2022-11-29,214.9284
2022-11-30,214.9225
2022-12-01,215.0796
2022-12-02,215.1489
2022-12-05,215.1301
2022-12-06,214.8634
2022-12-07,214.9459
2022-12-08,215.1514
2022-12-09,215.0341
2022-12-12,215.0075
2022-12-13,214.776
2022-12-14,215.1484
2022-12-15,215.1524
2022-12-16,215.1537
2022-12-19,215.4851
2022-12-20,215.4724
2022-12-21,215.5045
2022-12-22,215.6333
2022-12-23,215.7043
2022-12-26,215.6582
2022-12-27,215.5378
2022-12-28,215.5925
2022-12-29,215.7328
2022-12-30,215.8205
2022-12-31,215.8069
2023-01-03,215.9104
2023-01-04,216.1366
2023-01-05,216.1145
2023-01-06,216.013
2023-01-09,216.0333
2023-01-10,215.7622
2023-01-11,215.7501
2023-01-12,215.8602
2023-01-13,215.8104
2023-01-16,215.577
2023-01-17,215.6458
2023-01-18,215.7556
2023-01-19,215.7293
2023-01-20,215.7603
2023-01-28,215.8348
2023-01-29,216.0033
2023-01-30,215.8998
2023-01-31,216.0164
2023-02-01,216.0174
2023-02-02,216.0113
2023-02-03,216.0537
2023-02-06,216.0206
2023-02-07,216.0639
2023-02-08,216.0758
2023-02-09,216.0923
2023-02-10,216.1097
2023-02-13,216.1819
2023-02-14,216.2377
2023-02-15,216.2373
2023-02-16,216.3172
2023-02-17,216.3219
2023-02-20,216.26
2023-02-21,216.1632
2023-02-22,216.275
2023-02-23,216.2996
2023-02-24,216.2802
2023-02-27,216.2996
2023-02-28,216.3398
2023-03-01,216.3625
2023-03-02,216.3531
2023-03-03,216.303
2023-03-06,216.5869
2023-03-07,216.6588
2023-03-08,216.7001
2023-03-09,216.7233
2023-03-10,216.78
2023-03-13,216.8258
2023-03-14,216.8955
2023-03-15,216.8738
2023-03-16,216.9951
2023-03-17,217.0346
2023-03-20,217.2193
2023-03-21,217.2047
2023-03-22,217.1622
2023-03-23,217.1283
2023-03-24,217.0164
2023-03-27,217.0963
2023-03-28,217.1086
2023-03-29,217.1332
2023-03-30,217.193
2023-03-31,217.2287
2023-04-03,217.2616
2023-04-04,217.2481
2023-04-06,217.2736
2023-04-07,217.3314
2023-04-10,217.4463
2023-04-11,217.6104
2023-04-12,217.7049
2023-04-13,217.7032
2023-04-14,217.7133
2023-04-17,217.668
2023-04-18,217.7296
2023-04-19,217.8246
2023-04-20,217.8564
2023-04-21,217.9157
2023-04-23,217.9889
2023-04-24,218.0809
2023-04-25,218.1061
2023-04-26,218.2208
2023-04-27,218.5065
2023-04-28,218.545
2023-05-04,218.8682
2023-05-05,219.1006
2023-05-06,219.1702
2023-05-08,219.075
2023-05-09,219.0825
2023-05-10,219.3103
2023-05-11,219.6039
2023-05-12,219.5273
2023-05-15,219.5431
2023-05-16,219.5165
2023-05-17,219.5033
2023-05-18,219.4374
2023-05-19,219.5503
2023-05-22,219.7526
2023-05-23,219.9991
2023-05-24,220.0184
2023-05-25,219.9731
2023-05-26,219.9136
2023-05-29,219.9483
2023-05-30,220.0734
2023-05-31,220.2252
2023-06-01,220.434
2023-06-02,220.3873
2023-06-05,220.3759
2023-06-06,220.4978
2023-06-07,220.6628
2023-06-08,220.6479
2023-06-09,220.811
2023-06-12,220.9598
2023-06-13,221.2413
2023-06-14,221.4673
2023-06-15,221.1388
2023-06-16,220.7784
2023-06-19,220.5676
2023-06-20,220.6404
2023-06-21,220.7716
2023-06-25,220.9923
2023-06-26,220.9619
2023-06-27,220.8946
2023-06-28,220.9341
2023-06-29,221.0014
2023-06-30,221.2423
2023-07-03,221.2959
2023-07-04,221.3057
2023-07-05,221.3426
2023-07-06,221.4203
2023-07-07,221.4659
2023-07-10,221.5083
2023-07-11,221.6018
2023-07-12,221.5781
2023-07-13,221.564
2023-07-14,221.5393
2023-07-17,221.6956
2023-07-18,221.8781
2023-07-19,221.9385
2023-07-20,221.9717
2023-07-21,222.1408
2023-07-24,222.2875
2023-07-25,221.6838
2023-07-26,221.8364
2023-07-27,222.0676
2023-07-28,221.9471
2023-07-31,221.8394
2023-08-01,221.9036
2023-08-02,221.9507
2023-08-03,222.1047
2023-08-04,222.1387
2023-08-07,222.2218
2023-08-08,222.2852
2023-08-09,222.3206
2023-08-10,222.2764
2023-08-11,222.3426
2023-08-14,222.6309
2023-08-15,222.9665
2023-08-16,223.1539
2023-08-17,223.1399
2023-08-18,223.2256
2023-08-21,223.5239
2023-08-22,223.4833
2023-08-23,223.4817
2023-08-24,223.4816
2023-08-25,223.3634
2023-08-28,223.1301
2023-08-29,223.0275
2023-08-30,223.1127
2023-08-31,223.2327
2023-09-01,222.9202
2023-09-04,222.5178
2023-09-05,222.5466
2023-09-06,222.3527
2023-09-07,222.1577
2023-09-08,222.1705
2023-09-11,222.1536
2023-09-12,222.3035
2023-09-13,222.4
2023-09-14,222.5595
2023-09-15,222.3939
2023-09-18,222.1937
2023-09-19,222.1819
2023-09-20,222.1516
2023-09-21,222.3025
2023-09-22,222.1925
2023-09-25,222.0524
2023-09-26,221.9187
2023-09-27,221.9619
2023-09-28,222.1867
2023-10-07,222.4631
2023-10-08,222.5457
2023-10-09,222.5537
2023-10-10,222.399
2023-10-11,222.138
2023-10-12,222.065
2023-10-13,222.2587
2023-10-16,222.3802
2023-10-17,222.298
2023-10-18,222.2715
2023-10-19,222.0848
2023-10-20,222.1187
2023-10-23,222.3356
2023-10-24,222.1534
2023-10-25,222.4153
2023-10-26,222.4844
2023-10-27,222.4847
2023-10-30,222.5876
2023-10-31,222.7522
2023-11-01,222.8134
2023-11-02,223.0313
2023-11-03,223.0209
2023-11-06,223.0978
2023-11-07,223.1029
2023-11-08,223.0893
2023-11-09,223.2211
2023-11-10,223.2503
2023-11-13,223.3782
2023-11-14,223.311
2023-11-15,223.2867
2023-11-16,223.4175
2023-11-17,223.4797
2023-11-20,223.472
2023-11-21,223.4787
2023-11-22,223.3851
2023-11-23,223.1517
2023-11-24,223.1308
2023-11-27,222.9948
2023-11-28,223.1065
2023-11-29,223.133
2023-11-30,223.3198
2023-12-01,223.3451
2023-12-04,223.3367
2023-12-05,223.3152
2023-12-06,223.3018
2023-12-07,223.3443
2023-12-08,223.4167
2023-12-11,223.6756
2023-12-12,223.6772
2023-12-13,223.9081
2023-12-14,224.0022
2023-12-15,224.112
2023-12-18,224.256
2023-12-19,224.2438
2023-12-20,224.2355
2023-12-21,224.3773
2023-12-22,224.6185
2023-12-25,224.8334
2023-12-26,225.0126
2023-12-27,225.145
2023-12-28,225.228
2023-12-29,225.2413
2023-12-31,225.3061
2024-01-02,225.2364
2024-01-03,225.1945
2024-01-04,225.4266
2024-01-05,225.6313
2024-01-08,225.6828
2024-01-09,225.9088
2024-01-10,225.8588
2024-01-11,225.8361
2024-01-12,225.7129
2024-01-15,225.7287
2024-01-16,225.6871
2024-01-17,225.8228
2024-01-18,225.8955
2024-01-19,225.9799
2024-01-22,226.1664
2024-01-23,226.1422
2024-01-24,226.1357
2024-01-25,226.4138
2024-01-26,226.477
2024-01-29,226.6249
2024-01-30,227.1233
2024-01-31,227.3568
2024-02-01,227.3335
2024-02-02,227.3281
2024-02-04,227.5525
2024-02-05,227.5038
2024-02-06,227.0453
2024-02-07,227.2596
2024-02-08,227.2643
2024-02-09,227.2431
2024-02-18,227.3659
2024-02-19,227.4517
2024-02-20,227.6186
2024-02-21,227.6906
2024-02-22,227.8592
2024-02-23,228.0931
2024-02-26,228.2055
2024-02-27,228.3209
2024-02-28,228.467
2024-02-29,228.6785
2024-03-01,228.2517
2024-03-04,228.409
2024-03-05,228.5665
2024-03-06,229.2027
2024-03-07,229.2177
2024-03-08,229.1505
2024-03-11,229.1123
2024-03-12,228.6745
2024-03-13,228.5875
2024-03-14,228.5609
2024-03-15,228.6409
2024-03-18,228.8432
2024-03-19,229.0252
2024-03-20,228.9625
2024-03-21,229.0878
2024-03-22,229.0854
2024-03-25,228.9178
2024-03-26,228.907
2024-03-27,229.0868
2024-03-28,229.1337
2024-03-29,229.2988
2024-04-01,229.1658
2024-04-02,229.3482
2024-04-03,229.5512
2024-04-07,229.5502
2024-04-08,229.7464
2024-04-09,229.9492
2024-04-10,229.9275
2024-04-11,230.066
2024-04-12,230.4806
2024-04-15,230.6619
2024-04-16,230.6282
2024-04-17,230.753
2024-04-18,230.9223
2024-04-19,231.1036
2024-04-22,231.2564
2024-04-23,231.5248
2024-04-24,231.0972
2024-04-25,231.1332
2024-04-26,230.7069
2024-04-28,230.3845
2024-04-29,229.9498
2024-04-30,230.4325
2024-05-06,230.6375
2024-05-07,230.9984
2024-05-08,231.0558
2024-05-09,230.8884
2024-05-10,230.8616
2024-05-11,230.6637
2024-05-13,231.0883
2024-05-14,231.2865
2024-05-15,231.2461
2024-05-16,231.1139
2024-05-17,231.005
2024-05-20,231.2071
2024-05-21,231.1692
2024-05-22,231.265
2024-05-23,231.5012
2024-05-24,231.4494
2024-05-27,231.4822
2024-05-28,231.6384
2024-05-29,231.8382
2024-05-30,231.8118
2024-05-31,231.7558
2024-06-03,231.9648
2024-06-04,232.0984
2024-06-05,232.2697
2024-06-06,232.3229
2024-06-07,232.3161
2024-06-11,232.4203
2024-06-12,232.4144
2024-06-13,232.4413
2024-06-14,232.4823
2024-06-17,232.4809
2024-06-18,232.6374
2024-06-19,232.8681
2024-06-20,232.9622
2024-06-21,232.8391
2024-06-24,233.0144
2024-06-25,233.2583
2024-06-26,233.379
2024-06-27,233.6083
2024-06-28,233.7498
2024-07-01,233.3839
2024-07-02,233.6104
2024-07-03,233.8893
2024-07-04,233.9121
2024-07-05,233.6676
2024-07-08,233.2456
2024-07-09,233.5544
2024-07-10,233.5728
2024-07-11,233.657
2024-07-12,233.8306
2024-07-15,233.9682
2024-07-16,234.0587
2024-07-17,234.1376
2024-07-18,234.0221
2024-07-19,234.1108
2024-07-22,234.631
2024-07-23,234.9209
2024-07-24,234.9702
2024-07-25,235.0575
2024-07-26,235.0692
2024-07-29,235.15
2024-07-30,235.291
2024-07-31,235.6199
2024-08-01,235.8296
2024-08-02,236.0626
2024-08-05,236.2215
2024-08-06,236.0853
2024-08-07,236.3258
2024-08-08,235.8983
2024-08-09,235.4746
2024-08-12,234.7131
2024-08-13,234.9936
2024-08-14,235.3837
2024-08-15,235.2703
2024-08-16,235.3615
2024-08-19,235.4777
2024-08-20,235.5199
2024-08-21,235.4212
2024-08-22,235.6524
2024-08-23,235.7533
2024-08-26,235.9546
2024-08-27,235.5735
2024-08-28,235.6825
2024-08-29,235.7556
2024-08-30,235.6636
2024-09-02,236.17
2024-09-03,236.3856
2024-09-04,236.622
2024-09-05,236.7936
2024-09-06,236.8545
2024-09-09,237.077
2024-09-10,237.3422
2024-09-11,237.6129
2024-09-12,237.6585
2024-09-13,237.7883
2024-09-14,237.9581
2024-09-18,238.0293
2024-09-19,237.9311
2024-09-20,237.9247
2024-09-23,238.0691
2024-09-24,237.7877
2024-09-25,238.2506
2024-09-26,238.0104
2024-09-27,236.5339
2024-09-29,235.3207
2024-09-30,236.241
2024-10-08,235.8842
2024-10-09,236.146
2024-10-10,236.7541
2024-10-11,236.9767
2024-10-12,236.9717
2024-10-14,237.0807
2024-10-15,237.1922
2024-10-16,237.24
2024-10-17,237.4969
2024-10-18,237.5332
2024-10-21,237.4352
2024-10-22,237.2232
2024-10-23,236.9857
2024-10-24,237.0175
2024-10-25,236.9819
2024-10-28,237.0233
2024-10-29,237.0863
2024-10-30,237.1301
2024-10-31,237.2289
2024-11-01,237.463
2024-11-04,237.6377
2024-11-05,237.7187
2024-11-06,237.8318
2024-11-07,237.9727
2024-11-08,238.1276
2024-11-11,238.2517
2024-11-12,238.5487
2024-11-13,238.5646
2024-11-14,238.6104
2024-11-15,238.6833
2024-11-18,238.5357
2024-11-19,238.6115
2024-11-20,238.6733
2024-11-21,238.8588
2024-11-22,238.9172
2024-11-25,239.0859
2024-11-26,239.1054
2024-11-27,239.1433
2024-11-28,239.2896
2024-11-29,239.5057
2024-12-02,240.0821
2024-12-03,240.0804
2024-12-04,240.3959
2024-12-05,240.4207
2024-12-06,240.485
2024-12-09,240.6562
2024-12-10,241.4747
2024-12-11,241.6408
2024-12-12,241.9757
2024-12-13,242.4931
2024-12-16,242.9455
2024-12-17,242.7566
2024-12-18,242.6745
2024-12-19,242.7145
2024-12-20,243.4462
2024-12-23,243.5137
2024-12-24,243.2441
2024-12-25,242.9543
2024-12-26,243.001
2024-12-27,243.384
2024-12-30,243.1965
2024-12-31,243.5037
2025-01-02,243.9721
2025-01-03,244.6176
2025-01-06,244.5823
2025-01-07,244.4643
2025-01-08,244.4719
2025-01-09,244.11
2025-01-10,244.0349
2025-01-13,243.6939
2025-01-14,243.9806
2025-01-15,244.1537
2025-01-16,243.9866
2025-01-17,243.8321
2025-01-20,243.6955
2025-01-21,243.8424
2025-01-22,243.949
2025-01-23,243.6429
2025-01-24,243.5022
2025-01-26,243.5805
2025-01-27,244.071
2025-02-05,244.3232
2025-02-06,244.5447
2025-02-07,244.5127
2025-02-08,244.5054
2025-02-10,244.2145
2025-02-11,244.2161
2025-02-12,244.2037
2025-02-13,244.0714
2025-02-14,243.707
2025-02-17,243.4547
2025-02-18,243.0226
2025-02-19,243.1496
2025-02-20,242.8469
2025-02-21,242.4102
2025-02-24,242.0089
2025-02-25,242.1272
2025-02-26,242.3341
2025-02-27,242.0943
2025-02-28,242.2761
2025-03-03,242.781
2025-03-04,242.8351
2025-03-05,242.8364
2025-03-06,242.4807
2025-03-07,241.6179
2025-03-10,241.5177
2025-03-11,240.8174
2025-03-12,241.2739
2025-03-13,241.3157
2025-03-14,241.4428
2025-03-17,240.9025
2025-03-18,240.9929
2025-03-19,241.0006
2025-03-20,241.3509
2025-03-21,241.3542
2025-03-24,241.3178
2025-03-25,241.6553
2025-03-26,241.9018
2025-03-27,241.9566
2025-03-28,241.9827
2025-03-31,241.979
2025-04-01,241.9723
2025-04-02,242.1751
2025-04-03,243.2148
2025-04-07,244.0982
2025-04-08,243.6835
2025-04-09,243.8753
2025-04-10,244.0259
2025-04-11,244.2097
2025-04-14,244.1079
2025-04-15,244.1246
2025-04-16,244.3163
2025-04-17,244.2503
2025-04-18,244.1958
2025-04-21,244.0444
2025-04-22,244.1406
2025-04-23,243.9632
2025-04-24,243.9583
2025-04-25,243.9526
2025-04-27,243.9865
2025-04-28,244.1225
2025-04-29,244.3091
2025-04-30,244.399
2025-05-06,244.5006
2025-05-07,244.4623
2025-05-08,244.6632
2025-05-09,244.7169
2025-05-12,244.2538
2025-05-13,244.3114
2025-05-14,244.2166
2025-05-15,244.1077
2025-05-16,243.9342
2025-05-19,244.1644
2025-05-20,244.234
2025-05-21,244.2147
2025-05-22,244.2629
2025-05-23,244.2563
2025-05-26,244.3943
2025-05-27,244.3201
2025-05-28,244.2415
2025-05-29,243.9639
2025-05-30,244.1919
2025-06-03,244.2124
2025-06-04,244.2964
2025-06-05,244.4525
2025-06-06,244.6834
2025-06-09,244.8258
2025-06-10,244.8607
2025-06-11,244.9264
2025-06-12,244.9333
2025-06-13,244.9126
2025-06-16,244.9864
2025-06-17,245.1288
2025-06-18,245.2132
2025-06-19,245.2391
2025-06-20,245.277
2025-06-23,245.2964
2025-06-24,245.1883
2025-06-25,245.1358
2025-06-26,245.0979
2025-06-27,245.1929
2025-06-30,245.138
2025-07-01,245.2226
2025-07-02,245.4263
2025-07-03,245.4928
2025-07-04,245.5414
2025-07-07,245.5859
2025-07-08,245.4797
2025-07-09,245.4418
2025-07-10,245.344
2025-07-11,245.1542
2025-07-14,245.0626
2025-07-15,245.2977
2025-07-16,245.3328
2025-07-17,245.3545
2025-07-18,245.3045
2025-07-21,245.1696
2025-07-22,245.1188
2025-07-23,244.7595
2025-07-24,244.491
2025-07-25,244.4317
2025-07-28,244.6439
2025-07-29,244.4276
2025-07-30,244.5124
2025-07-31,244.8103
2025-08-01,244.8691
2025-08-04,245.0161
2025-08-05,245.0119
2025-08-06,245.1179
2025-08-07,245.2781
2025-08-08,245.2888
2025-08-11,245.144
2025-08-12,244.9786
2025-08-13,245.0021
2025-08-14,244.9623
2025-08-15,244.8968
2025-08-18,244.4038
2025-08-19,244.3461
2025-08-20,244.3184
2025-08-21,244.294
2025-08-22,244.3075
2025-08-25,244.4375
2025-08-26,244.5316
2025-08-27,244.5542
2025-08-28,244.3958
2025-08-29,244.3867
2025-09-01,244.579
2025-09-02,244.67
2025-09-03,244.93
2025-09-04,245.1396
2025-09-05,244.8225
2025-09-08,244.5682
2025-09-09,244.5373
2025-09-10,244.2875
2025-09-11,244.3493
2025-09-12,244.4893
2025-09-15,244.6438
2025-09-16,244.7661
2025-09-17,245.043
2025-09-18,244.9651
2025-09-19,244.7118
2025-09-22,244.7914
2025-09-23,244.6187
2025-09-24,244.4226
2025-09-25,244.2471
2025-09-26,244.3757
2025-09-28,244.4604
2025-09-29,244.3996
2025-09-30,244.7683
2025-10-09,245.0733
2025-10-10,245.14
2025-10-11,245.396
2025-10-13,245.304
2025-10-14,245.3059
2025-10-15,245.3251
2025-10-16,245.3267
2025-10-17,245.4172
2025-10-20,245.3022
2025-10-21,245.3081
2025-10-22,245.3663
2025-10-23,245.3656
2025-10-24,245.254
2025-10-27,245.3561
2025-10-28,245.78
2025-10-29,246.0123
2025-10-30,246.2158
2025-10-31,246.3453
2025-11-03,246.3424
2025-11-04,246.2498
2025-11-05,246.2847
2025-11-06,246.1774
2025-11-07,246.1047
2025-11-10,246.0974
2025-11-11,246.1641
2025-11-12,246.2124
2025-11-13,246.1549
2025-11-14,246.144
2025-11-17,246.2031
2025-11-18,246.2193
2025-11-19,246.1802
2025-11-20,246.2587
2025-11-21,246.2835
2025-11-24,246.3255
2025-11-25,246.3056
2025-11-26,246.0742
2025-11-27,245.913
2025-11-28,245.895
2025-12-01,246.0416
2025-12-02,246.0414
2025-12-03,246.0605
2025-12-04,245.8195
2025-12-05,245.8771
2025-12-08,245.9369
2025-12-09,246.0822
2025-12-10,246.1296
2025-12-11,246.2923
2025-12-12,246.2508
2025-12-15,246.1082
2025-12-16,246.0819
2025-12-17,246.202
2025-12-18,246.2931
2025-12-19,246.3627
2025-12-22,246.3241
2025-12-23,246.4547
2025-12-24,246.5817
2025-12-25,246.5625
2025-12-26,246.6043
2025-12-29,246.3791
2025-12-30,246.218
2025-12-31,246.1612
2026-01-04,246.306
2026-01-05,246.1891
2026-01-06,245.9685
2026-01-07,245.8138
2026-01-08,245.9253
2026-01-09,246.0648
2026-01-12,246.2356
2026-01-13,246.3227
2026-01-14,246.4775
2026-01-15,246.6785
2026-01-16,246.7775
2026-01-19,246.8959
2026-01-20,246.9988
2026-01-21,247.0697
2026-01-22,247.0968
2026-01-23,247.1618
2026-01-26,247.2515
2026-01-27,247.2252
2026-01-28,247.3112
2026-01-29,247.4725
2026-01-30,247.4863
2026-02-02,247.5328
2026-02-03,247.4841
2026-02-04,247.5395
2026-02-05,247.6011
2026-02-06,247.7587
2026-02-09,247.8729
2026-02-10,247.9696
2026-02-11,248.0548
2026-02-12,248.1543
2026-02-13,248.1343
2026-02-14,248.098
2026-02-24,248.253
2026-02-25,248.202
2026-02-26,247.9886
2026-02-27,248.0418
2026-02-28,248.1314
2026-03-02,248.227
2026-03-03,248.2946
2026-03-04,248.3596
2026-03-05,248.4061
2026-03-06,248.4164
2026-03-09,248.2201
2026-03-10,248.1907
2026-03-11,248.1632
2026-03-12,248.1885
2026-03-13,248.2416
2026-03-16,248.1233
2026-03-17,248.1775
2026-03-18,248.326
2026-03-19,248.4231
2026-03-20,248.4521
2026-03-23,248.369
2026-03-24,248.3794
2026-03-25,248.3957
2026-03-26,248.4653
2026-03-27,248.57
2026-03-30,248.743
2026-03-31,248.7945
2026-04-01,248.7061
2026-04-02,248.6604
2026-04-03,248.7661
2026-04-07,248.8626
2026-04-08,248.8646
2026-04-09,248.8743
2026-04-10,248.8735
2026-04-13,248.9956
2026-04-14,249.1073
2026-04-15,249.2813
2026-04-16,249.3881
2026-04-17,249.5216
2026-04-20,249.6571
2026-04-21,249.7169
2026-04-22,249.8473
2026-04-23,249.803
2026-04-24,249.797
2026-04-27,249.6129
2026-04-28,249.6485
2026-04-29,249.7554
2026-04-30,249.751
2026-05-06,249.7216
2026-05-07,249.7482
2026-05-08,249.8137
2026-05-09,249.8113
2026-05-11,249.8477
2026-05-12,249.9362
2026-05-13,249.997
2026-05-14,250.0245
2026-05-15,250.0387
2026-05-18,250.1398
2026-05-19,250.3706
2026-05-20,250.4692
2026-05-21,250.4535
2026-05-22,250.329
2026-05-25,250.393
2026-05-26,250.4754
2026-05-27,250.6243
2026-05-28,250.8258
2026-05-29,250.9314
