日期,收盘价,市盈率
2004-01-01,1000.0,nan
2004-12-31,1000.0,nan
2005-01-04,989.98,nan
2005-01-05,1013.58,nan
2005-01-06,1005.47,nan
2005-01-07,1011.74,nan
2005-01-10,1023.64,nan
2005-01-11,1027.16,nan
2005-01-12,1024.92,nan
2005-01-13,1029.3,nan
2005-01-14,1011.88,nan
2005-01-17,986.66,nan
2005-01-18,1008.11,nan
2005-01-19,1002.46,nan
2005-01-20,989.44,nan
2005-01-21,1006.25,nan
2005-01-24,1028.01,nan
2005-01-25,1015.1,nan
2005-01-26,1006.84,nan
2005-01-27,989.41,nan
2005-01-28,963.01,nan
2005-01-31,924.17,nan
2005-02-01,905.8,nan
2005-02-02,958.39,nan
2005-02-03,936.86,nan
2005-02-04,952.39,nan
2005-02-16,966.39,nan
2005-02-17,973.81,nan
2005-02-18,964.01,nan
2005-02-21,983.61,nan
2005-02-22,1015.66,nan
2005-02-23,1032.9,nan
2005-02-24,1035.35,nan
2005-02-25,1032.41,nan
2005-02-28,1029.38,nan
2005-03-01,1030.82,nan
2005-03-02,1014.53,nan
2005-03-03,1020.25,nan
2005-03-04,1011.36,nan
2005-03-07,1013.59,nan
2005-03-08,1037.03,nan
2005-03-09,1042.18,nan
2005-03-10,1011.79,nan
2005-03-11,1017.45,nan
2005-03-14,1005.99,nan
2005-03-15,993.48,nan
2005-03-16,982.84,nan
2005-03-17,967.59,nan
2005-03-18,946.71,nan
2005-03-21,950.79,nan
2005-03-22,915.94,nan
2005-03-23,915.97,nan
2005-03-24,928.54,nan
2005-03-25,923.2,nan
2005-03-28,911.36,nan
2005-03-29,904.82,nan
2005-03-30,869.58,nan
2005-03-31,880.9,nan
2005-04-01,913.85,nan
2005-04-04,896.63,nan
2005-04-05,886.54,nan
2005-04-06,899.22,nan
2005-04-07,914.01,nan
2005-04-08,931.74,nan
2005-04-11,932.33,nan
2005-04-12,906.22,nan
2005-04-13,929.63,nan
2005-04-14,916.87,nan
2005-04-15,888.43,nan
2005-04-18,868.89,nan
2005-04-19,867.79,nan
2005-04-20,845.48,nan
2005-04-21,826.59,nan
2005-04-22,807.17,nan
2005-04-25,790.05,nan
2005-04-26,807.47,nan
2005-04-27,790.76,nan
2005-04-28,814.34,nan
2005-04-29,802.98,nan
2005-05-09,771.76,nan
2005-05-10,773.88,nan
2005-05-11,772.76,nan
2005-05-12,769.69,nan
2005-05-13,780.18,nan
2005-05-16,777.3,nan
2005-05-17,786.21,nan
2005-05-18,795.35,nan
2005-05-19,795.4,nan
2005-05-20,788.81,nan
2005-05-23,759.73,nan
2005-05-24,778.9,nan
2005-05-25,783.13,nan
2005-05-26,774.16,nan
2005-05-27,768.71,nan
2005-05-30,777.92,nan
2005-05-31,777.96,nan
2005-06-01,762.68,nan
2005-06-02,758.99,nan
2005-06-03,759.23,nan
2005-06-06,769.18,nan
2005-06-07,770.37,nan
2005-06-08,828.92,nan
2005-06-09,839.7,nan
2005-06-10,823.58,nan
2005-06-13,829.56,nan
2005-06-14,810.96,nan
2005-06-15,791.81,nan
2005-06-16,801.15,nan
2005-06-17,794.32,nan
2005-06-20,817.0,nan
2005-06-21,809.91,nan
2005-06-22,814.31,nan
2005-06-23,800.36,nan
2005-06-24,804.02,nan
2005-06-27,827.43,nan
2005-06-28,812.11,nan
2005-06-29,809.7,nan
2005-06-30,786.39,nan
2005-07-01,747.45,nan
2005-07-04,739.35,nan
2005-07-05,733.72,nan
2005-07-06,731.47,nan
2005-07-07,736.62,nan
2005-07-08,711.19,nan
2005-07-11,699.3,nan
2005-07-12,725.7,nan
2005-07-13,717.03,nan
2005-07-14,716.73,nan
2005-07-15,695.49,nan
2005-07-18,674.22,nan
2005-07-19,682.31,nan
2005-07-20,687.56,nan
2005-07-21,684.43,nan
2005-07-22,700.13,nan
2005-07-25,698.21,nan
2005-07-26,715.06,nan
2005-07-27,730.13,nan
2005-07-28,732.02,nan
2005-07-29,729.07,nan
2005-08-01,736.16,nan
2005-08-02,750.38,nan
2005-08-03,758.34,nan
2005-08-04,754.06,nan
2005-08-05,778.86,nan
2005-08-08,790.54,nan
2005-08-09,806.36,nan
2005-08-10,816.49,nan
2005-08-11,824.79,nan
2005-08-12,810.49,nan
2005-08-15,837.63,nan
2005-08-16,840.8,nan
2005-08-17,865.18,nan
2005-08-18,833.67,nan
2005-08-19,834.72,nan
2005-08-22,843.85,nan
2005-08-23,826.36,nan
2005-08-24,838.29,nan
2005-08-25,851.29,nan
2005-08-26,855.46,nan
2005-08-29,849.54,nan
2005-08-30,839.83,nan
2005-08-31,858.2,nan
2005-09-01,878.35,nan
2005-09-02,888.59,nan
2005-09-05,898.97,nan
2005-09-06,872.51,nan
2005-09-07,901.42,nan
2005-09-08,905.25,nan
2005-09-09,895.79,nan
2005-09-12,902.0,nan
2005-09-13,923.53,nan
2005-09-14,935.95,nan
2005-09-15,938.11,nan
2005-09-16,938.57,nan
2005-09-19,956.22,nan
2005-09-20,955.59,nan
2005-09-21,942.0,nan
2005-09-22,899.9,nan
2005-09-23,882.34,nan
2005-09-26,892.04,nan
2005-09-27,867.18,nan
2005-09-28,864.98,nan
2005-09-29,884.26,nan
2005-09-30,878.6,nan
2005-10-10,866.61,nan
2005-10-11,887.6,nan
2005-10-12,897.4,nan
2005-10-13,893.85,nan
2005-10-14,883.95,nan
2005-10-17,886.98,nan
2005-10-18,905.33,nan
2005-10-19,899.17,nan
2005-10-20,898.88,nan
2005-10-21,905.51,nan
2005-10-24,905.23,nan
2005-10-25,884.33,nan
2005-10-26,860.67,nan
2005-10-27,844.68,nan
2005-10-28,813.63,nan
2005-10-31,819.58,nan
2005-11-01,811.41,nan
2005-11-02,833.76,nan
2005-11-03,826.14,nan
2005-11-04,834.02,nan
2005-11-07,845.02,nan
2005-11-08,853.99,nan
2005-11-09,850.17,nan
2005-11-10,823.17,nan
2005-11-11,829.89,nan
2005-11-14,834.74,nan
2005-11-15,828.27,nan
2005-11-16,834.85,nan
2005-11-17,835.92,nan
2005-11-18,856.22,nan
2005-11-21,862.94,nan
2005-11-22,840.9,nan
2005-11-23,848.69,nan
2005-11-24,852.89,nan
2005-11-25,854.78,nan
2005-11-28,853.86,nan
2005-11-29,842.64,nan
2005-11-30,846.6,nan
2005-12-01,842.72,nan
2005-12-02,828.92,nan
2005-12-05,801.29,nan
2005-12-06,803.98,nan
2005-12-07,812.6,nan
2005-12-08,809.58,nan
2005-12-09,824.12,nan
2005-12-12,830.55,nan
2005-12-13,829.75,nan
2005-12-14,839.09,nan
2005-12-15,831.84,nan
2005-12-16,839.26,nan
2005-12-19,841.34,nan
2005-12-20,842.33,nan
2005-12-21,830.59,nan
2005-12-22,834.16,nan
2005-12-23,842.04,nan
2005-12-26,848.59,nan
2005-12-27,849.31,nan
2005-12-28,851.48,nan
2005-12-29,859.86,nan
2005-12-30,850.13,nan
2006-01-04,860.01,nan
2006-01-05,873.29,nan
2006-01-06,880.48,nan
2006-01-09,894.44,nan
2006-01-10,896.95,nan
2006-01-11,888.64,nan
2006-01-12,907.7,nan
2006-01-13,912.55,nan
2006-01-16,900.63,nan
2006-01-17,899.36,nan
2006-01-18,916.83,nan
2006-01-19,922.33,nan
2006-01-20,916.63,nan
2006-01-23,917.71,nan
2006-01-24,911.77,nan
2006-01-25,895.51,nan
2006-02-06,917.45,nan
2006-02-07,923.28,nan
2006-02-08,932.82,nan
2006-02-09,922.42,nan
2006-02-10,933.2,nan
2006-02-13,934.6,nan
2006-02-14,942.28,nan
2006-02-15,943.98,nan
2006-02-16,922.01,nan
2006-02-17,915.67,nan
2006-02-20,907.48,nan
2006-02-21,926.4,nan
2006-02-22,927.63,nan
2006-02-23,928.95,nan
2006-02-24,934.75,nan
2006-02-27,934.6,nan
2006-02-28,937.53,nan
2006-03-01,944.92,nan
2006-03-02,926.0,nan
2006-03-03,926.06,nan
2006-03-06,923.69,nan
2006-03-07,896.8,nan
2006-03-08,897.78,nan
2006-03-09,891.78,nan
2006-03-10,893.18,nan
2006-03-13,900.51,nan
2006-03-14,903.65,nan
2006-03-15,910.66,nan
2006-03-16,911.86,nan
2006-03-17,907.28,nan
2006-03-20,916.33,nan
2006-03-21,919.13,nan
2006-03-22,928.38,nan
2006-03-23,939.35,nan
2006-03-24,929.39,nan
2006-03-27,939.2,nan
2006-03-28,941.49,nan
2006-03-29,939.21,nan
2006-03-30,932.06,nan
2006-03-31,931.29,nan
2006-04-03,944.56,nan
2006-04-04,955.56,nan
2006-04-05,963.37,nan
2006-04-06,960.68,nan
2006-04-07,969.87,nan
2006-04-10,988.87,nan
2006-04-11,990.76,nan
2006-04-12,995.0,nan
2006-04-13,968.75,nan
2006-04-14,985.66,nan
2006-04-17,996.86,nan
2006-04-18,995.01,nan
2006-04-19,991.61,nan
2006-04-20,979.32,nan
2006-04-21,981.07,nan
2006-04-24,959.27,nan
2006-04-25,953.9,nan
2006-04-26,964.68,nan
2006-04-27,966.08,nan
2006-04-28,973.85,nan
2006-05-08,1002.0,nan
2006-05-09,1031.89,nan
2006-05-10,1047.13,nan
2006-05-11,1042.64,nan
2006-05-12,1075.62,nan
2006-05-15,1118.73,nan
2006-05-16,1090.32,nan
2006-05-17,1111.45,nan
2006-05-18,1131.42,nan
2006-05-19,1163.87,nan
2006-05-22,1194.56,nan
2006-05-23,1149.27,nan
2006-05-24,1129.71,nan
2006-05-25,1151.13,nan
2006-05-26,1181.34,nan
2006-05-29,1210.4,nan
2006-05-30,1230.67,nan
2006-05-31,1236.23,nan
2006-06-01,1290.99,nan
2006-06-02,1300.67,nan
2006-06-05,1336.65,nan
2006-06-06,1335.85,nan
2006-06-07,1257.46,nan
2006-06-08,1254.86,nan
2006-06-09,1226.43,nan
2006-06-12,1224.12,nan
2006-06-13,1232.61,nan
2006-06-14,1230.74,nan
2006-06-15,1240.55,nan
2006-06-16,1267.87,nan
2006-06-19,1282.05,nan
2006-06-20,1298.6,nan
2006-06-21,1291.76,nan
2006-06-22,1294.3,nan
2006-06-23,1311.36,nan
2006-06-26,1333.74,nan
2006-06-27,1339.67,nan
2006-06-28,1340.91,nan
2006-06-29,1363.96,nan
2006-06-30,1351.45,nan
2006-07-03,1371.3,nan
2006-07-04,1363.08,nan
2006-07-05,1360.21,nan
2006-07-06,1397.65,nan
2006-07-07,1399.08,nan
2006-07-10,1420.77,nan
2006-07-11,1433.21,nan
2006-07-12,1431.82,nan
2006-07-13,1329.3,nan
2006-07-14,1340.67,nan
2006-07-17,1366.51,nan
2006-07-18,1377.77,nan
2006-07-19,1352.73,nan
2006-07-20,1366.21,nan
2006-07-21,1368.02,nan
2006-07-24,1366.13,nan
2006-07-25,1385.49,nan
2006-07-26,1398.93,nan
2006-07-27,1390.79,nan
2006-07-28,1382.14,nan
2006-07-31,1324.67,nan
2006-08-01,1301.1,nan
2006-08-02,1288.3,nan
2006-08-03,1284.42,nan
2006-08-04,1235.47,nan
2006-08-07,1199.25,nan
2006-08-08,1241.24,nan
2006-08-09,1248.52,nan
2006-08-10,1268.6,nan
2006-08-11,1275.89,nan
2006-08-14,1233.32,nan
2006-08-15,1258.0,nan
2006-08-16,1276.95,nan
2006-08-17,1270.13,nan
2006-08-18,1261.0,nan
2006-08-21,1272.86,nan
2006-08-22,1286.04,nan
2006-08-23,1283.15,nan
2006-08-24,1301.44,nan
2006-08-25,1301.62,nan
2006-08-28,1331.62,nan
2006-08-29,1331.04,nan
2006-08-30,1344.74,nan
2006-08-31,1351.93,nan
2006-09-01,1326.0,nan
2006-09-04,1358.89,nan
2006-09-05,1360.61,nan
2006-09-06,1371.32,nan
2006-09-07,1349.77,nan
2006-09-08,1353.35,nan
2006-09-11,1364.76,nan
2006-09-12,1371.88,nan
2006-09-13,1354.72,nan
2006-09-14,1357.21,nan
2006-09-15,1370.35,nan
2006-09-18,1391.54,nan
2006-09-19,1394.66,nan
2006-09-20,1401.45,nan
2006-09-21,1406.45,nan
2006-09-22,1392.99,nan
2006-09-25,1397.24,nan
2006-09-26,1397.87,nan
2006-09-27,1407.34,nan
2006-09-28,1415.66,nan
2006-09-29,1428.01,nan
2006-10-09,1450.54,nan
2006-10-10,1456.67,nan
2006-10-11,1463.78,nan
2006-10-12,1450.92,nan
2006-10-13,1458.88,nan
2006-10-16,1457.28,nan
2006-10-17,1455.63,nan
2006-10-18,1470.08,nan
2006-10-19,1473.91,nan
2006-10-20,1461.45,nan
2006-10-23,1421.74,nan
2006-10-24,1455.23,nan
2006-10-25,1443.11,nan
2006-10-26,1428.01,nan
2006-10-27,1403.82,nan
2006-10-30,1398.2,nan
2006-10-31,1413.29,nan
2006-11-01,1419.92,nan
2006-11-02,1414.21,nan
2006-11-03,1421.42,nan
2006-11-06,1416.91,nan
2006-11-07,1395.43,nan
2006-11-08,1391.32,nan
2006-11-09,1409.1,nan
2006-11-10,1369.3,nan
2006-11-13,1322.06,nan
2006-11-14,1340.65,nan
2006-11-15,1358.4,nan
2006-11-16,1336.95,nan
2006-11-17,1349.02,nan
2006-11-20,1338.04,nan
2006-11-21,1346.41,nan
2006-11-22,1356.06,nan
2006-11-23,1365.92,nan
2006-11-24,1378.49,nan
2006-11-27,1402.45,nan
2006-11-28,1408.67,nan
2006-11-29,1418.85,nan
2006-11-30,1438.1,nan
2006-12-01,1446.56,nan
2006-12-04,1467.52,nan
2006-12-05,1478.46,nan
2006-12-06,1458.21,nan
2006-12-07,1445.87,nan
2006-12-08,1396.23,nan
2006-12-11,1432.46,nan
2006-12-12,1437.53,nan
2006-12-13,1444.37,nan
2006-12-14,1463.12,nan
2006-12-15,1477.25,nan
2006-12-18,1498.52,nan
2006-12-19,1511.07,nan
2006-12-20,1543.79,nan
2006-12-21,1535.63,nan
2006-12-22,1525.51,nan
2006-12-25,1541.63,nan
2006-12-26,1524.68,nan
2006-12-27,1529.46,nan
2006-12-28,1489.35,nan
2006-12-29,1502.46,nan
2007-01-04,1498.25,nan
2007-01-05,1535.23,nan
2007-01-08,1590.19,nan
2007-01-09,1629.01,nan
2007-01-10,1673.05,nan
2007-01-11,1689.5,nan
2007-01-12,1635.22,nan
2007-01-15,1703.58,nan
2007-01-16,1747.98,nan
2007-01-17,1750.82,nan
2007-01-18,1797.15,nan
2007-01-19,1858.12,nan
2007-01-22,1928.55,nan
2007-01-23,1943.99,nan
2007-01-24,1948.84,nan
2007-01-25,1875.6,nan
2007-01-26,1882.32,nan
2007-01-29,1946.95,nan
2007-01-30,1932.74,nan
2007-01-31,1851.68,nan
2007-02-01,1855.67,nan
2007-02-02,1827.52,nan
2007-02-05,1848.98,nan
2007-02-06,1898.35,nan
2007-02-07,1923.17,nan
2007-02-08,1959.37,nan
2007-02-09,1961.38,nan
2007-02-12,2002.88,nan
2007-02-13,2034.55,nan
2007-02-14,2076.66,nan
2007-02-15,2136.75,nan
2007-02-16,2190.37,nan
2007-02-26,2298.36,nan
2007-02-27,2121.94,nan
2007-02-28,2225.54,nan
2007-03-01,2198.21,nan
2007-03-02,2237.64,nan
2007-03-05,2251.26,nan
2007-03-06,2257.43,nan
2007-03-07,2315.14,nan
2007-03-08,2371.55,nan
2007-03-09,2394.32,nan
2007-03-12,2477.9,nan
2007-03-13,2510.77,nan
2007-03-14,2505.1,nan
2007-03-15,2561.72,nan
2007-03-16,2514.68,nan
2007-03-19,2568.15,nan
2007-03-20,2641.37,nan
2007-03-21,2690.71,nan
2007-03-22,2709.25,nan
2007-03-23,2740.88,nan
2007-03-26,2816.99,nan
2007-03-27,2868.77,nan
2007-03-28,2850.26,nan
2007-03-29,2734.82,nan
2007-03-30,2763.44,nan
2007-04-02,2829.53,nan
2007-04-03,2866.45,nan
2007-04-04,2893.0,nan
2007-04-05,2955.17,nan
2007-04-06,2989.11,nan
2007-04-09,3034.51,nan
2007-04-10,3069.11,nan
2007-04-11,3095.77,nan
2007-04-12,3162.38,nan
2007-04-13,3184.34,nan
2007-04-16,3276.72,nan
2007-04-17,3360.38,nan
2007-04-18,3451.14,nan
2007-04-19,3299.43,nan
2007-04-20,3461.24,nan
2007-04-23,3604.99,nan
2007-04-24,3621.88,nan
2007-04-25,3625.9,nan
2007-04-26,3664.23,nan
2007-04-27,3658.22,nan
2007-04-30,3698.52,nan
2007-05-08,3860.28,nan
2007-05-09,3910.17,nan
2007-05-10,3942.75,nan
2007-05-11,3938.37,nan
2007-05-14,3969.97,nan
2007-05-15,3847.16,nan
2007-05-16,3919.99,nan
2007-05-17,4030.45,nan
2007-05-18,4081.4,nan
2007-05-21,4188.93,nan
2007-05-22,4278.92,nan
2007-05-23,4400.83,nan
2007-05-24,4399.63,nan
2007-05-25,4438.41,nan
2007-05-28,4502.95,nan
2007-05-29,4539.07,nan
2007-05-30,4201.9,nan
2007-05-31,3942.44,nan
2007-06-01,3677.45,nan
2007-06-04,3401.14,nan
2007-06-05,3362.59,nan
2007-06-06,3396.14,nan
2007-06-07,3548.79,nan
2007-06-08,3622.66,nan
2007-06-11,3670.62,nan
2007-06-12,3728.47,nan
2007-06-13,3886.0,nan
2007-06-14,3824.2,nan
2007-06-15,3811.05,nan
2007-06-18,3928.34,nan
2007-06-19,4008.75,nan
2007-06-20,3917.19,nan
2007-06-21,3870.33,nan
2007-06-22,3633.67,nan
2007-06-25,3381.56,nan
2007-06-26,3428.02,nan
2007-06-27,3512.7,nan
2007-06-28,3342.89,nan
2007-06-29,3194.19,nan
2007-07-02,3266.72,nan
2007-07-03,3315.25,nan
2007-07-04,3218.47,nan
2007-07-05,3002.15,nan
2007-07-06,3189.46,nan
2007-07-09,3287.64,nan
2007-07-10,3207.22,nan
2007-07-11,3238.47,nan
2007-07-12,3273.0,nan
2007-07-13,3267.01,nan
2007-07-16,3146.28,nan
2007-07-17,3198.17,nan
2007-07-18,3191.81,nan
2007-07-19,3215.47,nan
2007-07-20,3325.76,nan
2007-07-23,3514.39,nan
2007-07-24,3559.97,nan
2007-07-25,3691.23,nan
2007-07-26,3781.51,nan
2007-07-27,3892.0,nan
2007-07-30,3989.66,nan
2007-07-31,4059.13,nan
2007-08-01,3834.83,nan
2007-08-02,3984.88,nan
2007-08-03,4021.95,nan
2007-08-06,4091.23,nan
2007-08-07,4096.22,nan
2007-08-08,4024.27,nan
2007-08-09,4050.69,nan
2007-08-10,3947.77,nan
2007-08-13,3913.12,nan
2007-08-14,4036.16,nan
2007-08-15,4010.26,nan
2007-08-16,4049.24,nan
2007-08-17,4038.42,nan
2007-08-20,4196.13,nan
2007-08-21,4234.24,nan
2007-08-22,4294.96,nan
2007-08-23,4344.61,nan
2007-08-24,4379.12,nan
2007-08-27,4376.23,nan
2007-08-28,4402.55,nan
2007-08-29,4374.97,nan
2007-08-30,4528.52,nan
2007-08-31,4576.0,nan
2007-09-03,4683.66,nan
2007-09-04,4619.83,nan
2007-09-05,4631.68,nan
2007-09-06,4694.82,nan
2007-09-07,4594.1,nan
2007-09-10,4707.83,nan
2007-09-11,4392.98,nan
2007-09-12,4428.89,nan
2007-09-13,4498.86,nan
2007-09-14,4562.99,nan
2007-09-17,4658.11,nan
2007-09-18,4717.8,nan
2007-09-19,4646.52,nan
2007-09-20,4679.89,nan
2007-09-21,4623.5,nan
2007-09-24,4638.85,nan
2007-09-25,4608.79,nan
2007-09-26,4531.34,nan
2007-09-27,4559.15,nan
2007-09-28,4644.1,nan
2007-10-08,4641.19,nan
2007-10-09,4656.53,nan
2007-10-10,4649.81,nan
2007-10-11,4570.96,nan
2007-10-12,4434.18,nan
2007-10-15,4423.54,nan
2007-10-16,4463.28,nan
2007-10-17,4460.29,nan
2007-10-18,4374.69,nan
2007-10-19,4334.92,nan
2007-10-22,4214.89,nan
2007-10-23,4203.65,nan
2007-10-24,4104.47,nan
2007-10-25,3797.55,nan
2007-10-26,3749.51,nan
2007-10-29,3801.34,nan
2007-10-30,3909.8,nan
2007-10-31,4063.7,nan
2007-11-01,3961.13,nan
2007-11-02,3880.76,nan
2007-11-05,3950.98,nan
2007-11-06,4000.07,nan
2007-11-07,3992.37,nan
2007-11-08,3828.9,nan
2007-11-09,3794.38,nan
2007-11-12,3758.85,nan
2007-11-13,3780.49,nan
2007-11-14,3896.23,nan
2007-11-15,3879.64,nan
2007-11-16,3895.69,nan
2007-11-19,3975.38,nan
2007-11-20,4009.8,nan
2007-11-21,3976.68,nan
2007-11-22,3782.19,nan
2007-11-23,3854.0,nan
2007-11-26,3830.46,nan
2007-11-27,3772.99,nan
2007-11-28,3763.3,nan
2007-11-29,3852.48,nan
2007-11-30,3783.72,nan
2007-12-03,3817.57,nan
2007-12-04,3843.26,nan
2007-12-05,3904.28,nan
2007-12-06,3948.18,nan
2007-12-07,4013.9,nan
2007-12-10,4113.86,nan
2007-12-11,4167.54,nan
2007-12-12,4210.24,nan
2007-12-13,4091.86,nan
2007-12-14,4159.07,nan
2007-12-17,4189.44,nan
2007-12-18,4150.1,nan
2007-12-19,4223.35,nan
2007-12-20,4267.17,nan
2007-12-21,4339.0,nan
2007-12-24,4402.77,nan
2007-12-25,4447.78,nan
2007-12-26,4533.32,nan
2007-12-27,4560.37,nan
2007-12-28,4553.88,nan
2008-01-02,4699.17,nan
2008-01-03,4804.83,nan
2008-01-04,4842.32,nan
2008-01-07,4932.62,nan
2008-01-08,4802.86,nan
2008-01-09,4950.0,nan
2008-01-10,4960.45,nan
2008-01-11,4932.97,nan
2008-01-14,5012.91,nan
2008-01-15,5067.19,nan
2008-01-16,5024.08,nan
2008-01-17,4914.74,nan
2008-01-18,4952.48,nan
2008-01-21,4743.88,nan
2008-01-22,4350.45,nan
2008-01-23,4531.29,nan
2008-01-24,4667.92,nan
2008-01-25,4675.02,nan
2008-01-28,4340.35,nan
2008-01-29,4419.66,nan
2008-01-30,4448.5,nan
2008-01-31,4271.83,nan
2008-02-01,4081.56,nan
2008-02-04,4405.01,nan
2008-02-05,4425.3,nan
2008-02-13,4430.22,nan
2008-02-14,4515.0,nan
2008-02-15,4497.2,nan
2008-02-18,4616.61,nan
2008-02-19,4702.31,nan
2008-02-20,4682.67,nan
2008-02-21,4745.2,nan
2008-02-22,4653.73,nan
2008-02-25,4502.54,nan
2008-02-26,4506.0,nan
2008-02-27,4616.47,nan
2008-02-28,4633.39,nan
2008-02-29,4709.06,nan
2008-03-03,4879.54,nan
2008-03-04,4889.58,nan
2008-03-05,4942.96,nan
2008-03-06,4948.67,nan
2008-03-07,4870.62,nan
2008-03-10,4735.94,nan
2008-03-11,4825.12,nan
2008-03-12,4719.19,nan
2008-03-13,4526.17,nan
2008-03-14,4495.16,nan
2008-03-17,4152.05,nan
2008-03-18,3865.53,nan
2008-03-19,4053.76,nan
2008-03-20,4209.89,nan
2008-03-21,4253.92,nan
2008-03-24,4185.72,nan
2008-03-25,4249.93,nan
2008-03-26,4236.83,nan
2008-03-27,4003.11,nan
2008-03-28,4114.67,nan
2008-03-31,3913.56,nan
2008-04-01,3587.29,nan
2008-04-02,3364.41,nan
2008-04-03,3439.24,nan
2008-04-07,3644.82,nan
2008-04-08,3723.56,nan
2008-04-09,3513.88,nan
2008-04-10,3615.9,nan
2008-04-11,3668.0,nan
2008-04-14,3445.31,nan
2008-04-15,3551.65,nan
2008-04-16,3470.24,nan
2008-04-17,3335.67,nan
2008-04-18,3159.16,nan
2008-04-21,3144.32,nan
2008-04-22,3096.2,nan
2008-04-23,3226.38,nan
2008-04-24,3496.31,nan
2008-04-25,3505.63,nan
2008-04-28,3494.45,nan
2008-04-29,3520.5,nan
2008-04-30,3633.79,nan
2008-05-05,3745.59,nan
2008-05-06,3750.46,nan
2008-05-07,3602.85,nan
2008-05-08,3721.01,nan
2008-05-09,3726.05,nan
2008-05-12,3802.25,nan
2008-05-13,3829.77,nan
2008-05-14,3910.13,nan
2008-05-15,3885.07,nan
2008-05-16,3842.2,nan
2008-05-19,3859.38,nan
2008-05-20,3643.35,nan
2008-05-21,3742.76,nan
2008-05-22,3724.0,nan
2008-05-23,3654.1,nan
2008-05-26,3532.54,nan
2008-05-27,3536.1,nan
2008-05-28,3619.03,nan
2008-05-29,3550.68,nan
2008-05-30,3556.39,nan
2008-06-02,3603.59,nan
2008-06-03,3587.2,nan
2008-06-04,3522.04,nan
2008-06-05,3482.84,nan
2008-06-06,3468.8,nan
2008-06-10,3170.33,nan
2008-06-11,3098.15,nan
2008-06-12,3067.84,nan
2008-06-13,2922.18,nan
2008-06-16,2852.17,nan
2008-06-17,2678.82,nan
2008-06-18,2817.59,nan
2008-06-19,2597.79,nan
2008-06-20,2637.62,nan
2008-06-23,2584.64,nan
2008-06-24,2653.63,nan
2008-06-25,2794.39,nan
2008-06-26,2827.96,nan
2008-06-27,2627.59,nan
2008-06-30,2616.73,nan
2008-07-01,2562.67,nan
2008-07-02,2609.71,nan
2008-07-03,2725.63,nan
2008-07-04,2723.89,nan
2008-07-07,2872.89,nan
2008-07-08,2929.58,nan
2008-07-09,3010.38,nan
2008-07-10,2946.55,nan
2008-07-11,2933.67,nan
2008-07-14,3001.43,nan
2008-07-15,2935.32,nan
2008-07-16,2791.44,nan
2008-07-17,2751.62,nan
2008-07-18,2833.79,nan
2008-07-21,2956.66,nan
2008-07-22,2974.52,nan
2008-07-23,2958.11,nan
2008-07-24,3034.87,nan
2008-07-25,3015.4,nan
2008-07-28,3066.13,nan
2008-07-29,3003.78,nan
2008-07-30,2987.84,nan
2008-07-31,2875.95,nan
2008-08-01,2918.64,nan
2008-08-04,2845.0,nan
2008-08-05,2752.72,nan
2008-08-06,2745.25,nan
2008-08-07,2757.51,nan
2008-08-08,2552.13,nan
2008-08-11,2329.69,nan
2008-08-12,2284.66,nan
2008-08-13,2279.96,nan
2008-08-14,2297.4,nan
2008-08-15,2290.77,nan
2008-08-18,2110.28,nan
2008-08-19,2151.29,nan
2008-08-20,2333.8,nan
2008-08-21,2250.13,nan
2008-08-22,2204.08,nan
2008-08-25,2203.31,nan
2008-08-26,2072.45,nan
2008-08-27,2074.9,nan
2008-08-28,2074.98,nan
2008-08-29,2137.44,nan
2008-09-01,2076.72,nan
2008-09-02,2095.04,nan
2008-09-03,2087.94,nan
2008-09-04,2097.86,nan
2008-09-05,1981.87,nan
2008-09-08,1875.07,nan
2008-09-09,1892.09,nan
2008-09-10,1912.22,nan
2008-09-11,1865.78,nan
2008-09-12,1864.27,nan
2008-09-16,1822.28,nan
2008-09-17,1790.64,nan
2008-09-18,1736.39,nan
2008-09-19,1905.83,nan
2008-09-22,1992.72,nan
2008-09-23,1859.62,nan
2008-09-24,1905.48,nan
2008-09-25,1949.82,nan
2008-09-26,1946.11,nan
2008-10-06,1882.92,nan
2008-10-07,1877.69,nan
2008-10-08,1834.78,nan
2008-10-09,1807.71,nan
2008-10-10,1671.62,nan
2008-10-13,1712.16,nan
2008-10-14,1654.16,nan
2008-10-15,1639.99,nan
2008-10-16,1547.16,nan
2008-10-17,1571.16,nan
2008-10-20,1630.09,nan
2008-10-21,1635.88,nan
2008-10-22,1604.58,nan
2008-10-23,1621.56,nan
2008-10-24,1598.66,nan
2008-10-27,1474.71,nan
2008-10-28,1513.08,nan
2008-10-29,1447.45,nan
2008-10-30,1458.43,nan
2008-10-31,1427.84,nan
2008-11-03,1409.18,nan
2008-11-04,1394.95,nan
2008-11-05,1444.78,nan
2008-11-06,1426.87,nan
2008-11-07,1454.25,nan
2008-11-10,1564.4,nan
2008-11-11,1556.34,nan
2008-11-12,1603.73,nan
2008-11-13,1676.92,nan
2008-11-14,1763.51,nan
2008-11-17,1855.36,nan
2008-11-18,1720.62,nan
2008-11-19,1837.04,nan
2008-11-20,1839.14,nan
2008-11-21,1821.46,nan
2008-11-24,1752.43,nan
2008-11-25,1740.01,nan
2008-11-26,1742.95,nan
2008-11-27,1764.61,nan
2008-11-28,1745.2,nan
2008-12-01,1828.67,nan
2008-12-02,1869.29,nan
2008-12-03,1941.43,nan
2008-12-04,1941.48,nan
2008-12-05,2001.97,nan
2008-12-08,2084.99,nan
2008-12-09,2031.21,nan
2008-12-10,2101.94,nan
2008-12-11,2043.53,nan
2008-12-12,1944.92,nan
2008-12-15,1985.6,nan
2008-12-16,2013.47,nan
2008-12-17,2045.7,nan
2008-12-18,2080.21,nan
2008-12-19,2097.4,nan
2008-12-22,2106.41,nan
2008-12-23,1967.65,nan
2008-12-24,1924.07,nan
2008-12-25,1926.81,nan
2008-12-26,1906.05,nan
2008-12-29,1901.6,nan
2008-12-30,1893.92,nan
2008-12-31,1858.26,nan
2009-01-05,1948.87,nan
2009-01-06,2012.59,nan
2009-01-07,2025.09,nan
2009-01-08,1981.24,nan
2009-01-09,2039.2,nan
2009-01-12,2063.0,nan
2009-01-13,1999.55,nan
2009-01-14,2085.36,nan
2009-01-15,2111.03,nan
2009-01-16,2121.34,nan
2009-01-19,2116.84,nan
2009-01-20,2143.03,nan
2009-01-21,2139.46,nan
2009-01-22,2172.23,nan
2009-01-23,2154.15,nan
2009-02-02,2226.57,nan
2009-02-03,2288.19,nan
2009-02-04,2331.5,nan
2009-02-05,2304.28,nan
2009-02-06,2403.21,nan
2009-02-09,2478.23,nan
2009-02-10,2546.24,nan
2009-02-11,2548.95,nan
2009-02-12,2595.56,nan
2009-02-13,2679.96,nan
2009-02-16,2734.81,nan
2009-02-17,2630.22,nan
2009-02-18,2537.83,nan
2009-02-19,2599.03,nan
2009-02-20,2683.15,nan
2009-02-23,2773.36,nan
2009-02-24,2661.32,nan
2009-02-25,2689.9,nan
2009-02-26,2498.83,nan
2009-02-27,2336.52,nan
2009-03-02,2410.56,nan
2009-03-03,2438.44,nan
2009-03-04,2579.52,nan
2009-03-05,2603.2,nan
2009-03-06,2586.53,nan
2009-03-09,2465.73,nan
2009-03-10,2525.07,nan
2009-03-11,2519.15,nan
2009-03-12,2529.87,nan
2009-03-13,2506.94,nan
2009-03-16,2541.43,nan
2009-03-17,2633.96,nan
2009-03-18,2663.77,nan
2009-03-19,2727.56,nan
2009-03-20,2712.5,nan
2009-03-23,2763.83,nan
2009-03-24,2784.88,nan
2009-03-25,2721.59,nan
2009-03-26,2788.66,nan
2009-03-27,2815.01,nan
2009-03-30,2827.21,nan
2009-03-31,2856.46,nan
2009-04-01,2898.77,nan
2009-04-02,2904.15,nan
2009-04-03,2891.24,nan
2009-04-07,2937.45,nan
2009-04-08,2841.76,nan
2009-04-09,2903.97,nan
2009-04-10,2990.54,nan
2009-04-13,3024.98,nan
2009-04-14,3076.22,nan
2009-04-15,3117.82,nan
2009-04-16,3136.48,nan
2009-04-17,3088.76,nan
2009-04-20,3169.99,nan
2009-04-21,3165.08,nan
2009-04-22,3004.61,nan
2009-04-23,3025.53,nan
2009-04-24,3001.26,nan
2009-04-27,2881.38,nan
2009-04-28,2914.21,nan
2009-04-29,2978.47,nan
2009-04-30,3017.39,nan
2009-05-04,3116.85,nan
2009-05-05,3165.12,nan
2009-05-06,3224.25,nan
2009-05-07,3203.37,nan
2009-05-08,3209.62,nan
2009-05-11,3080.3,nan
2009-05-12,3157.02,nan
2009-05-13,3186.25,nan
2009-05-14,3210.23,nan
2009-05-15,3232.96,nan
2009-05-18,3263.76,nan
2009-05-19,3294.72,nan
2009-05-20,3278.6,nan
2009-05-21,3220.7,nan
2009-05-22,3214.86,nan
2009-05-25,3215.99,nan
2009-05-26,3230.85,nan
2009-05-27,3231.49,nan
2009-06-01,3278.62,nan
2009-06-02,3295.56,nan
2009-06-03,3320.32,nan
2009-06-04,3309.92,nan
2009-06-05,3297.07,nan
2009-06-08,3297.98,nan
2009-06-09,3319.98,nan
2009-06-10,3357.06,nan
2009-06-11,3336.53,nan
2009-06-12,3271.52,nan
2009-06-15,3313.11,nan
2009-06-16,3304.51,nan
2009-06-17,3348.97,nan
2009-06-18,3366.94,nan
2009-06-19,3375.5,nan
2009-06-22,3352.8,nan
2009-06-23,3351.44,nan
2009-06-24,3390.11,nan
2009-06-25,3396.38,nan
2009-06-26,3413.31,nan
2009-06-29,3422.04,nan
2009-06-30,3391.89,nan
2009-07-01,3414.51,nan
2009-07-02,3447.77,nan
2009-07-03,3482.35,nan
2009-07-06,3475.64,nan
2009-07-07,3491.95,nan
2009-07-08,3538.79,nan
2009-07-09,3612.81,nan
2009-07-10,3628.17,nan
2009-07-13,3659.8,nan
2009-07-14,3721.63,nan
2009-07-15,3758.55,nan
2009-07-16,3746.0,nan
2009-07-17,3767.47,nan
2009-07-20,3833.7,nan
2009-07-21,3734.81,nan
2009-07-22,3790.04,nan
2009-07-23,3837.11,nan
2009-07-24,3806.57,nan
2009-07-27,3882.2,nan
2009-07-28,3933.02,nan
2009-07-29,3680.81,nan
2009-07-30,3724.13,nan
2009-07-31,3836.61,nan
2009-08-03,3905.23,nan
2009-08-04,3943.5,nan
2009-08-05,3968.86,nan
2009-08-06,3916.01,nan
2009-08-07,3807.47,nan
2009-08-10,3840.3,nan
2009-08-11,3866.65,nan
2009-08-12,3673.59,nan
2009-08-13,3679.65,nan
2009-08-14,3493.64,nan
2009-08-17,3252.75,nan
2009-08-18,3308.59,nan
2009-08-19,3139.78,nan
2009-08-20,3262.57,nan
2009-08-21,3369.63,nan
2009-08-24,3454.39,nan
2009-08-25,3414.28,nan
2009-08-26,3521.65,nan
2009-08-27,3561.58,nan
2009-08-28,3457.52,nan
2009-08-31,3218.22,nan
2009-09-01,3193.04,nan
2009-09-02,3205.84,nan
2009-09-03,3351.24,nan
2009-09-04,3413.58,nan
2009-09-07,3464.26,nan
2009-09-08,3515.61,nan
2009-09-09,3526.95,nan
2009-09-10,3489.23,nan
2009-09-11,3552.93,nan
2009-09-14,3642.23,nan
2009-09-15,3682.6,nan
2009-09-16,3709.99,nan
2009-09-17,3805.99,nan
2009-09-18,3690.15,nan
2009-09-21,3740.63,nan
2009-09-22,3651.77,nan
2009-09-23,3543.2,nan
2009-09-24,3512.96,nan
2009-09-25,3475.39,nan
2009-09-28,3366.19,nan
2009-09-29,3276.53,nan
2009-09-30,3307.08,nan
2009-10-09,3478.73,nan
2009-10-12,3499.25,nan
2009-10-13,3562.93,nan
2009-10-14,3605.19,nan
2009-10-15,3621.67,nan
2009-10-16,3640.95,nan
2009-10-19,3725.56,nan
2009-10-20,3780.62,nan
2009-10-21,3750.65,nan
2009-10-22,3771.06,nan
2009-10-23,3817.13,nan
2009-10-26,3827.02,nan
2009-10-27,3721.83,nan
2009-10-28,3759.98,nan
2009-10-29,3687.91,nan
2009-10-30,3730.08,nan
2009-11-02,3850.34,nan
2009-11-03,3937.42,nan
2009-11-04,3979.46,nan
2009-11-05,4020.07,nan
2009-11-06,4039.03,nan
2009-11-09,4076.87,nan
2009-11-10,4088.21,nan
2009-11-11,4116.84,nan
2009-11-12,4127.56,nan
2009-11-13,4176.75,nan
2009-11-16,4270.91,nan
2009-11-17,4300.38,nan
2009-11-18,4327.72,nan
2009-11-19,4406.72,nan
2009-11-20,4434.94,nan
2009-11-23,4523.44,nan
2009-11-24,4266.86,nan
2009-11-25,4436.24,nan
2009-11-26,4255.2,nan
2009-11-27,4145.23,nan
2009-11-30,4338.59,nan
2009-12-01,4471.82,nan
2009-12-02,4553.15,nan
2009-12-03,4594.78,nan
2009-12-04,4452.48,nan
2009-12-07,4537.03,nan
2009-12-08,4528.63,nan
2009-12-09,4463.21,nan
2009-12-10,4488.81,nan
2009-12-11,4485.46,nan
2009-12-14,4461.18,nan
2009-12-15,4489.59,nan
2009-12-16,4468.1,nan
2009-12-17,4332.89,nan
2009-12-18,4163.21,nan
2009-12-21,4219.4,nan
2009-12-22,4094.69,nan
2009-12-23,4169.86,nan
2009-12-24,4303.74,nan
2009-12-25,4330.05,nan
2009-12-28,4401.9,nan
2009-12-29,4427.2,nan
2009-12-30,4412.41,nan
2009-12-31,4468.04,nan
2010-01-04,4483.8,nan
2010-01-05,4540.24,nan
2010-01-06,4530.71,nan
2010-01-07,4437.4,nan
2010-01-08,4495.0,nan
2010-01-11,4527.73,nan
2010-01-12,4620.99,nan
2010-01-13,4563.72,nan
2010-01-14,4689.88,nan
2010-01-15,4739.54,nan
2010-01-18,4816.83,nan
2010-01-19,4823.34,nan
2010-01-20,4666.95,nan
2010-01-21,4686.98,nan
2010-01-22,4549.46,nan
2010-01-25,4484.11,nan
2010-01-26,4300.85,nan
2010-01-27,4267.98,nan
2010-01-28,4322.32,nan
2010-01-29,4365.34,nan
2010-02-01,4314.13,nan
2010-02-02,4299.35,nan
2010-02-03,4380.11,nan
2010-02-04,4440.54,nan
2010-02-05,4356.65,nan
2010-02-08,4353.4,nan
2010-02-09,4352.13,nan
2010-02-10,4406.14,nan
2010-02-11,4382.44,nan
2010-02-12,4442.63,nan
2010-02-22,4469.5,nan
2010-02-23,4542.29,nan
2010-02-24,4639.39,nan
2010-02-25,4726.28,nan
2010-02-26,4734.71,nan
2010-03-01,4804.45,nan
2010-03-02,4807.26,nan
2010-03-03,4872.23,nan
2010-03-04,4698.59,nan
2010-03-05,4698.1,nan
2010-03-08,4758.32,nan
2010-03-09,4764.4,nan
2010-03-10,4711.24,nan
2010-03-11,4686.04,nan
2010-03-12,4611.59,nan
2010-03-15,4577.0,nan
2010-03-16,4635.23,nan
2010-03-17,4756.65,nan
2010-03-18,4768.47,nan
2010-03-19,4806.72,nan
2010-03-22,4850.58,nan
2010-03-23,4822.51,nan
2010-03-24,4834.34,nan
2010-03-25,4760.9,nan
2010-03-26,4825.67,nan
2010-03-29,4854.23,nan
2010-03-30,4884.67,nan
2010-03-31,4906.68,nan
2010-04-01,4990.34,nan
2010-04-02,5009.3,nan
2010-04-06,5029.15,nan
2010-04-07,5038.71,nan
2010-04-08,5043.48,nan
2010-04-09,5119.68,nan
2010-04-12,5177.91,nan
2010-04-13,5077.26,nan
2010-04-14,5164.06,nan
2010-04-15,5113.42,nan
2010-04-16,5107.9,nan
2010-04-19,4890.9,nan
2010-04-20,4961.1,nan
2010-04-21,5117.75,nan
2010-04-22,5150.12,nan
2010-04-23,5096.03,nan
2010-04-26,5087.47,nan
2010-04-27,4955.74,nan
2010-04-28,4920.3,nan
2010-04-29,4769.85,nan
2010-04-30,4608.01,nan
2010-05-04,4600.48,nan
2010-05-05,4745.67,nan
2010-05-06,4614.44,nan
2010-05-07,4532.28,nan
2010-05-10,4444.9,nan
2010-05-11,4315.16,nan
2010-05-12,4208.01,nan
2010-05-13,4311.8,nan
2010-05-14,4333.87,nan
2010-05-17,4052.56,nan
2010-05-18,4079.29,nan
2010-05-19,4079.32,nan
2010-05-20,3989.15,nan
2010-05-21,4065.98,nan
2010-05-24,4255.2,nan
2010-05-25,4245.19,nan
2010-05-26,4259.2,nan
2010-05-27,4342.32,nan
2010-05-28,4359.56,nan
2010-05-31,4226.1,nan
2010-06-01,4136.08,nan
2010-06-02,4205.42,nan
2010-06-03,4174.23,nan
2010-06-04,4209.29,nan
2010-06-07,4195.58,nan
2010-06-08,4257.78,nan
2010-06-09,4368.06,nan
2010-06-10,4377.49,nan
2010-06-11,4356.45,nan
2010-06-17,4310.01,nan
2010-06-18,4143.43,nan
2010-06-21,4247.4,nan
2010-06-22,4286.18,nan
2010-06-23,4284.25,nan
2010-06-24,4286.74,nan
2010-06-25,4217.36,nan
2010-06-28,4129.18,nan
2010-06-29,3886.36,nan
2010-06-30,3803.1,nan
2010-07-01,3755.18,nan
2010-07-02,3729.45,nan
2010-07-05,3696.27,nan
2010-07-06,3810.01,nan
2010-07-07,3868.05,nan
2010-07-08,3845.41,nan
2010-07-09,3960.64,nan
2010-07-12,4009.56,nan
2010-07-13,3953.26,nan
2010-07-14,3991.95,nan
2010-07-15,3890.76,nan
2010-07-16,3916.4,nan
2010-07-19,4007.41,nan
2010-07-20,4132.01,nan
2010-07-21,4138.32,nan
2010-07-22,4205.47,nan
2010-07-23,4211.82,nan
2010-07-26,4269.93,nan
2010-07-27,4265.96,nan
2010-07-28,4349.83,nan
2010-07-29,4379.76,nan
2010-07-30,4382.65,nan
2010-08-02,4475.09,nan
2010-08-03,4404.98,nan
2010-08-04,4457.54,nan
2010-08-05,4481.61,nan
2010-08-06,4567.79,nan
2010-08-09,4638.27,nan
2010-08-10,4471.14,nan
2010-08-11,4525.48,nan
2010-08-12,4474.13,nan
2010-08-13,4558.69,nan
2010-08-16,4662.56,nan
2010-08-17,4708.34,nan
2010-08-18,4701.55,nan
2010-08-19,4711.67,nan
2010-08-20,4610.78,nan
2010-08-23,4655.09,nan
2010-08-24,4716.75,nan
2010-08-25,4623.32,nan
2010-08-26,4651.5,nan
2010-08-27,4675.16,nan
2010-08-30,4797.88,nan
2010-08-31,4848.84,nan
2010-09-01,4790.6,nan
2010-09-02,4896.15,nan
2010-09-03,4940.65,nan
2010-09-06,4918.63,nan
2010-09-07,4960.91,nan
2010-09-08,5001.54,nan
2010-09-09,4931.59,nan
2010-09-10,4981.58,nan
2010-09-13,5064.58,nan
2010-09-14,5080.28,nan
2010-09-15,4983.58,nan
2010-09-16,4860.05,nan
2010-09-17,4860.69,nan
2010-09-20,4787.76,nan
2010-09-21,4769.13,nan
2010-09-27,4895.33,nan
2010-09-28,4879.26,nan
2010-09-29,4812.93,nan
2010-09-30,4879.05,nan
2010-10-08,4995.36,nan
2010-10-11,5018.83,nan
2010-10-12,5047.04,nan
2010-10-13,5065.98,nan
2010-10-14,4903.5,nan
2010-10-15,4883.12,nan
2010-10-18,4800.46,nan
2010-10-19,4960.83,nan
2010-10-20,4987.93,nan
2010-10-21,5027.02,nan
2010-10-22,5083.33,nan
2010-10-25,5207.13,nan
2010-10-26,5258.9,nan
2010-10-27,5224.31,nan
2010-10-28,5246.16,nan
2010-10-29,5313.41,nan
2010-11-01,5467.8,nan
2010-11-02,5447.96,nan
2010-11-03,5374.88,nan
2010-11-04,5497.99,nan
2010-11-05,5580.11,nan
2010-11-08,5707.94,nan
2010-11-09,5745.94,nan
2010-11-10,5761.88,nan
2010-11-11,5705.8,nan
2010-11-12,5329.45,nan
2010-11-15,5472.14,nan
2010-11-16,5298.98,nan
2010-11-17,5099.73,nan
2010-11-18,5180.21,nan
2010-11-19,5338.95,nan
2010-11-22,5436.87,nan
2010-11-23,5364.8,nan
2010-11-24,5520.02,nan
2010-11-25,5559.45,nan
2010-11-26,5551.31,nan
2010-11-29,5564.81,nan
2010-11-30,5398.21,nan
2010-12-01,5410.1,nan
2010-12-02,5437.85,nan
2010-12-03,5403.4,nan
2010-12-06,5327.03,nan
2010-12-07,5398.86,nan
2010-12-08,5398.33,nan
2010-12-09,5287.83,nan
2010-12-10,5356.42,nan
2010-12-13,5509.58,nan
2010-12-14,5589.99,nan
2010-12-15,5570.96,nan
2010-12-16,5577.18,nan
2010-12-17,5580.99,nan
2010-12-20,5515.24,nan
2010-12-21,5568.34,nan
2010-12-22,5526.16,nan
2010-12-23,5410.95,nan
2010-12-24,5307.5,nan
2010-12-27,5145.3,nan
2010-12-28,5031.22,nan
2010-12-29,5120.26,nan
2010-12-30,5143.24,nan
2010-12-31,5256.35,nan
2011-01-04,5333.0,nan
2011-01-05,5345.88,nan
2011-01-06,5326.97,nan
2011-01-07,5293.45,nan
2011-01-10,5150.72,nan
2011-01-11,5104.52,nan
2011-01-12,5140.82,nan
2011-01-13,5142.39,nan
2011-01-14,5038.7,nan
2011-01-17,4820.75,nan
2011-01-18,4843.02,nan
2011-01-19,4969.09,nan
2011-01-20,4791.83,nan
2011-01-21,4832.57,nan
2011-01-24,4727.56,nan
2011-01-25,4629.66,nan
2011-01-26,4709.64,nan
2011-01-27,4787.34,nan
2011-01-28,4842.5,nan
2011-01-31,4911.05,nan
2011-02-01,4925.06,nan
2011-02-09,4914.82,nan
2011-02-10,5059.77,nan
2011-02-11,5111.01,nan
2011-02-14,5186.94,nan
2011-02-15,5200.38,nan
2011-02-16,5297.98,nan
2011-02-17,5334.23,nan
2011-02-18,5298.97,nan
2011-02-21,5408.02,nan
2011-02-22,5268.22,nan
2011-02-23,5337.86,nan
2011-02-24,5373.23,nan
2011-02-25,5382.58,nan
2011-02-28,5452.09,nan
2011-03-01,5478.61,nan
2011-03-02,5467.43,nan
2011-03-03,5369.75,nan
2011-03-04,5434.73,nan
2011-03-07,5495.57,nan
2011-03-08,5532.12,nan
2011-03-09,5552.98,nan
2011-03-10,5519.76,nan
2011-03-11,5513.09,nan
2011-03-14,5569.62,nan
2011-03-15,5517.49,nan
2011-03-16,5589.5,nan
2011-03-17,5483.07,nan
2011-03-18,5524.35,nan
2011-03-21,5495.42,nan
2011-03-22,5495.44,nan
2011-03-23,5555.02,nan
2011-03-24,5581.04,nan
2011-03-25,5610.83,nan
2011-03-28,5601.68,nan
2011-03-29,5511.0,nan
2011-03-30,5463.07,nan
2011-03-31,5389.04,nan
2011-04-01,5451.76,nan
2011-04-06,5450.43,nan
2011-04-07,5478.92,nan
2011-04-08,5536.78,nan
2011-04-11,5503.05,nan
2011-04-12,5483.1,nan
2011-04-13,5531.49,nan
2011-04-14,5526.06,nan
2011-04-15,5525.83,nan
2011-04-18,5561.38,nan
2011-04-19,5515.69,nan
2011-04-20,5554.66,nan
2011-04-21,5580.51,nan
2011-04-22,5537.9,nan
2011-04-25,5403.53,nan
2011-04-26,5299.48,nan
2011-04-27,5229.87,nan
2011-04-28,5047.01,nan
2011-04-29,5127.49,nan
2011-05-03,5220.95,nan
2011-05-04,5116.74,nan
2011-05-05,5140.74,nan
2011-05-06,5181.43,nan
2011-05-09,5229.0,nan
2011-05-10,5272.4,nan
2011-05-11,5282.98,nan
2011-05-12,5202.17,nan
2011-05-13,5246.4,nan
2011-05-16,5244.12,nan
2011-05-17,5202.41,nan
2011-05-18,5240.92,nan
2011-05-19,5218.66,nan
2011-05-20,5205.15,nan
2011-05-23,5006.68,nan
2011-05-24,5008.43,nan
2011-05-25,4954.25,nan
2011-05-26,4913.91,nan
2011-05-27,4738.92,nan
2011-05-30,4658.18,nan
2011-05-31,4757.02,nan
2011-06-01,4820.44,nan
2011-06-02,4753.89,nan
2011-06-03,4837.11,nan
2011-06-07,4891.0,nan
2011-06-08,4926.87,nan
2011-06-09,4814.73,nan
2011-06-10,4823.02,nan
2011-06-13,4823.34,nan
2011-06-14,4896.87,nan
2011-06-15,4855.07,nan
2011-06-16,4743.15,nan
2011-06-17,4667.4,nan
2011-06-20,4601.02,nan
2011-06-21,4659.23,nan
2011-06-22,4662.48,nan
2011-06-23,4746.68,nan
2011-06-24,4858.79,nan
2011-06-27,4934.77,nan
2011-06-28,4954.17,nan
2011-06-29,4902.5,nan
2011-06-30,4976.14,nan
2011-07-01,5003.66,nan
2011-07-04,5118.71,nan
2011-07-05,5163.82,nan
2011-07-06,5190.92,nan
2011-07-07,5182.11,nan
2011-07-08,5166.68,nan
2011-07-11,5220.49,nan
2011-07-12,5138.71,nan
2011-07-13,5242.97,nan
2011-07-14,5299.72,nan
2011-07-15,5342.96,nan
2011-07-18,5349.27,nan
2011-07-19,5288.99,nan
2011-07-20,5297.09,nan
2011-07-21,5222.86,nan
2011-07-22,5255.71,nan
2011-07-25,5028.12,nan
2011-07-26,5059.87,nan
2011-07-27,5148.19,nan
2011-07-28,5123.36,nan
2011-07-29,5072.09,nan
2011-08-01,5104.88,nan
2011-08-02,5080.4,nan
2011-08-03,5104.53,nan
2011-08-04,5126.52,nan
2011-08-05,5004.06,nan
2011-08-08,4728.86,nan
2011-08-09,4721.24,nan
2011-08-10,4796.89,nan
2011-08-11,4885.88,nan
2011-08-12,4945.39,nan
2011-08-15,5027.12,nan
2011-08-16,4996.26,nan
2011-08-17,4989.26,nan
2011-08-18,4894.59,nan
2011-08-19,4846.68,nan
2011-08-22,4819.47,nan
2011-08-23,4904.83,nan
2011-08-24,4903.46,nan
2011-08-25,4987.12,nan
2011-08-26,5013.22,nan
2011-08-29,4984.28,nan
2011-08-30,4931.34,nan
2011-08-31,4904.57,nan
2011-09-01,4877.12,nan
2011-09-02,4820.91,nan
2011-09-05,4697.61,nan
2011-09-06,4669.45,nan
2011-09-07,4787.52,nan
2011-09-08,4737.36,nan
2011-09-09,4711.38,nan
2011-09-13,4632.18,nan
2011-09-14,4691.05,nan
2011-09-15,4700.01,nan
2011-09-16,4700.43,nan
2011-09-19,4607.28,nan
2011-09-20,4637.83,nan
2011-09-21,4769.51,nan
2011-09-22,4630.38,nan
2011-09-23,4594.11,nan
2011-09-26,4524.64,nan
2011-09-27,4540.39,nan
2011-09-28,4455.06,nan
2011-09-29,4282.12,nan
2011-09-30,4267.13,nan
2011-10-10,4251.82,nan
2011-10-11,4244.93,nan
2011-10-12,4397.63,nan
2011-10-13,4467.78,nan
2011-10-14,4447.06,nan
2011-10-17,4465.82,nan
2011-10-18,4324.94,nan
2011-10-19,4310.34,nan
2011-10-20,4178.89,nan
2011-10-21,4097.6,nan
2011-10-24,4161.9,nan
2011-10-25,4278.16,nan
2011-10-26,4311.59,nan
2011-10-27,4309.9,nan
2011-10-28,4402.06,nan
2011-10-31,4446.81,nan
2011-11-01,4451.78,nan
2011-11-02,4530.84,nan
2011-11-03,4557.53,nan
2011-11-04,4590.98,nan
2011-11-07,4574.2,nan
2011-11-08,4519.24,nan
2011-11-09,4601.3,nan
2011-11-10,4540.5,nan
2011-11-11,4540.66,nan
2011-11-14,4654.43,nan
2011-11-15,4689.34,nan
2011-11-16,4573.71,nan
2011-11-17,4573.77,nan
2011-11-18,4430.21,nan
2011-11-21,4443.6,nan
2011-11-22,4438.18,nan
2011-11-23,4414.08,nan
2011-11-24,4407.09,nan
2011-11-25,4376.09,nan
2011-11-28,4378.29,nan
2011-11-29,4455.44,nan
2011-11-30,4256.66,nan
2011-12-01,4348.63,nan
2011-12-02,4257.37,nan
2011-12-05,4110.58,nan
2011-12-06,4112.14,nan
2011-12-07,4124.7,nan
2011-12-08,4123.7,nan
2011-12-09,4080.15,nan
2011-12-12,4026.82,nan
2011-12-13,3873.24,nan
2011-12-14,3787.83,nan
2011-12-15,3678.92,nan
2011-12-16,3787.93,nan
2011-12-19,3798.28,nan
2011-12-20,3783.88,nan
2011-12-21,3682.66,nan
2011-12-22,3613.8,nan
2011-12-23,3641.15,nan
2011-12-26,3614.88,nan
2011-12-27,3499.06,nan
2011-12-28,3468.78,nan
2011-12-29,3470.29,nan
2011-12-30,3533.1,nan
2012-01-04,3437.57,nan
2012-01-05,3276.64,nan
2012-01-06,3296.16,nan
2012-01-09,3440.7,nan
2012-01-10,3581.1,nan
2012-01-11,3597.73,nan
2012-01-12,3597.08,nan
2012-01-13,3449.14,nan
2012-01-16,3328.25,nan
2012-01-17,3513.72,nan
2012-01-18,3424.82,nan
2012-01-19,3449.28,nan
2012-01-20,3491.67,nan
2012-01-30,3480.58,nan
2012-01-31,3482.39,nan
2012-02-01,3463.23,nan
2012-02-02,3533.88,nan
2012-02-03,3597.07,nan
2012-02-06,3636.13,nan
2012-02-07,3574.1,nan
2012-02-08,3673.14,nan
2012-02-09,3708.45,nan
2012-02-10,3729.5,nan
2012-02-13,3782.33,nan
2012-02-14,3785.66,nan
2012-02-15,3853.86,nan
2012-02-16,3859.8,nan
2012-02-17,3846.8,nan
2012-02-20,3855.7,nan
2012-02-21,3905.38,nan
2012-02-22,3982.56,nan
2012-02-23,3986.94,nan
2012-02-24,4029.57,nan
2012-02-27,4030.23,nan
2012-02-28,3994.77,nan
2012-02-29,3944.51,nan
2012-03-01,3973.87,nan
2012-03-02,4049.94,nan
2012-03-05,4070.65,nan
2012-03-06,4042.49,nan
2012-03-07,4027.27,nan
2012-03-08,4082.74,nan
2012-03-09,4144.43,nan
2012-03-12,4169.76,nan
2012-03-13,4206.45,nan
2012-03-14,4007.15,nan
2012-03-15,3955.46,nan
2012-03-16,4060.2,nan
2012-03-19,4131.19,nan
2012-03-20,4037.68,nan
2012-03-21,4054.23,nan
2012-03-22,4045.17,nan
2012-03-23,3960.05,nan
2012-03-26,3947.11,nan
2012-03-27,3939.56,nan
2012-03-28,3745.45,nan
2012-03-29,3661.34,nan
2012-03-30,3640.65,nan
2012-04-05,3759.32,nan
2012-04-06,3796.89,nan
2012-04-09,3749.2,nan
2012-04-10,3794.3,nan
2012-04-11,3824.69,nan
2012-04-12,3905.33,nan
2012-04-13,3938.81,nan
2012-04-16,3957.16,nan
2012-04-17,3902.65,nan
2012-04-18,3994.2,nan
2012-04-19,3991.16,nan
2012-04-20,4022.89,nan
2012-04-23,3956.65,nan
2012-04-24,3921.24,nan
2012-04-25,3985.34,nan
2012-04-26,3960.97,nan
2012-04-27,3927.55,nan
2012-05-02,3965.02,nan
2012-05-03,3984.31,nan
2012-05-04,4016.86,nan
2012-05-07,4047.93,nan
2012-05-08,4052.41,nan
2012-05-09,3990.32,nan
2012-05-10,4006.19,nan
2012-05-11,3980.38,nan
2012-05-14,3974.68,nan
2012-05-15,3959.81,nan
2012-05-16,3919.4,nan
2012-05-17,3975.81,nan
2012-05-18,3904.34,nan
2012-05-21,3895.98,nan
2012-05-22,3947.9,nan
2012-05-23,3939.88,nan
2012-05-24,3911.96,nan
2012-05-25,3867.86,nan
2012-05-28,3919.07,nan
2012-05-29,3979.45,nan
2012-05-30,3988.9,nan
2012-05-31,3998.82,nan
2012-06-01,3992.59,nan
2012-06-04,3852.05,nan
2012-06-05,3846.39,nan
2012-06-06,3832.41,nan
2012-06-07,3810.25,nan
2012-06-08,3795.32,nan
2012-06-11,3860.0,nan
2012-06-12,3838.09,nan
2012-06-13,3904.92,nan
2012-06-14,3878.32,nan
2012-06-15,3885.38,nan
2012-06-18,3926.77,nan
2012-06-19,3901.98,nan
2012-06-20,3886.65,nan
2012-06-21,3830.39,nan
2012-06-25,3731.94,nan
2012-06-26,3726.8,nan
2012-06-27,3714.74,nan
2012-06-28,3659.96,nan
2012-06-29,3709.72,nan
2012-07-02,3760.77,nan
2012-07-03,3774.63,nan
2012-07-04,3761.31,nan
2012-07-05,3672.18,nan
2012-07-06,3747.18,nan
2012-07-09,3652.45,nan
2012-07-10,3610.4,nan
2012-07-11,3643.48,nan
2012-07-12,3697.63,nan
2012-07-13,3671.35,nan
2012-07-16,3512.49,nan
2012-07-17,3542.77,nan
2012-07-18,3574.59,nan
2012-07-19,3625.6,nan
2012-07-20,3609.89,nan
2012-07-23,3575.54,nan
2012-07-24,3606.37,nan
2012-07-25,3581.29,nan
2012-07-26,3542.57,nan
2012-07-27,3517.62,nan
2012-07-30,3429.83,nan
2012-07-31,3364.87,nan
2012-08-01,3427.58,nan
2012-08-02,3408.27,nan
2012-08-03,3490.28,nan
2012-08-06,3583.03,nan
2012-08-07,3624.94,nan
2012-08-08,3615.68,nan
2012-08-09,3667.4,nan
2012-08-10,3663.92,nan
2012-08-13,3588.69,nan
2012-08-14,3627.17,nan
2012-08-15,3589.97,nan
2012-08-16,3561.61,nan
2012-08-17,3564.81,nan
2012-08-20,3587.14,nan
2012-08-21,3651.31,nan
2012-08-22,3629.3,nan
2012-08-23,3658.27,nan
2012-08-24,3575.33,nan
2012-08-27,3492.38,nan
2012-08-28,3519.08,nan
2012-08-29,3506.01,nan
2012-08-30,3436.86,nan
2012-08-31,3451.11,nan
2012-09-03,3515.75,nan
2012-09-04,3488.38,nan
2012-09-05,3517.82,nan
2012-09-06,3557.52,nan
2012-09-07,3672.52,nan
2012-09-10,3712.51,nan
2012-09-11,3705.64,nan
2012-09-12,3732.85,nan
2012-09-13,3670.13,nan
2012-09-14,3670.87,nan
2012-09-17,3562.14,nan
2012-09-18,3554.05,nan
2012-09-19,3586.83,nan
2012-09-20,3461.26,nan
2012-09-21,3425.12,nan
2012-09-24,3448.5,nan
2012-09-25,3419.56,nan
2012-09-26,3324.05,nan
2012-09-27,3396.45,nan
2012-09-28,3456.05,nan
2012-10-08,3455.3,nan
2012-10-09,3551.22,nan
2012-10-10,3595.1,nan
2012-10-11,3539.73,nan
2012-10-12,3531.22,nan
2012-10-15,3504.17,nan
2012-10-16,3517.51,nan
2012-10-17,3530.99,nan
2012-10-18,3587.55,nan
2012-10-19,3578.34,nan
2012-10-22,3593.79,nan
2012-10-23,3555.62,nan
2012-10-24,3540.26,nan
2012-10-25,3500.33,nan
2012-10-26,3423.97,nan
2012-10-29,3417.84,nan
2012-10-30,3423.78,nan
2012-10-31,3439.65,nan
2012-11-01,3501.2,nan
2012-11-02,3517.33,nan
2012-11-05,3505.56,nan
2012-11-06,3478.08,nan
2012-11-07,3478.43,nan
2012-11-08,3389.21,nan
2012-11-09,3379.98,nan
2012-11-12,3409.04,nan
2012-11-13,3340.03,nan
2012-11-14,3342.28,nan
2012-11-15,3277.61,nan
2012-11-16,3257.3,nan
2012-11-19,3275.72,nan
2012-11-20,3266.51,nan
2012-11-21,3301.24,nan
2012-11-22,3261.96,nan
2012-11-23,3270.05,nan
2012-11-26,3229.01,nan
2012-11-27,3092.56,nan
2012-11-28,3015.17,nan
2012-11-29,2976.6,nan
2012-11-30,3015.56,nan
2012-12-03,2933.62,nan
2012-12-04,2971.67,nan
2012-12-05,3086.23,nan
2012-12-06,3085.81,nan
2012-12-07,3161.12,nan
2012-12-10,3219.3,nan
2012-12-11,3194.84,nan
2012-12-12,3195.15,nan
2012-12-13,3150.58,nan
2012-12-14,3276.26,nan
2012-12-17,3294.27,nan
2012-12-18,3285.76,nan
2012-12-19,3299.03,nan
2012-12-20,3309.41,nan
2012-12-21,3311.6,nan
2012-12-24,3338.37,nan
2012-12-25,3414.82,nan
2012-12-26,3471.78,nan
2012-12-27,3437.82,nan
2012-12-28,3477.17,nan
2012-12-31,3505.8,nan
2013-01-04,3490.0,nan
2013-01-07,3541.7,nan
2013-01-08,3594.36,nan
2013-01-09,3599.58,nan
2013-01-10,3626.66,nan
2013-01-11,3555.01,nan
2013-01-14,3682.98,nan
2013-01-15,3755.18,nan
2013-01-16,3751.76,nan
2013-01-17,3707.54,nan
2013-01-18,3765.91,nan
2013-01-21,3797.13,nan
2013-01-22,3722.24,nan
2013-01-23,3735.52,nan
2013-01-24,3643.09,nan
2013-01-25,3639.67,nan
2013-01-28,3734.83,nan
2013-01-29,3770.1,nan
2013-01-30,3767.41,nan
2013-01-31,3744.94,nan
2013-02-01,3765.8,nan
2013-02-04,3730.15,nan
2013-02-05,3763.79,nan
2013-02-06,3788.28,nan
2013-02-07,3808.11,nan
2013-02-08,3864.68,nan
2013-02-18,3908.05,nan
2013-02-19,3846.27,nan
2013-02-20,3929.4,nan
2013-02-21,3859.14,nan
2013-02-22,3852.9,nan
2013-02-25,3901.12,nan
2013-02-26,3852.6,nan
2013-02-27,3854.25,nan
2013-02-28,3926.6,nan
2013-03-01,3989.29,nan
2013-03-04,3869.92,nan
2013-03-05,3960.45,nan
2013-03-06,4028.63,nan
2013-03-07,3980.02,nan
2013-03-08,3940.47,nan
2013-03-11,3943.57,nan
2013-03-12,3834.58,nan
2013-03-13,3803.96,nan
2013-03-14,3817.62,nan
2013-03-15,3823.2,nan
2013-03-18,3778.6,nan
2013-03-19,3782.59,nan
2013-03-20,3878.92,nan
2013-03-21,3929.17,nan
2013-03-22,3938.44,nan
2013-03-25,3945.85,nan
2013-03-26,3925.17,nan
2013-03-27,3937.06,nan
2013-03-28,3818.2,nan
2013-03-29,3820.24,nan
2013-04-01,3852.35,nan
2013-04-02,3787.74,nan
2013-04-03,3749.21,nan
2013-04-08,3776.4,nan
2013-04-09,3811.85,nan
2013-04-10,3793.65,nan
2013-04-11,3782.03,nan
2013-04-12,3750.92,nan
2013-04-15,3700.25,nan
2013-04-16,3736.69,nan
2013-04-17,3778.02,nan
2013-04-18,3790.6,nan
2013-04-19,3863.93,nan
2013-04-22,3905.76,nan
2013-04-23,3794.95,nan
2013-04-24,3883.14,nan
2013-04-25,3810.59,nan
2013-04-26,3735.66,nan
2013-05-02,3776.57,nan
2013-05-03,3858.73,nan
2013-05-06,3931.66,nan
2013-05-07,3944.07,nan
2013-05-08,3994.33,nan
2013-05-09,4010.3,nan
2013-05-10,4030.45,nan
2013-05-13,4056.46,nan
2013-05-14,4008.56,nan
2013-05-15,4075.08,nan
2013-05-16,4100.59,nan
2013-05-17,4156.59,nan
2013-05-20,4233.04,nan
2013-05-21,4298.51,nan
2013-05-22,4239.93,nan
2013-05-23,4217.52,nan
2013-05-24,4292.18,nan
2013-05-27,4344.06,nan
2013-05-28,4313.18,nan
2013-05-29,4348.66,nan
2013-05-30,4367.23,nan
2013-05-31,4347.51,nan
2013-06-03,4308.7,nan
2013-06-04,4213.67,nan
2013-06-05,4239.47,nan
2013-06-06,4169.96,nan
2013-06-07,4117.96,nan
2013-06-13,4017.21,nan
2013-06-14,4108.14,nan
2013-06-17,4130.46,nan
2013-06-18,4140.59,nan
2013-06-19,4122.37,nan
2013-06-20,3991.88,nan
2013-06-21,3964.86,nan
2013-06-24,3728.23,nan
2013-06-25,3726.32,nan
2013-06-26,3825.56,nan
2013-06-27,3751.08,nan
2013-06-28,3727.0,nan
2013-07-01,3822.03,nan
2013-07-02,3901.24,nan
2013-07-03,3912.63,nan
2013-07-04,3928.48,nan
2013-07-05,3888.24,nan
2013-07-08,3748.26,nan
2013-07-09,3779.73,nan
2013-07-10,3883.78,nan
2013-07-11,3967.81,nan
2013-07-12,3964.98,nan
2013-07-15,4062.98,nan
2013-07-16,4107.93,nan
2013-07-17,4048.29,nan
2013-07-18,4050.78,nan
2013-07-19,3969.11,nan
2013-07-22,4059.57,nan
2013-07-23,4158.94,nan
2013-07-24,4203.11,nan
2013-07-25,4105.24,nan
2013-07-26,4111.15,nan
2013-07-29,4040.95,nan
2013-07-30,4021.66,nan
2013-07-31,4040.49,nan
2013-08-01,4171.06,nan
2013-08-02,4183.89,nan
2013-08-05,4249.52,nan
2013-08-06,4295.65,nan
2013-08-07,4241.43,nan
2013-08-08,4260.85,nan
2013-08-09,4261.61,nan
2013-08-12,4295.89,nan
2013-08-13,4329.05,nan
2013-08-14,4326.0,nan
2013-08-15,4280.2,nan
2013-08-16,4177.79,nan
2013-08-19,4278.37,nan
2013-08-20,4290.9,nan
2013-08-21,4314.73,nan
2013-08-22,4332.17,nan
2013-08-23,4335.81,nan
2013-08-26,4421.34,nan
2013-08-27,4461.76,nan
2013-08-28,4411.61,nan
2013-08-29,4414.53,nan
2013-08-30,4332.63,nan
2013-09-02,4370.6,nan
2013-09-03,4445.7,nan
2013-09-04,4453.97,nan
2013-09-05,4480.77,nan
2013-09-06,4509.51,nan
2013-09-09,4527.62,nan
2013-09-10,4546.08,nan
2013-09-11,4474.55,nan
2013-09-12,4474.97,nan
2013-09-13,4510.03,nan
2013-09-16,4543.3,nan
2013-09-17,4481.21,nan
2013-09-18,4523.84,nan
2013-09-23,4616.75,nan
2013-09-24,4629.77,nan
2013-09-25,4607.73,nan
2013-09-26,4536.33,nan
2013-09-27,4552.44,nan
2013-09-30,4632.01,nan
2013-10-08,4706.52,nan
2013-10-09,4778.86,nan
2013-10-10,4732.73,nan
2013-10-11,4780.4,nan
2013-10-14,4834.62,nan
2013-10-15,4831.36,nan
2013-10-16,4682.11,nan
2013-10-17,4681.12,nan
2013-10-18,4714.51,nan
2013-10-21,4842.76,nan
2013-10-22,4788.49,nan
2013-10-23,4666.9,nan
2013-10-24,4631.3,nan
2013-10-25,4547.34,nan
2013-10-28,4542.96,nan
2013-10-29,4424.08,nan
2013-10-30,4492.4,nan
2013-10-31,4425.44,nan
2013-11-01,4393.58,nan
2013-11-04,4421.71,nan
2013-11-05,4497.43,nan
2013-11-06,4459.63,nan
2013-11-07,4399.85,nan
2013-11-08,4337.64,nan
2013-11-11,4365.58,nan
2013-11-12,4402.09,nan
2013-11-13,4324.5,nan
2013-11-14,4396.43,nan
2013-11-15,4480.75,nan
2013-11-18,4581.21,nan
2013-11-19,4607.37,nan
2013-11-20,4648.94,nan
2013-11-21,4640.43,nan
2013-11-22,4629.49,nan
2013-11-25,4635.41,nan
2013-11-26,4652.98,nan
2013-11-27,4724.42,nan
2013-11-28,4753.69,nan
2013-11-29,4811.31,nan
2013-12-02,4512.13,nan
2013-12-03,4587.91,nan
2013-12-04,4627.29,nan
2013-12-05,4597.51,nan
2013-12-06,4590.35,nan
2013-12-09,4657.12,nan
2013-12-10,4654.5,nan
2013-12-11,4626.61,nan
2013-12-12,4670.64,nan
2013-12-13,4684.37,nan
2013-12-16,4621.51,nan
2013-12-17,4594.12,nan
2013-12-18,4589.4,nan
2013-12-19,4552.48,nan
2013-12-20,4506.15,nan
2013-12-23,4490.99,nan
2013-12-24,4537.73,nan
2013-12-25,4615.46,nan
2013-12-26,4533.46,nan
2013-12-27,4616.56,nan
2013-12-30,4649.86,nan
2013-12-31,4645.06,nan
2014-01-02,4703.75,nan
2014-01-03,4695.72,nan
2014-01-06,4570.88,nan
2014-01-07,4619.88,nan
2014-01-08,4667.66,nan
2014-01-09,4592.15,nan
2014-01-10,4512.41,nan
2014-01-13,4503.99,nan
2014-01-14,4608.63,nan
2014-01-15,4656.7,nan
2014-01-16,4647.56,nan
2014-01-17,4606.04,nan
2014-01-20,4574.84,nan
2014-01-21,4649.21,nan
2014-01-22,4749.94,nan
2014-01-23,4794.77,nan
2014-01-24,4865.17,nan
2014-01-27,4851.46,nan
2014-01-28,4836.62,nan
2014-01-29,4902.03,nan
2014-01-30,4885.27,nan
2014-02-07,4992.58,nan
2014-02-10,5122.24,nan
2014-02-11,5120.61,nan
2014-02-12,5186.12,nan
2014-02-13,5079.03,nan
2014-02-14,5181.52,nan
2014-02-17,5302.55,nan
2014-02-18,5305.51,nan
2014-02-19,5305.39,nan
2014-02-20,5217.35,nan
2014-02-21,5212.81,nan
2014-02-24,5247.73,nan
2014-02-25,5024.83,nan
2014-02-26,5058.36,nan
2014-02-27,4969.07,nan
2014-02-28,5017.74,nan
2014-03-03,5133.43,nan
2014-03-04,5141.58,nan
2014-03-05,5143.41,nan
2014-03-06,5142.1,nan
2014-03-07,5129.09,nan
2014-03-10,4933.07,nan
2014-03-11,4918.63,nan
2014-03-12,4898.04,nan
2014-03-13,4967.61,nan
2014-03-14,4958.33,nan
2014-03-17,5080.69,nan
2014-03-18,5113.11,nan
2014-03-19,5116.6,nan
2014-03-20,4972.24,nan
2014-03-21,5046.48,nan
2014-03-24,5053.17,nan
2014-03-25,5052.98,nan
2014-03-26,5081.61,nan
2014-03-27,4978.29,nan
2014-03-28,4841.11,nan
2014-03-31,4801.32,nan
2014-04-01,4885.96,nan
2014-04-02,4853.86,nan
2014-04-03,4857.26,nan
2014-04-04,4916.2,nan
2014-04-08,4948.17,nan
2014-04-09,5006.34,nan
2014-04-10,5026.38,nan
2014-04-11,4998.49,nan
2014-04-14,5035.29,nan
2014-04-15,5015.13,nan
2014-04-16,5024.6,nan
2014-04-17,5024.87,nan
2014-04-18,5048.66,nan
2014-04-21,4970.52,nan
2014-04-22,4922.5,nan
2014-04-23,4905.5,nan
2014-04-24,4855.98,nan
2014-04-25,4752.15,nan
2014-04-28,4588.21,nan
2014-04-29,4645.51,nan
2014-04-30,4693.59,nan
2014-05-05,4748.01,nan
2014-05-06,4784.19,nan
2014-05-07,4702.41,nan
2014-05-08,4701.81,nan
2014-05-09,4650.04,nan
2014-05-12,4748.65,nan
2014-05-13,4747.53,nan
2014-05-14,4750.65,nan
2014-05-15,4661.9,nan
2014-05-16,4642.01,nan
2014-05-19,4628.23,nan
2014-05-20,4651.69,nan
2014-05-21,4693.1,nan
2014-05-22,4702.83,nan
2014-05-23,4760.74,nan
2014-05-26,4826.32,nan
2014-05-27,4805.29,nan
2014-05-28,4874.63,nan
2014-05-29,4817.14,nan
2014-05-30,4831.52,nan
2014-06-03,4823.22,nan
2014-06-04,4792.6,nan
2014-06-05,4855.77,nan
2014-06-06,4847.06,nan
2014-06-09,4810.98,nan
2014-06-10,4872.06,nan
2014-06-11,4905.41,nan
2014-06-12,4899.85,nan
2014-06-13,4956.87,nan
2014-06-16,4992.8,nan
2014-06-17,4948.44,nan
2014-06-18,4911.85,nan
2014-06-19,4767.05,nan
2014-06-20,4823.11,nan
2014-06-23,4888.33,nan
2014-06-24,4926.22,nan
2014-06-25,4907.84,nan
2014-06-26,4988.85,nan
2014-06-27,5026.81,nan
2014-06-30,5084.1,nan
2014-07-01,5116.82,nan
2014-07-02,5148.05,nan
2014-07-03,5184.83,nan
2014-07-04,5182.47,nan
2014-07-07,5175.7,nan
2014-07-08,5221.63,nan
2014-07-09,5141.04,nan
2014-07-10,5139.71,nan
2014-07-11,5171.88,nan
2014-07-14,5233.8,nan
2014-07-15,5200.22,nan
2014-07-16,5130.41,nan
2014-07-17,5112.19,nan
2014-07-18,5115.68,nan
2014-07-21,5102.71,nan
2014-07-22,5174.17,nan
2014-07-23,5102.09,nan
2014-07-24,5062.86,nan
2014-07-25,5104.97,nan
2014-07-28,5193.08,nan
2014-07-29,5258.07,nan
2014-07-30,5302.1,nan
2014-07-31,5330.29,nan
2014-08-01,5268.34,nan
2014-08-04,5336.83,nan
2014-08-05,5387.33,nan
2014-08-06,5410.42,nan
2014-08-07,5375.19,nan
2014-08-08,5425.05,nan
2014-08-11,5507.87,nan
2014-08-12,5546.06,nan
2014-08-13,5544.7,nan
2014-08-14,5526.08,nan
2014-08-15,5585.25,nan
2014-08-18,5678.84,nan
2014-08-19,5703.98,nan
2014-08-20,5691.67,nan
2014-08-21,5708.52,nan
2014-08-22,5757.58,nan
2014-08-25,5716.63,nan
2014-08-26,5603.83,nan
2014-08-27,5634.8,nan
2014-08-28,5585.95,nan
2014-08-29,5650.28,nan
2014-09-01,5756.06,nan
2014-09-02,5841.4,nan
2014-09-03,5887.33,nan
2014-09-04,5945.23,nan
2014-09-05,5964.56,nan
2014-09-09,6001.08,nan
2014-09-10,6042.33,nan
2014-09-11,6034.67,nan
2014-09-12,6109.81,nan
2014-09-15,6172.45,nan
2014-09-16,5959.55,nan
2014-09-17,6001.49,nan
2014-09-18,6049.15,nan
2014-09-19,6118.33,nan
2014-09-22,6066.83,nan
2014-09-23,6154.94,nan
2014-09-24,6237.31,nan
2014-09-25,6243.28,48.97
2014-09-26,6269.98,49.12
2014-09-29,6337.36,49.52
2014-09-30,6386.46,50.11
2014-10-08,6478.02,50.79
2014-10-09,6502.3,50.9
2014-10-10,6480.15,50.65
2014-10-13,6479.82,50.65
2014-10-14,6466.64,50.56
2014-10-15,6486.23,50.73
2014-10-16,6394.5,49.96
2014-10-17,6315.29,49.38
2014-10-20,6415.2,50.15
2014-10-21,6361.5,49.87
2014-10-22,6282.81,49.34
2014-10-23,6181.67,48.56
2014-10-24,6193.6,48.69
2014-10-27,6261.26,49.22
2014-10-28,6424.74,50.47
2014-10-29,6511.28,51.15
2014-10-30,6505.95,51.06
2014-10-31,6471.58,50.79
2014-11-03,6541.82,49.64
2014-11-04,6495.77,49.29
2014-11-05,6491.0,49.26
2014-11-06,6555.57,49.82
2014-11-07,6491.97,49.39
2014-11-10,6511.19,49.55
2014-11-11,6278.11,47.76
2014-11-12,6379.44,48.56
2014-11-13,6279.09,47.68
2014-11-14,6264.14,47.53
2014-11-17,6359.4,48.29
2014-11-18,6399.73,48.6
2014-11-19,6456.06,49.05
2014-11-20,6448.09,48.97
2014-11-21,6505.35,49.53
2014-11-24,6559.82,49.93
2014-11-25,6663.45,50.69
2014-11-26,6707.96,51.06
2014-11-27,6747.0,51.42
2014-11-28,6752.75,51.51
2014-12-01,6663.48,50.72
2014-12-02,6731.33,51.25
2014-12-03,6790.12,51.81
2014-12-04,6885.36,52.52
2014-12-05,6736.05,51.33
2014-12-08,6731.28,51.16
2014-12-09,6422.58,48.83
2014-12-10,6636.74,50.52
2014-12-11,6737.33,51.23
2014-12-12,6822.68,51.91
2014-12-15,6940.42,51.34
2014-12-16,6916.56,50.77
2014-12-17,6828.86,50.17
2014-12-18,6818.19,50.07
2014-12-19,6710.99,49.32
2014-12-22,6380.07,46.75
2014-12-23,6278.73,46.05
2014-12-24,6415.82,47.08
2014-12-25,6486.31,47.59
2014-12-26,6498.23,47.71
2014-12-29,6357.55,46.72
2014-12-30,6236.27,45.85
2014-12-31,6283.06,46.29
2015-01-05,6306.27,46.34
2015-01-06,6434.07,47.39
2015-01-07,6428.21,47.31
2015-01-08,6425.44,47.33
2015-01-09,6387.81,47.09
2015-01-12,6319.3,46.66
2015-01-13,6428.58,47.51
2015-01-14,6399.57,47.34
2015-01-15,6430.18,47.54
2015-01-16,6517.14,48.24
2015-01-19,6368.29,47.24
2015-01-20,6605.28,49.08
2015-01-21,6739.85,50.08
2015-01-22,6847.12,50.81
2015-01-23,6777.73,50.26
2015-01-26,6924.23,51.37
2015-01-27,6977.59,51.77
2015-01-28,6948.88,51.61
2015-01-29,6905.88,51.29
2015-01-30,6824.14,50.67
2015-02-02,6813.0,50.64
2015-02-03,6936.67,51.66
2015-02-04,6935.41,51.67
2015-02-05,6936.19,51.74
2015-02-06,6803.66,50.8
2015-02-09,6749.32,50.37
2015-02-10,6833.76,51.01
2015-02-11,6927.25,51.75
2015-02-12,6988.03,52.28
2015-02-13,7104.81,53.2
2015-02-16,7260.6,54.44
2015-02-17,7317.67,54.86
2015-02-25,7301.63,54.72
2015-02-26,7343.96,55.01
2015-02-27,7444.67,55.8
2015-03-02,7627.91,57.19
2015-03-03,7590.84,56.91
2015-03-04,7725.23,57.94
2015-03-05,7766.79,58.21
2015-03-06,7649.52,57.28
2015-03-09,7766.7,58.21
2015-03-10,7887.31,59.1
2015-03-11,7887.14,59.06
2015-03-12,7833.07,58.62
2015-03-13,7973.69,59.85
2015-03-16,8238.48,61.9
2015-03-17,8332.37,62.49
2015-03-18,8496.83,63.91
2015-03-19,8565.35,64.42
2015-03-20,8671.97,65.38
2015-03-23,8923.88,67.37
2015-03-24,9022.85,68.36
2015-03-25,9157.89,69.57
2015-03-26,8977.53,68.06
2015-03-27,9080.16,68.83
2015-03-30,9089.47,68.8
2015-03-31,9153.6,69.36
2015-04-01,9390.72,71.19
2015-04-02,9630.33,73.1
2015-04-03,9819.17,74.56
2015-04-07,10008.51,75.8
2015-04-08,9857.31,74.2
2015-04-09,9767.97,73.07
2015-04-10,10008.6,74.85
2015-04-13,10230.9,77.88
2015-04-14,10248.15,77.81
2015-04-15,9843.05,74.58
2015-04-16,9948.02,75.25
2015-04-17,9975.15,75.28
2015-04-20,9751.97,73.59
2015-04-21,10130.52,76.13
2015-04-22,10421.32,79.38
2015-04-23,10536.17,80.24
2015-04-24,10555.87,80.41
2015-04-27,10609.19,80.8
2015-04-28,10268.41,78.22
2015-04-29,10539.51,80.05
2015-04-30,10616.59,80.98
2015-05-04,10710.19,81.51
2015-05-05,10436.08,78.01
2015-05-06,10402.02,77.65
2015-05-07,10227.52,76.44
2015-05-08,10716.18,79.45
2015-05-11,11234.97,83.29
2015-05-12,11527.06,85.25
2015-05-13,11616.91,88.01
2015-05-14,11694.22,88.43
2015-05-15,11702.08,88.46
2015-05-18,12040.76,91.09
2015-05-19,12342.73,93.44
2015-05-20,12657.34,94.92
2015-05-21,13131.2,97.89
2015-05-22,13237.25,97.99
2015-05-25,13436.27,98.93
2015-05-26,13982.98,102.05
2015-05-27,14172.71,102.83
2015-05-28,13376.7,96.66
2015-05-29,13594.86,97.86
2015-06-01,14287.9,102.6
2015-06-02,14898.91,106.56
2015-06-03,14982.74,107.05
2015-06-04,14933.09,106.1
2015-06-05,15097.96,106.46
2015-06-08,14716.31,103.41
2015-06-09,14723.75,103.05
2015-06-10,15095.49,105.04
2015-06-11,15416.82,106.88
2015-06-12,15665.42,107.87
2015-06-15,15354.06,101.97
2015-06-16,14722.28,97.55
2015-06-17,15041.53,99.67
2015-06-18,14548.59,96.24
2015-06-19,13600.07,90.07
2015-06-23,13623.6,90.56
2015-06-24,13902.27,92.27
2015-06-25,13324.82,88.25
2015-06-26,12250.06,81.03
2015-06-29,11389.01,75.09
2015-06-30,11886.06,78.34
2015-07-01,11210.08,73.96
2015-07-02,10446.06,69.06
2015-07-03,9774.27,64.62
2015-07-06,9252.77,61.11
2015-07-07,8727.77,57.61
2015-07-08,8476.16,56.0
2015-07-09,8721.28,57.44
2015-07-10,9005.39,59.12
2015-07-13,9436.27,61.9
2015-07-14,9755.87,63.98
2015-07-15,9343.33,61.29
2015-07-16,9446.53,61.91
2015-07-17,9969.59,65.32
2015-07-20,10281.69,67.31
2015-07-21,10514.68,68.84
2015-07-22,10688.34,69.94
2015-07-23,11027.55,72.15
2015-07-24,10920.02,71.54
2015-07-27,10156.99,66.65
2015-07-28,9702.46,63.65
2015-07-29,10165.09,66.68
2015-07-30,9886.76,64.84
2015-07-31,9639.28,63.23
2015-08-03,9116.7,59.93
2015-08-04,9682.74,63.65
2015-08-05,9657.49,63.42
2015-08-06,9645.47,63.37
2015-08-07,10017.57,65.85
2015-08-10,10532.63,69.49
2015-08-11,10611.82,69.99
2015-08-12,10457.36,68.91
2015-08-13,10773.91,70.97
2015-08-14,10846.22,71.36
2015-08-17,11039.73,72.5
2015-08-18,10249.17,67.25
2015-08-19,10511.72,68.97
2015-08-20,10179.46,66.79
2015-08-21,9623.73,63.04
2015-08-24,8890.65,58.2
2015-08-25,8237.85,53.88
2015-08-26,7884.33,51.64
2015-08-27,8145.36,53.42
2015-08-28,8644.34,56.72
2015-08-31,8309.37,54.26
2015-09-01,7777.26,51.84
2015-09-02,7451.84,49.68
2015-09-07,7620.63,50.87
2015-09-08,7996.91,53.47
2015-09-09,8315.92,55.82
2015-09-10,8197.06,55.06
2015-09-11,8311.13,55.73
2015-09-14,7746.99,51.58
2015-09-15,7352.58,49.02
2015-09-16,7839.32,52.31
2015-09-17,7764.1,51.82
2015-09-18,7897.47,52.38
2015-09-21,8202.47,54.51
2015-09-22,8236.9,54.67
2015-09-23,8177.61,53.97
2015-09-24,8287.13,54.2
2015-09-25,7985.45,51.95
2015-09-28,8193.99,53.38
2015-09-29,8069.95,52.17
2015-09-30,8077.13,52.0
2015-10-08,8420.79,54.26
2015-10-09,8550.52,54.86
2015-10-12,8908.39,57.11
2015-10-13,9042.63,58.03
2015-10-14,8921.05,57.09
2015-10-15,9207.18,58.99
2015-10-16,9347.82,59.89
2015-10-19,9339.85,59.83
2015-10-20,9529.23,60.97
2015-10-21,8928.27,56.97
2015-10-22,9297.41,59.26
2015-10-23,9598.24,61.08
2015-10-26,9682.22,61.52
2015-10-27,9769.05,61.84
2015-10-28,9545.26,60.35
2015-10-29,9631.76,60.81
2015-10-30,9604.28,60.71
2015-11-02,9349.67,64.07
2015-11-03,9328.48,63.9
2015-11-04,9822.3,67.38
2015-11-05,9816.66,67.2
2015-11-06,10065.26,69.04
2015-11-09,10260.47,70.53
2015-11-10,10360.07,71.11
2015-11-11,10557.91,72.57
2015-11-12,10594.04,72.76
2015-11-13,10384.68,71.02
2015-11-16,10656.46,72.95
2015-11-17,10567.22,72.41
2015-11-18,10378.3,71.22
2015-11-19,10698.94,73.45
2015-11-20,10913.22,74.57
2015-11-23,10809.84,73.93
2015-11-24,10933.34,74.85
2015-11-25,11180.77,76.54
2015-11-26,11101.88,75.99
2015-11-27,10383.41,71.06
2015-11-30,10454.17,71.51
2015-12-01,10406.1,71.18
2015-12-02,10266.92,70.2
2015-12-03,10560.48,72.19
2015-12-04,10538.19,72.06
2015-12-07,10701.73,73.17
2015-12-08,10513.28,71.75
2015-12-09,10488.67,71.76
2015-12-10,10489.98,71.8
2015-12-11,10396.61,71.07
2015-12-14,10577.21,71.0
2015-12-15,10744.01,72.16
2015-12-16,10844.11,72.89
2015-12-17,11163.69,75.11
2015-12-18,11111.43,74.56
2015-12-21,11184.23,74.99
2015-12-22,11298.82,75.75
2015-12-23,11119.99,74.63
2015-12-24,11114.8,74.63
2015-12-25,11212.85,75.49
2015-12-28,10991.63,73.88
2015-12-29,11136.24,74.84
2015-12-30,11296.17,75.79
2015-12-31,11095.13,74.81
2016-01-04,10133.94,68.29
2016-01-05,9880.15,66.56
2016-01-06,10149.34,68.34
2016-01-07,9257.63,62.29
2016-01-08,9278.28,62.39
2016-01-11,8576.75,57.62
2016-01-12,8558.81,57.55
2016-01-13,8191.04,55.14
2016-01-14,8527.22,57.48
2016-01-15,8224.54,55.46
2016-01-18,8425.98,56.82
2016-01-19,8768.32,59.15
2016-01-20,8698.29,58.67
2016-01-21,8304.4,56.01
2016-01-22,8439.99,56.95
2016-01-25,8551.02,57.7
2016-01-26,7887.3,53.26
2016-01-27,7804.93,52.73
2016-01-28,7422.52,50.15
2016-01-29,7720.28,52.19
2016-02-01,7622.92,51.61
2016-02-02,7919.21,53.66
2016-02-03,7976.06,53.95
2016-02-04,8161.02,55.19
2016-02-05,8068.31,54.55
2016-02-15,8076.32,54.68
2016-02-16,8435.09,57.1
2016-02-17,8573.64,58.01
2016-02-18,8546.46,57.81
2016-02-19,8612.43,58.29
2016-02-22,8788.67,59.43
2016-02-23,8735.88,59.04
2016-02-24,8743.52,59.02
2016-02-25,8051.46,54.37
2016-02-26,8014.07,54.11
2016-02-29,7509.04,50.72
2016-03-01,7677.89,51.66
2016-03-02,8061.31,54.19
2016-03-03,8077.55,54.23
2016-03-04,7755.21,52.0
2016-03-07,7945.08,53.28
2016-03-08,8018.54,53.73
2016-03-09,7840.29,52.61
2016-03-10,7711.26,51.79
2016-03-11,7683.01,51.6
2016-03-14,7986.76,53.7
2016-03-15,7915.37,53.2
2016-03-16,7823.8,52.58
2016-03-17,8132.94,54.62
2016-03-18,8464.67,56.88
2016-03-21,8703.86,58.38
2016-03-22,8688.43,58.28
2016-03-23,8790.28,59.01
2016-03-24,8655.53,58.05
2016-03-25,8722.05,58.35
2016-03-28,8675.57,57.91
2016-03-29,8487.72,56.42
2016-03-30,8821.94,58.69
2016-03-31,8830.91,58.77
2016-04-01,8770.45,58.31
2016-04-05,9028.06,60.04
2016-04-06,9086.36,60.41
2016-04-07,8938.2,59.4
2016-04-08,8869.89,58.92
2016-04-11,9071.98,60.24
2016-04-12,8999.87,59.66
2016-04-13,9126.87,60.46
2016-04-14,9238.96,61.2
2016-04-15,9243.33,61.13
2016-04-18,9112.5,60.06
2016-04-19,9152.96,60.31
2016-04-20,8690.84,57.21
2016-04-21,8572.01,56.35
2016-04-22,8659.79,56.83
2016-04-25,8607.58,56.39
2016-04-26,8723.66,57.05
2016-04-27,8703.14,56.77
2016-04-28,8682.66,56.59
2016-04-29,8670.45,56.36
2016-05-03,8949.94,56.35
2016-05-04,8956.99,56.17
2016-05-05,9023.68,56.51
2016-05-06,8655.4,54.22
2016-05-09,8281.32,51.73
2016-05-10,8261.04,51.63
2016-05-11,8183.38,50.84
2016-05-12,8181.83,50.62
2016-05-13,8166.68,50.45
2016-05-16,8328.21,51.26
2016-05-17,8328.94,50.9
2016-05-18,8068.44,49.22
2016-05-19,8127.43,49.31
2016-05-20,8225.57,49.78
2016-05-23,8367.69,50.6
2016-05-24,8282.61,49.89
2016-05-25,8258.88,49.56
2016-05-26,8301.36,49.21
2016-05-27,8284.8,48.82
2016-05-30,8237.71,48.43
2016-05-31,8584.11,49.9
2016-06-01,8661.2,50.23
2016-06-02,8764.96,50.75
2016-06-03,8789.01,50.85
2016-06-06,8821.34,50.78
2016-06-07,8834.88,50.82
2016-06-08,8833.03,50.51
2016-06-13,8381.88,48.28
2016-06-14,8421.86,48.34
2016-06-15,8738.87,49.99
2016-06-16,8758.18,49.89
2016-06-17,8817.96,49.79
2016-06-20,8864.36,49.98
2016-06-21,8752.5,49.18
2016-06-22,8923.54,49.98
2016-06-23,8905.49,49.46
2016-06-24,8836.01,48.89
2016-06-27,9064.28,50.09
2016-06-28,9153.28,50.48
2016-06-29,9170.18,50.57
2016-06-30,9165.88,50.36
2016-07-01,9134.19,50.34
2016-07-04,9305.8,51.26
2016-07-05,9348.86,51.46
2016-07-06,9382.84,51.65
2016-07-07,9390.69,51.67
2016-07-08,9375.43,51.6
2016-07-11,9308.22,51.09
2016-07-12,9379.81,51.42
2016-07-13,9464.07,51.9
2016-07-14,9484.6,52.02
2016-07-15,9422.37,51.68
2016-07-18,9375.82,51.38
2016-07-19,9438.01,51.7
2016-07-20,9439.38,51.73
2016-07-21,9449.62,51.82
2016-07-22,9370.33,51.39
2016-07-25,9363.43,51.35
2016-07-26,9479.14,51.99
2016-07-27,9025.64,49.34
2016-07-28,8992.97,49.08
2016-07-29,8919.21,48.69
2016-08-01,8774.96,47.94
2016-08-02,8861.25,48.4
2016-08-03,8899.46,48.61
2016-08-04,8973.79,49.08
2016-08-05,8924.04,48.77
2016-08-08,9031.1,49.14
2016-08-09,9127.62,49.69
2016-08-10,9098.65,49.51
2016-08-11,8951.72,48.72
2016-08-12,9039.2,49.18
2016-08-15,9241.47,50.33
2016-08-16,9314.11,50.67
2016-08-17,9350.76,50.86
2016-08-18,9347.18,50.79
2016-08-19,9363.0,50.93
2016-08-22,9245.01,50.19
2016-08-23,9254.86,50.25
2016-08-24,9286.65,50.45
2016-08-25,9217.5,50.11
2016-08-26,9248.85,50.29
2016-08-29,9272.49,50.37
2016-08-30,9274.21,50.29
2016-08-31,9274.13,50.24
2016-09-01,9203.16,46.71
2016-09-02,9155.1,50.24
2016-09-05,9193.94,50.46
2016-09-06,9345.99,51.26
2016-09-07,9336.47,51.19
2016-09-08,9379.11,50.84
2016-09-09,9309.75,50.47
2016-09-12,9010.79,48.86
2016-09-13,9083.63,49.18
2016-09-14,9043.2,48.97
2016-09-19,9146.39,49.52
2016-09-20,9141.98,49.54
2016-09-21,9162.67,49.63
2016-09-22,9202.64,49.86
2016-09-23,9160.45,49.47
2016-09-26,8965.86,45.93
2016-09-27,9028.8,46.25
2016-09-28,9016.3,45.73
2016-09-29,9044.24,45.87
2016-09-30,9088.74,46.08
2016-10-10,9279.52,46.95
2016-10-11,9343.2,47.21
2016-10-12,9355.77,47.13
2016-10-13,9370.54,47.09
2016-10-14,9353.94,47.02
2016-10-17,9268.31,46.63
2016-10-18,9409.58,47.17
2016-10-19,9396.52,47.05
2016-10-20,9439.76,47.27
2016-10-21,9384.87,46.95
2016-10-24,9445.41,47.25
2016-10-25,9486.11,47.43
2016-10-26,9445.47,47.02
2016-10-27,9441.62,47.01
2016-10-28,9355.15,46.55
2016-10-31,9350.83,46.5
2016-11-01,9451.87,54.35
2016-11-02,9388.86,53.96
2016-11-03,9449.84,54.25
2016-11-04,9423.68,54.12
2016-11-07,9419.11,54.08
2016-11-08,9477.0,54.41
2016-11-09,9410.75,53.99
2016-11-10,9532.75,54.71
2016-11-11,9572.27,54.97
2016-11-14,9604.44,55.16
2016-11-15,9652.4,55.44
2016-11-16,9667.18,55.56
2016-11-17,9627.82,55.27
2016-11-18,9598.2,55.15
2016-11-21,9620.53,55.33
2016-11-22,9701.04,55.79
2016-11-23,9633.67,55.43
2016-11-24,9567.17,55.06
2016-11-25,9586.32,55.2
2016-11-28,9585.37,55.15
2016-11-29,9477.68,54.55
2016-11-30,9460.49,54.5
2016-12-01,9503.59,54.73
2016-12-02,9340.33,53.82
2016-12-05,9289.02,53.61
2016-12-06,9310.23,53.69
2016-12-07,9412.45,54.26
2016-12-08,9355.39,53.9
2016-12-09,9320.58,53.69
2016-12-12,8812.8,52.25
2016-12-13,8850.68,52.38
2016-12-14,8792.41,52.02
2016-12-15,8886.49,52.57
2016-12-16,8983.34,53.12
2016-12-19,8974.25,53.03
2016-12-20,8968.86,52.99
2016-12-21,9035.2,53.44
2016-12-22,9033.67,53.43
2016-12-23,8930.21,52.8
2016-12-26,8969.81,53.15
2016-12-27,8979.14,53.44
2016-12-28,8942.81,53.2
2016-12-29,8908.1,52.99
2016-12-30,8910.79,53.01
2017-01-03,8988.74,53.44
2017-01-04,9098.74,54.09
2017-01-05,9099.59,54.04
2017-01-06,9035.72,53.6
2017-01-09,9081.84,53.87
2017-01-10,9035.35,53.58
2017-01-11,8941.21,53.02
2017-01-12,8860.84,52.55
2017-01-13,8696.05,51.54
2017-01-16,8324.24,49.35
2017-01-17,8425.72,49.97
2017-01-18,8384.26,49.57
2017-01-19,8348.84,49.37
2017-01-20,8487.77,50.22
2017-01-23,8573.13,50.75
2017-01-24,8525.35,50.47
2017-01-25,8553.7,50.7
2017-01-26,8611.71,51.03
2017-02-03,8586.95,50.86
2017-02-06,8689.51,51.48
2017-02-07,8691.99,51.48
2017-02-08,8755.02,51.85
2017-02-09,8826.2,52.28
2017-02-10,8795.27,52.04
2017-02-13,8850.02,52.55
2017-02-14,8840.45,52.43
2017-02-15,8756.74,51.94
2017-02-16,8812.88,52.22
2017-02-17,8736.11,51.81
2017-02-20,8812.54,52.22
2017-02-21,8898.98,52.73
2017-02-22,8931.2,52.93
2017-02-23,8933.71,52.99
2017-02-24,8965.98,53.21
2017-02-27,8896.15,52.79
2017-02-28,8928.87,52.98
2017-03-01,8948.16,53.11
2017-03-02,8890.41,52.77
2017-03-03,8926.1,52.99
2017-03-06,9033.88,53.66
2017-03-07,9051.0,53.86
2017-03-08,9014.7,53.62
2017-03-09,8957.7,53.27
2017-03-10,8960.03,53.32
2017-03-13,9023.77,53.7
2017-03-14,9006.19,53.57
2017-03-15,8998.16,53.53
2017-03-16,9093.61,54.09
2017-03-17,9029.48,53.7
2017-03-20,9061.99,53.95
2017-03-21,9066.94,54.02
2017-03-22,9017.56,53.73
2017-03-23,9015.93,53.73
2017-03-24,9027.82,53.86
2017-03-27,9011.68,53.77
2017-03-28,8981.42,53.57
2017-03-29,8908.11,53.11
2017-03-30,8726.37,51.98
2017-03-31,8751.7,52.16
2017-04-05,8943.61,53.31
2017-04-06,8966.33,53.42
2017-04-07,8967.54,52.99
2017-04-10,8867.26,52.35
2017-04-11,8935.83,52.71
2017-04-12,8862.35,52.3
2017-04-13,8889.94,52.45
2017-04-14,8759.13,51.68
2017-04-17,8627.96,50.88
2017-04-18,8539.61,50.34
2017-04-19,8431.92,49.6
2017-04-20,8383.97,49.28
2017-04-21,8339.65,49.06
2017-04-24,8080.38,47.48
2017-04-25,8107.62,47.67
2017-04-26,8137.01,47.77
2017-04-27,8187.19,47.92
2017-04-28,8233.16,47.9
2017-05-02,8236.72,44.38
2017-05-03,8221.15,44.32
2017-05-04,8193.95,44.16
2017-05-05,8084.87,43.61
2017-05-08,7932.72,42.79
2017-05-09,7982.78,43.06
2017-05-10,7824.81,42.11
2017-05-11,7757.48,41.58
2017-05-12,7742.09,41.3
2017-05-15,7763.95,41.27
2017-05-16,7930.73,42.01
2017-05-17,7952.62,42.0
2017-05-18,7899.42,41.68
2017-05-19,7890.62,41.38
2017-05-22,7746.88,40.59
2017-05-23,7500.93,39.16
2017-05-24,7537.25,39.3
2017-05-25,7602.88,39.36
2017-05-26,7604.86,39.02
2017-05-31,7583.38,38.87
2017-06-01,7378.02,37.74
2017-06-02,7461.16,38.01
2017-06-05,7531.32,37.99
2017-06-06,7571.2,38.01
2017-06-07,7729.96,38.75
2017-06-08,7725.01,38.63
2017-06-09,7732.43,38.4
2017-06-12,7625.84,36.78
2017-06-13,7738.08,37.32
2017-06-14,7749.29,37.27
2017-06-15,7847.71,37.72
2017-06-16,7835.85,37.57
2017-06-19,7885.49,37.82
2017-06-20,7901.21,37.62
2017-06-21,7902.23,37.59
2017-06-22,7763.29,36.94
2017-06-23,7769.35,36.92
2017-06-26,7859.88,37.29
2017-06-27,7872.82,37.34
2017-06-28,7820.66,37.08
2017-06-29,7856.27,37.24
2017-06-30,7866.78,37.2
2017-07-03,7942.35,37.52
2017-07-04,7928.54,37.43
2017-07-05,7996.87,37.71
2017-07-06,8011.71,37.72
2017-07-07,8035.75,37.82
2017-07-10,7987.86,37.58
2017-07-11,7889.35,37.1
2017-07-12,7879.59,37.05
2017-07-13,7880.22,36.73
2017-07-14,7838.65,36.36
2017-07-17,7433.27,34.4
2017-07-18,7498.05,34.66
2017-07-19,7597.13,35.08
2017-07-20,7642.2,35.29
2017-07-21,7651.07,35.3
2017-07-24,7693.21,35.51
2017-07-25,7678.66,35.45
2017-07-26,7690.33,35.48
2017-07-27,7788.76,35.95
2017-07-28,7792.09,35.95
2017-07-31,7854.1,36.21
2017-08-01,7862.96,36.23
2017-08-02,7796.05,35.95
2017-08-03,7832.55,36.12
2017-08-04,7795.74,35.94
2017-08-07,7854.86,36.19
2017-08-08,7881.82,36.3
2017-08-09,7907.88,36.43
2017-08-10,7850.97,36.16
2017-08-11,7732.01,35.63
2017-08-14,7886.32,36.33
2017-08-15,7920.77,36.48
2017-08-16,7960.01,36.68
2017-08-17,8033.73,37.01
2017-08-18,7993.79,36.84
2017-08-21,8052.61,37.11
2017-08-22,8003.44,36.9
2017-08-23,7950.14,36.66
2017-08-24,7899.12,36.4
2017-08-25,7976.41,36.73
2017-08-28,8064.36,37.15
2017-08-29,8043.9,37.08
2017-08-30,8076.74,37.22
2017-08-31,8103.64,37.35
2017-09-01,8166.99,39.88
2017-09-04,8228.48,40.17
2017-09-05,8230.97,40.18
2017-09-06,8291.9,40.46
2017-09-07,8255.09,40.31
2017-09-08,8271.55,40.39
2017-09-11,8357.96,40.84
2017-09-12,8335.52,40.7
2017-09-13,8366.58,40.87
2017-09-14,8353.83,40.79
2017-09-15,8315.84,40.55
2017-09-18,8380.33,40.87
2017-09-19,8342.42,40.71
2017-09-20,8415.96,41.02
2017-09-21,8322.22,40.49
2017-09-22,8283.39,40.29
2017-09-25,8159.02,39.65
2017-09-26,8174.26,39.65
2017-09-27,8241.79,39.97
2017-09-28,8197.62,39.75
2017-09-29,8276.05,40.11
2017-10-09,8380.13,40.58
2017-10-10,8436.35,40.87
2017-10-11,8401.16,40.72
2017-10-12,8379.03,40.62
2017-10-13,8413.09,40.81
2017-10-16,8251.81,40.03
2017-10-17,8236.49,39.98
2017-10-18,8157.61,39.61
2017-10-19,8079.29,39.24
2017-10-20,8179.94,39.74
2017-10-23,8224.38,39.99
2017-10-24,8181.55,39.8
2017-10-25,8231.05,39.99
2017-10-26,8263.08,40.15
2017-10-27,8200.4,39.86
2017-10-30,7993.51,38.97
2017-10-31,8053.53,39.27
2017-11-01,8057.86,37.28
2017-11-02,7959.63,36.83
2017-11-03,7890.78,36.51
2017-11-06,7969.27,36.9
2017-11-07,8016.59,37.11
2017-11-08,8039.13,37.22
2017-11-09,8080.44,37.42
2017-11-10,8094.48,37.5
2017-11-13,8106.78,37.58
2017-11-14,8049.65,37.3
2017-11-15,7974.64,36.93
2017-11-16,7952.66,36.86
2017-11-17,7675.17,35.57
2017-11-20,7696.07,35.68
2017-11-21,7692.74,35.66
2017-11-22,7701.27,35.68
2017-11-23,7523.65,34.83
2017-11-24,7534.73,34.89
2017-11-27,7456.94,34.51
2017-11-28,7574.17,35.07
2017-11-29,7591.26,35.18
2017-11-30,7549.53,34.98
2017-12-01,7615.17,35.28
2017-12-04,7534.94,34.88
2017-12-05,7331.05,33.93
2017-12-06,7405.14,34.26
2017-12-07,7400.86,34.25
2017-12-08,7469.77,34.59
2017-12-11,7556.76,34.3
2017-12-12,7488.34,33.95
2017-12-13,7534.9,34.17
2017-12-14,7542.01,34.21
2017-12-15,7517.01,34.09
2017-12-18,7467.54,33.84
2017-12-19,7509.74,34.05
2017-12-20,7431.27,33.7
2017-12-21,7441.65,33.76
2017-12-22,7426.94,33.71
2017-12-25,7324.69,33.27
2017-12-26,7356.6,33.46
2017-12-27,7326.83,33.31
2017-12-28,7341.55,33.37
2017-12-29,7405.78,33.69
2018-01-02,7484.66,34.09
2018-01-03,7556.2,34.42
2018-01-04,7572.02,34.49
2018-01-05,7574.13,34.52
2018-01-08,7586.19,34.59
2018-01-09,7574.0,34.54
2018-01-10,7533.94,34.33
2018-01-11,7572.58,34.5
2018-01-12,7522.38,34.26
2018-01-15,7312.87,33.31
2018-01-16,7345.97,33.5
2018-01-17,7327.17,33.42
2018-01-18,7340.23,33.51
2018-01-19,7322.37,33.43
2018-01-22,7402.82,33.78
2018-01-23,7408.55,33.83
2018-01-24,7463.89,34.1
2018-01-25,7453.6,34.02
2018-01-26,7446.62,33.98
2018-01-29,7358.46,33.56
2018-01-30,7340.27,33.47
2018-01-31,7166.94,32.72
2018-02-01,6866.63,31.41
2018-02-02,6847.02,31.34
2018-02-05,6819.52,31.22
2018-02-06,6482.71,29.65
2018-02-07,6499.16,29.7
2018-02-08,6583.55,30.1
2018-02-09,6388.1,29.21
2018-02-12,6547.18,29.93
2018-02-13,6560.64,30.13
2018-02-14,6575.58,30.21
2018-02-22,6698.44,30.8
2018-02-23,6718.32,30.89
2018-02-26,6867.35,31.58
2018-02-27,6890.83,31.69
2018-02-28,6927.16,31.83
2018-03-01,7027.18,32.29
2018-03-02,6999.52,32.15
2018-03-05,7043.75,32.37
2018-03-06,7108.74,32.71
2018-03-07,7058.81,32.47
2018-03-08,7097.47,32.66
2018-03-09,7215.61,33.19
2018-03-12,7332.05,33.75
2018-03-13,7294.28,33.55
2018-03-14,7213.19,33.2
2018-03-15,7201.81,33.12
2018-03-16,7182.87,33.0
2018-03-19,7198.25,33.08
2018-03-20,7200.1,33.1
2018-03-21,7146.07,32.86
2018-03-22,7139.35,32.82
2018-03-23,6757.51,31.04
2018-03-26,6876.09,31.58
2018-03-27,7051.72,32.39
2018-03-28,7004.25,32.14
2018-03-29,7055.34,32.39
2018-03-30,7176.08,32.94
2018-04-02,7215.35,33.13
2018-04-03,7145.37,32.8
2018-04-04,7082.93,32.5
2018-04-09,7093.2,32.56
2018-04-10,7095.66,32.59
2018-04-11,7137.23,32.8
2018-04-12,7103.32,32.65
2018-04-13,7097.01,32.63
2018-04-16,7093.08,32.61
2018-04-17,6931.42,31.8
2018-04-18,7033.75,32.19
2018-04-19,7050.69,32.23
2018-04-20,6901.89,31.54
2018-04-23,6828.61,31.18
2018-04-24,6976.63,31.82
2018-04-25,7003.65,31.95
2018-04-26,6875.59,31.33
2018-04-27,6883.03,31.29
2018-05-02,6851.14,27.82
2018-05-03,6913.19,28.07
2018-05-04,6899.05,27.98
2018-05-07,7021.14,28.49
2018-05-08,7055.34,28.59
2018-05-09,7052.25,28.58
2018-05-10,7083.06,28.69
2018-05-11,7013.72,28.39
2018-05-14,6966.24,28.19
2018-05-15,7040.15,28.41
2018-05-16,6999.88,28.23
2018-05-17,6967.16,27.98
2018-05-18,6999.95,28.05
2018-05-21,7081.06,28.37
2018-05-22,7111.19,28.49
2018-05-23,7036.91,28.11
2018-05-24,7013.08,27.91
2018-05-25,6922.12,27.48
2018-05-28,6868.67,27.24
2018-05-29,6812.95,26.99
2018-05-30,6597.4,26.06
2018-05-31,6685.8,26.43
2018-06-01,6611.56,26.09
2018-06-04,6582.24,26.0
2018-06-05,6690.21,26.43
2018-06-06,6696.58,26.34
2018-06-07,6650.01,26.05
2018-06-08,6579.29,25.76
2018-06-11,6522.45,26.0
2018-06-12,6572.75,26.19
2018-06-13,6460.4,25.72
2018-06-14,6426.93,25.51
2018-06-15,6288.93,24.94
2018-06-18,6289.41,24.94
2018-06-19,5859.14,23.23
2018-06-20,5929.23,23.52
2018-06-21,5790.44,22.95
2018-06-22,5881.55,23.25
2018-06-25,5851.85,23.12
2018-06-26,5901.97,23.3
2018-06-27,5849.53,23.09
2018-06-28,5781.79,22.79
2018-06-29,5958.08,23.45
2018-07-02,5883.45,23.17
2018-07-03,5951.0,23.41
2018-07-04,5844.06,22.98
2018-07-05,5687.94,22.33
2018-07-06,5712.41,22.41
2018-07-09,5833.08,22.9
2018-07-10,5873.02,23.04
2018-07-11,5737.24,22.49
2018-07-12,5892.62,23.07
2018-07-13,5914.97,23.22
2018-07-16,5921.09,23.21
2018-07-17,5930.72,23.2
2018-07-18,5898.21,23.07
2018-07-19,5830.7,22.81
2018-07-20,5895.23,23.06
2018-07-23,5939.02,23.22
2018-07-24,6035.13,23.57
2018-07-25,6049.35,23.6
2018-07-26,6026.06,23.44
2018-07-27,5991.06,23.3
2018-07-30,5904.66,22.98
2018-07-31,5898.09,22.94
2018-08-01,5806.27,22.57
2018-08-02,5667.84,22.04
2018-08-03,5593.56,21.74
2018-08-06,5475.54,21.27
2018-08-07,5619.29,21.82
2018-08-08,5525.78,21.42
2018-08-09,5649.64,21.91
2018-08-10,5685.91,22.06
2018-08-13,5714.92,22.16
2018-08-14,5695.63,22.1
2018-08-15,5579.69,21.66
2018-08-16,5511.77,21.39
2018-08-17,5411.93,21.0
2018-08-20,5433.38,21.08
2018-08-21,5495.54,21.33
2018-08-22,5432.12,21.07
2018-08-23,5465.09,21.2
2018-08-24,5446.86,21.13
2018-08-27,5567.48,21.6
2018-08-28,5571.94,21.63
2018-08-29,5540.22,21.49
2018-08-30,5444.99,21.13
2018-08-31,5385.09,20.89
2018-09-03,5380.96,21.02
2018-09-04,5443.97,21.26
2018-09-05,5358.35,20.91
2018-09-06,5337.06,20.81
2018-09-07,5347.47,20.86
2018-09-10,5242.44,20.46
2018-09-11,5244.21,20.45
2018-09-12,5238.35,20.42
2018-09-13,5279.21,20.57
2018-09-14,5225.77,20.37
2018-09-17,5144.45,20.04
2018-09-18,5235.81,20.41
2018-09-19,5291.88,20.63
2018-09-20,5272.26,20.55
2018-09-21,5336.28,20.81
2018-09-25,5319.35,20.73
2018-09-26,5342.9,20.77
2018-09-27,5267.04,20.45
2018-09-28,5311.33,20.62
2018-10-08,5130.45,19.91
2018-10-09,5131.84,19.91
2018-10-10,5125.14,19.9
2018-10-11,4746.2,18.46
2018-10-12,4715.56,18.36
2018-10-15,4642.44,18.09
2018-10-16,4538.38,17.69
2018-10-17,4571.43,17.83
2018-10-18,4419.39,17.26
2018-10-19,4517.26,17.65
2018-10-22,4742.52,18.52
2018-10-23,4664.14,18.21
2018-10-24,4662.67,18.21
2018-10-25,4628.35,18.06
2018-10-26,4643.42,18.13
2018-10-29,4576.56,17.86
2018-10-30,4619.11,18.01
2018-10-31,4687.3,18.28
2018-11-01,4717.26,17.94
2018-11-02,4861.52,18.5
2018-11-05,4897.77,18.63
2018-11-06,4902.99,18.63
2018-11-07,4892.05,18.58
2018-11-08,4870.26,18.48
2018-11-09,4858.37,18.43
2018-11-12,5003.37,18.95
2018-11-13,5102.54,19.3
2018-11-14,5103.37,19.3
2018-11-15,5188.43,19.63
2018-11-16,5244.77,19.85
2018-11-19,5264.49,19.93
2018-11-20,5125.37,19.42
2018-11-21,5162.81,19.53
2018-11-22,5166.11,19.55
2018-11-23,4944.54,18.74
2018-11-26,4935.61,18.69
2018-11-27,4975.99,18.82
2018-11-28,5036.63,19.05
2018-11-29,4918.16,18.62
2018-11-30,4951.0,18.75
2018-12-03,5115.15,19.36
2018-12-04,5161.89,19.54
2018-12-05,5130.81,19.43
2018-12-06,5039.12,19.09
2018-12-07,5040.26,19.09
2018-12-10,4981.37,18.88
2018-12-11,5028.08,19.05
2018-12-12,5026.33,19.06
2018-12-13,5074.15,19.25
2018-12-14,4944.38,18.77
2018-12-17,4928.77,20.21
2018-12-18,4896.15,20.08
2018-12-19,4828.82,19.82
2018-12-20,4847.14,19.89
2018-12-21,4812.19,19.75
2018-12-24,4855.37,19.95
2018-12-25,4808.82,19.76
2018-12-26,4787.57,19.68
2018-12-27,4713.17,19.38
2018-12-28,4718.89,19.42
2019-01-02,4695.99,19.29
2019-01-03,4662.26,19.13
2019-01-04,4791.19,19.68
2019-01-07,4893.72,20.06
2019-01-08,4884.01,20.01
2019-01-09,4894.45,20.04
2019-01-10,4881.39,19.99
2019-01-11,4923.07,20.16
2019-01-14,4893.86,20.03
2019-01-15,4947.1,20.25
2019-01-16,4939.67,20.24
2019-01-17,4895.25,20.06
2019-01-18,4928.19,20.21
2019-01-21,4958.76,20.33
2019-01-22,4903.46,20.12
2019-01-23,4910.35,20.15
2019-01-24,4938.13,20.25
2019-01-25,4908.51,20.15
2019-01-28,4868.52,20.0
2019-01-29,4782.93,19.68
2019-01-30,4711.65,19.41
2019-01-31,4639.85,19.13
2019-02-01,4775.4,19.68
2019-02-11,4912.65,20.24
2019-02-12,4980.79,20.5
2019-02-13,5070.3,20.85
2019-02-14,5091.84,20.94
2019-02-15,5084.88,20.88
2019-02-18,5265.29,21.61
2019-02-19,5287.53,21.67
2019-02-20,5291.03,21.68
2019-02-21,5270.39,21.59
2019-02-22,5389.53,22.05
2019-02-25,5671.54,23.18
2019-02-26,5671.02,23.18
2019-02-27,5656.65,23.1
2019-02-28,5678.03,23.21
2019-03-01,5714.27,23.35
2019-03-04,5839.9,23.84
2019-03-05,6023.13,24.51
2019-03-06,6153.8,24.98
2019-03-07,6260.66,25.37
2019-03-08,6000.77,24.34
2019-03-11,6259.83,25.4
2019-03-12,6398.13,25.94
2019-03-13,6249.48,25.4
2019-03-14,6060.2,24.69
2019-03-15,6154.12,25.07
2019-03-18,6302.44,25.68
2019-03-19,6329.67,25.76
2019-03-20,6312.9,25.68
2019-03-21,6381.58,25.93
2019-03-22,6407.05,26.03
2019-03-25,6350.47,25.79
2019-03-26,6166.1,25.1
2019-03-27,6206.76,25.31
2019-03-28,6122.96,24.98
2019-03-29,6296.97,25.67
2019-04-01,6538.27,26.63
2019-04-02,6577.91,26.78
2019-04-03,6644.36,27.01
2019-04-04,6668.92,27.11
2019-04-08,6637.11,26.98
2019-04-09,6653.37,27.03
2019-04-10,6643.47,26.99
2019-04-11,6506.29,26.45
2019-04-12,6500.17,26.43
2019-04-15,6447.8,26.22
2019-04-16,6584.34,26.72
2019-04-17,6642.21,26.93
2019-04-18,6609.17,26.79
2019-04-19,6665.4,26.99
2019-04-22,6598.33,26.69
2019-04-23,6477.48,26.23
2019-04-24,6558.18,26.51
2019-04-25,6288.45,25.42
2019-04-26,6219.17,25.14
2019-04-29,5993.72,24.3
2019-04-30,6057.93,24.59
2019-05-06,5593.79,24.16
2019-05-07,5663.81,24.49
2019-05-08,5643.25,24.37
2019-05-09,5585.19,24.09
2019-05-10,5806.93,25.02
2019-05-13,5764.81,24.86
2019-05-14,5725.24,24.67
2019-05-15,5852.27,25.19
2019-05-16,5896.44,25.35
2019-05-17,5688.07,24.42
2019-05-20,5669.78,24.29
2019-05-21,5782.3,24.75
2019-05-22,5758.7,24.62
2019-05-23,5623.68,24.04
2019-05-24,5553.05,23.77
2019-05-27,5718.3,24.42
2019-05-28,5719.61,24.35
2019-05-29,5745.06,24.38
2019-05-30,5709.37,24.18
2019-05-31,5703.34,24.13
2019-06-03,5619.31,23.76
2019-06-04,5519.77,23.33
2019-06-05,5517.25,23.3
2019-06-06,5382.13,22.74
2019-06-10,5455.45,23.03
2019-06-11,5660.32,23.84
2019-06-12,5635.31,23.71
2019-06-13,5669.87,23.8
2019-06-14,5541.24,23.27
2019-06-17,5528.2,23.31
2019-06-18,5530.21,23.25
2019-06-19,5610.41,23.58
2019-06-20,5700.7,23.94
2019-06-21,5798.13,24.24
2019-06-24,5796.32,24.24
2019-06-25,5740.52,24.0
2019-06-26,5741.23,23.99
2019-06-27,5791.67,24.2
2019-06-28,5712.54,23.88
2019-07-01,5884.73,24.55
2019-07-02,5887.19,24.58
2019-07-03,5828.8,24.33
2019-07-04,5803.09,24.2
2019-07-05,5825.67,24.26
2019-07-08,5632.63,23.49
2019-07-09,5650.55,23.47
2019-07-10,5602.08,23.2
2019-07-11,5593.83,23.16
2019-07-12,5608.95,23.23
2019-07-15,5668.32,23.45
2019-07-16,5681.18,23.49
2019-07-17,5686.52,23.47
2019-07-18,5585.45,23.03
2019-07-19,5613.32,23.15
2019-07-22,5455.65,22.53
2019-07-23,5517.8,22.78
2019-07-24,5586.33,23.06
2019-07-25,5603.91,23.14
2019-07-26,5610.18,23.16
2019-07-29,5612.97,23.19
2019-07-30,5635.49,23.29
2019-07-31,5592.91,23.13
2019-08-01,5564.01,23.0
2019-08-02,5475.64,22.66
2019-08-05,5412.83,22.4
2019-08-06,5270.16,21.85
2019-08-07,5254.87,21.8
2019-08-08,5295.66,21.97
2019-08-09,5238.39,21.75
2019-08-12,5327.06,22.12
2019-08-13,5302.6,22.02
2019-08-14,5338.71,22.18
2019-08-15,5364.25,22.28
2019-08-16,5394.65,22.42
2019-08-19,5566.4,23.11
2019-08-20,5579.54,23.16
2019-08-21,5581.0,23.17
2019-08-22,5604.78,23.26
2019-08-23,5593.03,23.22
2019-08-26,5561.97,23.1
2019-08-27,5667.51,23.52
2019-08-28,5656.23,23.47
2019-08-29,5661.37,23.5
2019-08-30,5577.44,23.17
2019-09-02,5722.26,24.11
2019-09-03,5764.79,24.28
2019-09-04,5805.31,24.45
2019-09-05,5860.05,24.65
2019-09-06,5884.67,24.76
2019-09-09,6028.64,25.33
2019-09-10,6041.91,25.4
2019-09-11,5990.08,25.18
2019-09-12,6018.61,25.28
2019-09-16,6055.53,25.41
2019-09-17,5910.24,24.84
2019-09-18,5903.42,24.84
2019-09-19,5972.86,25.13
2019-09-20,5979.44,25.18
2019-09-23,5919.97,24.92
2019-09-24,5949.84,25.05
2019-09-25,5834.58,24.59
2019-09-26,5643.56,23.82
2019-09-27,5694.66,24.02
2019-09-30,5631.23,23.77
2019-10-08,5636.59,23.79
2019-10-09,5688.22,24.01
2019-10-10,5776.23,24.39
2019-10-11,5780.24,24.39
2019-10-14,5871.68,24.76
2019-10-15,5785.49,24.4
2019-10-16,5761.51,24.32
2019-10-17,5755.33,24.31
2019-10-18,5683.5,24.03
2019-10-21,5647.73,23.85
2019-10-22,5717.86,24.15
2019-10-23,5671.87,23.93
2019-10-24,5660.81,23.88
2019-10-25,5704.55,24.07
2019-10-28,5839.8,24.59
2019-10-29,5776.32,24.35
2019-10-30,5718.91,24.15
2019-10-31,5654.83,23.92
2019-11-01,5708.77,23.63
2019-11-04,5744.39,23.81
2019-11-05,5760.51,23.88
2019-11-06,5709.68,23.69
2019-11-07,5747.71,23.84
2019-11-08,5727.91,23.78
2019-11-11,5579.16,23.16
2019-11-12,5593.31,23.21
2019-11-13,5576.92,23.17
2019-11-14,5614.76,23.33
2019-11-15,5545.79,23.06
2019-11-18,5585.38,23.23
2019-11-19,5689.57,23.64
2019-11-20,5660.85,23.54
2019-11-21,5651.37,23.49
2019-11-22,5576.51,23.14
2019-11-25,5544.5,23.01
2019-11-26,5540.58,23.0
2019-11-27,5538.69,22.99
2019-11-28,5522.72,22.93
2019-11-29,5517.86,22.88
2019-12-02,5529.88,22.94
2019-12-03,5566.05,23.07
2019-12-04,5575.02,23.13
2019-12-05,5637.92,23.43
2019-12-06,5678.15,23.6
2019-12-09,5698.5,23.66
2019-12-10,5733.03,23.78
2019-12-11,5709.91,23.68
2019-12-12,5709.41,23.68
2019-12-13,5786.43,24.02
2019-12-16,5895.15,24.6
2019-12-17,5969.02,24.87
2019-12-18,5967.05,24.88
2019-12-19,5993.24,24.95
2019-12-20,5921.17,24.67
2019-12-23,5787.63,24.16
2019-12-24,5889.5,24.55
2019-12-25,5924.68,24.68
2019-12-26,5966.92,24.88
2019-12-27,5918.77,24.69
2019-12-30,5952.28,24.86
2019-12-31,5992.15,25.03
2020-01-02,6110.04,25.53
2020-01-03,6141.78,25.64
2020-01-06,6204.95,25.86
2020-01-07,6299.27,26.27
2020-01-08,6213.28,25.91
2020-01-09,6311.99,26.4
2020-01-10,6298.76,26.39
2020-01-13,6379.31,26.75
2020-01-14,6365.73,26.68
2020-01-15,6365.09,26.71
2020-01-16,6352.84,26.68
2020-01-17,6328.38,26.61
2020-01-20,6409.6,26.96
2020-01-21,6352.54,26.71
2020-01-22,6371.63,26.79
2020-01-23,6134.2,25.8
2020-02-03,5597.26,23.56
2020-02-04,5610.11,23.68
2020-02-05,5756.76,24.23
2020-02-06,5936.83,24.96
2020-02-07,6009.98,25.27
2020-02-10,6093.9,25.63
2020-02-11,6052.67,25.52
2020-02-12,6193.67,26.04
2020-02-13,6143.38,25.82
2020-02-14,6165.22,25.94
2020-02-17,6389.81,26.88
2020-02-18,6535.89,27.47
2020-02-19,6477.61,27.25
2020-02-20,6602.83,27.75
2020-02-21,6720.69,28.2
2020-02-24,6868.09,28.81
2020-02-25,6896.86,28.87
2020-02-26,6697.39,28.02
2020-02-27,6708.43,28.13
2020-02-28,6319.7,26.58
2020-03-02,6580.68,27.68
2020-03-03,6669.46,28.05
2020-03-04,6702.44,28.3
2020-03-05,6798.57,28.71
2020-03-06,6778.02,28.63
2020-03-09,6512.01,27.52
2020-03-10,6680.78,28.17
2020-03-11,6590.9,27.78
2020-03-12,6458.21,27.2
2020-03-13,6399.89,26.92
2020-03-16,6090.21,25.64
2020-03-17,6074.22,25.57
2020-03-18,5980.78,25.21
2020-03-19,6046.96,25.36
2020-03-20,6104.31,25.62
2020-03-23,5830.99,24.49
2020-03-24,5939.38,24.96
2020-03-25,6078.64,25.56
2020-03-26,6023.54,25.39
2020-03-27,5978.52,25.25
2020-03-30,5829.74,24.64
2020-03-31,5842.36,24.75
2020-04-01,5816.71,24.62
2020-04-02,5962.36,25.22
2020-04-03,5928.46,25.12
2020-04-07,6130.9,25.95
2020-04-08,6155.66,26.0
2020-04-09,6232.24,26.3
2020-04-10,6068.9,25.64
2020-04-13,6005.74,25.4
2020-04-14,6127.54,25.92
2020-04-15,6090.88,25.78
2020-04-16,6137.45,25.98
2020-04-17,6147.43,26.02
2020-04-20,6248.03,26.48
2020-04-21,6215.34,26.35
2020-04-22,6273.75,26.59
2020-04-23,6233.82,26.44
2020-04-24,6111.29,25.98
2020-04-27,6079.23,25.89
2020-04-28,5988.38,25.61
2020-04-29,5974.15,25.52
2020-04-30,6116.34,25.94
2020-05-06,6250.41,28.67
2020-05-07,6243.4,28.7
2020-05-08,6315.71,28.95
2020-05-11,6304.06,28.89
2020-05-12,6323.19,29.04
2020-05-13,6374.87,29.32
2020-05-14,6317.34,29.04
2020-05-15,6346.7,29.15
2020-05-18,6316.04,29.04
2020-05-19,6399.52,29.43
2020-05-20,6323.77,28.97
2020-05-21,6244.47,28.57
2020-05-22,6130.21,28.03
2020-05-25,6117.79,27.99
2020-05-26,6266.06,28.66
2020-05-27,6227.85,28.41
2020-05-28,6215.28,28.33
2020-05-29,6280.07,28.58
2020-06-01,6472.78,29.34
2020-06-02,6483.67,29.27
2020-06-03,6476.09,29.16
2020-06-04,6490.21,29.21
2020-06-05,6501.02,29.21
2020-06-08,6486.61,29.11
2020-06-09,6531.48,29.32
2020-06-10,6539.7,29.37
2020-06-11,6517.0,29.23
2020-06-12,6523.33,29.29
2020-06-15,6521.4,29.29
2020-06-16,6654.89,29.87
2020-06-17,6684.09,29.97
2020-06-18,6655.03,29.8
2020-06-19,6697.22,30.01
2020-06-22,6742.18,30.17
2020-06-23,6755.22,30.29
2020-06-24,6744.66,30.18
2020-06-29,6727.71,30.12
2020-06-30,6846.63,30.68
2020-07-01,6868.29,30.75
2020-07-02,6949.95,31.08
2020-07-03,7021.39,31.28
2020-07-06,7290.31,32.42
2020-07-07,7390.61,32.86
2020-07-08,7560.39,33.58
2020-07-09,7787.99,34.56
2020-07-10,7755.21,34.44
2020-07-13,8030.19,35.66
2020-07-14,7967.53,35.38
2020-07-15,7736.41,34.48
2020-07-16,7332.6,32.62
2020-07-17,7348.82,32.71
2020-07-20,7599.94,33.76
2020-07-21,7659.9,34.05
2020-07-22,7732.74,34.39
2020-07-23,7726.77,34.39
2020-07-24,7363.32,32.75
2020-07-27,7365.49,32.74
2020-07-28,7443.28,33.12
2020-07-29,7663.32,34.05
2020-07-30,7651.28,33.98
2020-07-31,7751.81,34.42
2020-08-03,8003.63,35.49
2020-08-04,7952.49,35.26
2020-08-05,8062.41,35.73
2020-08-06,8069.34,35.69
2020-08-07,7968.66,35.24
2020-08-10,7989.4,35.3
2020-08-11,7831.55,34.63
2020-08-12,7700.3,33.97
2020-08-13,7723.73,34.06
2020-08-14,7799.84,34.4
2020-08-17,7968.93,35.14
2020-08-18,8045.67,35.51
2020-08-19,7878.42,34.82
2020-08-20,7764.62,34.29
2020-08-21,7811.33,34.54
2020-08-24,7875.78,34.82
2020-08-25,7832.4,34.61
2020-08-26,7641.62,33.77
2020-08-27,7724.18,34.09
2020-08-28,7823.26,34.56
2020-08-31,7844.18,34.67
2020-09-01,7882.01,35.08
2020-09-02,7896.93,35.13
2020-09-03,7807.06,34.72
2020-09-04,7798.64,34.57
2020-09-07,7663.01,33.83
2020-09-08,7712.84,33.94
2020-09-09,7468.0,32.84
2020-09-10,7203.36,31.87
2020-09-11,7320.82,32.41
2020-09-14,7436.24,32.85
2020-09-15,7472.32,33.06
2020-09-16,7397.75,32.74
2020-09-17,7411.05,32.82
2020-09-18,7524.75,33.33
2020-09-21,7521.95,33.3
2020-09-22,7401.1,32.8
2020-09-23,7452.35,33.06
2020-09-24,7248.66,32.18
2020-09-25,7204.39,32.06
2020-09-28,7113.25,31.65
2020-09-29,7190.02,32.02
2020-09-30,7185.82,32.0
2020-10-09,7408.66,32.97
2020-10-12,7640.95,33.99
2020-10-13,7660.06,34.07
2020-10-14,7589.19,33.78
2020-10-15,7522.12,33.5
2020-10-16,7499.9,33.4
2020-10-19,7447.8,33.15
2020-10-20,7518.42,33.44
2020-10-21,7400.84,32.93
2020-10-22,7353.84,32.68
2020-10-23,7212.18,32.01
2020-10-26,7219.99,32.05
2020-10-27,7256.93,32.26
2020-10-28,7260.07,32.3
2020-10-29,7248.46,32.3
2020-10-30,7070.82,31.51
2020-11-02,7073.67,29.74
2020-11-03,7218.96,30.32
2020-11-04,7202.79,30.28
2020-11-05,7335.56,30.81
2020-11-06,7263.58,30.51
2020-11-09,7440.94,31.21
2020-11-10,7362.21,30.92
2020-11-11,7236.5,30.42
2020-11-12,7250.29,30.49
2020-11-13,7261.11,30.51
2020-11-16,7327.81,30.76
2020-11-17,7256.04,30.44
2020-11-18,7256.48,30.39
2020-11-19,7295.94,30.57
2020-11-20,7347.63,30.79
2020-11-23,7392.87,30.97
2020-11-24,7393.17,30.96
2020-11-25,7267.07,30.43
2020-11-26,7214.19,30.23
2020-11-27,7212.66,30.25
2020-11-30,7191.58,30.16
2020-12-01,7290.26,30.58
2020-12-02,7314.67,30.7
2020-12-03,7288.75,30.62
2020-12-04,7326.53,30.82
2020-12-07,7311.73,30.8
2020-12-08,7313.22,30.82
2020-12-09,7170.03,30.25
2020-12-10,7172.93,30.31
2020-12-11,7056.79,29.86
2020-12-14,7142.12,29.88
2020-12-15,7163.5,29.97
2020-12-16,7105.79,29.77
2020-12-17,7164.97,29.99
2020-12-18,7138.41,29.86
2020-12-21,7266.76,30.4
2020-12-22,7112.96,29.76
2020-12-23,7168.65,30.02
2020-12-24,7054.71,29.55
2020-12-25,7125.24,29.81
2020-12-28,7079.85,29.61
2020-12-29,7034.01,29.36
2020-12-30,7087.89,29.59
2020-12-31,7217.76,30.13
2021-01-04,7383.14,30.87
2021-01-05,7392.57,30.98
2021-01-06,7302.99,30.65
2021-01-07,7185.28,30.2
2021-01-08,7151.4,29.98
2021-01-11,7032.6,29.5
2021-01-12,7129.01,29.92
2021-01-13,7073.52,29.69
2021-01-14,7066.12,29.66
2021-01-15,7089.62,29.77
2021-01-18,7223.88,30.33
2021-01-19,7182.58,30.12
2021-01-20,7244.89,30.44
2021-01-21,7324.89,30.83
2021-01-22,7299.7,30.76
2021-01-25,7229.5,30.5
2021-01-26,7095.74,29.97
2021-01-27,7099.71,29.99
2021-01-28,6949.16,29.3
2021-01-29,6845.99,28.9
2021-02-01,6891.27,29.15
2021-02-02,6969.07,29.51
2021-02-03,6849.54,29.02
2021-02-04,6697.9,28.44
2021-02-05,6564.92,27.88
2021-02-08,6612.18,28.08
2021-02-09,6791.58,28.86
2021-02-10,6845.11,29.07
2021-02-18,6955.1,29.46
2021-02-19,7088.73,29.99
2021-02-22,7096.25,29.98
2021-02-23,7047.81,29.81
2021-02-24,6991.2,29.51
2021-02-25,6949.4,29.35
2021-02-26,6869.11,28.97
2021-03-01,7053.45,29.75
2021-03-02,7022.47,29.67
2021-03-03,7116.91,30.06
2021-03-04,6988.01,29.47
2021-03-05,7011.23,29.55
2021-03-08,6871.54,28.91
2021-03-09,6652.87,27.93
2021-03-10,6600.7,27.75
2021-03-11,6754.28,28.39
2021-03-12,6755.16,28.41
2021-03-15,6708.75,28.16
2021-03-16,6769.26,28.4
2021-03-17,6817.17,28.58
2021-03-18,6840.31,28.74
2021-03-19,6788.15,28.55
2021-03-22,6906.28,29.03
2021-03-23,6829.61,28.71
2021-03-24,6728.91,28.28
2021-03-25,6722.88,28.23
2021-03-26,6843.02,28.76
2021-03-29,6870.46,28.89
2021-03-30,6843.28,28.84
2021-03-31,6834.51,28.79
2021-04-01,6880.58,28.98
2021-04-02,6908.23,29.09
2021-04-06,6973.65,29.34
2021-04-07,6975.03,29.34
2021-04-08,6954.81,29.27
2021-04-09,6949.87,29.21
2021-04-12,6802.04,28.55
2021-04-13,6767.08,28.38
2021-04-14,6863.71,28.77
2021-04-15,6838.28,28.68
2021-04-16,6916.76,28.96
2021-04-19,7034.76,29.44
2021-04-20,7014.41,29.39
2021-04-21,7014.79,29.43
2021-04-22,7045.01,29.53
2021-04-23,7010.62,29.4
2021-04-26,6986.6,29.33
2021-04-27,6954.2,29.18
2021-04-28,6994.04,29.32
2021-04-29,6960.31,29.12
2021-04-30,6936.63,29.0
2021-05-06,6954.42,24.86
2021-05-07,6869.64,24.54
2021-05-10,6889.66,24.61
2021-05-11,6895.96,24.6
2021-05-12,6979.12,24.87
2021-05-13,6929.92,24.65
2021-05-14,7026.13,25.0
2021-05-17,7021.04,25.07
2021-05-18,7054.16,25.14
2021-05-19,7057.58,25.14
2021-05-20,7051.41,25.12
2021-05-21,7050.35,25.09
2021-05-24,7113.01,25.28
2021-05-25,7198.62,25.56
2021-05-26,7231.21,25.66
2021-05-27,7300.33,25.83
2021-05-28,7290.64,25.7
2021-05-31,7424.12,26.16
2021-06-01,7469.36,26.31
2021-06-02,7366.82,25.9
2021-06-03,7361.43,25.81
2021-06-04,7398.65,25.9
2021-06-07,7482.81,26.13
2021-06-08,7427.52,25.82
2021-06-09,7443.78,25.84
2021-06-10,7527.86,26.09
2021-06-11,7480.42,25.9
2021-06-15,7439.48,27.11
2021-06-16,7285.54,26.52
2021-06-17,7412.14,26.95
2021-06-18,7497.87,27.18
2021-06-21,7612.92,27.57
2021-06-22,7648.65,27.71
2021-06-23,7699.99,27.89
2021-06-24,7622.68,27.64
2021-06-25,7652.13,27.75
2021-06-28,7721.54,27.98
2021-06-29,7657.43,27.76
2021-06-30,7744.81,28.02
2021-07-01,7620.24,27.56
2021-07-02,7554.73,27.26
2021-07-05,7662.02,27.61
2021-07-06,7632.16,27.47
2021-07-07,7753.61,27.92
2021-07-08,7765.13,27.91
2021-07-09,7814.26,28.07
2021-07-12,7969.67,28.57
2021-07-13,8022.21,28.76
2021-07-14,7926.64,28.45
2021-07-15,7924.95,28.46
2021-07-16,7912.49,28.35
2021-07-19,7887.3,28.28
2021-07-20,7940.33,28.44
2021-07-21,8100.01,28.98
2021-07-22,8152.94,29.15
2021-07-23,8080.09,28.87
2021-07-26,7978.39,28.49
2021-07-27,7768.35,27.73
2021-07-28,7606.48,27.22
2021-07-29,7893.82,28.22
2021-07-30,7954.54,28.42
2021-08-02,8107.91,28.95
2021-08-03,8005.69,28.6
2021-08-04,8191.08,29.24
2021-08-05,8157.98,29.14
2021-08-06,8195.6,29.23
2021-08-09,8222.88,29.38
2021-08-10,8269.4,29.58
2021-08-11,8331.14,29.76
2021-08-12,8387.67,29.91
2021-08-13,8370.75,29.84
2021-08-16,8289.94,29.63
2021-08-17,8061.98,28.83
2021-08-18,8111.82,28.99
2021-08-19,8181.18,29.23
2021-08-20,8180.02,29.17
2021-08-23,8382.9,29.9
2021-08-24,8451.47,30.14
2021-08-25,8511.26,30.39
2021-08-26,8401.61,30.0
2021-08-27,8413.21,30.04
2021-08-30,8465.42,30.21
2021-08-31,8466.17,30.18
2021-09-01,8333.02,29.21
2021-09-02,8425.02,29.52
2021-09-03,8359.27,29.26
2021-09-06,8473.55,29.66
2021-09-07,8630.48,30.19
2021-09-08,8647.9,30.2
2021-09-09,8654.46,30.24
2021-09-10,8689.96,30.35
2021-09-13,8706.4,30.54
2021-09-14,8672.94,30.4
2021-09-15,8733.56,30.61
2021-09-16,8495.68,29.81
2021-09-17,8468.85,29.72
2021-09-22,8511.4,29.92
2021-09-23,8552.75,30.05
2021-09-24,8431.02,29.66
2021-09-27,8181.45,28.83
2021-09-28,8182.45,28.86
2021-09-29,7887.16,27.76
2021-09-30,8113.24,28.55
2021-10-08,8135.37,28.56
2021-10-11,8090.65,28.45
2021-10-12,7897.42,27.83
2021-10-13,7986.05,28.12
2021-10-14,8044.0,28.32
2021-10-15,8052.94,28.36
2021-10-18,8139.76,28.64
2021-10-19,8221.3,28.93
2021-10-20,8242.67,28.96
2021-10-21,8220.88,28.88
2021-10-22,8149.61,28.66
2021-10-25,8252.63,29.04
2021-10-26,8226.69,28.97
2021-10-27,8144.36,28.69
2021-10-28,7962.82,28.08
2021-10-29,8091.74,28.49
2021-11-01,8168.77,27.75
2021-11-02,8073.45,27.42
2021-11-03,8091.63,27.47
2021-11-04,8199.55,27.84
2021-11-05,8096.44,27.46
2021-11-08,8132.95,27.53
2021-11-09,8252.43,27.93
2021-11-10,8256.09,27.91
2021-11-11,8320.19,28.13
2021-11-12,8434.22,28.5
2021-11-15,8410.94,28.4
2021-11-16,8315.28,28.11
2021-11-17,8464.2,28.58
2021-11-18,8452.92,28.58
2021-11-19,8550.4,28.91
2021-11-22,8707.74,29.44
2021-11-23,8701.57,29.43
2021-11-24,8698.52,29.43
2021-11-25,8684.58,29.36
2021-11-26,8701.05,29.44
2021-11-29,8765.74,29.67
2021-11-30,8825.42,29.86
2021-12-01,8827.09,29.86
2021-12-02,8731.17,29.56
2021-12-03,8792.24,29.74
2021-12-06,8663.81,29.32
2021-12-07,8526.5,28.88
2021-12-08,8681.12,29.39
2021-12-09,8691.35,29.44
2021-12-10,8710.38,29.51
2021-12-13,8749.58,28.86
2021-12-14,8746.21,28.85
2021-12-15,8717.45,28.76
2021-12-16,8772.67,28.94
2021-12-17,8650.11,28.52
2021-12-20,8494.35,28.04
2021-12-21,8600.73,28.34
2021-12-22,8690.34,28.6
2021-12-23,8692.36,28.62
2021-12-24,8521.36,28.09
2021-12-27,8521.17,28.1
2021-12-28,8616.61,28.38
2021-12-29,8607.74,28.35
2021-12-30,8683.55,28.6
2021-12-31,8777.57,28.88
2022-01-04,8747.7,28.78
2022-01-05,8527.02,28.07
2022-01-06,8595.88,28.3
2022-01-07,8418.56,27.77
2022-01-10,8474.98,27.98
2022-01-11,8379.11,27.66
2022-01-12,8524.66,28.12
2022-01-13,8377.02,27.64
2022-01-14,8410.53,27.76
2022-01-17,8555.96,28.18
2022-01-18,8501.74,28.03
2022-01-19,8399.37,27.71
2022-01-20,8210.26,27.1
2022-01-21,8096.45,26.71
2022-01-24,8136.62,26.84
2022-01-25,7816.28,25.84
2022-01-26,7857.91,26.01
2022-01-27,7626.79,25.28
2022-01-28,7640.92,25.31
2022-02-07,7738.02,25.65
2022-02-08,7758.84,25.7
2022-02-09,7902.18,26.13
2022-02-10,7862.94,25.99
2022-02-11,7707.59,25.48
2022-02-14,7677.15,25.38
2022-02-15,7807.31,25.81
2022-02-16,7871.14,26.03
2022-02-17,7912.23,26.17
2022-02-18,7946.41,26.27
2022-02-21,8037.14,26.52
2022-02-22,7976.48,26.3
2022-02-23,8164.04,26.89
2022-02-24,7982.92,26.31
2022-02-25,8067.12,26.6
2022-02-28,8130.54,26.79
2022-03-01,8141.08,26.81
2022-03-02,8124.49,26.74
2022-03-03,8045.93,26.5
2022-03-04,7935.2,26.15
2022-03-07,7764.44,25.6
2022-03-08,7529.38,24.78
2022-03-09,7447.0,24.49
2022-03-10,7618.47,25.05
2022-03-11,7660.39,25.18
2022-03-14,7451.99,24.5
2022-03-15,7093.55,23.29
2022-03-16,7334.27,24.03
2022-03-17,7471.88,24.51
2022-03-18,7538.53,24.73
2022-03-21,7620.76,25.0
2022-03-22,7586.83,24.88
2022-03-23,7634.51,25.05
2022-03-24,7562.03,24.82
2022-03-25,7473.27,24.53
2022-03-28,7415.67,24.34
2022-03-29,7370.23,24.21
2022-03-30,7522.63,24.7
2022-03-31,7421.06,24.39
2022-04-01,7421.65,24.4
2022-04-06,7412.62,24.38
2022-04-07,7258.49,23.9
2022-04-08,7205.56,23.77
2022-04-11,6934.65,22.91
2022-04-12,7029.28,23.2
2022-04-13,6889.01,22.76
2022-04-14,6969.56,23.0
2022-04-15,6876.81,22.72
2022-04-18,6932.64,22.9
2022-04-19,6954.35,22.97
2022-04-20,6832.13,22.58
2022-04-21,6555.36,21.68
2022-04-22,6457.42,21.4
2022-04-25,5953.04,19.76
2022-04-26,5772.48,19.17
2022-04-27,6073.77,20.09
2022-04-28,6022.91,19.89
2022-04-29,6287.5,20.72
2022-05-05,6400.45,20.83
2022-05-06,6322.03,20.5
2022-05-09,6408.74,20.77
2022-05-10,6529.25,21.16
2022-05-11,6587.16,21.31
2022-05-12,6622.44,21.42
2022-05-13,6664.65,21.56
2022-05-16,6677.34,21.59
2022-05-17,6718.12,21.65
2022-05-18,6728.97,21.64
2022-05-19,6787.53,21.81
2022-05-20,6880.43,22.04
2022-05-23,6968.9,22.27
2022-05-24,6681.62,21.38
2022-05-25,6799.81,21.72
2022-05-26,6845.16,21.81
2022-05-27,6828.08,21.76
2022-05-30,6910.03,21.93
2022-05-31,6991.61,22.14
2022-06-01,7014.56,22.18
2022-06-02,7093.81,22.41
2022-06-06,7272.76,22.94
2022-06-07,7265.52,22.89
2022-06-08,7279.71,22.89
2022-06-09,7149.52,22.48
2022-06-10,7303.53,22.95
2022-06-13,7358.1,22.43
2022-06-14,7348.02,22.4
2022-06-15,7336.54,22.32
2022-06-16,7387.48,22.32
2022-06-17,7475.13,22.55
2022-06-20,7557.38,22.79
2022-06-21,7481.5,22.51
2022-06-22,7385.77,22.21
2022-06-23,7556.17,22.69
2022-06-24,7652.27,22.98
2022-06-27,7731.23,23.21
2022-06-28,7816.66,23.41
2022-06-29,7619.8,22.82
2022-06-30,7725.81,23.13
2022-07-01,7725.05,23.13
2022-07-04,7815.71,23.39
2022-07-05,7771.66,23.26
2022-07-06,7682.08,22.99
2022-07-07,7779.98,23.23
2022-07-08,7736.08,23.09
2022-07-11,7618.15,22.75
2022-07-12,7492.55,22.39
2022-07-13,7554.09,22.56
2022-07-14,7649.66,22.84
2022-07-15,7575.29,22.63
2022-07-18,7687.55,22.96
2022-07-19,7749.11,23.11
2022-07-20,7860.83,23.45
2022-07-21,7822.48,23.33
2022-07-22,7777.8,23.19
2022-07-25,7683.18,22.94
2022-07-26,7771.4,23.19
2022-07-27,7851.15,23.44
2022-07-28,7908.08,23.59
2022-07-29,7872.34,23.48
2022-08-01,7942.41,23.68
2022-08-02,7696.33,22.96
2022-08-03,7650.7,22.8
2022-08-04,7699.05,22.92
2022-08-05,7842.98,23.32
2022-08-08,7938.23,23.6
2022-08-09,7973.05,23.7
2022-08-10,7978.44,23.71
2022-08-11,8069.81,23.96
2022-08-12,7997.39,23.75
2022-08-15,8057.88,23.92
2022-08-16,8103.39,24.07
2022-08-17,8108.39,24.11
2022-08-18,8133.99,24.18
2022-08-19,8004.9,23.81
2022-08-22,8064.84,23.98
2022-08-23,8084.5,24.02
2022-08-24,7789.48,23.17
2022-08-25,7764.16,23.13
2022-08-26,7724.23,23.0
2022-08-29,7769.79,23.13
2022-08-30,7721.23,22.96
2022-08-31,7471.14,22.23
2022-09-01,7433.91,22.64
2022-09-02,7500.04,22.81
2022-09-05,7515.83,22.89
2022-09-06,7658.1,23.33
2022-09-07,7706.66,23.5
2022-09-08,7633.15,23.29
2022-09-09,7651.39,23.34
2022-09-13,7640.87,23.31
2022-09-14,7558.4,23.06
2022-09-15,7325.58,22.35
2022-09-16,7172.92,21.89
2022-09-19,7082.78,21.62
2022-09-20,7173.9,21.89
2022-09-21,7172.38,21.85
2022-09-22,7179.83,21.87
2022-09-23,7043.23,21.45
2022-09-26,6954.59,21.21
2022-09-27,7094.29,21.61
2022-09-28,6874.41,20.96
2022-09-29,6894.25,21.06
2022-09-30,6779.81,20.69
2022-10-10,6624.44,20.21
2022-10-11,6661.21,20.31
2022-10-12,6854.85,20.89
2022-10-13,6920.79,21.07
2022-10-14,7091.52,21.6
2022-10-17,7164.57,21.8
2022-10-18,7204.48,21.92
2022-10-19,7152.21,21.77
2022-10-20,7117.4,21.65
2022-10-21,7120.31,21.67
2022-10-24,7060.65,21.51
2022-10-25,7035.57,21.44
2022-10-26,7186.33,21.88
2022-10-27,7153.03,21.73
2022-10-28,6907.63,21.0
2022-10-31,6965.96,21.16
2022-11-01,7128.91,21.71
2022-11-02,7222.66,22.02
2022-11-03,7269.52,22.19
2022-11-04,7427.61,22.66
2022-11-07,7432.03,22.65
2022-11-08,7411.35,22.57
2022-11-09,7390.37,22.51
2022-11-10,7309.89,22.24
2022-11-11,7354.39,22.36
2022-11-14,7306.04,22.18
2022-11-15,7475.25,22.69
2022-11-16,7419.37,22.51
2022-11-17,7433.17,22.51
2022-11-18,7371.06,22.35
2022-11-21,7405.3,22.49
2022-11-22,7287.85,22.14
2022-11-23,7271.03,22.1
2022-11-24,7291.91,22.18
2022-11-25,7209.22,21.91
2022-11-28,7187.69,21.86
2022-11-29,7300.18,22.18
2022-11-30,7295.73,22.18
2022-12-01,7371.36,22.41
2022-12-02,7395.85,22.47
2022-12-05,7433.29,22.57
2022-12-06,7421.32,22.55
2022-12-07,7423.24,22.56
2022-12-08,7375.7,22.42
2022-12-09,7395.66,22.47
2022-12-12,7368.32,22.38
2022-12-13,7299.67,22.17
2022-12-14,7273.49,22.09
2022-12-15,7303.99,22.14
2022-12-16,7217.64,21.89
2022-12-19,7075.2,21.45
2022-12-20,7020.74,21.31
2022-12-21,6962.68,21.13
2022-12-22,6849.53,20.78
2022-12-23,6820.54,20.68
2022-12-26,6947.61,21.07
2022-12-27,7003.08,21.26
2022-12-28,6939.8,21.07
2022-12-29,6932.45,21.05
2022-12-30,6954.36,21.11
2023-01-03,7111.66,21.57
2023-01-04,7108.97,21.55
2023-01-05,7180.04,21.78
2023-01-06,7196.48,21.85
2023-01-09,7235.7,21.97
2023-01-10,7240.63,21.98
2023-01-11,7181.63,21.81
2023-01-12,7184.58,21.82
2023-01-13,7215.52,21.92
2023-01-16,7297.8,22.17
2023-01-17,7304.1,22.19
2023-01-18,7321.27,22.23
2023-01-19,7391.1,22.43
2023-01-20,7458.48,22.63
2023-01-30,7513.39,22.8
2023-01-31,7534.23,22.87
2023-02-01,7657.61,23.22
2023-02-02,7675.89,23.28
2023-02-03,7666.86,23.22
2023-02-06,7629.6,23.09
2023-02-07,7666.03,23.21
2023-02-08,7614.44,23.06
2023-02-09,7748.91,23.46
2023-02-10,7722.57,23.37
2023-02-13,7807.58,23.65
2023-02-14,7817.85,23.7
2023-02-15,7820.23,23.69
2023-02-16,7667.01,23.2
2023-02-17,7604.28,23.04
2023-02-20,7704.82,23.34
2023-02-21,7739.27,23.45
2023-02-22,7748.08,23.49
2023-02-23,7713.04,23.42
2023-02-24,7688.73,23.34
2023-02-27,7632.79,23.19
2023-02-28,7700.63,23.38
2023-03-01,7752.88,23.5
2023-03-02,7719.15,23.39
2023-03-03,7714.32,23.37
2023-03-06,7746.54,23.48
2023-03-07,7589.66,23.02
2023-03-08,7629.64,23.11
2023-03-09,7631.19,23.12
2023-03-10,7526.57,22.8
2023-03-13,7564.57,22.9
2023-03-14,7495.08,22.7
2023-03-15,7532.3,22.81
2023-03-16,7406.43,22.43
2023-03-17,7458.01,22.55
2023-03-20,7441.5,22.51
2023-03-21,7538.85,22.79
2023-03-22,7573.1,22.84
2023-03-23,7604.66,22.9
2023-03-24,7603.69,22.89
2023-03-27,7624.43,22.93
2023-03-28,7556.56,22.74
2023-03-29,7535.41,22.67
2023-03-30,7536.92,22.71
2023-03-31,7612.39,22.89
2023-04-03,7708.04,23.11
2023-04-04,7698.25,23.04
2023-04-06,7731.56,23.14
2023-04-07,7797.84,23.33
2023-04-10,7715.56,23.14
2023-04-11,7732.87,23.17
2023-04-12,7773.74,23.25
2023-04-13,7713.73,23.11
2023-04-14,7772.76,23.3
2023-04-17,7764.8,23.32
2023-04-18,7747.42,23.28
2023-04-19,7712.54,23.16
2023-04-20,7711.0,23.11
2023-04-21,7500.71,22.54
2023-04-24,7447.39,22.35
2023-04-25,7312.6,21.95
2023-04-26,7336.46,22.07
2023-04-27,7347.04,22.12
2023-04-28,7447.08,22.31
2023-05-04,7459.23,24.85
2023-05-05,7370.67,24.53
2023-05-08,7424.93,24.72
2023-05-09,7324.53,24.4
2023-05-10,7343.11,24.44
2023-05-11,7337.98,24.4
2023-05-12,7242.9,24.05
2023-05-15,7298.65,24.26
2023-05-16,7222.38,24.03
2023-05-17,7265.66,24.16
2023-05-18,7300.65,24.14
2023-05-19,7322.87,24.13
2023-05-22,7317.15,24.12
2023-05-23,7243.9,23.84
2023-05-24,7228.17,23.76
2023-05-25,7215.66,23.74
2023-05-26,7267.86,23.86
2023-05-29,7254.82,23.79
2023-05-30,7291.21,23.84
2023-05-31,7289.58,23.77
2023-06-01,7306.25,23.75
2023-06-02,7365.44,23.9
2023-06-05,7373.57,23.9
2023-06-06,7215.55,23.31
2023-06-07,7216.75,23.24
2023-06-08,7167.48,23.07
2023-06-09,7228.3,23.18
2023-06-12,7267.78,24.06
2023-06-13,7296.75,24.07
2023-06-14,7323.62,24.15
2023-06-15,7365.51,24.28
2023-06-16,7429.28,24.42
2023-06-19,7458.01,24.43
2023-06-20,7460.09,24.39
2023-06-21,7300.9,23.89
2023-06-26,7159.45,23.45
2023-06-27,7256.19,23.74
2023-06-28,7222.68,23.64
2023-06-29,7273.18,23.8
2023-06-30,7365.88,24.03
2023-07-03,7378.23,24.08
2023-07-04,7407.9,24.08
2023-07-05,7348.05,23.87
2023-07-06,7330.2,23.78
2023-07-07,7280.76,23.62
2023-07-10,7288.1,23.56
2023-07-11,7348.03,23.72
2023-07-12,7241.16,23.38
2023-07-13,7314.45,23.61
2023-07-14,7311.45,23.58
2023-07-17,7280.73,23.49
2023-07-18,7273.66,23.49
2023-07-19,7253.97,23.42
2023-07-20,7161.92,23.12
2023-07-21,7154.0,23.08
2023-07-24,7145.68,23.05
2023-07-25,7262.45,23.42
2023-07-26,7217.36,23.28
2023-07-27,7161.81,23.11
2023-07-28,7226.84,23.31
2023-07-31,7283.36,23.47
2023-08-01,7273.93,23.43
2023-08-02,7261.33,23.4
2023-08-03,7265.31,23.41
2023-08-04,7305.3,23.49
2023-08-07,7270.28,23.36
2023-08-08,7233.98,23.26
2023-08-09,7177.67,23.09
2023-08-10,7184.78,23.11
2023-08-11,7048.3,22.69
2023-08-14,7064.92,22.72
2023-08-15,7000.44,22.53
2023-08-16,6916.65,22.27
2023-08-17,6985.16,22.5
2023-08-18,6839.54,22.06
2023-08-21,6772.57,21.84
2023-08-22,6819.59,21.96
2023-08-23,6679.32,21.53
2023-08-24,6695.45,21.58
2023-08-25,6573.65,21.24
2023-08-28,6621.93,21.38
2023-08-29,6830.6,22.05
2023-08-30,6865.11,22.16
2023-08-31,6826.05,22.04
2023-09-01,6829.3,22.08
2023-09-04,6931.69,22.38
2023-09-05,6896.89,22.26
2023-09-06,6927.91,22.36
2023-09-07,6802.78,21.96
2023-09-08,6824.03,22.02
2023-09-11,6913.66,22.3
2023-09-12,6915.86,22.31
2023-09-13,6824.76,22.05
2023-09-14,6786.27,21.95
2023-09-15,6797.84,21.99
2023-09-18,6803.33,22.01
2023-09-19,6744.14,21.84
2023-09-20,6690.14,21.67
2023-09-21,6642.17,21.5
2023-09-22,6771.15,21.89
2023-09-25,6740.36,21.81
2023-09-26,6705.58,21.7
2023-09-27,6748.24,21.84
2023-09-28,6798.82,21.99
2023-10-09,6777.62,21.91
2023-10-10,6759.18,21.8
2023-10-11,6776.99,21.84
2023-10-12,6827.69,21.99
2023-10-13,6802.46,21.89
2023-10-16,6738.27,21.69
2023-10-17,6723.83,21.66
2023-10-18,6608.22,21.27
2023-10-19,6535.39,21.03
2023-10-20,6458.91,20.82
2023-10-23,6306.58,20.33
2023-10-24,6397.4,20.64
2023-10-25,6464.04,20.83
2023-10-26,6500.77,20.94
2023-10-27,6618.45,21.35
2023-10-30,6718.99,21.61
2023-10-31,6677.47,21.48
2023-11-01,6665.25,21.46
2023-11-02,6583.4,21.2
2023-11-03,6681.75,21.5
2023-11-06,6819.79,21.92
2023-11-07,6842.37,21.96
2023-11-08,6867.19,22.04
2023-11-09,6824.4,21.92
2023-11-10,6810.83,21.88
2023-11-13,6873.78,22.07
2023-11-14,6915.56,22.18
2023-11-15,6943.85,22.3
2023-11-16,6874.36,22.08
2023-11-17,6934.89,22.27
2023-11-20,6995.36,22.45
2023-11-21,6949.32,22.32
2023-11-22,6860.77,22.04
2023-11-23,6933.04,22.28
2023-11-24,6841.24,22.02
2023-11-27,6837.27,22.02
2023-11-28,6873.04,22.14
2023-11-29,6839.55,22.05
2023-11-30,6803.03,21.95
2023-12-01,6858.42,22.08
2023-12-04,6840.9,22.03
2023-12-05,6704.64,21.62
2023-12-06,6739.55,21.68
2023-12-07,6736.24,21.64
2023-12-08,6716.45,21.56
2023-12-11,6797.01,21.67
2023-12-12,6801.39,21.69
2023-12-13,6734.89,21.5
2023-12-14,6703.91,21.43
2023-12-15,6658.86,21.25
2023-12-18,6553.02,20.95
2023-12-19,6560.34,20.95
2023-12-20,6445.96,20.62
2023-12-21,6488.03,20.73
2023-12-22,6415.33,20.55
2023-12-25,6417.36,20.57
2023-12-26,6323.23,20.29
2023-12-27,6373.1,20.44
2023-12-28,6495.46,20.81
2023-12-29,6586.88,21.1
2024-01-02,6550.53,21.01
2024-01-03,6516.18,20.91
2024-01-04,6470.27,20.78
2024-01-05,6350.33,20.42
2024-01-08,6202.41,19.95
2024-01-09,6213.29,19.98
2024-01-10,6167.16,19.85
2024-01-11,6277.97,20.17
2024-01-12,6237.0,20.07
2024-01-15,6220.09,20.02
2024-01-16,6197.82,19.96
2024-01-17,6029.6,19.44
2024-01-18,6012.04,19.36
2024-01-19,5937.81,19.13
2024-01-22,5595.27,18.05
2024-01-23,5683.43,18.33
2024-01-24,5754.79,18.57
2024-01-25,5948.11,19.2
2024-01-26,5896.17,19.05
2024-01-29,5741.18,18.58
2024-01-30,5577.17,18.05
2024-01-31,5353.84,17.39
2024-02-01,5315.14,17.28
2024-02-02,5118.47,16.65
2024-02-05,4803.4,15.72
2024-02-06,5138.36,16.81
2024-02-07,5368.18,17.54
2024-02-08,5587.39,18.19
2024-02-19,5628.22,18.3
2024-02-20,5646.6,18.36
2024-02-21,5677.34,18.47
2024-02-22,5764.68,18.72
2024-02-23,5848.04,18.95
2024-02-26,5881.31,19.05
2024-02-27,6036.46,19.52
2024-02-28,5765.65,18.7
2024-02-29,5981.14,19.36
2024-03-01,6045.3,19.54
2024-03-04,6074.84,19.65
2024-03-05,6015.3,19.46
2024-03-06,6022.38,19.49
2024-03-07,5934.89,19.25
2024-03-08,6009.98,19.48
2024-03-11,6117.72,19.8
2024-03-12,6150.96,19.87
2024-03-13,6179.42,19.95
2024-03-14,6140.1,19.84
2024-03-15,6217.31,20.08
2024-03-18,6320.79,20.39
2024-03-19,6275.43,20.24
2024-03-20,6333.26,20.41
2024-03-21,6332.29,20.39
2024-03-22,6262.46,20.16
2024-03-25,6117.17,19.74
2024-03-26,6096.68,19.69
2024-03-27,5893.54,19.09
2024-03-28,6023.36,19.47
2024-03-29,6089.42,19.7
2024-04-01,6221.24,20.11
2024-04-02,6189.9,20.04
2024-04-03,6156.19,19.96
2024-04-08,6043.14,19.62
2024-04-09,6120.36,19.86
2024-04-10,6006.37,19.52
2024-04-11,6020.76,19.6
2024-04-12,5974.72,19.48
2024-04-15,5917.35,19.37
2024-04-16,5670.19,18.64
2024-04-17,5917.29,19.41
2024-04-18,5916.47,19.41
2024-04-19,5891.6,19.34
2024-04-22,5871.19,19.27
2024-04-23,5840.25,19.13
2024-04-24,5938.01,19.41
2024-04-25,5947.59,19.43
2024-04-26,6062.92,19.74
2024-04-29,6207.87,20.14
2024-04-30,6155.77,19.99
2024-05-06,6278.73,23.96
2024-05-07,6299.57,24.02
2024-05-08,6200.65,23.63
2024-05-09,6302.45,24.01
2024-05-10,6244.2,23.84
2024-05-13,6184.61,23.81
2024-05-14,6220.4,23.94
2024-05-15,6159.57,23.68
2024-05-16,6151.72,23.6
2024-05-17,6235.78,23.82
2024-05-20,6273.65,23.99
2024-05-21,6207.16,23.75
2024-05-22,6212.1,23.7
2024-05-23,6071.43,23.17
2024-05-24,6002.9,22.93
2024-05-27,6064.46,23.18
2024-05-28,6002.24,22.94
2024-05-29,6007.53,22.97
2024-05-30,5991.6,22.88
2024-05-31,6017.68,22.91
2024-06-03,5939.76,22.64
2024-06-04,5973.29,22.82
2024-06-05,5896.64,22.48
2024-06-06,5772.82,22.07
2024-06-07,5802.38,22.13
2024-06-11,5854.29,22.25
2024-06-12,5874.68,22.31
2024-06-13,5835.1,22.16
2024-06-14,5838.98,22.09
2024-06-17,5843.78,22.15
2024-06-18,5893.6,22.28
2024-06-19,5819.24,21.98
2024-06-20,5705.59,21.55
2024-06-21,5706.87,21.56
2024-06-24,5518.54,20.86
2024-06-25,5473.85,20.73
2024-06-26,5632.14,21.27
2024-06-27,5496.28,20.75
2024-06-28,5533.69,20.91
2024-07-01,5584.06,21.11
2024-07-02,5545.04,20.92
2024-07-03,5502.45,20.73
2024-07-04,5384.63,20.31
2024-07-05,5441.52,20.51
2024-07-08,5309.83,20.03
2024-07-09,5426.86,20.48
2024-07-10,5405.9,20.37
2024-07-11,5538.34,20.83
2024-07-12,5521.77,20.74
2024-07-15,5465.51,20.52
2024-07-16,5476.79,20.53
2024-07-17,5431.22,20.35
2024-07-18,5450.87,20.44
2024-07-19,5463.09,20.44
2024-07-22,5469.68,20.42
2024-07-23,5320.21,19.84
2024-07-24,5248.28,19.59
2024-07-25,5250.7,19.59
2024-07-26,5329.9,19.88
2024-07-29,5311.27,19.79
2024-07-30,5330.47,19.82
2024-07-31,5542.24,20.61
2024-08-01,5530.12,20.55
2024-08-02,5452.67,20.27
2024-08-05,5304.06,19.74
2024-08-06,5384.89,20.04
2024-08-07,5377.5,20.02
2024-08-08,5373.33,20.02
2024-08-09,5331.81,19.87
2024-08-12,5299.65,19.77
2024-08-13,5326.6,19.86
2024-08-14,5272.15,19.64
2024-08-15,5320.52,19.79
2024-08-16,5280.18,19.65
2024-08-19,5289.26,19.68
2024-08-20,5193.64,19.32
2024-08-21,5158.83,19.21
2024-08-22,5095.22,18.99
2024-08-23,5099.25,18.99
2024-08-26,5119.16,19.08
2024-08-27,5059.13,18.88
2024-08-28,5071.46,18.92
2024-08-29,5153.34,19.21
2024-08-30,5251.9,19.54
2024-09-02,5142.16,19.85
2024-09-03,5187.41,20.01
2024-09-04,5162.87,19.93
2024-09-05,5203.79,20.07
2024-09-06,5114.94,19.72
2024-09-09,5078.09,19.58
2024-09-10,5091.85,19.61
2024-09-11,5090.28,19.59
2024-09-12,5070.84,19.5
2024-09-13,5007.97,19.27
2024-09-18,4992.08,19.28
2024-09-19,5086.57,19.62
2024-09-20,5065.56,19.51
2024-09-23,5072.16,19.49
2024-09-24,5269.21,20.26
2024-09-25,5319.14,20.41
2024-09-26,5532.58,21.21
2024-09-27,5830.89,22.29
2024-09-30,6481.03,24.69
2024-10-08,7040.92,26.65
2024-10-09,6502.14,24.48
2024-10-10,6419.67,24.31
2024-10-11,6150.78,23.29
2024-10-14,6376.82,24.08
2024-10-15,6253.68,23.56
2024-10-16,6273.29,23.64
2024-10-17,6252.18,23.53
2024-10-18,6529.2,24.51
2024-10-21,6655.61,24.87
2024-10-22,6687.77,25.03
2024-10-23,6704.83,25.08
2024-10-24,6657.27,24.89
2024-10-25,6786.27,25.33
2024-10-28,6908.02,25.73
2024-10-29,6796.67,25.28
2024-10-30,6837.11,25.31
2024-10-31,6948.11,25.6
2024-11-01,6736.53,24.86
2024-11-04,6876.14,25.36
2024-11-05,7118.6,26.18
2024-11-06,7148.88,26.27
2024-11-07,7274.76,26.74
2024-11-08,7297.32,26.76
2024-11-11,7474.44,27.35
2024-11-12,7375.58,27.02
2024-11-13,7355.69,27.0
2024-11-14,7125.98,26.2
2024-11-15,6959.36,25.64
2024-11-18,6787.91,25.13
2024-11-19,6964.83,25.74
2024-11-20,7101.76,26.13
2024-11-21,7114.71,26.11
2024-11-22,6851.62,25.16
2024-11-25,6876.34,25.27
2024-11-26,6796.43,25.02
2024-11-27,6952.2,25.56
2024-11-28,6915.25,25.44
2024-11-29,7032.36,25.89
2024-12-02,7173.83,26.39
2024-12-03,7162.1,26.34
2024-12-04,7050.37,25.95
2024-12-05,7142.35,26.21
2024-12-06,7215.15,26.47
2024-12-09,7162.48,26.34
2024-12-10,7229.27,26.55
2024-12-11,7326.26,26.93
2024-12-12,7375.25,27.13
2024-12-13,7221.66,26.58
2024-12-16,7133.62,26.41
2024-12-17,6981.83,25.9
2024-12-18,7040.96,26.08
2024-12-19,7053.86,26.14
2024-12-20,7127.44,26.4
2024-12-23,6928.14,25.75
2024-12-24,7005.48,26.11
2024-12-25,6926.32,25.86
2024-12-26,7001.17,26.14
2024-12-27,7013.81,26.19
2024-12-30,6984.68,26.1
2024-12-31,6770.78,25.37
2025-01-02,6588.23,24.69
2025-01-03,6392.9,24.05
2025-01-06,6373.38,24.01
2025-01-07,6468.89,24.32
2025-01-08,6434.64,24.22
2025-01-09,6447.14,24.23
2025-01-10,6302.05,23.72
2025-01-13,6318.6,23.75
2025-01-14,6604.54,24.76
2025-01-15,6564.56,24.61
2025-01-16,6593.83,24.68
2025-01-17,6639.6,24.89
2025-01-20,6682.32,25.06
2025-01-21,6715.18,25.2
2025-01-22,6656.49,25.01
2025-01-23,6626.23,24.92
2025-01-24,6750.52,25.34
2025-01-27,6645.86,25.03
2025-02-05,6686.07,25.05
2025-02-06,6868.41,25.68
2025-02-07,6973.25,26.01
2025-02-10,7060.2,26.24
2025-02-11,7037.07,26.2
2025-02-12,7144.43,26.54
2025-02-13,7062.45,26.18
2025-02-14,7103.76,26.29
2025-02-17,7140.97,26.45
2025-02-18,6982.47,25.93
2025-02-19,7148.89,26.53
2025-02-20,7201.1,26.74
2025-02-21,7331.62,27.13
2025-02-24,7348.44,27.19
2025-02-25,7315.93,27.04
2025-02-26,7417.09,27.39
2025-02-27,7388.81,27.27
2025-02-28,7128.35,26.38
2025-03-03,7132.04,26.41
2025-03-04,7227.49,26.74
2025-03-05,7273.65,26.89
2025-03-06,7429.13,27.39
2025-03-07,7398.2,27.34
2025-03-10,7413.21,27.4
2025-03-11,7448.19,27.52
2025-03-12,7465.51,27.59
2025-03-13,7351.78,27.2
2025-03-14,7470.38,27.64
2025-03-17,7491.31,27.7
2025-03-18,7516.73,27.82
2025-03-19,7463.01,27.64
2025-03-20,7429.34,27.52
2025-03-21,7282.18,27.01
2025-03-24,7230.71,26.9
2025-03-25,7174.35,26.72
2025-03-26,7201.8,26.83
2025-03-27,7194.82,26.8
2025-03-28,7126.1,26.55
2025-03-31,7078.73,26.39
2025-04-01,7116.05,26.56
2025-04-02,7136.26,26.63
2025-04-03,7052.13,26.28
2025-04-07,6248.6,23.4
2025-04-08,6286.77,23.56
2025-04-09,6425.82,24.05
2025-04-10,6576.17,24.61
2025-04-11,6664.51,24.89
2025-04-14,6751.35,25.18
2025-04-15,6723.5,25.11
2025-04-16,6634.13,24.81
2025-04-17,6638.92,24.84
2025-04-18,6630.07,24.77
2025-04-21,6767.58,25.25
2025-04-22,6763.97,25.25
2025-04-23,6804.17,25.39
2025-04-24,6731.32,25.16
2025-04-25,6753.01,25.26
2025-04-28,6682.33,24.98
2025-04-29,6712.83,25.08
2025-04-30,6767.05,25.23
2025-05-06,6940.96,25.82
2025-05-07,6950.94,25.84
2025-05-08,7004.81,26.0
2025-05-09,6918.86,25.71
2025-05-12,7016.18,26.0
2025-05-13,6997.99,25.95
2025-05-14,7009.17,25.97
2025-05-15,6892.3,25.58
2025-05-16,6906.1,25.59
2025-05-19,6937.56,25.72
2025-05-20,6996.05,25.9
2025-05-21,6981.13,25.85
2025-05-22,6907.67,25.6
2025-05-23,6821.76,25.29
2025-05-26,6867.59,25.43
2025-05-27,6845.85,25.31
2025-05-28,6820.56,25.26
2025-05-29,6943.13,25.6
2025-05-30,6873.22,25.31
2025-06-03,6923.62,25.5
2025-06-04,6985.77,25.68
2025-06-05,7037.98,25.82
2025-06-06,7024.68,25.75
2025-06-09,7100.47,25.98
2025-06-10,7036.57,25.75
2025-06-11,7066.83,25.87
2025-06-12,7075.32,25.83
2025-06-13,6979.11,25.5
2025-06-16,7027.13,25.84
2025-06-17,7021.6,25.78
2025-06-18,7016.36,25.75
2025-06-19,6918.25,25.36
2025-06-20,6865.49,25.16
2025-06-23,6956.78,25.41
2025-06-24,7090.59,25.89
2025-06-25,7185.64,26.18
2025-06-26,7154.62,26.07
2025-06-27,7189.46,26.2
2025-06-30,7281.31,26.51
2025-07-01,7301.53,26.57
2025-07-02,7227.9,26.33
2025-07-03,7266.88,26.46
2025-07-04,7233.82,26.32
2025-07-07,7251.59,26.39
2025-07-08,7344.56,26.69
2025-07-09,7325.34,26.63
2025-07-10,7344.64,26.68
2025-07-11,7408.99,26.87
2025-07-14,7410.77,26.92
2025-07-15,7389.17,26.83
2025-07-16,7412.21,26.94
2025-07-17,7497.21,27.2
2025-07-18,7517.33,27.27
2025-07-21,7586.78,27.56
2025-07-22,7615.54,27.71
2025-07-23,7582.03,27.58
2025-07-24,7690.0,27.94
2025-07-25,7696.53,27.96
2025-07-28,7723.68,28.0
2025-07-29,7774.06,28.15
2025-07-30,7711.26,27.93
2025-07-31,7645.63,27.65
2025-08-01,7656.41,27.69
2025-08-04,7735.9,28.0
2025-08-05,7790.99,28.22
2025-08-06,7875.9,28.49
2025-08-07,7877.09,28.49
2025-08-08,7849.72,28.45
2025-08-11,7971.31,28.83
2025-08-12,7993.91,28.93
2025-08-13,8109.69,29.33
2025-08-14,8008.95,28.95
2025-08-15,8171.02,29.49
2025-08-18,8308.89,29.95
2025-08-19,8315.26,29.95
2025-08-20,8387.38,30.25
2025-08-21,8327.55,30.06
2025-08-22,8453.44,30.45
2025-08-25,8585.23,30.83
2025-08-26,8583.86,30.83
2025-08-27,8423.17,30.27
2025-08-28,8550.28,30.68
2025-08-29,8540.85,30.68
2025-09-01,8612.75,32.0
2025-09-02,8397.73,31.27
2025-09-03,8274.96,30.83
2025-09-04,8084.8,30.19
2025-09-05,8320.0,31.01
2025-09-08,8395.17,31.33
2025-09-09,8297.98,31.0
2025-09-10,8303.19,31.02
2025-09-11,8498.09,31.68
2025-09-12,8524.77,31.77
2025-09-15,8516.68,31.72
2025-09-16,8595.29,31.99
2025-09-17,8677.3,32.28
2025-09-18,8587.32,32.0
2025-09-19,8544.12,31.88
2025-09-22,8603.26,32.04
2025-09-23,8510.27,31.77
2025-09-24,8655.49,32.28
2025-09-25,8623.94,32.16
2025-09-26,8499.54,31.74
2025-09-29,8614.86,32.12
2025-09-30,8703.63,32.39
2025-10-09,8787.62,32.72
2025-10-10,8656.41,32.38
2025-10-13,8640.55,32.28
2025-10-14,8472.13,31.71
2025-10-15,8599.29,32.16
2025-10-16,8505.9,31.82
2025-10-17,8257.92,30.94
2025-10-20,8319.84,31.15
2025-10-21,8440.49,31.6
2025-10-22,8404.15,31.46
2025-10-23,8399.5,31.46
2025-10-24,8527.91,31.87
2025-10-27,8615.55,32.21
2025-10-28,8597.08,32.15
2025-10-29,8700.44,32.55
2025-10-30,8604.01,32.15
2025-10-31,8629.04,32.18
2025-11-03,8665.21,32.28
2025-11-04,8547.56,31.86
2025-11-05,8581.05,32.01
2025-11-06,8681.05,32.39
2025-11-07,8669.71,32.33
2025-11-10,8694.28,32.44
2025-11-11,8668.59,32.34
2025-11-12,8606.24,32.11
2025-11-13,8726.03,32.5
2025-11-14,8625.32,32.14
2025-11-17,8648.73,32.15
2025-11-18,8562.78,31.81
2025-11-19,8492.99,31.59
2025-11-20,8439.19,31.39
2025-11-21,8125.7,30.29
2025-11-24,8227.71,30.64
2025-11-25,8335.74,31.0
2025-11-26,8334.17,30.98
2025-11-27,8344.61,30.97
2025-11-28,8433.17,31.32
2025-12-01,8493.5,31.55
2025-12-02,8409.0,31.24
2025-12-03,8334.63,31.05
2025-12-04,8335.07,31.03
2025-12-05,8443.27,31.42
2025-12-08,8536.16,31.7
2025-12-09,8487.39,31.54
2025-12-10,8519.25,31.68
2025-12-11,8408.7,31.29
2025-12-12,8476.76,31.58
2025-12-15,8405.61,31.4
2025-12-16,8259.04,30.88
2025-12-17,8382.22,31.33
2025-12-18,8363.45,31.31
2025-12-19,8429.6,31.57
2025-12-22,8519.95,31.9
2025-12-23,8501.63,31.9
2025-12-24,8632.7,32.33
2025-12-25,8716.78,32.61
2025-12-26,8746.89,32.66
2025-12-29,8733.82,32.63
2025-12-30,8737.43,32.64
2025-12-31,8735.38,32.62
2026-01-05,8917.79,33.21
2026-01-06,9045.48,33.65
2026-01-07,9093.48,33.83
2026-01-08,9168.51,34.08
2026-01-09,9349.9,34.68
2026-01-12,9611.94,35.37
2026-01-13,9434.98,34.78
2026-01-14,9497.15,34.97
2026-01-15,9478.36,35.04
2026-01-16,9469.4,35.13
2026-01-19,9507.26,35.38
2026-01-20,9411.94,35.11
2026-01-21,9486.63,35.45
2026-01-22,9557.55,35.68
2026-01-23,9743.2,36.26
2026-01-26,9622.17,35.89
2026-01-27,9641.4,35.97
2026-01-28,9661.69,36.14
2026-01-29,9583.95,35.84
2026-01-30,9494.98,35.6
2026-02-02,9173.57,34.43
2026-02-03,9442.35,35.39
2026-02-04,9440.07,35.38
2026-02-05,9280.29,34.75
2026-02-06,9261.34,34.68
2026-02-09,9471.33,35.39
2026-02-10,9490.37,35.45
2026-02-11,9477.97,35.49
2026-02-12,9564.61,35.84
2026-02-13,9438.07,35.4
2026-02-24,9547.29,35.91
2026-02-25,9692.87,36.48
2026-02-26,9766.82,36.78
2026-02-27,9847.6,37.02
2026-03-02,9751.11,36.77
2026-03-03,9366.32,35.45
2026-03-04,9311.18,35.2
2026-03-05,9399.3,35.46
2026-03-06,9488.72,35.76
2026-03-09,9436.97,35.49
2026-03-10,9605.17,36.12
2026-03-11,9620.62,36.17
2026-03-12,9588.86,36.04
2026-03-13,9448.96,35.55
2026-03-16,9445.58,35.48
2026-03-17,9225.31,34.62
2026-03-18,9313.58,34.91
2026-03-19,9098.06,34.08
2026-03-20,8953.35,33.63
2026-03-23,8522.76,32.03
2026-03-24,8743.33,32.87
2026-03-25,8916.25,33.54
2026-03-26,8787.64,33.1
2026-03-27,8910.65,33.51
2026-03-30,8935.52,33.63
2026-03-31,8765.18,33.03
2026-04-01,8931.23,33.63
2026-04-02,8769.34,33.08
2026-04-03,8669.47,32.72
2026-04-07,8749.32,33.01
2026-04-08,9151.65,34.44
2026-04-09,9112.17,34.33
2026-04-10,9200.62,34.62
2026-04-13,9232.07,34.7
2026-04-14,9369.18,35.2
2026-04-15,9324.82,35.06
2026-04-16,9470.7,35.59
2026-04-17,9556.38,35.88
2026-04-20,9614.33,36.13
2026-04-21,9606.7,36.16
2026-04-22,9756.41,36.64
2026-04-23,9620.22,36.12
2026-04-24,9552.95,35.82
2026-04-27,9592.96,35.99
2026-04-28,9464.4,35.6
2026-04-29,9598.5,36.09
2026-04-30,9643.87,36.23
2026-05-06,9865.48,36.9
2026-05-07,10026.5,37.53
2026-05-08,10057.35,37.64
2026-05-11,10202.84,38.21
2026-05-12,10152.0,38.07
2026-05-13,10305.81,38.66
2026-05-14,10102.98,37.91
2026-05-15,9993.5,37.51
2026-05-18,10037.32,37.54
2026-05-19,10140.25,37.89
2026-05-20,10141.85,37.92
2026-05-21,9800.34,36.63
2026-05-22,10012.18,37.44
2026-05-25,10135.74,37.9
2026-05-26,10007.68,37.47
2026-05-27,9846.92,36.9
2026-05-28,9954.8,37.33
2026-05-29,9694.89,36.45
2026-06-01,9622.86,36.0
2026-06-02,9669.32,36.24
