日期,收盘价,市盈率
2004-01-01,989.98,nan
2005-01-04,989.98,nan
2005-01-05,1013.58,nan
2005-01-06,1005.47,nan
2005-01-07,1011.74,nan
2005-01-10,1023.64,nan
2005-01-11,1027.16,nan
2005-01-12,1024.92,nan
2005-01-13,1029.3,nan
2005-01-14,1011.88,nan
2005-01-17,986.66,nan
2005-01-18,1008.11,nan
2005-01-19,1002.46,nan
2005-01-20,989.44,nan
2005-01-21,1006.25,nan
2005-01-24,1028.01,nan
2005-01-25,1015.1,nan
2005-01-26,1006.84,nan
2005-01-27,989.41,nan
2005-01-28,963.01,nan
2005-01-31,924.17,nan
2005-02-01,905.8,nan
2005-02-02,958.39,nan
2005-02-03,936.86,nan
2005-02-04,952.39,nan
2005-02-16,966.39,nan
2005-02-17,973.81,nan
2005-02-18,964.01,nan
2005-02-21,983.61,nan
2005-02-22,1015.66,nan
2005-02-23,1032.9,nan
2005-02-24,1035.35,nan
2005-02-25,1032.41,nan
2005-02-28,1029.38,nan
2005-03-01,1030.82,nan
2005-03-02,1014.53,nan
2005-03-03,1020.25,nan
2005-03-04,1011.36,nan
2005-03-07,1013.59,nan
2005-03-08,1037.03,nan
2005-03-09,1042.18,nan
2005-03-10,1011.79,nan
2005-03-11,1017.45,nan
2005-03-14,1005.99,nan
2005-03-15,993.48,nan
2005-03-16,982.84,nan
2005-03-17,967.59,nan
2005-03-18,946.71,nan
2005-03-21,950.79,nan
2005-03-22,915.94,nan
2005-03-23,915.97,nan
2005-03-24,928.54,nan
2005-03-25,923.2,nan
2005-03-28,911.35,nan
2005-03-29,904.82,nan
2005-03-30,869.58,nan
2005-03-31,880.9,nan
2005-04-01,913.85,nan
2005-04-04,896.29,nan
2005-04-05,886.2,nan
2005-04-06,898.88,nan
2005-04-07,913.66,nan
2005-04-08,931.38,nan
2005-04-11,931.97,nan
2005-04-12,905.87,nan
2005-04-13,929.11,nan
2005-04-14,916.35,nan
2005-04-15,887.93,nan
2005-04-18,868.33,nan
2005-04-19,867.23,nan
2005-04-20,844.93,nan
2005-04-21,826.05,nan
2005-04-22,806.65,nan
2005-04-25,789.54,nan
2005-04-26,806.94,nan
2005-04-27,790.24,nan
2005-04-28,813.63,nan
2005-04-29,802.28,nan
2005-05-09,771.08,nan
2005-05-10,773.2,nan
2005-05-11,772.08,nan
2005-05-12,769.02,nan
2005-05-13,779.49,nan
2005-05-16,776.54,nan
2005-05-17,785.44,nan
2005-05-18,794.57,nan
2005-05-19,794.49,nan
2005-05-20,787.9,nan
2005-05-23,758.68,nan
2005-05-24,777.77,nan
2005-05-25,781.99,nan
2005-05-26,772.87,nan
2005-05-27,767.27,nan
2005-05-30,776.41,nan
2005-05-31,775.74,nan
2005-06-01,760.51,nan
2005-06-02,756.82,nan
2005-06-03,756.91,nan
2005-06-06,766.73,nan
2005-06-07,767.91,nan
2005-06-08,826.23,nan
2005-06-09,836.83,nan
2005-06-10,820.0,nan
2005-06-13,825.87,nan
2005-06-14,807.36,nan
2005-06-15,788.29,nan
2005-06-16,797.43,nan
2005-06-17,790.55,nan
2005-06-20,813.12,nan
2005-06-21,806.02,nan
2005-06-22,810.03,nan
2005-06-23,796.05,nan
2005-06-24,799.7,nan
2005-06-27,822.88,nan
2005-06-28,807.64,nan
2005-06-29,805.1,nan
2005-06-30,781.83,nan
2005-07-01,743.12,nan
2005-07-04,734.95,nan
2005-07-05,729.36,nan
2005-07-06,727.06,nan
2005-07-07,732.05,nan
2005-07-08,706.74,nan
2005-07-11,694.83,nan
2005-07-12,720.57,nan
2005-07-13,711.95,nan
2005-07-14,711.58,nan
2005-07-15,690.49,nan
2005-07-18,669.03,nan
2005-07-19,677.02,nan
2005-07-20,682.12,nan
2005-07-21,679.02,nan
2005-07-22,694.29,nan
2005-07-25,692.39,nan
2005-07-26,709.1,nan
2005-07-27,724.05,nan
2005-07-28,725.81,nan
2005-07-29,722.87,nan
2005-08-01,729.9,nan
2005-08-02,744.01,nan
2005-08-03,751.89,nan
2005-08-04,747.57,nan
2005-08-05,772.15,nan
2005-08-08,783.73,nan
2005-08-09,799.41,nan
2005-08-10,809.46,nan
2005-08-11,817.62,nan
2005-08-12,803.44,nan
2005-08-15,830.34,nan
2005-08-16,833.49,nan
2005-08-17,857.66,nan
2005-08-18,826.42,nan
2005-08-19,827.46,nan
2005-08-22,836.52,nan
2005-08-23,819.17,nan
2005-08-24,831.0,nan
2005-08-25,843.88,nan
2005-08-26,848.02,nan
2005-08-29,842.15,nan
2005-08-30,832.52,nan
2005-08-31,850.73,nan
2005-09-01,870.71,nan
2005-09-02,880.86,nan
2005-09-05,891.16,nan
2005-09-06,864.93,nan
2005-09-07,893.58,nan
2005-09-08,897.37,nan
2005-09-09,888.0,nan
2005-09-12,894.16,nan
2005-09-13,915.5,nan
2005-09-14,927.82,nan
2005-09-15,929.95,nan
2005-09-16,930.41,nan
2005-09-19,947.9,nan
2005-09-20,947.28,nan
2005-09-21,933.81,nan
2005-09-22,892.08,nan
2005-09-23,874.67,nan
2005-09-26,884.29,nan
2005-09-27,859.63,nan
2005-09-28,857.46,nan
2005-09-29,876.57,nan
2005-09-30,870.96,nan
2005-10-10,859.08,nan
2005-10-11,879.88,nan
2005-10-12,889.6,nan
2005-10-13,886.08,nan
2005-10-14,876.26,nan
2005-10-17,879.27,nan
2005-10-18,897.45,nan
2005-10-19,891.35,nan
2005-10-20,891.06,nan
2005-10-21,897.64,nan
2005-10-24,897.36,nan
2005-10-25,876.64,nan
2005-10-26,853.18,nan
2005-10-27,837.34,nan
2005-10-28,806.56,nan
2005-10-31,812.45,nan
2005-11-01,804.35,nan
2005-11-02,826.51,nan
2005-11-03,818.95,nan
2005-11-04,826.77,nan
2005-11-07,837.67,nan
2005-11-08,846.56,nan
2005-11-09,842.77,nan
2005-11-10,816.01,nan
2005-11-11,822.67,nan
2005-11-14,827.48,nan
2005-11-15,821.06,nan
2005-11-16,827.59,nan
2005-11-17,828.65,nan
2005-11-18,848.78,nan
2005-11-21,855.43,nan
2005-11-22,833.59,nan
2005-11-23,841.31,nan
2005-11-24,845.48,nan
2005-11-25,847.34,nan
2005-11-28,846.43,nan
2005-11-29,835.31,nan
2005-11-30,839.24,nan
2005-12-01,835.39,nan
2005-12-02,821.72,nan
2005-12-05,794.32,nan
2005-12-06,796.99,nan
2005-12-07,805.53,nan
2005-12-08,802.54,nan
2005-12-09,816.96,nan
2005-12-12,823.32,nan
2005-12-13,822.53,nan
2005-12-14,831.8,nan
2005-12-15,824.61,nan
2005-12-16,831.96,nan
2005-12-19,834.02,nan
2005-12-20,835.01,nan
2005-12-21,823.37,nan
2005-12-22,826.91,nan
2005-12-23,834.72,nan
2005-12-26,841.21,nan
2005-12-27,841.93,nan
2005-12-28,844.07,nan
2005-12-29,852.39,nan
2005-12-30,842.74,nan
2006-01-04,852.53,nan
2006-01-05,865.7,nan
2006-01-06,872.82,nan
2006-01-09,886.66,nan
2006-01-10,889.15,nan
2006-01-11,880.91,nan
2006-01-12,899.81,nan
2006-01-13,904.61,nan
2006-01-16,892.8,nan
2006-01-17,891.54,nan
2006-01-18,908.86,nan
2006-01-19,914.31,nan
2006-01-20,908.66,nan
2006-01-23,909.73,nan
2006-01-24,903.84,nan
2006-01-25,887.72,nan
2006-02-06,909.47,nan
2006-02-07,915.25,nan
2006-02-08,924.71,nan
2006-02-09,914.4,nan
2006-02-10,925.09,nan
2006-02-13,926.47,nan
2006-02-14,934.09,nan
2006-02-15,935.77,nan
2006-02-16,914.0,nan
2006-02-17,907.71,nan
2006-02-20,899.59,nan
2006-02-21,918.34,nan
2006-02-22,919.56,nan
2006-02-23,920.87,nan
2006-02-24,926.62,nan
2006-02-27,926.48,nan
2006-02-28,929.38,nan
2006-03-01,936.7,nan
2006-03-02,917.95,nan
2006-03-03,918.01,nan
2006-03-06,915.66,nan
2006-03-07,889.0,nan
2006-03-08,889.97,nan
2006-03-09,884.03,nan
2006-03-10,885.41,nan
2006-03-13,892.68,nan
2006-03-14,895.8,nan
2006-03-15,902.74,nan
2006-03-16,903.93,nan
2006-03-17,899.39,nan
2006-03-20,908.36,nan
2006-03-21,911.14,nan
2006-03-22,920.3,nan
2006-03-23,931.18,nan
2006-03-24,921.31,nan
2006-03-27,931.03,nan
2006-03-28,933.3,nan
2006-03-29,931.04,nan
2006-03-30,923.95,nan
2006-03-31,923.19,nan
2006-04-03,936.34,nan
2006-04-04,947.25,nan
2006-04-05,955.0,nan
2006-04-06,952.32,nan
2006-04-07,961.44,nan
2006-04-10,980.27,nan
2006-04-11,982.14,nan
2006-04-12,986.35,nan
2006-04-13,960.33,nan
2006-04-14,977.09,nan
2006-04-17,988.19,nan
2006-04-18,986.35,nan
2006-04-19,982.99,nan
2006-04-20,970.81,nan
2006-04-21,972.54,nan
2006-04-24,950.93,nan
2006-04-25,945.52,nan
2006-04-26,956.2,nan
2006-04-27,957.59,nan
2006-04-28,965.29,nan
2006-05-08,993.2,nan
2006-05-09,1022.82,nan
2006-05-10,1037.93,nan
2006-05-11,1033.48,nan
2006-05-12,1066.17,nan
2006-05-15,1108.9,nan
2006-05-16,1080.74,nan
2006-05-17,1101.69,nan
2006-05-18,1121.48,nan
2006-05-19,1153.64,nan
2006-05-22,1183.7,nan
2006-05-23,1138.82,nan
2006-05-24,1119.44,nan
2006-05-25,1140.35,nan
2006-05-26,1170.28,nan
2006-05-29,1198.81,nan
2006-05-30,1218.73,nan
2006-05-31,1224.03,nan
2006-06-01,1278.24,nan
2006-06-02,1287.82,nan
2006-06-05,1323.45,nan
2006-06-06,1322.52,nan
2006-06-07,1244.92,nan
2006-06-08,1242.22,nan
2006-06-09,1214.09,nan
2006-06-12,1211.76,nan
2006-06-13,1220.09,nan
2006-06-14,1218.23,nan
2006-06-15,1227.78,nan
2006-06-16,1254.81,nan
2006-06-19,1268.85,nan
2006-06-20,1285.23,nan
2006-06-21,1278.46,nan
2006-06-22,1280.87,nan
2006-06-23,1297.75,nan
2006-06-26,1319.45,nan
2006-06-27,1325.17,nan
2006-06-28,1326.39,nan
2006-06-29,1349.11,nan
2006-06-30,1336.66,nan
2006-07-03,1356.29,nan
2006-07-04,1348.17,nan
2006-07-05,1345.33,nan
2006-07-06,1382.23,nan
2006-07-07,1383.65,nan
2006-07-10,1405.09,nan
2006-07-11,1417.3,nan
2006-07-12,1415.93,nan
2006-07-13,1314.4,nan
2006-07-14,1325.64,nan
2006-07-17,1351.16,nan
2006-07-18,1362.29,nan
2006-07-19,1337.53,nan
2006-07-20,1350.85,nan
2006-07-21,1352.62,nan
2006-07-24,1350.75,nan
2006-07-25,1369.89,nan
2006-07-26,1383.19,nan
2006-07-27,1375.14,nan
2006-07-28,1366.58,nan
2006-07-31,1309.66,nan
2006-08-01,1286.35,nan
2006-08-02,1273.41,nan
2006-08-03,1269.58,nan
2006-08-04,1221.2,nan
2006-08-07,1185.39,nan
2006-08-08,1226.9,nan
2006-08-09,1234.1,nan
2006-08-10,1253.95,nan
2006-08-11,1261.15,nan
2006-08-14,1219.08,nan
2006-08-15,1243.47,nan
2006-08-16,1262.19,nan
2006-08-17,1255.46,nan
2006-08-18,1246.44,nan
2006-08-21,1258.16,nan
2006-08-22,1271.19,nan
2006-08-23,1268.33,nan
2006-08-24,1286.41,nan
2006-08-25,1286.58,nan
2006-08-28,1316.24,nan
2006-08-29,1315.66,nan
2006-08-30,1329.2,nan
2006-08-31,1336.31,nan
2006-09-01,1310.68,nan
2006-09-04,1343.19,nan
2006-09-05,1344.89,nan
2006-09-06,1355.48,nan
2006-09-07,1334.17,nan
2006-09-08,1337.72,nan
2006-09-11,1348.99,nan
2006-09-12,1356.04,nan
2006-09-13,1339.07,nan
2006-09-14,1341.53,nan
2006-09-15,1354.52,nan
2006-09-18,1375.47,nan
2006-09-19,1378.55,nan
2006-09-20,1385.26,nan
2006-09-21,1390.2,nan
2006-09-22,1376.9,nan
2006-09-25,1381.1,nan
2006-09-26,1381.72,nan
2006-09-27,1391.08,nan
2006-09-28,1399.31,nan
2006-09-29,1411.51,nan
2006-10-09,1433.79,nan
2006-10-10,1439.84,nan
2006-10-11,1446.87,nan
2006-10-12,1434.16,nan
2006-10-13,1442.02,nan
2006-10-16,1440.44,nan
2006-10-17,1438.82,nan
2006-10-18,1453.1,nan
2006-10-19,1456.88,nan
2006-10-20,1444.57,nan
2006-10-23,1405.31,nan
2006-10-24,1438.42,nan
2006-10-25,1426.44,nan
2006-10-26,1411.51,nan
2006-10-27,1387.6,nan
2006-10-30,1382.04,nan
2006-10-31,1396.96,nan
2006-11-01,1403.52,nan
2006-11-02,1397.88,nan
2006-11-03,1405.0,nan
2006-11-06,1400.54,nan
2006-11-07,1379.31,nan
2006-11-08,1375.24,nan
2006-11-09,1392.82,nan
2006-11-10,1353.48,nan
2006-11-13,1306.78,nan
2006-11-14,1325.16,nan
2006-11-15,1342.7,nan
2006-11-16,1321.5,nan
2006-11-17,1333.44,nan
2006-11-20,1322.59,nan
2006-11-21,1330.85,nan
2006-11-22,1340.4,nan
2006-11-23,1350.14,nan
2006-11-24,1362.57,nan
2006-11-27,1386.25,nan
2006-11-28,1392.4,nan
2006-11-29,1402.46,nan
2006-11-30,1421.48,nan
2006-12-01,1429.85,nan
2006-12-04,1450.57,nan
2006-12-05,1461.38,nan
2006-12-06,1441.37,nan
2006-12-07,1429.17,nan
2006-12-08,1380.1,nan
2006-12-11,1415.91,nan
2006-12-12,1420.93,nan
2006-12-13,1427.68,nan
2006-12-14,1446.22,nan
2006-12-15,1460.18,nan
2006-12-18,1481.21,nan
2006-12-19,1493.62,nan
2006-12-20,1525.95,nan
2006-12-21,1517.89,nan
2006-12-22,1507.89,nan
2006-12-25,1523.82,nan
2006-12-26,1507.07,nan
2006-12-27,1511.8,nan
2006-12-28,1472.15,nan
2006-12-29,1485.1,nan
2007-01-04,1480.94,nan
2007-01-05,1517.5,nan
2007-01-08,1571.82,nan
2007-01-09,1610.2,nan
2007-01-10,1653.72,nan
2007-01-11,1669.98,nan
2007-01-12,1616.33,nan
2007-01-15,1683.9,nan
2007-01-16,1727.79,nan
2007-01-17,1730.6,nan
2007-01-18,1776.39,nan
2007-01-19,1836.65,nan
2007-01-22,1906.27,nan
2007-01-23,1921.53,nan
2007-01-24,1926.33,nan
2007-01-25,1853.94,nan
2007-01-26,1860.58,nan
2007-01-29,1924.46,nan
2007-01-30,1910.42,nan
2007-01-31,1830.29,nan
2007-02-01,1834.24,nan
2007-02-02,1806.41,nan
2007-02-05,1827.62,nan
2007-02-06,1876.42,nan
2007-02-07,1900.95,nan
2007-02-08,1936.74,nan
2007-02-09,1938.72,nan
2007-02-12,1979.74,nan
2007-02-13,2011.05,nan
2007-02-14,2052.67,nan
2007-02-15,2112.07,nan
2007-02-16,2165.07,nan
2007-02-26,2271.81,nan
2007-02-27,2097.43,nan
2007-02-28,2199.83,nan
2007-03-01,2172.82,nan
2007-03-02,2211.79,nan
2007-03-05,2225.25,nan
2007-03-06,2231.35,nan
2007-03-07,2288.4,nan
2007-03-08,2344.16,nan
2007-03-09,2366.49,nan
2007-03-12,2449.1,nan
2007-03-13,2481.59,nan
2007-03-14,2475.98,nan
2007-03-15,2531.94,nan
2007-03-16,2485.45,nan
2007-03-19,2538.3,nan
2007-03-20,2610.54,nan
2007-03-21,2659.3,nan
2007-03-22,2677.63,nan
2007-03-23,2708.89,nan
2007-03-26,2784.11,nan
2007-03-27,2835.29,nan
2007-03-28,2816.99,nan
2007-03-29,2702.91,nan
2007-03-30,2731.19,nan
2007-04-02,2796.51,nan
2007-04-03,2833.0,nan
2007-04-04,2859.24,nan
2007-04-05,2920.68,nan
2007-04-06,2954.23,nan
2007-04-09,2999.09,nan
2007-04-10,3033.29,nan
2007-04-11,3059.64,nan
2007-04-12,3125.47,nan
2007-04-13,3147.18,nan
2007-04-16,3238.2,nan
2007-04-17,3320.88,nan
2007-04-18,3410.57,nan
2007-04-19,3260.65,nan
2007-04-20,3420.55,nan
2007-04-23,3562.61,nan
2007-04-24,3579.3,nan
2007-04-25,3583.26,nan
2007-04-26,3621.14,nan
2007-04-27,3615.14,nan
2007-04-30,3654.97,nan
2007-05-08,3814.82,nan
2007-05-09,3864.12,nan
2007-05-10,3896.25,nan
2007-05-11,3891.92,nan
2007-05-14,3923.15,nan
2007-05-15,3801.79,nan
2007-05-16,3873.75,nan
2007-05-17,3982.92,nan
2007-05-18,4032.92,nan
2007-05-21,4138.97,nan
2007-05-22,4227.78,nan
2007-05-23,4347.98,nan
2007-05-24,4346.68,nan
2007-05-25,4384.99,nan
2007-05-28,4448.76,nan
2007-05-29,4484.44,nan
2007-05-30,4151.0,nan
2007-05-31,3894.68,nan
2007-06-01,3632.9,nan
2007-06-04,3359.93,nan
2007-06-05,3321.85,nan
2007-06-06,3354.83,nan
2007-06-07,3505.62,nan
2007-06-08,3578.51,nan
2007-06-11,3625.51,nan
2007-06-12,3682.44,nan
2007-06-13,3838.02,nan
2007-06-14,3776.99,nan
2007-06-15,3763.26,nan
2007-06-18,3878.97,nan
2007-06-19,3958.33,nan
2007-06-20,3867.76,nan
2007-06-21,3821.4,nan
2007-06-22,3587.39,nan
2007-06-25,3338.37,nan
2007-06-26,3383.89,nan
2007-06-27,3467.48,nan
2007-06-28,3299.12,nan
2007-06-29,3152.37,nan
2007-07-02,3223.95,nan
2007-07-03,3271.84,nan
2007-07-04,3176.33,nan
2007-07-05,2962.84,nan
2007-07-06,3147.56,nan
2007-07-09,3244.46,nan
2007-07-10,3165.1,nan
2007-07-11,3195.87,nan
2007-07-12,3229.94,nan
2007-07-13,3223.99,nan
2007-07-16,3104.85,nan
2007-07-17,3156.06,nan
2007-07-18,3149.73,nan
2007-07-19,3173.07,nan
2007-07-20,3281.92,nan
2007-07-23,3467.96,nan
2007-07-24,3512.93,nan
2007-07-25,3642.35,nan
2007-07-26,3731.4,nan
2007-07-27,3840.43,nan
2007-07-30,3936.79,nan
2007-07-31,4005.34,nan
2007-08-01,3784.02,nan
2007-08-02,3932.08,nan
2007-08-03,3968.66,nan
2007-08-06,4037.02,nan
2007-08-07,4041.94,nan
2007-08-08,3970.94,nan
2007-08-09,3997.01,nan
2007-08-10,3895.46,nan
2007-08-13,3861.26,nan
2007-08-14,3982.68,nan
2007-08-15,3957.01,nan
2007-08-16,3995.48,nan
2007-08-17,3984.81,nan
2007-08-20,4140.42,nan
2007-08-21,4178.02,nan
2007-08-22,4237.94,nan
2007-08-23,4286.92,nan
2007-08-24,4320.98,nan
2007-08-27,4318.12,nan
2007-08-28,4344.09,nan
2007-08-29,4316.88,nan
2007-08-30,4468.39,nan
2007-08-31,4515.24,nan
2007-09-03,4621.48,nan
2007-09-04,4558.49,nan
2007-09-05,4570.19,nan
2007-09-06,4632.49,nan
2007-09-07,4533.11,nan
2007-09-10,4645.33,nan
2007-09-11,4334.65,nan
2007-09-12,4370.09,nan
2007-09-13,4439.13,nan
2007-09-14,4502.4,nan
2007-09-17,4596.26,nan
2007-09-18,4655.17,nan
2007-09-19,4584.83,nan
2007-09-20,4617.75,nan
2007-09-21,4562.12,nan
2007-09-24,4577.26,nan
2007-09-25,4547.6,nan
2007-09-26,4471.18,nan
2007-09-27,4498.61,nan
2007-09-28,4582.44,nan
2007-10-08,4579.57,nan
2007-10-09,4594.7,nan
2007-10-10,4588.08,nan
2007-10-11,4510.27,nan
2007-10-12,4375.31,nan
2007-10-15,4364.8,nan
2007-10-16,4404.02,nan
2007-10-17,4401.07,nan
2007-10-18,4316.6,nan
2007-10-19,4277.37,nan
2007-10-22,4158.93,nan
2007-10-23,4147.84,nan
2007-10-24,4049.97,nan
2007-10-25,3747.13,nan
2007-10-26,3699.73,nan
2007-10-29,3750.87,nan
2007-10-30,3857.89,nan
2007-10-31,4009.75,nan
2007-11-01,3908.54,nan
2007-11-02,3829.23,nan
2007-11-05,3898.53,nan
2007-11-06,3946.96,nan
2007-11-07,3939.37,nan
2007-11-08,3778.06,nan
2007-11-09,3744.0,nan
2007-11-12,3708.95,nan
2007-11-13,3730.29,nan
2007-11-14,3844.5,nan
2007-11-15,3828.13,nan
2007-11-16,3843.97,nan
2007-11-19,3922.6,nan
2007-11-20,3956.56,nan
2007-11-21,3923.88,nan
2007-11-22,3731.98,nan
2007-11-23,3802.83,nan
2007-11-26,3779.6,nan
2007-11-27,3722.9,nan
2007-11-28,3713.34,nan
2007-11-29,3801.33,nan
2007-11-30,3733.48,nan
2007-12-03,3766.88,nan
2007-12-04,3792.24,nan
2007-12-05,3852.44,nan
2007-12-06,3895.76,nan
2007-12-07,3960.61,nan
2007-12-10,4059.24,nan
2007-12-11,4112.21,nan
2007-12-12,4154.34,nan
2007-12-13,4037.53,nan
2007-12-14,4103.85,nan
2007-12-17,4133.82,nan
2007-12-18,4095.0,nan
2007-12-19,4167.27,nan
2007-12-20,4210.52,nan
2007-12-21,4281.39,nan
2007-12-24,4344.31,nan
2007-12-25,4388.73,nan
2007-12-26,4473.13,nan
2007-12-27,4499.83,nan
2007-12-28,4493.42,nan
2008-01-02,4636.78,nan
2008-01-03,4741.03,nan
2008-01-04,4778.03,nan
2008-01-07,4867.13,nan
2008-01-08,4739.09,nan
2008-01-09,4884.27,nan
2008-01-10,4894.59,nan
2008-01-11,4867.47,nan
2008-01-14,4946.35,nan
2008-01-15,4999.92,nan
2008-01-16,4957.38,nan
2008-01-17,4849.48,nan
2008-01-18,4886.73,nan
2008-01-21,4680.89,nan
2008-01-22,4292.69,nan
2008-01-23,4471.13,nan
2008-01-24,4605.94,nan
2008-01-25,4612.95,nan
2008-01-28,4282.73,nan
2008-01-29,4360.98,nan
2008-01-30,4389.44,nan
2008-01-31,4215.11,nan
2008-02-01,4027.37,nan
2008-02-04,4346.53,nan
2008-02-05,4366.55,nan
2008-02-13,4371.41,nan
2008-02-14,4455.05,nan
2008-02-15,4437.49,nan
2008-02-18,4555.32,nan
2008-02-19,4639.88,nan
2008-02-20,4620.5,nan
2008-02-21,4682.2,nan
2008-02-22,4591.94,nan
2008-02-25,4442.76,nan
2008-02-26,4446.17,nan
2008-02-27,4555.18,nan
2008-02-28,4571.87,nan
2008-02-29,4646.54,nan
2008-03-03,4814.76,nan
2008-03-04,4824.67,nan
2008-03-05,4877.33,nan
2008-03-06,4882.96,nan
2008-03-07,4805.96,nan
2008-03-10,4673.06,nan
2008-03-11,4761.06,nan
2008-03-12,4656.53,nan
2008-03-13,4466.08,nan
2008-03-14,4435.48,nan
2008-03-17,4096.93,nan
2008-03-18,3814.21,nan
2008-03-19,3999.94,nan
2008-03-20,4154.0,nan
2008-03-21,4197.44,nan
2008-03-24,4130.15,nan
2008-03-25,4193.51,nan
2008-03-26,4180.57,nan
2008-03-27,3949.96,nan
2008-03-28,4060.04,nan
2008-03-31,3861.6,nan
2008-04-01,3539.51,nan
2008-04-02,3319.6,nan
2008-04-03,3393.43,nan
2008-04-07,3596.27,nan
2008-04-08,3673.96,nan
2008-04-09,3466.97,nan
2008-04-10,3567.63,nan
2008-04-11,3619.04,nan
2008-04-14,3399.32,nan
2008-04-15,3504.25,nan
2008-04-16,3423.92,nan
2008-04-17,3291.15,nan
2008-04-18,3116.69,nan
2008-04-21,3101.9,nan
2008-04-22,3054.43,nan
2008-04-23,3182.86,nan
2008-04-24,3448.8,nan
2008-04-25,3457.99,nan
2008-04-28,3446.97,nan
2008-04-29,3472.67,nan
2008-04-30,3584.35,nan
2008-05-05,3694.12,nan
2008-05-06,3698.92,nan
2008-05-07,3553.33,nan
2008-05-08,3669.87,nan
2008-05-09,3674.63,nan
2008-05-12,3749.79,nan
2008-05-13,3776.84,nan
2008-05-14,3856.09,nan
2008-05-15,3831.38,nan
2008-05-16,3789.1,nan
2008-05-19,3805.89,nan
2008-05-20,3592.68,nan
2008-05-21,3690.7,nan
2008-05-22,3672.2,nan
2008-05-23,3603.28,nan
2008-05-26,3483.41,nan
2008-05-27,3486.91,nan
2008-05-28,3568.68,nan
2008-05-29,3501.28,nan
2008-05-30,3506.84,nan
2008-06-02,3553.32,nan
2008-06-03,3536.92,nan
2008-06-04,3472.67,nan
2008-06-05,3434.02,nan
2008-06-06,3420.07,nan
2008-06-10,3125.8,nan
2008-06-11,3054.53,nan
2008-06-12,3024.65,nan
2008-06-13,2881.04,nan
2008-06-16,2811.91,nan
2008-06-17,2640.92,nan
2008-06-18,2777.72,nan
2008-06-19,2561.03,nan
2008-06-20,2600.3,nan
2008-06-23,2548.05,nan
2008-06-24,2616.06,nan
2008-06-25,2754.75,nan
2008-06-26,2787.85,nan
2008-06-27,2590.32,nan
2008-06-30,2579.61,nan
2008-07-01,2526.32,nan
2008-07-02,2572.61,nan
2008-07-03,2686.88,nan
2008-07-04,2685.17,nan
2008-07-07,2832.05,nan
2008-07-08,2887.93,nan
2008-07-09,2967.54,nan
2008-07-10,2904.62,nan
2008-07-11,2891.36,nan
2008-07-14,2958.01,nan
2008-07-15,2892.85,nan
2008-07-16,2751.05,nan
2008-07-17,2711.72,nan
2008-07-18,2792.7,nan
2008-07-21,2913.7,nan
2008-07-22,2931.3,nan
2008-07-23,2915.13,nan
2008-07-24,2990.77,nan
2008-07-25,2971.52,nan
2008-07-28,3021.51,nan
2008-07-29,2960.07,nan
2008-07-30,2944.37,nan
2008-07-31,2834.1,nan
2008-08-01,2876.13,nan
2008-08-04,2803.57,nan
2008-08-05,2712.63,nan
2008-08-06,2705.28,nan
2008-08-07,2717.35,nan
2008-08-08,2514.97,nan
2008-08-11,2295.76,nan
2008-08-12,2251.39,nan
2008-08-13,2246.76,nan
2008-08-14,2263.95,nan
2008-08-15,2257.41,nan
2008-08-18,2079.55,nan
2008-08-19,2119.83,nan
2008-08-20,2299.67,nan
2008-08-21,2217.05,nan
2008-08-22,2171.68,nan
2008-08-25,2170.92,nan
2008-08-26,2041.98,nan
2008-08-27,2044.26,nan
2008-08-28,2044.35,nan
2008-08-29,2105.88,nan
2008-09-01,2046.06,nan
2008-09-02,2064.11,nan
2008-09-03,2057.11,nan
2008-09-04,2066.88,nan
2008-09-05,1952.6,nan
2008-09-08,1847.39,nan
2008-09-09,1864.16,nan
2008-09-10,1883.98,nan
2008-09-11,1838.23,nan
2008-09-12,1836.74,nan
2008-09-16,1795.37,nan
2008-09-17,1764.2,nan
2008-09-18,1710.75,nan
2008-09-19,1877.7,nan
2008-09-22,1963.3,nan
2008-09-23,1832.16,nan
2008-09-24,1877.35,nan
2008-09-25,1921.03,nan
2008-09-26,1917.37,nan
2008-10-06,1855.12,nan
2008-10-07,1849.97,nan
2008-10-08,1807.69,nan
2008-10-09,1781.02,nan
2008-10-10,1646.93,nan
2008-10-13,1686.88,nan
2008-10-14,1629.74,nan
2008-10-15,1615.78,nan
2008-10-16,1524.32,nan
2008-10-17,1547.96,nan
2008-10-20,1606.02,nan
2008-10-21,1611.73,nan
2008-10-22,1580.89,nan
2008-10-23,1597.61,nan
2008-10-24,1575.06,nan
2008-10-27,1452.94,nan
2008-10-28,1490.74,nan
2008-10-29,1426.08,nan
2008-10-30,1436.9,nan
2008-10-31,1406.76,nan
2008-11-03,1388.38,nan
2008-11-04,1374.35,nan
2008-11-05,1423.45,nan
2008-11-06,1405.8,nan
2008-11-07,1432.78,nan
2008-11-10,1541.3,nan
2008-11-11,1533.36,nan
2008-11-12,1580.05,nan
2008-11-13,1652.16,nan
2008-11-14,1737.47,nan
2008-11-17,1827.97,nan
2008-11-18,1695.21,nan
2008-11-19,1809.92,nan
2008-11-20,1811.99,nan
2008-11-21,1794.57,nan
2008-11-24,1726.55,nan
2008-11-25,1714.32,nan
2008-11-26,1717.22,nan
2008-11-27,1738.55,nan
2008-11-28,1719.43,nan
2008-12-01,1801.67,nan
2008-12-02,1841.69,nan
2008-12-03,1912.76,nan
2008-12-04,1912.81,nan
2008-12-05,1972.41,nan
2008-12-08,2054.21,nan
2008-12-09,2001.22,nan
2008-12-10,2070.9,nan
2008-12-11,2013.36,nan
2008-12-12,1916.2,nan
2008-12-15,1956.29,nan
2008-12-16,1983.74,nan
2008-12-17,2015.5,nan
2008-12-18,2049.5,nan
2008-12-19,2066.43,nan
2008-12-22,2075.31,nan
2008-12-23,1938.6,nan
2008-12-24,1895.66,nan
2008-12-25,1898.36,nan
2008-12-26,1877.9,nan
2008-12-29,1873.53,nan
2008-12-30,1865.96,nan
2008-12-31,1830.82,nan
2009-01-05,1920.1,nan
2009-01-06,1982.87,nan
2009-01-07,1995.19,nan
2009-01-08,1951.99,nan
2009-01-09,2009.1,nan
2009-01-12,2032.54,nan
2009-01-13,1970.03,nan
2009-01-14,2054.57,nan
2009-01-15,2079.86,nan
2009-01-16,2090.02,nan
2009-01-19,2085.58,nan
2009-01-20,2111.39,nan
2009-01-21,2107.87,nan
2009-01-22,2140.16,nan
2009-01-23,2122.35,nan
2009-02-02,2193.69,nan
2009-02-03,2254.41,nan
2009-02-04,2297.07,nan
2009-02-05,2270.26,nan
2009-02-06,2367.72,nan
2009-02-09,2441.64,nan
2009-02-10,2508.65,nan
2009-02-11,2511.31,nan
2009-02-12,2557.24,nan
2009-02-13,2640.39,nan
2009-02-16,2694.43,nan
2009-02-17,2591.38,nan
2009-02-18,2500.36,nan
2009-02-19,2560.66,nan
2009-02-20,2643.54,nan
2009-02-23,2732.42,nan
2009-02-24,2622.02,nan
2009-02-25,2650.18,nan
2009-02-26,2461.93,nan
2009-02-27,2302.02,nan
2009-03-02,2374.97,nan
2009-03-03,2402.44,nan
2009-03-04,2541.43,nan
2009-03-05,2564.77,nan
2009-03-06,2548.34,nan
2009-03-09,2429.33,nan
2009-03-10,2487.79,nan
2009-03-11,2481.96,nan
2009-03-12,2492.52,nan
2009-03-13,2469.92,nan
2009-03-16,2503.91,nan
2009-03-17,2595.07,nan
2009-03-18,2624.44,nan
2009-03-19,2687.28,nan
2009-03-20,2672.45,nan
2009-03-23,2723.02,nan
2009-03-24,2743.76,nan
2009-03-25,2681.4,nan
2009-03-26,2747.38,nan
2009-03-27,2773.33,nan
2009-03-30,2785.36,nan
2009-03-31,2814.17,nan
2009-04-01,2855.85,nan
2009-04-02,2861.15,nan
2009-04-03,2848.33,nan
2009-04-07,2893.86,nan
2009-04-08,2799.43,nan
2009-04-09,2860.71,nan
2009-04-10,2945.91,nan
2009-04-13,2979.83,nan
2009-04-14,3030.31,nan
2009-04-15,3071.29,nan
2009-04-16,3089.67,nan
2009-04-17,3042.66,nan
2009-04-20,3122.54,nan
2009-04-21,3117.7,nan
2009-04-22,2959.56,nan
2009-04-23,2980.15,nan
2009-04-24,2956.25,nan
2009-04-27,2838.17,nan
2009-04-28,2870.51,nan
2009-04-29,2933.56,nan
2009-04-30,2971.9,nan
2009-05-04,3069.85,nan
2009-05-05,3117.4,nan
2009-05-06,3175.64,nan
2009-05-07,3154.78,nan
2009-05-08,3160.74,nan
2009-05-11,3033.39,nan
2009-05-12,3108.81,nan
2009-05-13,3137.42,nan
2009-05-14,3160.98,nan
2009-05-15,3183.19,nan
2009-05-18,3212.93,nan
2009-05-19,3243.41,nan
2009-05-20,3227.42,nan
2009-05-21,3170.25,nan
2009-05-22,3164.27,nan
2009-05-25,3165.13,nan
2009-05-26,3179.55,nan
2009-05-27,3179.67,nan
2009-06-01,3226.04,nan
2009-06-02,3242.41,nan
2009-06-03,3266.59,nan
2009-06-04,3256.33,nan
2009-06-05,3243.5,nan
2009-06-08,3244.39,nan
2009-06-09,3266.02,nan
2009-06-10,3302.47,nan
2009-06-11,3282.26,nan
2009-06-12,3217.71,nan
2009-06-15,3258.58,nan
2009-06-16,3250.12,nan
2009-06-17,3293.83,nan
2009-06-18,3311.36,nan
2009-06-19,3319.76,nan
2009-06-22,3297.35,nan
2009-06-23,3295.94,nan
2009-06-24,3333.87,nan
2009-06-25,3339.82,nan
2009-06-26,3356.42,nan
2009-06-29,3364.94,nan
2009-06-30,3335.1,nan
2009-07-01,3357.22,nan
2009-07-02,3389.92,nan
2009-07-03,3423.77,nan
2009-07-06,3417.16,nan
2009-07-07,3433.16,nan
2009-07-08,3479.21,nan
2009-07-09,3551.98,nan
2009-07-10,3566.93,nan
2009-07-13,3598.01,nan
2009-07-14,3658.5,nan
2009-07-15,3694.75,nan
2009-07-16,3682.37,nan
2009-07-17,3703.26,nan
2009-07-20,3768.36,nan
2009-07-21,3671.16,nan
2009-07-22,3725.45,nan
2009-07-23,3771.71,nan
2009-07-24,3741.69,nan
2009-07-27,3816.04,nan
2009-07-28,3865.94,nan
2009-07-29,3618.03,nan
2009-07-30,3660.61,nan
2009-07-31,3771.17,nan
2009-08-03,3838.62,nan
2009-08-04,3876.24,nan
2009-08-05,3901.16,nan
2009-08-06,3849.22,nan
2009-08-07,3742.53,nan
2009-08-10,3774.8,nan
2009-08-11,3800.7,nan
2009-08-12,3610.93,nan
2009-08-13,3616.84,nan
2009-08-14,3434.0,nan
2009-08-17,3197.23,nan
2009-08-18,3252.12,nan
2009-08-19,3086.19,nan
2009-08-20,3206.88,nan
2009-08-21,3312.08,nan
2009-08-24,3395.4,nan
2009-08-25,3355.87,nan
2009-08-26,3461.41,nan
2009-08-27,3500.65,nan
2009-08-28,3398.37,nan
2009-08-31,3163.17,nan
2009-09-01,3138.41,nan
2009-09-02,3151.0,nan
2009-09-03,3293.92,nan
2009-09-04,3355.19,nan
2009-09-07,3405.0,nan
2009-09-08,3455.47,nan
2009-09-09,3466.62,nan
2009-09-10,3429.54,nan
2009-09-11,3492.15,nan
2009-09-14,3579.92,nan
2009-09-15,3619.6,nan
2009-09-16,3646.41,nan
2009-09-17,3740.77,nan
2009-09-18,3626.91,nan
2009-09-21,3676.52,nan
2009-09-22,3589.19,nan
2009-09-23,3482.48,nan
2009-09-24,3452.76,nan
2009-09-25,3415.83,nan
2009-09-28,3308.5,nan
2009-09-29,3220.38,nan
2009-09-30,3250.4,nan
2009-10-09,3419.11,nan
2009-10-12,3439.28,nan
2009-10-13,3501.87,nan
2009-10-14,3543.41,nan
2009-10-15,3559.61,nan
2009-10-16,3578.56,nan
2009-10-19,3661.71,nan
2009-10-20,3715.83,nan
2009-10-21,3686.21,nan
2009-10-22,3706.28,nan
2009-10-23,3751.55,nan
2009-10-26,3761.27,nan
2009-10-27,3657.89,nan
2009-10-28,3695.39,nan
2009-10-29,3624.55,nan
2009-10-30,3665.99,nan
2009-11-02,3784.19,nan
2009-11-03,3869.77,nan
2009-11-04,3911.09,nan
2009-11-05,3951.0,nan
2009-11-06,3969.64,nan
2009-11-09,4006.83,nan
2009-11-10,4017.98,nan
2009-11-11,4046.11,nan
2009-11-12,4056.64,nan
2009-11-13,4104.99,nan
2009-11-16,4197.54,nan
2009-11-17,4226.5,nan
2009-11-18,4253.37,nan
2009-11-19,4331.01,nan
2009-11-20,4358.75,nan
2009-11-23,4445.73,nan
2009-11-24,4193.56,nan
2009-11-25,4360.02,nan
2009-11-26,4182.09,nan
2009-11-27,4074.01,nan
2009-11-30,4264.05,nan
2009-12-01,4394.99,nan
2009-12-02,4474.93,nan
2009-12-03,4515.84,nan
2009-12-04,4375.98,nan
2009-12-07,4459.08,nan
2009-12-08,4450.83,nan
2009-12-09,4386.53,nan
2009-12-10,4411.69,nan
2009-12-11,4408.39,nan
2009-12-14,4384.54,nan
2009-12-15,4412.45,nan
2009-12-16,4391.34,nan
2009-12-17,4258.45,nan
2009-12-18,4091.68,nan
2009-12-21,4146.9,nan
2009-12-22,4024.34,nan
2009-12-23,4098.22,nan
2009-12-24,4229.8,nan
2009-12-25,4255.65,nan
2009-12-28,4326.27,nan
2009-12-29,4351.14,nan
2009-12-30,4336.61,nan
2009-12-31,4391.28,nan
2010-01-04,4406.77,nan
2010-01-05,4462.23,nan
2010-01-06,4452.87,nan
2010-01-07,4361.16,nan
2010-01-08,4417.77,nan
2010-01-11,4449.94,nan
2010-01-12,4541.6,nan
2010-01-13,4485.32,nan
2010-01-14,4609.3,nan
2010-01-15,4658.09,nan
2010-01-18,4734.05,nan
2010-01-19,4740.45,nan
2010-01-20,4586.75,nan
2010-01-21,4606.43,nan
2010-01-22,4471.28,nan
2010-01-25,4407.04,nan
2010-01-26,4226.94,nan
2010-01-27,4194.63,nan
2010-01-28,4248.04,nan
2010-01-29,4290.32,nan
2010-02-01,4239.99,nan
2010-02-02,4225.47,nan
2010-02-03,4304.84,nan
2010-02-04,4364.23,nan
2010-02-05,4281.78,nan
2010-02-08,4278.58,nan
2010-02-09,4277.33,nan
2010-02-10,4330.42,nan
2010-02-11,4307.13,nan
2010-02-12,4366.28,nan
2010-02-22,4392.69,nan
2010-02-23,4464.23,nan
2010-02-24,4559.66,nan
2010-02-25,4645.06,nan
2010-02-26,4653.34,nan
2010-03-01,4721.89,nan
2010-03-02,4724.64,nan
2010-03-03,4788.5,nan
2010-03-04,4617.85,nan
2010-03-05,4617.36,nan
2010-03-08,4676.44,nan
2010-03-09,4682.25,nan
2010-03-10,4630.01,nan
2010-03-11,4605.25,nan
2010-03-12,4532.08,nan
2010-03-15,4498.09,nan
2010-03-16,4555.31,nan
2010-03-17,4674.64,nan
2010-03-18,4686.25,nan
2010-03-19,4723.85,nan
2010-03-22,4766.94,nan
2010-03-23,4739.37,nan
2010-03-24,4750.99,nan
2010-03-25,4678.81,nan
2010-03-26,4742.47,nan
2010-03-29,4770.54,nan
2010-03-30,4800.45,nan
2010-03-31,4822.08,nan
2010-04-01,4904.3,nan
2010-04-02,4922.82,nan
2010-04-06,4942.33,nan
2010-04-07,4951.73,nan
2010-04-08,4956.37,nan
2010-04-09,5031.25,nan
2010-04-12,5088.29,nan
2010-04-13,4989.39,nan
2010-04-14,5074.68,nan
2010-04-15,5024.77,nan
2010-04-16,5019.35,nan
2010-04-19,4806.11,nan
2010-04-20,4875.09,nan
2010-04-21,5029.03,nan
2010-04-22,5060.75,nan
2010-04-23,5007.6,nan
2010-04-26,4999.06,nan
2010-04-27,4869.61,nan
2010-04-28,4834.79,nan
2010-04-29,4686.94,nan
2010-04-30,4527.76,nan
2010-05-04,4520.36,nan
2010-05-05,4662.84,nan
2010-05-06,4533.9,nan
2010-05-07,4453.17,nan
2010-05-10,4367.27,nan
2010-05-11,4239.79,nan
2010-05-12,4134.52,nan
2010-05-13,4236.4,nan
2010-05-14,4257.81,nan
2010-05-17,3981.29,nan
2010-05-18,4007.42,nan
2010-05-19,4007.16,nan
2010-05-20,3918.58,nan
2010-05-21,3993.74,nan
2010-05-24,4179.35,nan
2010-05-25,4169.41,nan
2010-05-26,4182.71,nan
2010-05-27,4264.16,nan
2010-05-28,4281.09,nan
2010-05-31,4149.96,nan
2010-06-01,4061.45,nan
2010-06-02,4129.53,nan
2010-06-03,4098.9,nan
2010-06-04,4133.33,nan
2010-06-07,4119.62,nan
2010-06-08,4180.62,nan
2010-06-09,4288.9,nan
2010-06-10,4297.88,nan
2010-06-11,4277.14,nan
2010-06-17,4231.55,nan
2010-06-18,4067.74,nan
2010-06-21,4169.36,nan
2010-06-22,4207.43,nan
2010-06-23,4205.53,nan
2010-06-24,4207.91,nan
2010-06-25,4139.81,nan
2010-06-28,4053.19,nan
2010-06-29,3814.47,nan
2010-06-30,3732.65,nan
2010-07-01,3685.54,nan
2010-07-02,3659.95,nan
2010-07-05,3627.29,nan
2010-07-06,3738.74,nan
2010-07-07,3795.59,nan
2010-07-08,3773.37,nan
2010-07-09,3886.27,nan
2010-07-12,3934.18,nan
2010-07-13,3878.64,nan
2010-07-14,3916.17,nan
2010-07-15,3816.8,nan
2010-07-16,3841.83,nan
2010-07-19,3930.96,nan
2010-07-20,4053.19,nan
2010-07-21,4059.38,nan
2010-07-22,4125.25,nan
2010-07-23,4131.47,nan
2010-07-26,4188.47,nan
2010-07-27,4184.58,nan
2010-07-28,4266.85,nan
2010-07-29,4296.21,nan
2010-07-30,4299.05,nan
2010-08-02,4389.72,nan
2010-08-03,4320.95,nan
2010-08-04,4372.51,nan
2010-08-05,4396.12,nan
2010-08-06,4480.65,nan
2010-08-09,4549.79,nan
2010-08-10,4385.81,nan
2010-08-11,4439.11,nan
2010-08-12,4388.62,nan
2010-08-13,4471.54,nan
2010-08-16,4573.42,nan
2010-08-17,4618.33,nan
2010-08-18,4611.65,nan
2010-08-19,4621.57,nan
2010-08-20,4522.61,nan
2010-08-23,4565.87,nan
2010-08-24,4626.35,nan
2010-08-25,4534.71,nan
2010-08-26,4562.35,nan
2010-08-27,4585.51,nan
2010-08-30,4705.88,nan
2010-08-31,4755.85,nan
2010-09-01,4698.73,nan
2010-09-02,4802.27,nan
2010-09-03,4845.91,nan
2010-09-06,4824.31,nan
2010-09-07,4865.78,nan
2010-09-08,4905.63,nan
2010-09-09,4837.02,nan
2010-09-10,4886.05,nan
2010-09-13,4967.47,nan
2010-09-14,4982.86,nan
2010-09-15,4888.01,nan
2010-09-16,4766.85,nan
2010-09-17,4767.48,nan
2010-09-20,4695.95,nan
2010-09-21,4677.68,nan
2010-09-27,4801.46,nan
2010-09-28,4785.7,nan
2010-09-29,4720.63,nan
2010-09-30,4785.49,nan
2010-10-08,4899.57,nan
2010-10-11,4922.59,nan
2010-10-12,4950.26,nan
2010-10-13,4968.83,nan
2010-10-14,4809.47,nan
2010-10-15,4789.48,nan
2010-10-18,4708.41,nan
2010-10-19,4865.7,nan
2010-10-20,4892.28,nan
2010-10-21,4930.62,nan
2010-10-22,4985.85,nan
2010-10-25,5107.28,nan
2010-10-26,5158.05,nan
2010-10-27,5124.13,nan
2010-10-28,5145.56,nan
2010-10-29,5211.52,nan
2010-11-01,5362.95,nan
2010-11-02,5343.49,nan
2010-11-03,5271.82,nan
2010-11-04,5392.56,nan
2010-11-05,5473.11,nan
2010-11-08,5598.49,nan
2010-11-09,5635.75,nan
2010-11-10,5651.39,nan
2010-11-11,5596.38,nan
2010-11-12,5227.25,nan
2010-11-15,5367.21,nan
2010-11-16,5197.37,nan
2010-11-17,5001.94,nan
2010-11-18,5080.88,nan
2010-11-19,5236.57,nan
2010-11-22,5332.61,nan
2010-11-23,5261.92,nan
2010-11-24,5414.17,nan
2010-11-25,5452.84,nan
2010-11-26,5444.86,nan
2010-11-29,5458.1,nan
2010-11-30,5294.7,nan
2010-12-01,5306.36,nan
2010-12-02,5333.58,nan
2010-12-03,5299.78,nan
2010-12-06,5224.88,nan
2010-12-07,5295.33,nan
2010-12-08,5294.81,nan
2010-12-09,5186.43,nan
2010-12-10,5253.71,nan
2010-12-13,5403.93,nan
2010-12-14,5482.79,nan
2010-12-15,5464.14,nan
2010-12-16,5470.23,nan
2010-12-17,5473.97,nan
2010-12-20,5409.48,nan
2010-12-21,5461.56,nan
2010-12-22,5420.19,nan
2010-12-23,5307.19,nan
2010-12-24,5205.72,nan
2010-12-27,5046.64,nan
2010-12-28,4934.75,nan
2010-12-29,5022.07,nan
2010-12-30,5044.62,nan
2010-12-31,5155.56,nan
2011-01-04,5230.74,nan
2011-01-05,5243.37,nan
2011-01-06,5224.82,nan
2011-01-07,5191.95,nan
2011-01-10,5051.95,nan
2011-01-11,5006.63,nan
2011-01-12,5042.24,nan
2011-01-13,5043.78,nan
2011-01-14,4942.07,nan
2011-01-17,4728.31,nan
2011-01-18,4750.15,nan
2011-01-19,4873.8,nan
2011-01-20,4699.95,nan
2011-01-21,4739.9,nan
2011-01-24,4636.91,nan
2011-01-25,4540.68,nan
2011-01-26,4619.12,nan
2011-01-27,4695.33,nan
2011-01-28,4749.43,nan
2011-01-31,4816.66,nan
2011-02-01,4830.41,nan
2011-02-09,4820.36,nan
2011-02-10,4962.52,nan
2011-02-11,5012.78,nan
2011-02-14,5087.25,nan
2011-02-15,5100.43,nan
2011-02-16,5196.15,nan
2011-02-17,5231.71,nan
2011-02-18,5197.12,nan
2011-02-21,5304.08,nan
2011-02-22,5166.97,nan
2011-02-23,5235.27,nan
2011-02-24,5269.96,nan
2011-02-25,5279.13,nan
2011-02-28,5347.3,nan
2011-03-01,5373.2,nan
2011-03-02,5362.24,nan
2011-03-03,5266.44,nan
2011-03-04,5330.17,nan
2011-03-07,5389.84,nan
2011-03-08,5425.68,nan
2011-03-09,5446.14,nan
2011-03-10,5413.57,nan
2011-03-11,5406.95,nan
2011-03-14,5462.4,nan
2011-03-15,5411.27,nan
2011-03-16,5481.89,nan
2011-03-17,5377.46,nan
2011-03-18,5417.94,nan
2011-03-21,5389.57,nan
2011-03-22,5389.59,nan
2011-03-23,5448.02,nan
2011-03-24,5473.54,nan
2011-03-25,5502.75,nan
2011-03-28,5493.79,nan
2011-03-29,5404.85,nan
2011-03-30,5357.8,nan
2011-03-31,5285.19,nan
2011-04-01,5346.7,nan
2011-04-06,5345.4,nan
2011-04-07,5373.33,nan
2011-04-08,5430.06,nan
2011-04-11,5396.87,nan
2011-04-12,5377.31,nan
2011-04-13,5424.46,nan
2011-04-14,5419.14,nan
2011-04-15,5418.88,nan
2011-04-18,5453.71,nan
2011-04-19,5408.91,nan
2011-04-20,5446.99,nan
2011-04-21,5472.29,nan
2011-04-22,5430.41,nan
2011-04-25,5298.65,nan
2011-04-26,5196.52,nan
2011-04-27,5128.22,nan
2011-04-28,4948.71,nan
2011-04-29,5027.55,nan
2011-05-03,5119.16,nan
2011-05-04,5016.81,nan
2011-05-05,5040.33,nan
2011-05-06,5080.04,nan
2011-05-09,5126.68,nan
2011-05-10,5169.23,nan
2011-05-11,5179.61,nan
2011-05-12,5100.27,nan
2011-05-13,5143.46,nan
2011-05-16,5141.23,nan
2011-05-17,5100.07,nan
2011-05-18,5137.72,nan
2011-05-19,5115.63,nan
2011-05-20,5102.13,nan
2011-05-23,4907.39,nan
2011-05-24,4908.91,nan
2011-05-25,4855.59,nan
2011-05-26,4815.85,nan
2011-05-27,4644.29,nan
2011-05-30,4565.12,nan
2011-05-31,4661.69,nan
2011-06-01,4723.71,nan
2011-06-02,4658.37,nan
2011-06-03,4739.36,nan
2011-06-07,4792.02,nan
2011-06-08,4826.86,nan
2011-06-09,4716.72,nan
2011-06-10,4724.62,nan
2011-06-13,4724.57,nan
2011-06-14,4796.47,nan
2011-06-15,4755.43,nan
2011-06-16,4645.56,nan
2011-06-17,4571.23,nan
2011-06-20,4505.85,nan
2011-06-21,4562.74,nan
2011-06-22,4565.62,nan
2011-06-23,4647.99,nan
2011-06-24,4757.73,nan
2011-06-27,4832.01,nan
2011-06-28,4850.8,nan
2011-06-29,4800.19,nan
2011-06-30,4872.27,nan
2011-07-01,4899.16,nan
2011-07-04,5011.68,nan
2011-07-05,5055.65,nan
2011-07-06,5081.96,nan
2011-07-07,5073.06,nan
2011-07-08,5057.72,nan
2011-07-11,5110.36,nan
2011-07-12,5030.08,nan
2011-07-13,5132.07,nan
2011-07-14,5187.08,nan
2011-07-15,5229.1,nan
2011-07-18,5235.19,nan
2011-07-19,5176.19,nan
2011-07-20,5184.12,nan
2011-07-21,5111.41,nan
2011-07-22,5143.21,nan
2011-07-25,4920.46,nan
2011-07-26,4951.52,nan
2011-07-27,5037.96,nan
2011-07-28,5013.66,nan
2011-07-29,4963.42,nan
2011-08-01,4995.39,nan
2011-08-02,4971.39,nan
2011-08-03,4995.0,nan
2011-08-04,5016.52,nan
2011-08-05,4896.38,nan
2011-08-08,4627.1,nan
2011-08-09,4619.64,nan
2011-08-10,4693.61,nan
2011-08-11,4780.69,nan
2011-08-12,4838.92,nan
2011-08-15,4918.89,nan
2011-08-16,4888.68,nan
2011-08-17,4881.84,nan
2011-08-18,4789.21,nan
2011-08-19,4742.32,nan
2011-08-22,4715.7,nan
2011-08-23,4799.18,nan
2011-08-24,4797.8,nan
2011-08-25,4879.62,nan
2011-08-26,4905.07,nan
2011-08-29,4876.72,nan
2011-08-30,4824.92,nan
2011-08-31,4798.73,nan
2011-09-01,4771.88,nan
2011-09-02,4716.88,nan
2011-09-05,4596.13,nan
2011-09-06,4568.59,nan
2011-09-07,4684.1,nan
2011-09-08,4635.03,nan
2011-09-09,4609.58,nan
2011-09-13,4532.08,nan
2011-09-14,4589.69,nan
2011-09-15,4598.45,nan
2011-09-16,4598.82,nan
2011-09-19,4507.68,nan
2011-09-20,4537.53,nan
2011-09-21,4666.07,nan
2011-09-22,4529.96,nan
2011-09-23,4494.48,nan
2011-09-26,4426.4,nan
2011-09-27,4441.81,nan
2011-09-28,4358.34,nan
2011-09-29,4189.11,nan
2011-09-30,4174.45,nan
2011-10-10,4159.45,nan
2011-10-11,4152.72,nan
2011-10-12,4302.1,nan
2011-10-13,4370.72,nan
2011-10-14,4350.42,nan
2011-10-17,4368.77,nan
2011-10-18,4230.95,nan
2011-10-19,4216.67,nan
2011-10-20,4088.08,nan
2011-10-21,4008.55,nan
2011-10-24,4071.46,nan
2011-10-25,4185.19,nan
2011-10-26,4217.89,nan
2011-10-27,4216.23,nan
2011-10-28,4306.4,nan
2011-10-31,4350.13,nan
2011-11-01,4355.0,nan
2011-11-02,4432.33,nan
2011-11-03,4458.45,nan
2011-11-04,4491.17,nan
2011-11-07,4474.75,nan
2011-11-08,4420.98,nan
2011-11-09,4501.26,nan
2011-11-10,4441.79,nan
2011-11-11,4441.94,nan
2011-11-14,4553.24,nan
2011-11-15,4587.39,nan
2011-11-16,4474.27,nan
2011-11-17,4474.34,nan
2011-11-18,4333.89,nan
2011-11-21,4347.0,nan
2011-11-22,4341.69,nan
2011-11-23,4318.12,nan
2011-11-24,4311.28,nan
2011-11-25,4280.95,nan
2011-11-28,4283.1,nan
2011-11-29,4358.57,nan
2011-11-30,4164.12,nan
2011-12-01,4254.09,nan
2011-12-02,4164.81,nan
2011-12-05,4021.21,nan
2011-12-06,4022.73,nan
2011-12-07,4035.03,nan
2011-12-08,4034.05,nan
2011-12-09,3991.45,nan
2011-12-12,3939.27,nan
2011-12-13,3789.03,nan
2011-12-14,3705.48,nan
2011-12-15,3598.94,nan
2011-12-16,3705.58,nan
2011-12-19,3715.7,nan
2011-12-20,3701.62,nan
2011-12-21,3602.6,nan
2011-12-22,3535.24,nan
2011-12-23,3561.98,nan
2011-12-26,3536.29,nan
2011-12-27,3422.98,nan
2011-12-28,3393.37,nan
2011-12-29,3394.85,nan
2011-12-30,3456.29,nan
2012-01-04,3362.83,nan
2012-01-05,3205.4,nan
2012-01-06,3224.5,nan
2012-01-09,3365.9,nan
2012-01-10,3503.24,nan
2012-01-11,3519.51,nan
2012-01-12,3518.88,nan
2012-01-13,3374.16,nan
2012-01-16,3255.89,nan
2012-01-17,3437.33,nan
2012-01-18,3350.37,nan
2012-01-19,3374.29,nan
2012-01-20,3415.75,nan
2012-01-30,3404.91,nan
2012-01-31,3406.68,nan
2012-02-01,3387.94,nan
2012-02-02,3457.05,nan
2012-02-03,3518.87,nan
2012-02-06,3557.08,nan
2012-02-07,3496.4,nan
2012-02-08,3593.28,nan
2012-02-09,3627.82,nan
2012-02-10,3648.42,nan
2012-02-13,3700.1,nan
2012-02-14,3703.36,nan
2012-02-15,3769.99,nan
2012-02-16,3775.8,nan
2012-02-17,3763.09,nan
2012-02-20,3771.66,nan
2012-02-21,3820.26,nan
2012-02-22,3895.77,nan
2012-02-23,3900.04,nan
2012-02-24,3941.75,nan
2012-02-27,3942.39,nan
2012-02-28,3907.7,nan
2012-02-29,3858.54,nan
2012-03-01,3887.17,nan
2012-03-02,3961.58,nan
2012-03-05,3981.73,nan
2012-03-06,3954.19,nan
2012-03-07,3939.31,nan
2012-03-08,3993.56,nan
2012-03-09,4053.9,nan
2012-03-12,4078.68,nan
2012-03-13,4114.57,nan
2012-03-14,3919.62,nan
2012-03-15,3869.06,nan
2012-03-16,3971.51,nan
2012-03-19,4040.96,nan
2012-03-20,3949.49,nan
2012-03-21,3965.64,nan
2012-03-22,3956.74,nan
2012-03-23,3873.49,nan
2012-03-26,3860.82,nan
2012-03-27,3852.9,nan
2012-03-28,3663.07,nan
2012-03-29,3580.75,nan
2012-03-30,3560.49,nan
2012-04-05,3676.55,nan
2012-04-06,3713.28,nan
2012-04-09,3666.37,nan
2012-04-10,3710.36,nan
2012-04-11,3739.42,nan
2012-04-12,3818.15,nan
2012-04-13,3850.73,nan
2012-04-16,3868.56,nan
2012-04-17,3815.25,nan
2012-04-18,3904.49,nan
2012-04-19,3901.32,nan
2012-04-20,3932.12,nan
2012-04-23,3867.25,nan
2012-04-24,3832.42,nan
2012-04-25,3894.92,nan
2012-04-26,3870.69,nan
2012-04-27,3837.88,nan
2012-05-02,3874.24,nan
2012-05-03,3892.93,nan
2012-05-04,3924.26,nan
2012-05-07,3954.18,nan
2012-05-08,3958.42,nan
2012-05-09,3897.47,nan
2012-05-10,3912.47,nan
2012-05-11,3886.52,nan
2012-05-14,3880.78,nan
2012-05-15,3865.88,nan
2012-05-16,3826.03,nan
2012-05-17,3880.79,nan
2012-05-18,3810.51,nan
2012-05-21,3802.15,nan
2012-05-22,3852.18,nan
2012-05-23,3844.08,nan
2012-05-24,3816.31,nan
2012-05-25,3773.09,nan
2012-05-28,3822.53,nan
2012-05-29,3881.07,nan
2012-05-30,3889.62,nan
2012-05-31,3898.59,nan
2012-06-01,3892.22,nan
2012-06-04,3755.0,nan
2012-06-05,3748.98,nan
2012-06-06,3734.67,nan
2012-06-07,3712.7,nan
2012-06-08,3697.72,nan
2012-06-11,3760.43,nan
2012-06-12,3738.89,nan
2012-06-13,3803.82,nan
2012-06-14,3777.59,nan
2012-06-15,3784.17,nan
2012-06-18,3824.15,nan
2012-06-19,3799.52,nan
2012-06-20,3784.33,nan
2012-06-21,3729.21,nan
2012-06-25,3633.24,nan
2012-06-26,3627.99,nan
2012-06-27,3615.95,nan
2012-06-28,3562.42,nan
2012-06-29,3610.25,9.36
2012-07-02,3659.61,9.33
2012-07-03,3672.97,9.36
2012-07-04,3659.61,9.38
2012-07-05,3572.75,9.34
2012-07-06,3645.55,9.37
2012-07-09,3553.28,9.15
2012-07-10,3512.12,9.16
2012-07-11,3544.09,9.18
2012-07-12,3596.42,9.16
2012-07-13,3570.77,9.2
2012-07-16,3416.2,9.12
2012-07-17,3445.55,9.16
2012-07-18,3476.42,9.18
2012-07-19,3525.84,9.23
2012-07-20,3510.48,9.23
2012-07-23,3477.06,9.03
2012-07-24,3507.03,9.03
2012-07-25,3482.59,nan
2012-07-26,3444.94,8.99
2012-07-27,3420.61,9.04
2012-07-30,3335.24,9.01
2012-07-31,3272.06,9.05
2012-08-01,3333.01,9.11
2012-08-02,3314.23,9.07
2012-08-03,3393.94,9.13
2012-08-06,3484.0,9.16
2012-08-07,3524.75,9.13
2012-08-08,3515.61,9.17
2012-08-09,3565.9,9.19
2012-08-10,3562.51,9.18
2012-08-13,3489.25,9.1
2012-08-14,3526.63,9.12
2012-08-15,3490.39,9.02
2012-08-16,3462.82,9.01
2012-08-17,3465.93,9.03
2012-08-20,3487.6,8.99
2012-08-21,3549.84,8.99
2012-08-22,3528.2,8.97
2012-08-23,3556.22,8.96
2012-08-24,3475.56,8.93
2012-08-27,3394.92,8.84
2012-08-28,3420.87,8.93
2012-08-29,3408.17,8.88
2012-08-30,3340.95,8.94
2012-08-31,3354.8,8.54
2012-09-03,3417.64,nan
2012-09-04,3390.99,8.5
2012-09-05,3419.6,8.45
2012-09-06,3458.19,8.48
2012-09-07,3569.98,8.75
2012-09-10,3608.76,8.75
2012-09-11,3602.09,8.67
2012-09-12,3628.53,8.66
2012-09-13,3567.51,8.63
2012-09-14,3568.22,8.7
2012-09-17,3462.53,8.57
2012-09-18,3454.67,8.49
2012-09-19,3486.53,8.48
2012-09-20,3364.47,8.35
2012-09-21,3329.3,8.39
2012-09-24,3351.99,8.38
2012-09-25,3323.86,8.4
2012-09-26,3231.02,8.33
2012-09-27,3301.32,8.55
2012-09-28,3359.22,8.64
2012-10-08,3358.49,8.59
2012-10-09,3451.72,8.73
2012-10-10,3494.37,8.72
2012-10-11,3440.52,8.68
2012-10-12,3432.24,8.7
2012-10-15,3405.95,8.7
2012-10-16,3418.92,8.69
2012-10-17,3432.01,8.73
2012-10-18,3486.98,8.82
2012-10-19,3477.78,8.81
2012-10-22,3492.79,8.82
2012-10-23,3455.7,8.76
2012-10-24,3440.75,8.77
2012-10-25,3401.95,8.72
2012-10-26,3327.72,8.61
2012-10-29,3321.76,8.58
2012-10-30,3327.51,8.6
2012-10-31,3342.92,8.5
2012-11-01,3402.75,8.64
2012-11-02,3418.42,8.69
2012-11-05,3406.77,8.68
2012-11-06,3380.06,8.66
2012-11-07,3380.4,8.67
2012-11-08,3293.7,8.57
2012-11-09,3284.72,8.55
2012-11-12,3312.96,8.59
2012-11-13,3245.89,8.49
2012-11-14,3248.08,8.52
2012-11-15,3185.24,8.44
2012-11-16,3165.49,8.36
2012-11-19,3183.37,8.35
2012-11-20,3174.42,8.32
2012-11-21,3208.17,8.39
2012-11-22,3169.89,8.35
2012-11-23,3177.76,8.41
2012-11-26,3137.87,8.39
2012-11-27,3005.27,8.38
2012-11-28,2930.07,8.36
2012-11-29,2892.59,8.34
2012-11-30,2930.45,8.38
2012-12-03,2850.82,8.35
2012-12-04,2887.79,8.39
2012-12-05,2999.13,8.58
2012-12-06,2998.71,8.58
2012-12-07,3071.86,8.69
2012-12-10,3128.4,8.75
2012-12-11,3104.63,8.72
2012-12-12,3104.94,8.77
2012-12-13,3061.62,8.69
2012-12-14,3183.75,9.05
2012-12-17,3201.26,9.08
2012-12-18,3192.98,9.09
2012-12-19,3205.87,9.08
2012-12-20,3215.95,9.08
2012-12-21,3218.08,9.0
2012-12-24,3244.1,9.01
2012-12-25,3318.39,9.25
2012-12-26,3373.75,9.23
2012-12-27,3340.74,9.19
2012-12-28,3378.98,9.31
2012-12-31,3406.8,9.48
2013-01-04,3391.45,9.55
2013-01-07,3441.69,9.57
2013-01-08,3492.86,9.47
2013-01-09,3497.93,9.47
2013-01-10,3524.25,9.47
2013-01-11,3454.62,9.41
2013-01-14,3578.98,9.69
2013-01-15,3649.14,9.68
2013-01-16,3645.82,9.57
2013-01-17,3602.85,9.47
2013-01-18,3659.57,9.6
2013-01-21,3689.91,9.64
2013-01-22,3617.13,9.64
2013-01-23,3630.04,9.65
2013-01-24,3540.22,9.64
2013-01-25,3536.9,9.58
2013-01-28,3629.36,9.79
2013-01-29,3663.64,9.82
2013-01-30,3661.03,9.97
2013-01-31,3639.19,9.98
2013-02-01,3659.46,10.16
2013-02-04,3624.82,10.19
2013-02-05,3657.51,10.12
2013-02-06,3681.31,10.13
2013-02-07,3700.57,9.99
2013-02-08,3755.54,10.04
2013-02-18,3797.69,9.99
2013-02-19,3737.65,9.86
2013-02-20,3818.44,9.86
2013-02-21,3750.17,9.56
2013-02-22,3744.1,9.48
2013-02-25,3790.96,9.52
2013-02-26,3743.81,9.41
2013-02-27,3745.41,9.49
2013-02-28,3815.72,9.69
2013-03-01,3876.64,9.64
2013-03-04,3760.61,9.31
2013-03-05,3848.59,9.52
2013-03-06,3914.84,9.6
2013-03-07,3867.61,9.51
2013-03-08,3829.17,9.53
2013-03-11,3832.11,9.47
2013-03-12,3726.21,9.44
2013-03-13,3696.45,9.35
2013-03-14,3709.72,9.37
2013-03-15,3715.14,9.43
2013-03-18,3671.8,9.26
2013-03-19,3675.68,9.35
2013-03-20,3769.26,9.59
2013-03-21,3818.09,9.59
2013-03-22,3827.1,9.61
2013-03-25,3834.29,9.59
2013-03-26,3814.19,9.46
2013-03-27,3825.75,9.48
2013-03-28,3710.24,9.23
2013-03-29,3712.22,9.25
2013-04-01,3743.37,9.22
2013-04-02,3680.15,9.21
2013-04-03,3642.59,9.24
2013-04-08,3669.01,9.15
2013-04-09,3703.4,9.19
2013-04-10,3685.73,9.19
2013-04-11,3674.33,9.18
2013-04-12,3643.71,9.15
2013-04-15,3594.43,9.06
2013-04-16,3629.74,9.08
2013-04-17,3669.81,9.05
2013-04-18,3681.91,9.07
2013-04-19,3752.88,9.26
2013-04-22,3793.25,9.23
2013-04-23,3685.55,9.02
2013-04-24,3770.95,9.13
2013-04-25,3700.49,9.09
2013-04-26,3627.5,9.03
2013-05-02,3667.16,8.64
2013-05-03,3746.93,8.74
2013-05-06,3817.58,8.74
2013-05-07,3829.52,8.74
2013-05-08,3877.75,8.78
2013-05-09,3892.92,8.72
2013-05-10,3912.06,8.76
2013-05-13,3936.81,8.72
2013-05-14,3889.65,8.63
2013-05-15,3953.85,8.63
2013-05-16,3977.96,8.73
2013-05-17,4031.56,8.84
2013-05-20,4105.23,8.91
2013-05-21,4168.57,8.88
2013-05-22,4111.25,8.88
2013-05-23,4089.16,8.77
2013-05-24,4160.95,8.78
2013-05-27,4210.93,8.77
2013-05-28,4179.86,8.9
2013-05-29,4213.76,8.89
2013-05-30,4231.04,8.85
2013-05-31,4210.97,8.79
2013-06-03,4172.69,8.8
2013-06-04,4080.09,8.75
2013-06-05,4104.91,8.72
2013-06-06,4036.82,8.62
2013-06-07,3985.51,8.53
2013-06-13,3887.75,8.3
2013-06-14,3975.52,8.31
2013-06-17,3996.34,8.28
2013-06-18,4005.14,8.26
2013-06-19,3987.3,8.04
2013-06-20,3860.89,7.83
2013-06-21,3833.82,7.79
2013-06-24,3604.75,7.42
2013-06-25,3602.57,7.42
2013-06-26,3697.96,7.28
2013-06-27,3625.68,7.34
2013-06-28,3602.11,7.56
2013-07-01,3693.6,7.72
2013-07-02,3769.93,7.74
2013-07-03,3780.6,7.53
2013-07-04,3795.61,7.56
2013-07-05,3756.33,7.58
2013-07-08,3620.65,7.46
2013-07-09,3650.7,7.5
2013-07-10,3751.05,7.61
2013-07-11,3832.03,7.83
2013-07-12,3829.2,7.69
2013-07-15,3923.38,7.72
2013-07-16,3966.64,7.7
2013-07-17,3908.83,7.63
2013-07-18,3911.2,7.53
2013-07-19,3832.16,7.48
2013-07-22,3919.3,7.49
2013-07-23,4015.22,7.59
2013-07-24,4057.86,7.47
2013-07-25,3963.31,7.45
2013-07-26,3968.93,7.41
2013-07-29,3901.1,7.3
2013-07-30,3882.32,7.39
2013-07-31,3900.49,7.4
2013-08-01,4026.47,7.69
2013-08-02,4038.77,7.69
2013-08-05,4102.13,7.73
2013-08-06,4146.67,7.73
2013-08-07,4094.32,7.69
2013-08-08,4113.07,7.68
2013-08-09,4113.43,7.69
2013-08-12,4146.49,7.89
2013-08-13,4178.39,7.91
2013-08-14,4175.45,7.89
2013-08-15,4131.23,7.84
2013-08-16,4032.38,7.84
2013-08-19,4129.44,7.88
2013-08-20,4141.53,7.81
2013-08-21,4164.53,7.8
2013-08-22,4181.36,7.77
2013-08-23,4184.82,7.73
2013-08-26,4267.37,7.85
2013-08-27,4306.38,7.85
2013-08-28,4257.97,7.84
2013-08-29,4260.79,7.82
2013-08-30,4181.74,7.85
2013-09-02,4218.4,7.6
2013-09-03,4290.87,7.68
2013-09-04,4298.86,7.7
2013-09-05,4324.73,7.67
2013-09-06,4352.46,7.73
2013-09-09,4369.94,8.07
2013-09-10,4387.76,8.14
2013-09-11,4318.72,8.15
2013-09-12,4319.11,8.22
2013-09-13,4352.95,8.12
2013-09-16,4384.99,8.08
2013-09-17,4325.06,7.92
2013-09-18,4366.14,7.9
2013-09-23,4455.81,8.01
2013-09-24,4468.38,7.92
2013-09-25,4447.11,7.89
2013-09-26,4378.19,7.77
2013-09-27,4393.74,7.77
2013-09-30,4470.45,7.79
2013-10-08,4542.31,7.85
2013-10-09,4612.13,7.88
2013-10-10,4567.57,7.78
2013-10-11,4613.58,7.91
2013-10-14,4665.91,7.89
2013-10-15,4662.77,7.86
2013-10-16,4518.72,7.78
2013-10-17,4517.77,7.76
2013-10-18,4549.99,7.77
2013-10-21,4673.76,7.86
2013-10-22,4621.39,7.79
2013-10-23,4504.0,7.75
2013-10-24,4469.64,7.67
2013-10-25,4388.61,7.6
2013-10-28,4384.39,7.61
2013-10-29,4269.66,7.7
2013-10-30,4335.59,7.81
2013-10-31,4270.97,7.78
2013-11-01,4240.21,7.52
2013-11-04,4267.37,7.5
2013-11-05,4340.39,7.49
2013-11-06,4303.9,7.45
2013-11-07,4246.21,7.45
2013-11-08,4186.18,7.4
2013-11-11,4213.14,7.39
2013-11-12,4248.37,7.45
2013-11-13,4173.5,7.31
2013-11-14,4242.91,7.31
2013-11-15,4324.29,7.4
2013-11-18,4421.24,7.63
2013-11-19,4446.49,7.61
2013-11-20,4486.61,7.64
2013-11-21,4478.39,7.65
2013-11-22,4467.83,7.64
2013-11-25,4473.54,7.57
2013-11-26,4490.51,7.53
2013-11-27,4559.45,7.57
2013-11-28,4587.69,7.62
2013-11-29,4643.3,7.61
2013-12-02,4354.57,7.76
2013-12-03,4427.71,7.72
2013-12-04,4465.71,7.79
2013-12-05,4436.97,7.76
2013-12-06,4430.06,7.73
2013-12-09,4494.5,7.72
2013-12-10,4491.97,7.71
2013-12-11,4465.05,7.59
2013-12-12,4507.55,7.57
2013-12-13,4520.79,7.53
2013-12-16,4460.13,7.42
2013-12-17,4433.7,7.38
2013-12-18,4429.14,7.39
2013-12-19,4393.52,7.34
2013-12-20,4348.8,7.19
2013-12-23,4334.17,7.22
2013-12-24,4379.27,7.21
2013-12-25,4454.3,7.24
2013-12-26,4375.16,7.15
2013-12-27,4455.35,7.24
2013-12-30,4487.49,7.2
2013-12-31,4482.86,7.28
2014-01-02,4539.5,7.23
2014-01-03,4531.75,7.14
2014-01-06,4411.27,7.09
2014-01-07,4458.56,7.08
2014-01-08,4504.67,7.06
2014-01-09,4431.8,7.01
2014-01-10,4354.84,7.01
2014-01-13,4346.71,7.02
2014-01-14,4447.7,7.05
2014-01-15,4494.1,7.0
2014-01-16,4485.27,7.0
2014-01-17,4445.2,6.99
2014-01-20,4415.1,6.94
2014-01-21,4486.87,6.96
2014-01-22,4584.08,7.08
2014-01-23,4627.34,7.01
2014-01-24,4695.29,7.03
2014-01-27,4682.05,6.93
2014-01-28,4667.73,6.97
2014-01-29,4730.86,7.01
2014-01-30,4714.68,6.95
2014-02-07,4818.25,6.93
2014-02-10,4943.38,7.02
2014-02-11,4941.81,7.11
2014-02-12,5005.03,7.1
2014-02-13,4901.68,7.12
2014-02-14,5000.59,7.14
2014-02-17,5117.39,7.17
2014-02-18,5120.24,7.09
2014-02-19,5120.14,7.22
2014-02-20,5035.17,7.29
2014-02-21,5030.78,7.19
2014-02-24,5064.49,7.02
2014-02-25,4849.37,6.96
2014-02-26,4881.73,6.98
2014-02-27,4795.55,7.09
2014-02-28,4842.52,7.07
2014-03-03,4954.17,7.08
2014-03-04,4961.94,7.07
2014-03-05,4963.66,6.99
2014-03-06,4962.4,7.04
2014-03-07,4949.84,7.05
2014-03-10,4760.67,6.9
2014-03-11,4746.73,6.89
2014-03-12,4726.86,6.86
2014-03-13,4794.0,6.92
2014-03-14,4785.04,6.86
2014-03-17,4903.13,6.9
2014-03-18,4934.42,6.9
2014-03-19,4937.73,6.89
2014-03-20,4798.4,6.85
2014-03-21,4870.01,7.06
2014-03-24,4876.47,7.11
2014-03-25,4876.29,7.08
2014-03-26,4903.92,7.07
2014-03-27,4804.21,7.04
2014-03-28,4671.79,7.09
2014-03-31,4633.27,7.08
2014-04-01,4714.95,7.1
2014-04-02,4683.78,7.15
2014-04-03,4686.95,7.09
2014-04-04,4743.68,7.13
2014-04-08,4774.53,7.28
2014-04-09,4830.54,7.29
2014-04-10,4849.66,7.42
2014-04-11,4822.71,7.42
2014-04-14,4858.16,7.39
2014-04-15,4838.65,7.27
2014-04-16,4847.64,7.28
2014-04-17,4847.68,7.26
2014-04-18,4870.31,7.25
2014-04-21,4794.88,7.15
2014-04-22,4748.01,7.22
2014-04-23,4730.83,7.2
2014-04-24,4682.83,7.18
2014-04-25,4582.63,7.14
2014-04-28,4424.41,7.09
2014-04-29,4479.26,7.12
2014-04-30,4525.31,7.13
2014-05-05,4577.41,6.86
2014-05-06,4612.15,6.84
2014-05-07,4533.01,6.81
2014-05-08,4532.26,6.83
2014-05-09,4481.84,6.84
2014-05-12,4576.42,6.95
2014-05-13,4574.8,6.95
2014-05-14,4577.68,6.94
2014-05-15,4491.75,6.91
2014-05-16,4472.17,6.91
2014-05-19,4458.38,6.83
2014-05-20,4480.03,6.84
2014-05-21,4518.66,6.9
2014-05-22,4527.6,6.89
2014-05-23,4582.46,6.93
2014-05-26,4645.0,6.93
2014-05-27,4624.34,6.91
2014-05-28,4690.62,6.95
2014-05-29,4635.01,6.94
2014-05-30,4648.23,6.92
2014-06-03,4640.24,6.93
2014-06-04,4610.72,6.91
2014-06-05,4671.33,6.94
2014-06-06,4662.31,6.9
2014-06-09,4627.43,6.93
2014-06-10,4686.09,7.01
2014-06-11,4717.94,7.0
2014-06-12,4712.04,6.98
2014-06-13,4766.52,7.05
2014-06-16,4800.6,7.11
2014-06-17,4757.48,7.04
2014-06-18,4721.7,7.02
2014-06-19,4581.91,6.95
2014-06-20,4635.06,6.92
2014-06-23,4697.42,6.87
2014-06-24,4733.76,6.89
2014-06-25,4715.85,6.86
2014-06-26,4793.36,6.88
2014-06-27,4829.48,6.83
2014-06-30,4884.4,6.86
2014-07-01,4915.74,6.84
2014-07-02,4945.53,6.86
2014-07-03,4980.72,6.89
2014-07-04,4977.59,6.88
2014-07-07,4970.87,6.89
2014-07-08,5014.86,6.9
2014-07-09,4937.32,6.82
2014-07-10,4935.69,6.81
2014-07-11,4966.18,6.81
2014-07-14,5025.24,6.85
2014-07-15,4992.83,6.87
2014-07-16,4925.46,6.88
2014-07-17,4907.89,6.84
2014-07-18,4910.77,6.85
2014-07-21,4898.25,6.83
2014-07-22,4966.79,6.89
2014-07-23,4897.56,6.93
2014-07-24,4859.62,7.06
2014-07-25,4899.73,7.12
2014-07-28,4984.28,7.32
2014-07-29,5046.41,7.31
2014-07-30,5088.65,7.31
2014-07-31,5115.58,7.37
2014-08-01,5056.04,7.33
2014-08-04,5121.73,7.45
2014-08-05,5170.16,7.4
2014-08-06,5192.31,7.36
2014-08-07,5158.5,7.25
2014-08-08,5206.2,7.27
2014-08-11,5285.68,7.37
2014-08-12,5322.3,7.33
2014-08-13,5320.85,7.32
2014-08-14,5302.98,7.27
2014-08-15,5359.73,7.33
2014-08-18,5449.27,7.33
2014-08-19,5473.4,7.35
2014-08-20,5461.59,7.31
2014-08-21,5477.34,7.26
2014-08-22,5524.37,7.28
2014-08-25,5485.08,7.25
2014-08-26,5376.85,7.23
2014-08-27,5406.56,7.23
2014-08-28,5359.56,7.2
2014-08-29,5421.29,7.26
2014-09-01,5522.78,7.08
2014-09-02,5604.66,7.15
2014-09-03,5648.72,7.24
2014-09-04,5704.28,7.29
2014-09-05,5722.82,7.36
2014-09-09,5757.87,7.32
2014-09-10,5797.45,7.26
2014-09-11,5790.1,7.23
2014-09-12,5862.17,7.27
2014-09-15,5922.27,7.25
2014-09-16,5717.84,7.18
2014-09-17,5757.99,7.19
2014-09-18,5803.72,7.21
2014-09-19,5870.09,7.21
2014-09-22,5820.68,7.07
2014-09-23,5905.17,7.1
2014-09-24,5984.15,7.19
2014-09-25,5989.88,48.97
2014-09-26,6015.45,49.12
2014-09-29,6080.1,49.52
2014-09-30,6127.13,50.11
2014-10-08,6214.97,50.79
2014-10-09,6238.26,50.9
2014-10-10,6216.98,50.65
2014-10-13,6216.67,50.65
2014-10-14,6204.0,50.56
2014-10-15,6222.8,50.73
2014-10-16,6134.74,49.96
2014-10-17,6058.67,49.38
2014-10-20,6154.52,50.15
2014-10-21,6103.01,49.87
2014-10-22,6027.51,49.34
2014-10-23,5930.48,48.56
2014-10-24,5941.93,48.69
2014-10-27,6006.84,49.22
2014-10-28,6163.67,50.47
2014-10-29,6246.7,51.15
2014-10-30,6241.59,51.06
2014-10-31,6208.61,50.79
2014-11-03,6275.99,49.64
2014-11-04,6231.82,49.29
2014-11-05,6227.25,49.26
2014-11-06,6289.19,49.82
2014-11-07,6228.17,49.39
2014-11-10,6246.61,49.55
2014-11-11,6023.0,47.76
2014-11-12,6120.06,48.56
2014-11-13,6023.78,47.68
2014-11-14,6009.45,47.53
2014-11-17,6100.83,48.29
2014-11-18,6139.52,48.6
2014-11-19,6193.56,49.05
2014-11-20,6185.92,48.97
2014-11-21,6240.77,49.53
2014-11-24,6293.02,49.93
2014-11-25,6392.44,50.69
2014-11-26,6435.14,51.06
2014-11-27,6472.59,51.42
2014-11-28,6478.11,51.51
2014-12-01,6392.46,50.72
2014-12-02,6457.56,51.25
2014-12-03,6513.96,51.81
2014-12-04,6605.32,52.52
2014-12-05,6462.09,51.33
2014-12-08,6457.51,51.16
2014-12-09,6161.37,48.83
2014-12-10,6366.81,50.52
2014-12-11,6463.32,51.23
2014-12-12,6545.19,51.91
2014-12-15,6658.15,51.34
2014-12-16,6635.26,50.77
2014-12-17,6551.12,50.17
2014-12-18,6540.88,50.07
2014-12-19,6438.04,49.32
2014-12-22,6120.58,46.75
2014-12-23,6023.37,46.05
2014-12-24,6154.88,47.08
2014-12-25,6222.51,47.59
2014-12-26,6233.94,47.71
2014-12-29,6098.98,46.72
2014-12-30,5982.64,45.85
2014-12-31,6027.52,46.29
2015-01-05,6049.79,46.34
2015-01-06,6172.39,47.39
2015-01-07,6166.77,47.31
2015-01-08,6164.11,47.33
2015-01-09,6128.01,47.09
2015-01-12,6062.28,46.66
2015-01-13,6167.12,47.51
2015-01-14,6139.29,47.34
2015-01-15,6168.66,47.54
2015-01-16,6252.08,48.24
2015-01-19,6109.29,47.24
2015-01-20,6336.63,49.08
2015-01-21,6465.73,50.08
2015-01-22,6568.64,50.81
2015-01-23,6502.07,50.26
2015-01-26,6642.61,51.37
2015-01-27,6693.81,51.77
2015-01-28,6666.26,51.61
2015-01-29,6625.01,51.29
2015-01-30,6546.6,50.67
2015-02-02,6535.9,50.64
2015-02-03,6654.55,51.66
2015-02-04,6653.34,51.67
2015-02-05,6654.08,51.74
2015-02-06,6526.95,50.8
2015-02-09,6474.82,50.37
2015-02-10,6555.82,51.01
2015-02-11,6645.51,51.75
2015-02-12,6703.82,52.28
2015-02-13,6815.85,53.2
2015-02-16,6965.3,54.44
2015-02-17,7020.05,54.86
2015-02-25,7004.67,54.72
2015-02-26,7045.27,55.01
2015-02-27,7141.89,55.8
2015-03-02,7317.68,57.19
2015-03-03,7282.11,56.91
2015-03-04,7411.03,57.94
2015-03-05,7450.91,58.21
2015-03-06,7338.4,57.28
2015-03-09,7450.82,58.21
2015-03-10,7566.48,59.1
2015-03-11,7566.31,59.06
2015-03-12,7514.45,58.62
2015-03-13,7649.35,59.85
2015-03-16,7903.36,61.9
2015-03-17,7993.24,62.49
2015-03-18,8150.95,63.91
2015-03-19,8216.62,64.42
2015-03-20,8318.83,65.38
2015-03-23,8560.44,67.37
2015-03-24,8655.38,68.36
2015-03-25,8784.91,69.57
2015-03-26,8611.86,68.06
2015-03-27,8710.29,68.83
2015-03-30,8719.22,68.8
2015-03-31,8780.74,69.36
2015-04-01,9008.2,71.19
2015-04-02,9238.05,73.1
2015-04-03,9419.2,74.56
2015-04-07,9600.72,75.8
2015-04-08,9455.59,74.2
2015-04-09,9369.66,73.07
2015-04-10,9600.4,74.85
2015-04-13,9813.6,77.88
2015-04-14,9830.06,77.81
2015-04-15,9441.19,74.58
2015-04-16,9541.77,75.25
2015-04-17,9567.7,75.28
2015-04-20,9353.61,73.59
2015-04-21,9716.35,76.13
2015-04-22,9995.26,79.38
2015-04-23,10105.27,80.24
2015-04-24,10123.91,80.41
2015-04-27,10174.9,80.8
2015-04-28,9847.89,78.22
2015-04-29,10107.4,80.05
2015-04-30,10180.49,80.98
2015-05-04,10270.13,81.51
2015-05-05,10007.27,78.01
2015-05-06,9973.99,77.65
2015-05-07,9806.51,76.44
2015-05-08,10274.38,79.45
2015-05-11,10771.62,83.29
2015-05-12,11051.43,85.25
2015-05-13,11137.3,88.01
2015-05-14,11211.1,88.43
2015-05-15,11217.93,88.46
2015-05-18,11542.28,91.09
2015-05-19,11831.36,93.44
2015-05-20,12132.37,94.92
2015-05-21,12586.05,97.89
2015-05-22,12687.29,97.99
2015-05-25,12877.87,98.93
2015-05-26,13401.31,102.05
2015-05-27,13582.55,102.83
2015-05-28,12818.99,96.66
2015-05-29,13027.21,97.86
2015-06-01,13691.17,102.6
2015-06-02,14276.32,106.56
2015-06-03,14356.6,107.05
2015-06-04,14308.65,106.1
2015-06-05,14465.75,106.46
2015-06-08,14099.73,103.41
2015-06-09,14106.23,103.05
2015-06-10,14461.81,105.04
2015-06-11,14768.88,106.88
2015-06-12,15006.34,107.87
2015-06-15,14707.78,101.97
2015-06-16,14102.22,97.55
2015-06-17,14407.31,99.67
2015-06-18,13934.21,96.24
2015-06-19,13024.72,90.07
2015-06-23,13047.02,90.56
2015-06-24,13313.79,92.27
2015-06-25,12760.48,88.25
2015-06-26,11730.75,81.03
2015-06-29,10906.04,75.09
2015-06-30,11381.47,78.34
2015-07-01,10734.01,73.96
2015-07-02,10002.36,69.06
2015-07-03,9358.73,64.62
2015-07-06,8858.91,61.11
2015-07-07,8356.13,57.61
2015-07-08,8114.6,56.0
2015-07-09,8348.87,57.44
2015-07-10,8620.27,59.12
2015-07-13,9032.56,61.9
2015-07-14,9338.17,63.98
2015-07-15,8942.91,61.29
2015-07-16,9041.23,61.91
2015-07-17,9541.26,65.32
2015-07-20,9839.92,67.31
2015-07-21,10062.89,68.84
2015-07-22,10228.86,69.94
2015-07-23,10553.22,72.15
2015-07-24,10449.75,71.54
2015-07-27,9719.55,66.65
2015-07-28,9284.54,63.65
2015-07-29,9727.23,66.68
2015-07-30,9460.73,64.84
2015-07-31,9223.64,63.23
2015-08-03,8723.59,59.93
2015-08-04,9265.22,63.65
2015-08-05,9240.88,63.42
2015-08-06,9229.35,63.37
2015-08-07,9585.14,65.85
2015-08-10,10077.94,69.49
2015-08-11,10153.71,69.99
2015-08-12,10005.93,68.91
2015-08-13,10308.79,70.97
2015-08-14,10377.98,71.36
2015-08-17,10563.13,72.5
2015-08-18,9806.7,67.25
2015-08-19,10057.84,68.97
2015-08-20,9739.92,66.79
2015-08-21,9208.15,63.04
2015-08-24,8506.72,58.2
2015-08-25,7882.11,53.88
2015-08-26,7543.78,51.64
2015-08-27,7793.54,53.42
2015-08-28,8270.96,56.72
2015-08-31,7950.46,54.26
2015-09-01,7441.34,51.84
2015-09-02,7129.97,49.68
2015-09-07,7291.47,50.87
2015-09-08,7651.5,53.47
2015-09-09,7956.73,55.82
2015-09-10,7843.0,55.06
2015-09-11,7952.14,55.73
2015-09-14,7412.3,51.58
2015-09-15,7034.9,49.02
2015-09-16,7500.61,52.31
2015-09-17,7428.64,51.82
2015-09-18,7556.2,52.38
2015-09-21,7847.88,54.51
2015-09-22,7880.84,54.67
2015-09-23,7824.07,53.97
2015-09-24,7928.82,54.2
2015-09-25,7640.17,51.95
2015-09-28,7839.62,53.38
2015-09-29,7720.68,52.17
2015-09-30,7727.51,52.0
2015-10-08,8056.28,54.26
2015-10-09,8180.4,54.86
2015-10-12,8522.63,57.11
2015-10-13,8651.05,58.03
2015-10-14,8534.73,57.09
2015-10-15,8808.46,58.99
2015-10-16,8943.02,59.89
2015-10-19,8935.39,59.83
2015-10-20,9116.54,60.97
2015-10-21,8541.61,56.97
2015-10-22,8894.76,59.26
2015-10-23,9182.55,61.08
2015-10-26,9262.89,61.52
2015-10-27,9345.97,61.84
2015-10-28,9131.87,60.35
2015-10-29,9214.59,60.81
2015-10-30,9188.27,60.71
2015-11-02,8944.68,64.07
2015-11-03,8924.42,63.9
2015-11-04,9396.84,67.38
2015-11-05,9391.45,67.2
2015-11-06,9629.28,69.04
2015-11-09,9816.03,70.53
2015-11-10,9911.24,71.11
2015-11-11,10100.51,72.57
2015-11-12,10135.08,72.76
2015-11-13,9934.77,71.02
2015-11-16,10194.78,72.95
2015-11-17,10109.4,72.41
2015-11-18,9928.66,71.22
2015-11-19,10235.35,73.45
2015-11-20,10440.35,74.57
2015-11-23,10341.45,73.93
2015-11-24,10459.6,74.85
2015-11-25,10696.31,76.54
2015-11-26,10620.83,75.99
2015-11-27,9933.5,71.06
2015-11-30,10001.19,71.51
2015-12-01,9955.2,71.18
2015-12-02,9822.05,70.2
2015-12-03,10102.89,72.19
2015-12-04,10081.57,72.06
2015-12-07,10238.02,73.17
2015-12-08,10057.74,71.75
2015-12-09,10034.19,71.76
2015-12-10,10035.45,71.8
2015-12-11,9946.12,71.07
2015-12-14,10118.9,71.0
2015-12-15,10278.47,72.16
2015-12-16,10374.23,72.89
2015-12-17,10679.96,75.11
2015-12-18,10629.97,74.56
2015-12-21,10699.61,74.99
2015-12-22,10809.24,75.75
2015-12-23,10638.16,74.63
2015-12-24,10633.19,74.63
2015-12-25,10726.99,75.49
2015-12-28,10515.36,73.88
2015-12-29,10653.71,74.84
2015-12-30,10806.7,75.79
2015-12-31,10614.38,74.81
2016-01-04,9694.84,68.29
2016-01-05,9452.04,66.56
2016-01-06,9709.57,68.34
2016-01-07,8856.49,62.29
2016-01-08,8876.25,62.39
2016-01-11,8205.12,57.62
2016-01-12,8187.96,57.55
2016-01-13,7836.12,55.14
2016-01-14,8157.74,57.48
2016-01-15,7868.17,55.46
2016-01-18,8060.88,56.82
2016-01-19,8388.38,59.15
2016-01-20,8321.39,58.67
2016-01-21,7944.57,56.01
2016-01-22,8074.29,56.95
2016-01-25,8180.5,57.7
2016-01-26,7545.54,53.26
2016-01-27,7466.75,52.73
2016-01-28,7100.9,50.15
2016-01-29,7385.76,52.19
2016-02-01,7292.61,51.61
2016-02-02,7576.07,53.66
2016-02-03,7630.46,53.95
2016-02-04,7807.4,55.19
2016-02-05,7718.71,54.55
2016-02-15,7726.37,54.68
2016-02-16,8069.59,57.1
2016-02-17,8202.15,58.01
2016-02-18,8176.14,57.81
2016-02-19,8239.26,58.29
2016-02-22,8407.85,59.43
2016-02-23,8357.36,59.04
2016-02-24,8364.66,59.02
2016-02-25,7702.59,54.37
2016-02-26,7666.82,54.11
2016-02-29,7183.68,50.72
2016-03-01,7345.09,51.66
2016-03-02,7711.89,54.19
2016-03-03,7727.16,54.23
2016-03-04,7418.8,52.0
2016-03-07,7600.44,53.28
2016-03-08,7670.69,53.73
2016-03-09,7500.17,52.61
2016-03-10,7376.7,51.79
2016-03-11,7349.57,51.6
2016-03-14,7640.13,53.7
2016-03-15,7571.82,53.2
2016-03-16,7484.23,52.58
2016-03-17,7779.88,54.62
2016-03-18,8097.2,56.88
2016-03-21,8325.98,58.38
2016-03-22,8311.21,58.28
2016-03-23,8408.64,59.01
2016-03-24,8279.65,58.05
2016-03-25,8343.24,58.35
2016-03-28,8298.78,57.91
2016-03-29,8119.0,56.42
2016-03-30,8438.68,58.69
2016-03-31,8447.18,58.77
2016-04-01,8389.29,58.31
2016-04-05,8635.67,60.04
2016-04-06,8691.23,60.41
2016-04-07,8549.51,59.4
2016-04-08,8484.17,58.92
2016-04-11,8677.41,60.24
2016-04-12,8608.37,59.66
2016-04-13,8729.84,60.46
2016-04-14,8837.02,61.2
2016-04-15,8841.09,61.13
2016-04-18,8715.85,60.06
2016-04-19,8754.5,60.31
2016-04-20,8312.2,57.21
2016-04-21,8198.51,56.35
2016-04-22,8282.42,56.83
2016-04-25,8232.48,56.39
2016-04-26,8343.42,57.05
2016-04-27,8323.46,56.77
2016-04-28,8303.56,56.59
2016-04-29,8291.7,56.36
2016-05-03,8558.58,56.35
2016-05-04,8565.11,56.17
2016-05-05,8628.74,56.51
2016-05-06,8276.03,54.22
2016-05-09,7918.15,51.73
2016-05-10,7898.66,51.63
2016-05-11,7823.98,50.84
2016-05-12,7821.91,50.62
2016-05-13,7806.96,50.45
2016-05-16,7961.15,51.26
2016-05-17,7961.5,50.9
2016-05-18,7711.95,49.22
2016-05-19,7767.32,49.31
2016-05-20,7860.13,49.78
2016-05-23,7995.58,50.6
2016-05-24,7913.68,49.89
2016-05-25,7889.73,49.56
2016-05-26,7929.47,49.21
2016-05-27,7912.86,48.82
2016-05-30,7867.6,48.43
2016-05-31,8197.56,49.9
2016-06-01,8270.52,50.23
2016-06-02,8369.43,50.75
2016-06-03,8391.76,50.85
2016-06-06,8422.47,50.78
2016-06-07,8434.67,50.82
2016-06-08,8431.89,50.51
2016-06-13,8000.82,48.28
2016-06-14,8038.59,48.34
2016-06-15,8340.54,49.99
2016-06-16,8358.03,49.89
2016-06-17,8414.51,49.79
2016-06-20,8457.93,49.98
2016-06-21,8350.76,49.18
2016-06-22,8513.54,49.98
2016-06-23,8495.78,49.46
2016-06-24,8428.82,48.89
2016-06-27,8646.16,50.09
2016-06-28,8730.2,50.48
2016-06-29,8745.82,50.57
2016-06-30,8741.1,50.36
2016-07-01,8710.52,50.34
2016-07-04,8874.07,51.26
2016-07-05,8914.84,51.46
2016-07-06,8947.14,51.65
2016-07-07,8954.28,51.67
2016-07-08,8939.26,51.6
2016-07-11,8875.0,51.09
2016-07-12,8943.06,51.42
2016-07-13,9023.24,51.9
2016-07-14,9042.76,52.02
2016-07-15,8982.89,51.68
2016-07-18,8937.86,51.38
2016-07-19,8996.83,51.7
2016-07-20,8997.89,51.73
2016-07-21,9007.55,51.82
2016-07-22,8931.97,51.39
2016-07-25,8925.34,51.35
2016-07-26,9035.56,51.99
2016-07-27,8602.92,49.34
2016-07-28,8571.56,49.08
2016-07-29,8501.09,48.69
2016-08-01,8363.61,47.94
2016-08-02,8445.78,48.4
2016-08-03,8482.2,48.61
2016-08-04,8553.01,49.08
2016-08-05,8505.36,48.77
2016-08-08,8607.4,49.14
2016-08-09,8699.39,49.69
2016-08-10,8671.78,49.51
2016-08-11,8531.69,48.72
2016-08-12,8615.05,49.18
2016-08-15,8807.83,50.33
2016-08-16,8877.07,50.67
2016-08-17,8911.75,50.86
2016-08-18,8908.32,50.79
2016-08-19,8923.36,50.93
2016-08-22,8810.84,50.19
2016-08-23,8820.21,50.25
2016-08-24,8850.51,50.45
2016-08-25,8784.58,50.11
2016-08-26,8814.46,50.29
2016-08-29,8836.99,50.37
2016-08-30,8838.46,50.29
2016-08-31,8838.38,50.24
2016-09-01,8770.75,46.71
2016-09-02,8724.94,50.24
2016-09-05,8761.96,50.46
2016-09-06,8906.87,51.26
2016-09-07,8897.8,51.19
2016-09-08,8938.43,50.84
2016-09-09,8872.31,50.47
2016-09-12,8587.4,48.86
2016-09-13,8656.68,49.18
2016-09-14,8618.15,48.97
2016-09-19,8716.49,49.52
2016-09-20,8712.28,49.54
2016-09-21,8732.0,49.63
2016-09-22,8770.09,49.86
2016-09-23,8729.61,49.47
2016-09-26,8544.18,45.93
2016-09-27,8604.1,46.25
2016-09-28,8592.13,45.73
2016-09-29,8618.61,45.87
2016-09-30,8661.02,46.08
2016-10-10,8842.82,46.95
2016-10-11,8903.46,47.21
2016-10-12,8915.44,47.13
2016-10-13,8929.51,47.09
2016-10-14,8913.7,47.02
2016-10-17,8832.09,46.63
2016-10-18,8966.69,47.17
2016-10-19,8954.2,47.05
2016-10-20,8995.41,47.27
2016-10-21,8943.01,46.95
2016-10-24,9000.7,47.25
2016-10-25,9039.48,47.43
2016-10-26,9000.76,47.02
2016-10-27,8997.02,47.01
2016-10-28,8914.62,46.55
2016-10-31,8910.51,46.5
2016-11-01,9006.79,54.35
2016-11-02,8946.74,53.96
2016-11-03,9004.85,54.25
2016-11-04,8979.93,54.12
2016-11-07,8975.57,54.08
2016-11-08,9030.73,54.41
2016-11-09,8967.6,53.99
2016-11-10,9083.84,54.71
2016-11-11,9121.51,54.97
2016-11-14,9152.17,55.16
2016-11-15,9197.86,55.44
2016-11-16,9211.95,55.56
2016-11-17,9174.44,55.27
2016-11-18,9146.21,55.15
2016-11-21,9167.49,55.33
2016-11-22,9244.21,55.79
2016-11-23,9180.01,55.43
2016-11-24,9116.57,55.06
2016-11-25,9134.82,55.2
2016-11-28,9133.91,55.15
2016-11-29,9031.29,54.55
2016-11-30,9014.91,54.5
2016-12-01,9055.99,54.73
2016-12-02,8900.41,53.82
2016-12-05,8851.52,53.61
2016-12-06,8871.73,53.69
2016-12-07,8969.14,54.26
2016-12-08,8914.51,53.9
2016-12-09,8881.34,53.69
2016-12-12,8397.48,52.25
2016-12-13,8433.59,52.38
2016-12-14,8378.06,52.02
2016-12-15,8467.71,52.57
2016-12-16,8559.99,53.12
2016-12-19,8551.33,53.03
2016-12-20,8546.19,52.99
2016-12-21,8609.41,53.44
2016-12-22,8607.95,53.43
2016-12-23,8509.36,52.8
2016-12-26,8547.1,53.15
2016-12-27,8555.99,53.44
2016-12-28,8521.38,53.2
2016-12-29,8488.3,52.99
2016-12-30,8490.86,53.01
2017-01-03,8565.14,53.44
2017-01-04,8669.95,54.09
2017-01-05,8670.76,54.04
2017-01-06,8609.9,53.6
2017-01-09,8653.85,53.87
2017-01-10,8609.55,53.58
2017-01-11,8519.85,53.02
2017-01-12,8443.26,52.55
2017-01-13,8286.24,51.54
2017-01-16,7931.96,49.35
2017-01-17,8028.65,49.97
2017-01-18,7989.14,49.57
2017-01-19,7955.39,49.37
2017-01-20,8087.77,50.22
2017-01-23,8169.11,50.75
2017-01-24,8123.59,50.47
2017-01-25,8150.6,50.7
2017-01-26,8205.87,51.03
2017-02-03,8182.28,50.86
2017-02-06,8280.01,51.48
2017-02-07,8282.37,51.48
2017-02-08,8342.43,51.85
2017-02-09,8410.26,52.28
2017-02-10,8380.79,52.04
2017-02-13,8432.96,52.55
2017-02-14,8423.84,52.43
2017-02-15,8344.07,51.94
2017-02-16,8397.56,52.22
2017-02-17,8324.42,51.81
2017-02-20,8397.24,52.22
2017-02-21,8479.61,52.73
2017-02-22,8510.31,52.93
2017-02-23,8512.7,52.99
2017-02-24,8543.45,53.21
2017-02-27,8476.91,52.79
2017-02-28,8508.09,52.98
2017-03-01,8526.47,53.11
2017-03-02,8471.44,52.77
2017-03-03,8505.45,52.99
2017-03-06,8608.15,53.66
2017-03-07,8624.47,53.86
2017-03-08,8589.87,53.62
2017-03-09,8535.56,53.27
2017-03-10,8537.78,53.32
2017-03-13,8598.52,53.7
2017-03-14,8581.71,53.57
2017-03-15,8574.03,53.53
2017-03-16,8664.98,54.09
2017-03-17,8603.87,53.7
2017-03-20,8634.84,53.95
2017-03-21,8639.57,54.02
2017-03-22,8592.51,53.73
2017-03-23,8590.96,53.73
2017-03-24,8602.29,53.86
2017-03-27,8586.91,53.77
2017-03-28,8558.07,53.57
2017-03-29,8488.22,53.11
2017-03-30,8315.05,51.98
2017-03-31,8339.15,52.16
2017-04-05,8522.01,53.31
2017-04-06,8543.66,53.42
2017-04-07,8544.75,52.99
2017-04-10,8449.16,52.35
2017-04-11,8514.44,52.71
2017-04-12,8444.39,52.3
2017-04-13,8470.31,52.45
2017-04-14,8345.65,51.68
2017-04-17,8220.66,50.88
2017-04-18,8136.41,50.34
2017-04-19,8033.5,49.6
2017-04-20,7987.65,49.28
2017-04-21,7945.39,49.06
2017-04-24,7698.28,47.48
2017-04-25,7724.0,47.67
2017-04-26,7751.94,47.77
2017-04-27,7799.12,47.92
2017-04-28,7842.08,47.9
2017-05-02,7845.47,44.38
2017-05-03,7830.64,44.32
2017-05-04,7804.58,44.16
2017-05-05,7700.26,43.61
2017-05-08,7555.28,42.79
2017-05-09,7602.96,43.06
2017-05-10,7451.78,42.11
2017-05-11,7387.15,41.58
2017-05-12,7371.3,41.3
2017-05-15,7391.61,41.27
2017-05-16,7549.76,42.01
2017-05-17,7570.44,42.0
2017-05-18,7519.19,41.68
2017-05-19,7510.11,41.38
2017-05-22,7372.79,40.59
2017-05-23,7138.24,39.16
2017-05-24,7172.14,39.3
2017-05-25,7232.63,39.36
2017-05-26,7233.34,39.02
2017-05-31,7212.7,38.87
2017-06-01,7016.3,37.74
2017-06-02,7094.43,38.01
2017-06-05,7160.53,37.99
2017-06-06,7197.62,38.01
2017-06-07,7347.6,38.75
2017-06-08,7342.48,38.63
2017-06-09,7348.52,38.4
2017-06-12,7246.71,36.78
2017-06-13,7352.98,37.32
2017-06-14,7362.86,37.27
2017-06-15,7455.39,37.72
2017-06-16,7442.95,37.57
2017-06-19,7489.76,37.82
2017-06-20,7503.8,37.62
2017-06-21,7504.19,37.59
2017-06-22,7371.96,36.94
2017-06-23,7376.67,36.92
2017-06-26,7462.1,37.29
2017-06-27,7474.03,37.34
2017-06-28,7423.47,37.08
2017-06-29,7456.67,37.24
2017-06-30,7465.76,37.2
2017-07-03,7537.11,37.52
2017-07-04,7523.7,37.43
2017-07-05,7588.09,37.71
2017-07-06,7601.79,37.72
2017-07-07,7623.38,37.82
2017-07-10,7577.82,37.58
2017-07-11,7484.06,37.1
2017-07-12,7474.33,37.05
2017-07-13,7474.3,36.73
2017-07-14,7433.18,36.36
2017-07-17,7048.54,34.4
2017-07-18,7109.6,34.66
2017-07-19,7202.81,35.08
2017-07-20,7244.9,35.29
2017-07-21,7252.71,35.3
2017-07-24,7292.65,35.51
2017-07-25,7278.84,35.45
2017-07-26,7289.88,35.48
2017-07-27,7383.11,35.95
2017-07-28,7386.21,35.95
2017-07-31,7444.96,36.21
2017-08-01,7452.93,36.23
2017-08-02,7389.51,35.95
2017-08-03,7424.11,36.12
2017-08-04,7389.15,35.94
2017-08-07,7445.18,36.19
2017-08-08,7470.69,36.3
2017-08-09,7495.39,36.43
2017-08-10,7441.24,36.16
2017-08-11,7328.4,35.63
2017-08-14,7474.64,36.33
2017-08-15,7507.29,36.48
2017-08-16,7544.39,36.68
2017-08-17,7614.21,37.01
2017-08-18,7576.05,36.84
2017-08-21,7631.75,37.11
2017-08-22,7585.11,36.9
2017-08-23,7534.46,36.66
2017-08-24,7486.06,36.4
2017-08-25,7559.31,36.73
2017-08-28,7642.65,37.15
2017-08-29,7623.26,37.08
2017-08-30,7654.37,37.22
2017-08-31,7679.87,37.35
2017-09-01,7739.91,39.88
2017-09-04,7798.18,40.17
2017-09-05,7800.54,40.18
2017-09-06,7858.28,40.46
2017-09-07,7823.4,40.31
2017-09-08,7838.8,40.39
2017-09-11,7920.69,40.84
2017-09-12,7899.42,40.7
2017-09-13,7928.75,40.87
2017-09-14,7916.67,40.79
2017-09-15,7880.57,40.55
2017-09-18,7941.68,40.87
2017-09-19,7905.71,40.71
2017-09-20,7975.39,41.02
2017-09-21,7886.52,40.49
2017-09-22,7849.73,40.29
2017-09-25,7731.8,39.65
2017-09-26,7746.24,39.65
2017-09-27,7810.23,39.97
2017-09-28,7768.38,39.75
2017-09-29,7842.59,40.11
2017-10-09,7941.18,40.58
2017-10-10,7994.46,40.87
2017-10-11,7961.11,40.72
2017-10-12,7940.14,40.62
2017-10-13,7972.42,40.81
2017-10-16,7819.59,40.03
2017-10-17,7805.07,39.98
2017-10-18,7730.27,39.61
2017-10-19,7656.06,39.24
2017-10-20,7751.43,39.74
2017-10-23,7793.54,39.99
2017-10-24,7752.92,39.8
2017-10-25,7799.75,39.99
2017-10-26,7830.11,40.15
2017-10-27,7770.71,39.86
2017-10-30,7574.65,38.97
2017-10-31,7631.53,39.27
2017-11-01,7635.44,37.28
2017-11-02,7542.35,36.83
2017-11-03,7476.98,36.51
2017-11-06,7551.35,36.9
2017-11-07,7596.17,37.11
2017-11-08,7617.52,37.22
2017-11-09,7656.67,37.42
2017-11-10,7669.97,37.5
2017-11-13,7681.63,37.58
2017-11-14,7627.49,37.3
2017-11-15,7556.42,36.93
2017-11-16,7535.59,36.86
2017-11-17,7272.66,35.57
2017-11-20,7292.46,35.68
2017-11-21,7289.31,35.66
2017-11-22,7297.39,35.68
2017-11-23,7129.05,34.83
2017-11-24,7139.55,34.89
2017-11-27,7065.84,34.51
2017-11-28,7176.92,35.07
2017-11-29,7193.12,35.18
2017-11-30,7153.57,34.98
2017-12-01,7215.78,35.28
2017-12-04,7139.75,34.88
2017-12-05,6946.56,33.93
2017-12-06,7016.76,34.26
2017-12-07,7012.71,34.25
2017-12-08,7078.0,34.59
2017-12-11,7160.43,34.3
2017-12-12,7095.59,33.95
2017-12-13,7139.72,34.17
2017-12-14,7146.45,34.21
2017-12-15,7122.75,34.09
2017-12-18,7075.87,33.84
2017-12-19,7115.85,34.05
2017-12-20,7041.5,33.7
2017-12-21,7051.34,33.76
2017-12-22,7037.4,33.71
2017-12-25,6940.51,33.27
2017-12-26,6970.75,33.46
2017-12-27,6942.54,33.31
2017-12-28,6956.48,33.37
2017-12-29,7017.35,33.69
2018-01-02,7092.09,34.09
2018-01-03,7159.88,34.42
2018-01-04,7174.87,34.49
2018-01-05,7176.87,34.52
2018-01-08,7188.29,34.59
2018-01-09,7176.74,34.54
2018-01-10,7138.78,34.33
2018-01-11,7175.4,34.5
2018-01-12,7127.83,34.26
2018-01-15,6929.31,33.31
2018-01-16,6960.68,33.5
2018-01-17,6942.86,33.42
2018-01-18,6955.23,33.51
2018-01-19,6938.31,33.43
2018-01-22,7014.55,33.78
2018-01-23,7019.98,33.83
2018-01-24,7072.41,34.1
2018-01-25,7062.64,34.02
2018-01-26,7056.01,33.98
2018-01-29,6972.48,33.56
2018-01-30,6955.24,33.47
2018-01-31,6791.01,32.72
2018-02-01,6506.45,31.41
2018-02-02,6487.87,31.34
2018-02-05,6461.81,31.22
2018-02-06,6142.67,29.65
2018-02-07,6158.26,29.7
2018-02-08,6238.22,30.1
2018-02-09,6053.02,29.21
2018-02-12,6203.75,29.93
2018-02-13,6216.51,30.13
2018-02-14,6230.66,30.21
2018-02-22,6347.08,30.8
2018-02-23,6365.92,30.89
2018-02-26,6507.13,31.58
2018-02-27,6529.38,31.69
2018-02-28,6563.81,31.83
2018-03-01,6658.58,32.29
2018-03-02,6632.37,32.15
2018-03-05,6674.28,32.37
2018-03-06,6735.86,32.71
2018-03-07,6688.55,32.47
2018-03-08,6725.18,32.66
2018-03-09,6837.13,33.19
2018-03-12,6947.46,33.75
2018-03-13,6911.67,33.55
2018-03-14,6834.84,33.2
2018-03-15,6824.05,33.12
2018-03-16,6805.93,33.0
2018-03-19,6820.5,33.08
2018-03-20,6822.25,33.1
2018-03-21,6771.06,32.86
2018-03-22,6764.69,32.82
2018-03-23,6402.89,31.04
2018-03-26,6515.25,31.58
2018-03-27,6680.84,32.39
2018-03-28,6635.87,32.14
2018-03-29,6684.28,32.39
2018-03-30,6798.67,32.94
2018-04-02,6835.87,33.13
2018-04-03,6769.56,32.8
2018-04-04,6708.92,32.5
2018-04-09,6718.65,32.56
2018-04-10,6720.77,32.59
2018-04-11,6759.81,32.8
2018-04-12,6727.64,32.65
2018-04-13,6721.66,32.63
2018-04-16,6717.93,32.61
2018-04-17,6564.69,31.8
2018-04-18,6661.29,32.19
2018-04-19,6677.09,32.23
2018-04-20,6535.96,31.54
2018-04-23,6466.52,31.18
2018-04-24,6606.58,31.82
2018-04-25,6632.02,31.95
2018-04-26,6510.53,31.33
2018-04-27,6517.05,31.29
2018-05-02,6486.81,27.82
2018-05-03,6545.27,28.07
2018-05-04,6531.29,27.98
2018-05-07,6646.58,28.49
2018-05-08,6678.14,28.59
2018-05-09,6674.91,28.58
2018-05-10,6703.21,28.69
2018-05-11,6636.77,28.39
2018-05-14,6591.73,28.19
2018-05-15,6661.13,28.41
2018-05-16,6622.64,28.23
2018-05-17,6591.26,27.98
2018-05-18,6620.77,28.05
2018-05-21,6697.14,28.37
2018-05-22,6724.4,28.49
2018-05-23,6652.29,28.11
2018-05-24,6628.5,27.91
2018-05-25,6541.45,27.48
2018-05-28,6490.4,27.24
2018-05-29,6436.77,26.99
2018-05-30,6232.42,26.06
2018-05-31,6315.17,26.43
2018-06-01,6243.73,26.09
2018-06-04,6215.61,26.0
2018-06-05,6316.42,26.43
2018-06-06,6320.47,26.34
2018-06-07,6274.88,26.05
2018-06-08,6205.96,25.76
2018-06-11,6151.94,26.0
2018-06-12,6199.15,26.19
2018-06-13,6092.34,25.72
2018-06-14,6060.13,25.51
2018-06-15,5928.07,24.94
2018-06-18,5928.07,24.94
2018-06-19,5522.53,23.23
2018-06-20,5588.27,23.52
2018-06-21,5456.91,22.95
2018-06-22,5541.37,23.25
2018-06-25,5512.43,23.12
2018-06-26,5558.71,23.3
2018-06-27,5508.92,23.09
2018-06-28,5443.85,22.79
2018-06-29,5608.54,23.45
2018-07-02,5538.09,23.17
2018-07-03,5601.59,23.41
2018-07-04,5500.67,22.98
2018-07-05,5352.66,22.33
2018-07-06,5374.58,22.41
2018-07-09,5487.55,22.9
2018-07-10,5524.8,23.04
2018-07-11,5396.31,22.49
2018-07-12,5541.36,23.07
2018-07-13,5561.69,23.22
2018-07-16,5566.96,23.21
2018-07-17,5575.47,23.2
2018-07-18,5544.52,23.07
2018-07-19,5480.77,22.81
2018-07-20,5541.21,23.06
2018-07-23,5582.31,23.22
2018-07-24,5672.22,23.57
2018-07-25,5685.59,23.6
2018-07-26,5663.18,23.44
2018-07-27,5630.23,23.3
2018-07-30,5549.04,22.98
2018-07-31,5542.54,22.94
2018-08-01,5456.21,22.57
2018-08-02,5325.8,22.04
2018-08-03,5255.63,21.74
2018-08-06,5144.64,21.27
2018-08-07,5279.64,21.82
2018-08-08,5191.79,21.42
2018-08-09,5307.97,21.91
2018-08-10,5342.05,22.06
2018-08-13,5369.18,22.16
2018-08-14,5351.02,22.1
2018-08-15,5242.09,21.66
2018-08-16,5178.24,21.39
2018-08-17,5084.21,21.0
2018-08-20,5103.63,21.08
2018-08-21,5162.03,21.33
2018-08-22,5102.36,21.07
2018-08-23,5133.33,21.2
2018-08-24,5116.14,21.13
2018-08-27,5229.36,21.6
2018-08-28,5233.5,21.63
2018-08-29,5203.71,21.49
2018-08-30,5114.27,21.13
2018-08-31,5057.98,20.89
2018-09-03,5054.11,21.02
2018-09-04,5113.15,21.26
2018-09-05,5032.5,20.91
2018-09-06,5012.51,20.81
2018-09-07,5022.28,20.86
2018-09-10,4923.64,20.46
2018-09-11,4925.3,20.45
2018-09-12,4919.81,20.42
2018-09-13,4958.16,20.57
2018-09-14,4907.93,20.37
2018-09-17,4831.56,20.04
2018-09-18,4917.35,20.41
2018-09-19,4970.01,20.63
2018-09-20,4951.58,20.55
2018-09-21,5011.69,20.81
2018-09-25,4995.7,20.73
2018-09-26,5017.06,20.77
2018-09-27,4945.69,20.45
2018-09-28,4987.27,20.62
2018-10-08,4817.43,19.91
2018-10-09,4818.73,19.91
2018-10-10,4812.43,19.9
2018-10-11,4456.61,18.46
2018-10-12,4427.68,18.36
2018-10-15,4358.87,18.09
2018-10-16,4261.17,17.69
2018-10-17,4292.2,17.83
2018-10-18,4149.44,17.26
2018-10-19,4241.23,17.65
2018-10-22,4452.74,18.52
2018-10-23,4379.06,18.21
2018-10-24,4377.55,18.21
2018-10-25,4345.33,18.06
2018-10-26,4359.47,18.13
2018-10-29,4296.7,17.86
2018-10-30,4336.65,18.01
2018-10-31,4400.61,18.28
2018-11-01,4428.74,17.94
2018-11-02,4564.18,18.5
2018-11-05,4598.2,18.63
2018-11-06,4603.11,18.63
2018-11-07,4592.84,18.58
2018-11-08,4572.38,18.48
2018-11-09,4561.21,18.43
2018-11-12,4697.35,18.95
2018-11-13,4790.45,19.3
2018-11-14,4791.23,19.3
2018-11-15,4871.09,19.63
2018-11-16,4923.99,19.85
2018-11-19,4942.49,19.93
2018-11-20,4811.88,19.42
2018-11-21,4847.04,19.53
2018-11-22,4850.13,19.55
2018-11-23,4642.12,18.74
2018-11-26,4633.73,18.69
2018-11-27,4671.64,18.82
2018-11-28,4728.58,19.05
2018-11-29,4617.35,18.62
2018-11-30,4648.18,18.75
2018-12-03,4802.29,19.36
2018-12-04,4846.17,19.54
2018-12-05,4816.99,19.43
2018-12-06,4730.91,19.09
2018-12-07,4731.9,19.09
2018-12-10,4676.62,18.88
2018-12-11,4720.47,19.05
2018-12-12,4718.82,19.06
2018-12-13,4763.72,19.25
2018-12-14,4641.89,18.77
2018-12-17,4627.23,20.21
2018-12-18,4596.61,20.08
2018-12-19,4533.4,19.82
2018-12-20,4550.6,19.89
2018-12-21,4517.78,19.75
2018-12-24,4558.32,19.95
2018-12-25,4514.62,19.76
2018-12-26,4494.5,19.68
2018-12-27,4424.65,19.38
2018-12-28,4430.02,19.42
2019-01-02,4408.53,19.29
2019-01-03,4376.86,19.13
2019-01-04,4497.89,19.68
2019-01-07,4594.15,20.06
2019-01-08,4585.03,20.01
2019-01-09,4594.74,20.04
2019-01-10,4582.48,19.99
2019-01-11,4621.61,20.16
2019-01-14,4594.19,20.03
2019-01-15,4644.17,20.25
2019-01-16,4637.2,20.24
2019-01-17,4595.49,20.06
2019-01-18,4626.41,20.21
2019-01-21,4655.11,20.33
2019-01-22,4603.2,20.12
2019-01-23,4609.67,20.15
2019-01-24,4635.75,20.25
2019-01-25,4607.94,20.15
2019-01-28,4570.4,20.0
2019-01-29,4490.05,19.68
2019-01-30,4423.14,19.41
2019-01-31,4355.74,19.13
2019-02-01,4482.99,19.68
2019-02-11,4611.83,20.24
2019-02-12,4675.79,20.5
2019-02-13,4759.83,20.85
2019-02-14,4780.04,20.94
2019-02-15,4773.51,20.88
2019-02-18,4942.88,21.61
2019-02-19,4963.75,21.67
2019-02-20,4967.04,21.68
2019-02-21,4947.66,21.59
2019-02-22,5059.51,22.05
2019-02-25,5324.25,23.18
2019-02-26,5323.76,23.18
2019-02-27,5310.27,23.1
2019-02-28,5330.34,23.21
2019-03-01,5364.37,23.35
2019-03-04,5482.3,23.84
2019-03-05,5654.31,24.51
2019-03-06,5776.97,24.98
2019-03-07,5877.3,25.37
2019-03-08,5633.32,24.34
2019-03-11,5876.34,25.4
2019-03-12,6006.18,25.94
2019-03-13,5866.63,25.4
2019-03-14,5688.95,24.69
2019-03-15,5777.11,25.07
2019-03-18,5916.34,25.68
2019-03-19,5941.91,25.76
2019-03-20,5926.17,25.68
2019-03-21,5990.64,25.93
2019-03-22,6014.55,26.03
2019-03-25,5961.44,25.79
2019-03-26,5788.36,25.1
2019-03-27,5826.53,25.31
2019-03-28,5747.86,24.98
2019-03-29,5911.21,25.67
2019-04-01,6137.73,26.63
2019-04-02,6174.94,26.78
2019-04-03,6237.02,27.01
2019-04-04,6260.07,27.11
2019-04-08,6230.21,26.98
2019-04-09,6245.43,27.03
2019-04-10,6235.71,26.99
2019-04-11,6106.95,26.45
2019-04-12,6101.2,26.43
2019-04-15,6052.05,26.22
2019-04-16,6179.8,26.72
2019-04-17,6234.11,26.93
2019-04-18,6202.84,26.79
2019-04-19,6255.25,26.99
2019-04-22,6192.14,26.69
2019-04-23,6078.27,26.23
2019-04-24,6153.39,26.51
2019-04-25,5899.91,25.42
2019-04-26,5834.38,25.14
2019-04-29,5622.48,24.3
2019-04-30,5682.24,24.59
2019-05-06,5246.83,24.16
2019-05-07,5312.5,24.49
2019-05-08,5292.75,24.37
2019-05-09,5237.82,24.09
2019-05-10,5445.53,25.02
2019-05-13,5405.61,24.86
2019-05-14,5368.23,24.67
2019-05-15,5486.39,25.19
2019-05-16,5527.28,25.35
2019-05-17,5330.99,24.42
2019-05-20,5313.15,24.29
2019-05-21,5418.05,24.75
2019-05-22,5395.43,24.62
2019-05-23,5267.83,24.04
2019-05-24,5200.77,23.77
2019-05-27,5354.63,24.42
2019-05-28,5354.53,24.35
2019-05-29,5376.51,24.38
2019-05-30,5341.98,24.18
2019-05-31,5334.25,24.13
2019-06-03,5255.07,23.76
2019-06-04,5160.98,23.33
2019-06-05,5158.47,23.3
2019-06-06,5030.8,22.74
2019-06-10,5098.94,23.03
2019-06-11,5289.62,23.84
2019-06-12,5264.89,23.71
2019-06-13,5294.11,23.8
2019-06-14,5173.07,23.27
2019-06-17,5160.67,23.31
2019-06-18,5160.88,23.25
2019-06-19,5234.28,23.58
2019-06-20,5317.31,23.94
2019-06-21,5406.04,24.24
2019-06-24,5403.8,24.24
2019-06-25,5351.69,24.0
2019-06-26,5351.39,23.99
2019-06-27,5397.57,24.2
2019-06-28,5321.43,23.88
2019-07-01,5481.41,24.55
2019-07-02,5483.52,24.58
2019-07-03,5428.51,24.33
2019-07-04,5404.38,24.2
2019-07-05,5424.25,24.26
2019-07-08,5244.27,23.49
2019-07-09,5260.34,23.47
2019-07-10,5214.64,23.2
2019-07-11,5206.4,23.16
2019-07-12,5219.19,23.23
2019-07-15,5273.81,23.45
2019-07-16,5285.23,23.49
2019-07-17,5289.42,23.47
2019-07-18,5194.6,23.03
2019-07-19,5220.03,23.15
2019-07-22,5073.33,22.53
2019-07-23,5131.1,22.78
2019-07-24,5194.83,23.06
2019-07-25,5211.09,23.14
2019-07-26,5216.6,23.16
2019-07-29,5218.98,23.19
2019-07-30,5239.72,23.29
2019-07-31,5200.09,23.13
2019-08-01,5173.23,23.0
2019-08-02,5091.06,22.66
2019-08-05,5032.64,22.4
2019-08-06,4899.82,21.85
2019-08-07,4885.44,21.8
2019-08-08,4923.33,21.97
2019-08-09,4869.79,21.75
2019-08-12,4952.22,22.12
2019-08-13,4928.46,22.02
2019-08-14,4961.75,22.18
2019-08-15,4985.42,22.28
2019-08-16,5013.58,22.42
2019-08-19,5173.18,23.11
2019-08-20,5185.27,23.16
2019-08-21,5186.62,23.17
2019-08-22,5208.55,23.26
2019-08-23,5197.55,23.22
2019-08-26,5168.68,23.1
2019-08-27,5266.66,23.52
2019-08-28,5256.18,23.47
2019-08-29,5260.95,23.5
2019-08-30,5182.96,23.17
2019-09-02,5317.53,24.11
2019-09-03,5357.06,24.28
2019-09-04,5394.71,24.45
2019-09-05,5445.57,24.65
2019-09-06,5468.46,24.76
2019-09-09,5602.24,25.33
2019-09-10,5614.58,25.4
2019-09-11,5566.41,25.18
2019-09-12,5592.92,25.28
2019-09-16,5627.24,25.41
2019-09-17,5492.22,24.84
2019-09-18,5485.88,24.84
2019-09-19,5550.41,25.13
2019-09-20,5556.48,25.18
2019-09-23,5501.21,24.92
2019-09-24,5528.89,25.05
2019-09-25,5421.62,24.59
2019-09-26,5244.08,23.82
2019-09-27,5291.44,24.02
2019-09-30,5232.39,23.77
2019-10-08,5237.18,23.79
2019-10-09,5285.15,24.01
2019-10-10,5366.93,24.39
2019-10-11,5370.65,24.39
2019-10-14,5455.61,24.76
2019-10-15,5375.53,24.4
2019-10-16,5353.02,24.32
2019-10-17,5347.27,24.31
2019-10-18,5280.53,24.03
2019-10-21,5247.3,23.85
2019-10-22,5312.46,24.15
2019-10-23,5269.72,23.93
2019-10-24,5259.45,23.88
2019-10-25,5300.09,24.07
2019-10-28,5425.75,24.59
2019-10-29,5366.75,24.35
2019-10-30,5313.42,24.15
2019-10-31,5253.88,23.92
2019-11-01,5303.99,23.63
2019-11-04,5337.08,23.81
2019-11-05,5352.06,23.88
2019-11-06,5304.84,23.69
2019-11-07,5340.17,23.84
2019-11-08,5321.78,23.78
2019-11-11,5183.57,23.16
2019-11-12,5196.72,23.21
2019-11-13,5181.49,23.17
2019-11-14,5216.64,23.33
2019-11-15,5152.56,23.06
2019-11-18,5189.35,23.23
2019-11-19,5286.15,23.64
2019-11-20,5259.47,23.54
2019-11-21,5250.67,23.49
2019-11-22,5181.11,23.14
2019-11-25,5151.37,23.01
2019-11-26,5147.73,23.0
2019-11-27,5145.97,22.99
2019-11-28,5131.13,22.93
2019-11-29,5126.61,22.88
2019-12-02,5137.78,22.94
2019-12-03,5171.36,23.07
2019-12-04,5179.69,23.13
2019-12-05,5238.13,23.43
2019-12-06,5275.51,23.6
2019-12-09,5294.28,23.66
2019-12-10,5326.36,23.78
2019-12-11,5304.88,23.68
2019-12-12,5304.42,23.68
2019-12-13,5375.98,24.02
2019-12-16,5476.99,24.6
2019-12-17,5545.62,24.87
2019-12-18,5543.79,24.88
2019-12-19,5568.11,24.95
2019-12-20,5501.16,24.67
2019-12-23,5377.09,24.16
2019-12-24,5471.74,24.55
2019-12-25,5504.42,24.68
2019-12-26,5543.66,24.88
2019-12-27,5498.93,24.69
2019-12-30,5530.0,24.86
2019-12-31,5567.03,25.03
2020-01-02,5676.56,25.53
2020-01-03,5706.04,25.64
2020-01-06,5764.73,25.86
2020-01-07,5852.36,26.27
2020-01-08,5772.47,25.91
2020-01-09,5864.18,26.4
2020-01-10,5851.89,26.39
2020-01-13,5926.72,26.75
2020-01-14,5914.11,26.68
2020-01-15,5913.52,26.71
2020-01-16,5902.13,26.68
2020-01-17,5879.41,26.61
2020-01-20,5954.87,26.96
2020-01-21,5901.86,26.71
2020-01-22,5919.59,26.79
2020-01-23,5699.01,25.8
2020-02-03,5200.16,23.56
2020-02-04,5212.1,23.68
2020-02-05,5348.34,24.23
2020-02-06,5515.64,24.96
2020-02-07,5583.6,25.27
2020-02-10,5661.56,25.63
2020-02-11,5623.26,25.52
2020-02-12,5754.26,26.04
2020-02-13,5707.53,25.82
2020-02-14,5727.83,25.94
2020-02-17,5936.48,26.88
2020-02-18,6072.19,27.47
2020-02-19,6018.05,27.25
2020-02-20,6134.39,27.75
2020-02-21,6243.48,28.2
2020-02-24,6380.41,28.81
2020-02-25,6407.14,28.87
2020-02-26,6221.84,28.02
2020-02-27,6232.09,28.13
2020-02-28,5870.97,26.58
2020-03-02,6113.41,27.68
2020-03-03,6195.89,28.05
2020-03-04,6226.53,28.3
2020-03-05,6315.83,28.71
2020-03-06,6296.74,28.63
2020-03-09,6049.62,27.52
2020-03-10,6206.41,28.17
2020-03-11,6122.91,27.78
2020-03-12,5999.64,27.2
2020-03-13,5945.46,26.92
2020-03-16,5657.77,25.64
2020-03-17,5642.92,25.57
2020-03-18,5556.11,25.21
2020-03-19,5617.19,25.36
2020-03-20,5670.47,25.62
2020-03-23,5416.57,24.49
2020-03-24,5517.26,24.96
2020-03-25,5646.63,25.56
2020-03-26,5595.43,25.39
2020-03-27,5553.61,25.25
2020-03-30,5415.41,24.64
2020-03-31,5427.13,24.75
2020-04-01,5403.3,24.62
2020-04-02,5538.6,25.22
2020-04-03,5507.12,25.12
2020-04-07,5695.17,25.95
2020-04-08,5718.13,26.0
2020-04-09,5789.26,26.3
2020-04-10,5637.53,25.64
2020-04-13,5578.86,25.4
2020-04-14,5692.0,25.92
2020-04-15,5657.95,25.78
2020-04-16,5700.96,25.98
2020-04-17,5710.05,26.02
2020-04-20,5803.4,26.48
2020-04-21,5773.01,26.35
2020-04-22,5826.56,26.59
2020-04-23,5789.48,26.44
2020-04-24,5675.51,25.98
2020-04-27,5645.66,25.89
2020-04-28,5561.2,25.61
2020-04-29,5547.63,25.52
2020-04-30,5678.17,25.94
2020-05-06,5802.42,28.67
2020-05-07,5795.87,28.7
2020-05-08,5862.77,28.95
2020-05-11,5851.8,28.89
2020-05-12,5869.51,29.04
2020-05-13,5917.03,29.32
2020-05-14,5863.24,29.04
2020-05-15,5889.98,29.15
2020-05-18,5860.04,29.04
2020-05-19,5936.6,29.43
2020-05-20,5865.84,28.97
2020-05-21,5791.64,28.57
2020-05-22,5684.0,28.03
2020-05-25,5671.97,27.99
2020-05-26,5808.55,28.66
2020-05-27,5772.08,28.41
2020-05-28,5758.93,28.33
2020-05-29,5816.4,28.58
2020-06-01,5993.79,29.34
2020-06-02,6002.84,29.27
2020-06-03,5994.64,29.16
2020-06-04,6006.76,29.21
2020-06-05,6015.33,29.21
2020-06-08,6001.43,29.11
2020-06-09,6042.34,29.32
2020-06-10,6049.32,29.37
2020-06-11,6027.41,29.23
2020-06-12,6031.17,29.29
2020-06-15,6028.96,29.29
2020-06-16,6151.69,29.87
2020-06-17,6178.14,29.97
2020-06-18,6149.29,29.8
2020-06-19,6187.11,30.01
2020-06-22,6228.02,30.17
2020-06-23,6238.9,30.29
2020-06-24,6227.57,30.18
2020-06-29,6211.38,30.12
2020-06-30,6319.56,30.68
2020-07-01,6339.37,30.75
2020-07-02,6413.95,31.08
2020-07-03,6478.35,31.28
2020-07-06,6726.0,32.42
2020-07-07,6817.87,32.86
2020-07-08,6974.0,33.58
2020-07-09,7182.18,34.56
2020-07-10,7150.42,34.44
2020-07-13,7403.09,35.66
2020-07-14,7344.99,35.38
2020-07-15,7131.46,34.48
2020-07-16,6758.14,32.62
2020-07-17,6772.53,32.71
2020-07-20,7003.67,33.76
2020-07-21,7058.79,34.05
2020-07-22,7125.57,34.39
2020-07-23,7119.67,34.39
2020-07-24,6784.63,32.75
2020-07-27,6786.53,32.74
2020-07-28,6857.94,33.12
2020-07-29,7060.53,34.05
2020-07-30,7048.98,33.98
2020-07-31,7141.59,34.42
2020-08-03,7373.34,35.49
2020-08-04,7326.19,35.26
2020-08-05,7427.19,35.73
2020-08-06,7432.77,35.69
2020-08-07,7339.81,35.24
2020-08-10,7358.86,35.3
2020-08-11,7213.45,34.63
2020-08-12,7092.36,33.97
2020-08-13,7113.93,34.06
2020-08-14,7183.96,34.4
2020-08-17,7339.69,35.14
2020-08-18,7410.24,35.51
2020-08-19,7256.13,34.82
2020-08-20,7151.26,34.29
2020-08-21,7194.27,34.54
2020-08-24,7253.64,34.82
2020-08-25,7213.68,34.61
2020-08-26,7037.98,33.77
2020-08-27,7113.8,34.09
2020-08-28,7204.78,34.56
2020-08-31,7224.05,34.67
2020-09-01,7258.89,35.08
2020-09-02,7272.62,35.13
2020-09-03,7189.86,34.72
2020-09-04,7182.11,34.57
2020-09-07,7057.19,33.83
2020-09-08,7103.09,33.94
2020-09-09,6877.6,32.84
2020-09-10,6633.89,31.87
2020-09-11,6742.06,32.41
2020-09-14,6848.36,32.85
2020-09-15,6881.59,33.06
2020-09-16,6812.91,32.74
2020-09-17,6825.15,32.82
2020-09-18,6929.77,33.33
2020-09-21,6927.19,33.3
2020-09-22,6815.78,32.8
2020-09-23,6862.97,33.06
2020-09-24,6675.15,32.18
2020-09-25,6634.39,32.06
2020-09-28,6550.37,31.65
2020-09-29,6621.03,32.02
2020-09-30,6617.16,32.0
2020-10-09,6822.36,32.97
2020-10-12,7036.28,33.99
2020-10-13,7053.87,34.07
2020-10-14,6988.61,33.78
2020-10-15,6926.85,33.5
2020-10-16,6906.39,33.4
2020-10-19,6858.36,33.15
2020-10-20,6923.38,33.44
2020-10-21,6815.09,32.93
2020-10-22,6771.81,32.68
2020-10-23,6641.33,32.01
2020-10-26,6648.52,32.05
2020-10-27,6682.54,32.26
2020-10-28,6685.43,32.3
2020-10-29,6674.74,32.3
2020-10-30,6511.16,31.51
2020-11-02,6513.79,29.74
2020-11-03,6647.58,30.32
2020-11-04,6632.68,30.28
2020-11-05,6754.95,30.81
2020-11-06,6688.66,30.51
2020-11-09,6851.98,31.21
2020-11-10,6779.49,30.92
2020-11-11,6663.73,30.42
2020-11-12,6676.42,30.49
2020-11-13,6686.39,30.51
2020-11-16,6747.81,30.76
2020-11-17,6681.72,30.44
2020-11-18,6682.12,30.39
2020-11-19,6718.46,30.57
2020-11-20,6766.06,30.79
2020-11-23,6807.72,30.97
2020-11-24,6808.0,30.96
2020-11-25,6691.87,30.43
2020-11-26,6643.18,30.23
2020-11-27,6641.77,30.25
2020-11-30,6622.36,30.16
2020-12-01,6713.23,30.58
2020-12-02,6735.71,30.7
2020-12-03,6711.84,30.62
2020-12-04,6746.63,30.82
2020-12-07,6733.0,30.8
2020-12-08,6734.37,30.82
2020-12-09,6602.52,30.25
2020-12-10,6605.19,30.31
2020-12-11,6498.24,29.86
2020-12-14,6576.82,29.88
2020-12-15,6596.5,29.97
2020-12-16,6543.36,29.77
2020-12-17,6597.86,29.99
2020-12-18,6573.4,29.86
2020-12-21,6691.59,30.4
2020-12-22,6549.97,29.76
2020-12-23,6601.24,30.02
2020-12-24,6496.33,29.55
2020-12-25,6561.27,29.81
2020-12-28,6519.47,29.61
2020-12-29,6477.26,29.36
2020-12-30,6526.88,29.59
2020-12-31,6646.47,30.13
2021-01-04,6798.76,30.87
2021-01-05,6807.45,30.98
2021-01-06,6724.95,30.65
2021-01-07,6616.55,30.2
2021-01-08,6585.36,29.98
2021-01-11,6475.95,29.5
2021-01-12,6564.74,29.92
2021-01-13,6513.64,29.69
2021-01-14,6506.83,29.66
2021-01-15,6528.46,29.77
2021-01-18,6652.1,30.33
2021-01-19,6614.07,30.12
2021-01-20,6671.45,30.44
2021-01-21,6745.11,30.83
2021-01-22,6721.92,30.76
2021-01-25,6657.27,30.5
2021-01-26,6534.1,29.97
2021-01-27,6537.75,29.99
2021-01-28,6399.13,29.3
2021-01-29,6304.12,28.9
2021-02-01,6345.81,29.15
2021-02-02,6417.46,29.51
2021-02-03,6307.39,29.02
2021-02-04,6167.75,28.44
2021-02-05,6045.3,27.88
2021-02-08,6088.82,28.08
2021-02-09,6254.01,28.86
2021-02-10,6303.31,29.07
2021-02-18,6404.59,29.46
2021-02-19,6527.65,29.99
2021-02-22,6534.57,29.98
2021-02-23,6489.96,29.81
2021-02-24,6437.84,29.51
2021-02-25,6399.35,29.35
2021-02-26,6325.4,28.97
2021-03-01,6495.16,29.75
2021-03-02,6466.63,29.67
2021-03-03,6553.6,30.06
2021-03-04,6434.89,29.47
2021-03-05,6456.28,29.55
2021-03-08,6327.65,28.91
2021-03-09,6126.28,27.93
2021-03-10,6078.24,27.75
2021-03-11,6219.66,28.39
2021-03-12,6220.48,28.41
2021-03-15,6177.74,28.16
2021-03-16,6233.46,28.4
2021-03-17,6277.58,28.58
2021-03-18,6298.89,28.74
2021-03-19,6250.81,28.55
2021-03-22,6359.6,29.03
2021-03-23,6289.0,28.71
2021-03-24,6196.27,28.28
2021-03-25,6190.71,28.23
2021-03-26,6301.34,28.76
2021-03-29,6326.61,28.89
2021-03-30,6301.58,28.84
2021-03-31,6293.39,28.79
2021-04-01,6335.79,28.98
2021-04-02,6361.25,29.09
2021-04-06,6421.49,29.34
2021-04-07,6422.76,29.34
2021-04-08,6404.13,29.27
2021-04-09,6399.52,29.21
2021-04-12,6263.4,28.55
2021-04-13,6231.14,28.38
2021-04-14,6320.07,28.77
2021-04-15,6296.61,28.68
2021-04-16,6368.85,28.96
2021-04-19,6477.39,29.44
2021-04-20,6457.63,29.39
2021-04-21,6457.71,29.43
2021-04-22,6485.21,29.53
2021-04-23,6453.3,29.4
2021-04-26,6431.09,29.33
2021-04-27,6400.9,29.18
2021-04-28,6437.25,29.32
2021-04-29,6405.1,29.12
2021-04-30,6382.14,29.0
2021-05-06,6398.44,24.86
2021-05-07,6320.25,24.54
2021-05-10,6338.57,24.61
2021-05-11,6343.86,24.6
2021-05-12,6420.34,24.87
2021-05-13,6375.01,24.65
2021-05-14,6462.48,25.0
2021-05-17,6457.28,25.07
2021-05-18,6486.82,25.14
2021-05-19,6488.95,25.14
2021-05-20,6482.84,25.12
2021-05-21,6480.37,25.09
2021-05-24,6537.86,25.28
2021-05-25,6615.71,25.56
2021-05-26,6644.75,25.66
2021-05-27,6705.05,25.83
2021-05-28,6694.35,25.7
2021-05-31,6814.36,26.16
2021-06-01,6854.73,26.31
2021-06-02,6759.46,25.9
2021-06-03,6754.07,25.81
2021-06-04,6785.8,25.9
2021-06-07,6861.85,26.13
2021-06-08,6809.86,25.82
2021-06-09,6823.41,25.84
2021-06-10,6898.21,26.09
2021-06-11,6852.97,25.9
2021-06-15,6815.12,27.11
2021-06-16,6673.24,26.52
2021-06-17,6787.67,26.95
2021-06-18,6863.72,27.18
2021-06-21,6968.3,27.57
2021-06-22,7000.25,27.71
2021-06-23,7046.17,27.89
2021-06-24,6974.64,27.64
2021-06-25,7000.43,27.75
2021-06-28,7063.47,27.98
2021-06-29,7004.3,27.76
2021-06-30,7083.7,28.02
2021-07-01,6969.53,27.56
2021-07-02,6908.93,27.26
2021-07-05,7006.7,27.61
2021-07-06,6979.06,27.47
2021-07-07,7089.66,27.92
2021-07-08,7099.41,27.91
2021-07-09,7142.9,28.07
2021-07-12,7284.23,28.57
2021-07-13,7331.73,28.76
2021-07-14,7243.82,28.45
2021-07-15,7241.62,28.46
2021-07-16,7228.36,28.35
2021-07-19,7205.27,28.28
2021-07-20,7253.28,28.44
2021-07-21,7398.81,28.98
2021-07-22,7446.48,29.15
2021-07-23,7379.79,28.87
2021-07-26,7286.15,28.49
2021-07-27,7093.87,27.73
2021-07-28,6945.51,27.22
2021-07-29,7207.48,28.22
2021-07-30,7262.38,28.42
2021-08-02,7402.35,28.95
2021-08-03,7308.96,28.6
2021-08-04,7478.21,29.24
2021-08-05,7447.94,29.14
2021-08-06,7482.17,29.23
2021-08-09,7507.08,29.38
2021-08-10,7549.55,29.58
2021-08-11,7605.92,29.76
2021-08-12,7657.53,29.91
2021-08-13,7641.92,29.84
2021-08-16,7568.14,29.63
2021-08-17,7360.03,28.83
2021-08-18,7405.49,28.99
2021-08-19,7468.77,29.23
2021-08-20,7467.36,29.17
2021-08-23,7652.56,29.9
2021-08-24,7715.07,30.14
2021-08-25,7769.63,30.39
2021-08-26,7669.53,30.0
2021-08-27,7680.08,30.04
2021-08-30,7727.75,30.21
2021-08-31,7728.42,30.18
2021-09-01,7606.87,29.21
2021-09-02,7690.86,29.52
2021-09-03,7630.84,29.26
2021-09-06,7735.1,29.66
2021-09-07,7878.35,30.19
2021-09-08,7894.25,30.2
2021-09-09,7900.24,30.24
2021-09-10,7932.65,30.35
2021-09-13,7947.48,30.54
2021-09-14,7916.9,30.4
2021-09-15,7972.23,30.61
2021-09-16,7754.95,29.81
2021-09-17,7730.22,29.72
2021-09-22,7769.06,29.92
2021-09-23,7806.8,30.05
2021-09-24,7695.62,29.66
2021-09-27,7467.82,28.83
2021-09-28,7468.73,28.86
2021-09-29,7199.18,27.76
2021-09-30,7405.46,28.55
2021-10-08,7425.67,28.56
2021-10-11,7384.84,28.45
2021-10-12,7208.47,27.83
2021-10-13,7289.36,28.12
2021-10-14,7342.25,28.32
2021-10-15,7350.41,28.36
2021-10-18,7429.63,28.64
2021-10-19,7504.05,28.93
2021-10-20,7523.56,28.96
2021-10-21,7503.53,28.88
2021-10-22,7438.48,28.66
2021-10-25,7532.37,29.04
2021-10-26,7508.69,28.97
2021-10-27,7433.55,28.69
2021-10-28,7267.85,28.08
2021-10-29,7385.3,28.49
2021-11-01,7455.61,27.75
2021-11-02,7368.6,27.42
2021-11-03,7385.2,27.47
2021-11-04,7483.69,27.84
2021-11-05,7389.59,27.46
2021-11-08,7422.91,27.53
2021-11-09,7531.96,27.93
2021-11-10,7535.23,27.91
2021-11-11,7593.73,28.13
2021-11-12,7697.81,28.5
2021-11-15,7676.48,28.4
2021-11-16,7589.18,28.11
2021-11-17,7725.09,28.58
2021-11-18,7714.8,28.58
2021-11-19,7803.76,28.91
2021-11-22,7947.37,29.44
2021-11-23,7941.56,29.43
2021-11-24,7938.77,29.43
2021-11-25,7925.76,29.36
2021-11-26,7940.79,29.44
2021-11-29,7999.83,29.67
2021-11-30,8054.29,29.86
2021-12-01,8055.82,29.86
2021-12-02,7968.24,29.56
2021-12-03,8023.96,29.74
2021-12-06,7906.76,29.32
2021-12-07,7781.44,28.88
2021-12-08,7922.55,29.39
2021-12-09,7931.76,29.44
2021-12-10,7949.12,29.51
2021-12-13,7984.9,28.86
2021-12-14,7981.83,28.85
2021-12-15,7955.58,28.76
2021-12-16,8005.98,28.94
2021-12-17,7894.1,28.52
2021-12-20,7751.95,28.04
2021-12-21,7849.03,28.34
2021-12-22,7930.81,28.6
2021-12-23,7932.66,28.62
2021-12-24,7776.61,28.09
2021-12-27,7776.43,28.1
2021-12-28,7863.53,28.38
2021-12-29,7855.43,28.35
2021-12-30,7924.53,28.6
2021-12-31,8010.32,28.88
2022-01-04,7983.07,28.78
2022-01-05,7781.68,28.07
2022-01-06,7844.52,28.3
2022-01-07,7682.7,27.77
2022-01-10,7734.19,27.98
2022-01-11,7646.69,27.66
2022-01-12,7779.52,28.12
2022-01-13,7644.79,27.64
2022-01-14,7675.37,27.76
2022-01-17,7808.09,28.18
2022-01-18,7758.6,28.03
2022-01-19,7665.18,27.71
2022-01-20,7492.61,27.1
2022-01-21,7388.74,26.71
2022-01-24,7425.4,26.84
2022-01-25,7133.07,25.84
2022-01-26,7171.03,26.01
2022-01-27,6960.11,25.28
2022-01-28,6973.01,25.31
2022-02-07,7061.62,25.65
2022-02-08,7080.62,25.7
2022-02-09,7211.43,26.13
2022-02-10,7175.62,25.99
2022-02-11,7033.85,25.48
2022-02-14,7006.08,25.38
2022-02-15,7124.85,25.81
2022-02-16,7183.11,26.03
2022-02-17,7220.61,26.17
2022-02-18,7251.79,26.27
2022-02-21,7334.59,26.52
2022-02-22,7279.24,26.3
2022-02-23,7450.4,26.89
2022-02-24,7285.12,26.31
2022-02-25,7361.96,26.6
2022-02-28,7419.83,26.79
2022-03-01,7429.44,26.81
2022-03-02,7414.31,26.74
2022-03-03,7342.61,26.5
2022-03-04,7241.56,26.15
2022-03-07,7085.73,25.6
2022-03-08,6871.22,24.78
2022-03-09,6796.04,24.49
2022-03-10,6952.52,25.05
2022-03-11,6990.78,25.18
2022-03-14,6800.59,24.5
2022-03-15,6473.48,23.29
2022-03-16,6692.97,24.03
2022-03-17,6818.54,24.51
2022-03-18,6879.37,24.73
2022-03-21,6954.41,25.0
2022-03-22,6923.44,24.88
2022-03-23,6966.95,25.05
2022-03-24,6900.81,24.82
2022-03-25,6819.81,24.53
2022-03-28,6767.25,24.34
2022-03-29,6725.68,24.21
2022-03-30,6864.75,24.7
2022-03-31,6772.07,24.39
2022-04-01,6772.6,24.4
2022-04-06,6764.29,24.38
2022-04-07,6623.59,23.9
2022-04-08,6575.28,23.77
2022-04-11,6328.07,22.91
2022-04-12,6414.42,23.2
2022-04-13,6286.25,22.76
2022-04-14,6359.71,23.0
2022-04-15,6275.07,22.72
2022-04-18,6326.02,22.9
2022-04-19,6345.79,22.97
2022-04-20,6234.25,22.58
2022-04-21,5981.38,21.68
2022-04-22,5891.81,21.4
2022-04-25,5431.61,19.76
2022-04-26,5266.55,19.17
2022-04-27,5540.72,20.09
2022-04-28,5493.91,19.89
2022-04-29,5734.49,20.72
2022-05-05,5836.93,20.83
2022-05-06,5764.69,20.5
2022-05-09,5840.89,20.77
2022-05-10,5950.67,21.16
2022-05-11,6003.03,21.31
2022-05-12,6034.57,21.42
2022-05-13,6071.67,21.56
2022-05-16,6082.88,21.59
2022-05-17,6118.46,21.65
2022-05-18,6127.8,21.64
2022-05-19,6180.19,21.81
2022-05-20,6263.44,22.04
2022-05-23,6343.47,22.27
2022-05-24,6081.64,21.38
2022-05-25,6188.27,21.72
2022-05-26,6227.1,21.81
2022-05-27,6210.09,21.76
2022-05-30,6282.36,21.93
2022-05-31,6353.35,22.14
2022-06-01,6373.32,22.18
2022-06-02,6442.93,22.41
2022-06-06,6604.98,22.94
2022-06-07,6597.83,22.89
2022-06-08,6608.89,22.89
2022-06-09,6490.38,22.48
2022-06-10,6627.75,22.95
2022-06-13,6674.8,22.43
2022-06-14,6665.25,22.4
2022-06-15,6653.76,22.32
2022-06-16,6696.76,22.32
2022-06-17,6774.74,22.55
2022-06-20,6848.75,22.79
2022-06-21,6779.14,22.51
2022-06-22,6691.81,22.21
2022-06-23,6845.45,22.69
2022-06-24,6931.65,22.98
2022-06-27,7002.93,23.21
2022-06-28,7079.72,23.41
2022-06-29,6900.99,22.82
2022-06-30,6995.53,23.13
2022-07-01,6994.5,23.13
2022-07-04,7076.32,23.39
2022-07-05,7036.0,23.26
2022-07-06,6953.98,22.99
2022-07-07,7041.87,23.23
2022-07-08,7000.79,23.09
2022-07-11,6893.63,22.75
2022-07-12,6779.56,22.39
2022-07-13,6834.9,22.56
2022-07-14,6920.87,22.84
2022-07-15,6852.82,22.63
2022-07-18,6953.93,22.96
2022-07-19,7009.32,23.11
2022-07-20,7110.1,23.45
2022-07-21,7075.29,23.33
2022-07-22,7034.6,23.19
2022-07-25,6948.91,22.94
2022-07-26,7027.42,23.19
2022-07-27,7099.43,23.44
2022-07-28,7150.2,23.59
2022-07-29,7117.43,23.48
2022-08-01,7180.45,23.68
2022-08-02,6957.98,22.96
2022-08-03,6916.67,22.8
2022-08-04,6960.31,22.92
2022-08-05,7090.0,23.32
2022-08-08,7176.11,23.6
2022-08-09,7207.4,23.7
2022-08-10,7212.08,23.71
2022-08-11,7294.49,23.96
2022-08-12,7228.83,23.75
2022-08-15,7283.5,23.92
2022-08-16,7324.62,24.07
2022-08-17,7328.67,24.11
2022-08-18,7351.44,24.18
2022-08-19,7234.41,23.81
2022-08-22,7288.58,23.98
2022-08-23,7306.02,24.02
2022-08-24,7039.41,23.17
2022-08-25,7016.31,23.13
2022-08-26,6980.18,23.0
2022-08-29,7021.31,23.13
2022-08-30,6976.72,22.96
2022-08-31,6750.74,22.23
2022-09-01,6717.1,22.64
2022-09-02,6776.83,22.81
2022-09-05,6791.09,22.89
2022-09-06,6919.65,23.33
2022-09-07,6963.52,23.5
2022-09-08,6897.1,23.29
2022-09-09,6913.58,23.34
2022-09-13,6904.08,23.31
2022-09-14,6829.56,23.06
2022-09-15,6619.19,22.35
2022-09-16,6481.24,21.89
2022-09-19,6399.8,21.62
2022-09-20,6482.13,21.89
2022-09-21,6480.6,21.85
2022-09-22,6487.27,21.87
2022-09-23,6363.68,21.45
2022-09-26,6283.59,21.21
2022-09-27,6409.78,21.61
2022-09-28,6211.11,20.96
2022-09-29,6228.78,21.06
2022-09-30,6124.86,20.69
2022-10-10,5984.5,20.21
2022-10-11,6017.72,20.31
2022-10-12,6192.65,20.89
2022-10-13,6252.22,21.07
2022-10-14,6406.46,21.6
2022-10-17,6472.45,21.8
2022-10-18,6508.5,21.92
2022-10-19,6461.15,21.77
2022-10-20,6429.7,21.65
2022-10-21,6432.33,21.67
2022-10-24,6378.43,21.51
2022-10-25,6355.78,21.44
2022-10-26,6491.69,21.88
2022-10-27,6461.61,21.73
2022-10-28,6239.93,21.0
2022-10-31,6292.62,21.16
2022-11-01,6439.82,21.71
2022-11-02,6524.51,22.02
2022-11-03,6566.84,22.19
2022-11-04,6709.64,22.66
2022-11-07,6713.64,22.65
2022-11-08,6694.96,22.57
2022-11-09,6676.01,22.51
2022-11-10,6603.31,22.24
2022-11-11,6643.48,22.36
2022-11-14,6599.67,22.18
2022-11-15,6752.51,22.69
2022-11-16,6702.04,22.51
2022-11-17,6714.5,22.51
2022-11-18,6658.4,22.35
2022-11-21,6689.33,22.49
2022-11-22,6583.23,22.14
2022-11-23,6567.99,22.1
2022-11-24,6586.86,22.18
2022-11-25,6512.16,21.91
2022-11-28,6492.71,21.86
2022-11-29,6594.32,22.18
2022-11-30,6590.31,22.18
2022-12-01,6658.43,22.41
2022-12-02,6680.54,22.47
2022-12-05,6714.37,22.57
2022-12-06,6703.55,22.55
2022-12-07,6705.29,22.56
2022-12-08,6662.34,22.42
2022-12-09,6680.38,22.47
2022-12-12,6655.67,22.38
2022-12-13,6593.67,22.17
2022-12-14,6570.02,22.09
2022-12-15,6597.55,22.14
2022-12-16,6519.44,21.89
2022-12-19,6390.77,21.45
2022-12-20,6341.58,21.31
2022-12-21,6289.14,21.13
2022-12-22,6186.93,20.78
2022-12-23,6160.75,20.68
2022-12-26,6275.52,21.07
2022-12-27,6325.63,21.26
2022-12-28,6268.47,21.07
2022-12-29,6261.83,21.05
2022-12-30,6281.62,21.11
2023-01-03,6423.7,21.57
2023-01-04,6421.28,21.55
2023-01-05,6485.47,21.78
2023-01-06,6500.32,21.85
2023-01-09,6535.75,21.97
2023-01-10,6540.2,21.98
2023-01-11,6486.9,21.81
2023-01-12,6489.57,21.82
2023-01-13,6517.51,21.92
2023-01-16,6591.81,22.17
2023-01-17,6597.49,22.19
2023-01-18,6613.01,22.23
2023-01-19,6676.08,22.43
2023-01-20,6736.85,22.63
2023-01-30,6786.45,22.8
2023-01-31,6805.28,22.87
2023-02-01,6916.72,23.22
2023-02-02,6933.23,23.28
2023-02-03,6925.08,23.22
2023-02-06,6891.41,23.09
2023-02-07,6924.32,23.21
2023-02-08,6877.72,23.06
2023-02-09,6999.18,23.46
2023-02-10,6975.39,23.37
2023-02-13,7052.18,23.65
2023-02-14,7061.45,23.7
2023-02-15,7063.6,23.69
2023-02-16,6925.2,23.2
2023-02-17,6868.55,23.04
2023-02-20,6959.36,23.34
2023-02-21,6990.48,23.45
2023-02-22,6998.43,23.49
2023-02-23,6966.79,23.42
2023-02-24,6944.82,23.34
2023-02-27,6894.3,23.19
2023-02-28,6955.57,23.38
2023-03-01,7002.77,23.5
2023-03-02,6972.31,23.39
2023-03-03,6967.94,23.37
2023-03-06,6997.04,23.48
2023-03-07,6855.34,23.02
2023-03-08,6891.46,23.11
2023-03-09,6892.86,23.12
2023-03-10,6798.3,22.8
2023-03-13,6832.62,22.9
2023-03-14,6769.85,22.7
2023-03-15,6803.47,22.81
2023-03-16,6689.78,22.43
2023-03-17,6736.37,22.55
2023-03-20,6721.45,22.51
2023-03-21,6809.39,22.79
2023-03-22,6840.33,22.84
2023-03-23,6868.83,22.9
2023-03-24,6867.95,22.89
2023-03-27,6886.69,22.93
2023-03-28,6825.38,22.74
2023-03-29,6806.28,22.67
2023-03-30,6807.64,22.71
2023-03-31,6875.81,22.89
2023-04-03,6962.2,23.11
2023-04-04,6953.36,23.04
2023-04-06,6983.03,23.14
2023-04-07,7042.89,23.33
2023-04-10,6968.57,23.14
2023-04-11,6984.14,23.17
2023-04-12,7021.02,23.25
2023-04-13,6966.82,23.11
2023-04-14,7020.09,23.3
2023-04-17,7012.77,23.32
2023-04-18,6997.07,23.28
2023-04-19,6965.58,23.16
2023-04-20,6963.9,23.11
2023-04-21,6773.51,22.54
2023-04-24,6725.27,22.35
2023-04-25,6603.24,21.95
2023-04-26,6624.4,22.07
2023-04-27,6633.49,22.12
2023-04-28,6723.3,22.31
2023-05-04,6733.97,24.85
2023-05-05,6653.65,24.53
2023-05-08,6702.5,24.72
2023-05-09,6611.64,24.4
2023-05-10,6627.31,24.44
2023-05-11,6622.52,24.4
2023-05-12,6535.94,24.05
2023-05-15,6585.91,24.26
2023-05-16,6516.29,24.03
2023-05-17,6554.98,24.16
2023-05-18,6583.74,24.14
2023-05-19,6602.32,24.13
2023-05-22,6595.98,24.12
2023-05-23,6528.45,23.84
2023-05-24,6513.18,23.76
2023-05-25,6501.0,23.74
2023-05-26,6546.41,23.86
2023-05-29,6534.12,23.79
2023-05-30,6564.47,23.84
2023-05-31,6561.65,23.77
2023-06-01,6574.76,23.75
2023-06-02,6626.28,23.9
2023-06-05,6632.96,23.9
2023-06-06,6489.81,23.31
2023-06-07,6488.56,23.24
2023-06-08,6442.48,23.07
2023-06-09,6495.56,23.18
2023-06-12,6530.16,24.06
2023-06-13,6554.96,24.07
2023-06-14,6578.12,24.15
2023-06-15,6613.95,24.28
2023-06-16,6669.01,24.42
2023-06-19,6693.3,24.43
2023-06-20,6693.91,24.39
2023-06-21,6548.41,23.89
2023-06-26,6420.97,23.45
2023-06-27,6507.27,23.74
2023-06-28,6475.51,23.64
2023-06-29,6520.04,23.8
2023-06-30,6602.04,24.03
2023-07-03,6612.88,24.08
2023-07-04,6638.45,24.08
2023-07-05,6584.42,23.87
2023-07-06,6567.08,23.78
2023-07-07,6521.43,23.62
2023-07-10,6526.85,23.56
2023-07-11,6579.37,23.72
2023-07-12,6482.99,23.38
2023-07-13,6548.31,23.61
2023-07-14,6544.46,23.58
2023-07-17,6516.56,23.49
2023-07-18,6510.03,23.49
2023-07-19,6492.35,23.42
2023-07-20,6408.76,23.12
2023-07-21,6401.42,23.08
2023-07-24,6393.79,23.05
2023-07-25,6498.27,23.42
2023-07-26,6457.25,23.28
2023-07-27,6407.55,23.11
2023-07-28,6465.38,23.31
2023-07-31,6515.85,23.47
2023-08-01,6507.41,23.43
2023-08-02,6496.02,23.4
2023-08-03,6499.54,23.41
2023-08-04,6535.32,23.49
2023-08-07,6503.98,23.36
2023-08-08,6471.34,23.26
2023-08-09,6420.98,23.09
2023-08-10,6426.81,23.11
2023-08-11,6304.64,22.69
2023-08-14,6319.41,22.72
2023-08-15,6261.73,22.53
2023-08-16,6186.4,22.27
2023-08-17,6247.6,22.5
2023-08-18,6117.11,22.06
2023-08-21,6057.17,21.84
2023-08-22,6099.19,21.96
2023-08-23,5973.67,21.53
2023-08-24,5987.97,21.58
2023-08-25,5879.03,21.24
2023-08-28,5922.16,21.38
2023-08-29,6108.76,22.05
2023-08-30,6139.63,22.16
2023-08-31,6104.3,22.04
2023-09-01,6107.2,22.08
2023-09-04,6198.76,22.38
2023-09-05,6167.64,22.26
2023-09-06,6195.38,22.36
2023-09-07,6083.49,21.96
2023-09-08,6102.49,22.02
2023-09-11,6182.64,22.3
2023-09-12,6184.61,22.31
2023-09-13,6103.14,22.05
2023-09-14,6068.71,21.95
2023-09-15,6079.06,21.99
2023-09-18,6083.97,22.01
2023-09-19,6031.04,21.84
2023-09-20,5982.56,21.67
2023-09-21,5939.66,21.5
2023-09-22,6054.93,21.89
2023-09-25,6027.39,21.81
2023-09-26,5996.11,21.7
2023-09-27,6034.06,21.84
2023-09-28,6078.94,21.99
2023-10-09,6059.97,21.91
2023-10-10,6043.48,21.8
2023-10-11,6059.4,21.84
2023-10-12,6104.46,21.99
2023-10-13,6081.87,21.89
2023-10-16,6024.36,21.69
2023-10-17,6011.37,21.66
2023-10-18,5908.01,21.27
2023-10-19,5842.89,21.03
2023-10-20,5774.32,20.82
2023-10-23,5638.14,20.33
2023-10-24,5719.32,20.64
2023-10-25,5778.9,20.83
2023-10-26,5811.69,20.94
2023-10-27,5916.68,21.35
2023-10-30,6006.56,21.61
2023-10-31,5969.34,21.48
2023-11-01,5958.42,21.46
2023-11-02,5885.25,21.2
2023-11-03,5973.17,21.5
2023-11-06,6096.57,21.92
2023-11-07,6116.76,21.96
2023-11-08,6138.94,22.04
2023-11-09,6100.69,21.92
2023-11-10,6088.56,21.88
2023-11-13,6144.63,22.07
2023-11-14,6181.98,22.18
2023-11-15,6207.27,22.3
2023-11-16,6145.15,22.08
2023-11-17,6199.23,22.27
2023-11-20,6253.28,22.45
2023-11-21,6212.13,22.32
2023-11-22,6132.97,22.04
2023-11-23,6197.53,22.28
2023-11-24,6115.41,22.02
2023-11-27,6111.36,22.02
2023-11-28,6143.3,22.14
2023-11-29,6113.37,22.05
2023-11-30,6080.55,21.95
2023-12-01,6130.05,22.08
2023-12-04,6114.39,22.03
2023-12-05,5992.6,21.62
2023-12-06,6023.8,21.68
2023-12-07,6020.83,21.64
2023-12-08,6003.14,21.56
2023-12-11,6075.08,21.67
2023-12-12,6078.99,21.69
2023-12-13,6019.55,21.5
2023-12-14,5991.86,21.43
2023-12-15,5951.6,21.25
2023-12-18,5857.01,20.95
2023-12-19,5863.54,20.95
2023-12-20,5761.31,20.62
2023-12-21,5798.91,20.73
2023-12-22,5733.91,20.55
2023-12-25,5735.73,20.57
2023-12-26,5651.59,20.29
2023-12-27,5696.16,20.44
2023-12-28,5805.53,20.81
2023-12-29,5887.24,21.1
2024-01-02,5854.75,21.01
2024-01-03,5824.04,20.91
2024-01-04,5783.02,20.78
2024-01-05,5675.81,20.42
2024-01-08,5543.57,19.95
2024-01-09,5553.3,19.98
2024-01-10,5512.07,19.85
2024-01-11,5611.11,20.17
2024-01-12,5574.49,20.07
2024-01-15,5559.38,20.02
2024-01-16,5539.47,19.96
2024-01-17,5389.12,19.44
2024-01-18,5373.42,19.36
2024-01-19,5306.99,19.13
2024-01-22,5000.83,18.05
2024-01-23,5079.63,18.33
2024-01-24,5143.41,18.57
2024-01-25,5316.2,19.2
2024-01-26,5269.76,19.05
2024-01-29,5131.25,18.58
2024-01-30,4984.66,18.05
2024-01-31,4785.03,17.39
2024-02-01,4750.44,17.28
2024-02-02,4574.67,16.65
2024-02-05,4293.07,15.72
2024-02-06,4592.44,16.81
2024-02-07,4797.85,17.54
2024-02-08,4993.1,18.19
2024-02-19,5029.59,18.3
2024-02-20,5046.01,18.36
2024-02-21,5073.48,18.47
2024-02-22,5151.53,18.72
2024-02-23,5225.67,18.95
2024-02-26,5255.4,19.05
2024-02-27,5394.03,19.52
2024-02-28,5152.05,18.7
2024-02-29,5344.61,19.36
2024-03-01,5401.94,19.54
2024-03-04,5428.34,19.65
2024-03-05,5375.13,19.46
2024-03-06,5381.46,19.49
2024-03-07,5303.28,19.25
2024-03-08,5370.37,19.48
2024-03-11,5466.65,19.8
2024-03-12,5496.36,19.87
2024-03-13,5521.78,19.95
2024-03-14,5486.65,19.84
2024-03-15,5555.64,20.08
2024-03-18,5648.01,20.39
2024-03-19,5607.48,20.24
2024-03-20,5659.15,20.41
2024-03-21,5658.28,20.39
2024-03-22,5595.88,20.16
2024-03-25,5466.06,19.74
2024-03-26,5447.75,19.69
2024-03-27,5266.23,19.09
2024-03-28,5382.24,19.47
2024-03-29,5441.26,19.7
2024-04-01,5559.06,20.11
2024-04-02,5531.05,20.04
2024-04-03,5500.93,19.96
2024-04-08,5399.91,19.62
2024-04-09,5468.91,19.86
2024-04-10,5367.05,19.52
2024-04-11,5379.92,19.6
2024-04-12,5338.77,19.48
2024-04-15,5287.51,19.37
2024-04-16,5066.66,18.64
2024-04-17,5287.46,19.41
2024-04-18,5286.72,19.41
2024-04-19,5264.39,19.34
2024-04-22,5246.08,19.27
2024-04-23,5218.43,19.13
2024-04-24,5305.61,19.41
2024-04-25,5313.99,19.43
2024-04-26,5415.94,19.74
2024-04-29,5545.23,20.14
2024-04-30,5497.43,19.99
2024-05-06,5606.84,23.96
2024-05-07,5625.34,24.02
2024-05-08,5536.66,23.63
2024-05-09,5626.83,24.01
2024-05-10,5574.23,23.84
2024-05-13,5520.8,23.81
2024-05-14,5551.68,23.94
2024-05-15,5497.23,23.68
2024-05-16,5488.95,23.6
2024-05-17,5563.23,23.82
2024-05-20,5596.78,23.99
2024-05-21,5536.74,23.75
2024-05-22,5539.66,23.7
2024-05-23,5412.82,23.17
2024-05-24,5350.11,22.93
2024-05-27,5404.62,23.18
2024-05-28,5348.03,22.94
2024-05-29,5351.25,22.97
2024-05-30,5334.3,22.88
2024-05-31,5355.21,22.91
2024-06-03,5284.62,22.64
2024-06-04,5313.71,22.82
2024-06-05,5244.09,22.48
2024-06-06,5130.87,22.07
2024-06-07,5153.59,22.13
2024-06-11,5198.92,22.25
2024-06-12,5216.46,22.31
2024-06-13,5180.24,22.16
2024-06-14,5180.65,22.09
2024-06-17,5183.97,22.15
2024-06-18,5227.25,22.28
2024-06-19,5159.99,21.98
2024-06-20,5056.14,21.55
2024-06-21,5055.33,21.56
2024-06-24,4887.78,20.86
2024-06-25,4847.61,20.73
2024-06-26,4986.38,21.27
2024-06-27,4864.09,20.75
2024-06-28,4895.99,20.91
2024-07-01,4940.25,21.11
2024-07-02,4905.65,20.92
2024-07-03,4867.13,20.73
2024-07-04,4761.87,20.31
2024-07-05,4810.79,20.51
2024-07-08,4693.96,20.03
2024-07-09,4797.06,20.48
2024-07-10,4777.68,20.37
2024-07-11,4893.59,20.83
2024-07-12,4878.02,20.74
2024-07-15,4827.6,20.52
2024-07-16,4836.72,20.53
2024-07-17,4795.62,20.35
2024-07-18,4812.43,20.44
2024-07-19,4821.42,20.44
2024-07-22,4826.87,20.42
2024-07-23,4694.95,19.84
2024-07-24,4631.01,19.59
2024-07-25,4632.57,19.59
2024-07-26,4702.08,19.88
2024-07-29,4685.65,19.79
2024-07-30,4702.49,19.82
2024-07-31,4889.08,20.61
2024-08-01,4878.29,20.55
2024-08-02,4809.89,20.27
2024-08-05,4678.78,19.74
2024-08-06,4749.95,20.04
2024-08-07,4743.41,20.02
2024-08-08,4739.49,20.02
2024-08-09,4702.75,19.87
2024-08-12,4674.1,19.77
2024-08-13,4697.59,19.86
2024-08-14,4649.28,19.64
2024-08-15,4691.85,19.79
2024-08-16,4655.65,19.65
2024-08-19,4663.61,19.68
2024-08-20,4579.3,19.32
2024-08-21,4548.26,19.21
2024-08-22,4491.84,18.99
2024-08-23,4495.34,18.99
2024-08-26,4512.89,19.08
2024-08-27,4459.68,18.88
2024-08-28,4470.55,18.92
2024-08-29,4542.46,19.21
2024-08-30,4629.32,19.54
2024-09-02,4532.51,19.85
2024-09-03,4572.4,20.01
2024-09-04,4550.77,19.93
2024-09-05,4586.78,20.07
2024-09-06,4508.23,19.72
2024-09-09,4475.53,19.58
2024-09-10,4487.58,19.61
2024-09-11,4486.01,19.59
2024-09-12,4468.74,19.5
2024-09-13,4413.19,19.27
2024-09-18,4399.13,19.28
2024-09-19,4482.27,19.62
2024-09-20,4463.36,19.51
2024-09-23,4469.13,19.49
2024-09-24,4642.56,20.26
2024-09-25,4686.26,20.41
2024-09-26,4874.13,21.21
2024-09-27,5136.44,22.29
2024-09-30,5708.83,24.69
2024-10-08,6201.99,26.65
2024-10-09,5727.38,24.48
2024-10-10,5654.53,24.31
2024-10-11,5416.76,23.29
2024-10-14,5615.76,24.08
2024-10-15,5507.18,23.56
2024-10-16,5524.25,23.64
2024-10-17,5505.61,23.53
2024-10-18,5749.43,24.51
2024-10-21,5860.57,24.87
2024-10-22,5888.81,25.03
2024-10-23,5903.58,25.08
2024-10-24,5861.63,24.89
2024-10-25,5974.91,25.33
2024-10-28,6082.09,25.73
2024-10-29,5983.84,25.28
2024-10-30,6019.35,25.31
2024-10-31,6116.66,25.6
2024-11-01,5930.23,24.86
2024-11-04,6053.11,25.36
2024-11-05,6266.54,26.18
2024-11-06,6293.19,26.27
2024-11-07,6403.92,26.74
2024-11-08,6423.12,26.76
2024-11-11,6579.01,27.35
2024-11-12,6491.97,27.02
2024-11-13,6474.39,27.0
2024-11-14,6272.19,26.2
2024-11-15,6125.51,25.64
2024-11-18,5974.56,25.13
2024-11-19,6130.28,25.74
2024-11-20,6250.8,26.13
2024-11-21,6262.16,26.11
2024-11-22,6030.49,25.16
2024-11-25,6052.13,25.27
2024-11-26,5981.57,25.02
2024-11-27,6118.66,25.56
2024-11-28,6086.09,25.44
2024-11-29,6189.13,25.89
2024-12-02,6313.61,26.39
2024-12-03,6303.28,26.34
2024-12-04,6204.94,25.95
2024-12-05,6285.6,26.21
2024-12-06,6349.62,26.47
2024-12-09,6303.27,26.34
2024-12-10,6362.02,26.55
2024-12-11,6447.37,26.93
2024-12-12,6490.15,27.13
2024-12-13,6354.99,26.58
2024-12-16,6277.52,26.41
2024-12-17,6143.94,25.9
2024-12-18,6195.87,26.08
2024-12-19,6207.19,26.14
2024-12-20,6271.75,26.4
2024-12-23,6096.38,25.75
2024-12-24,6164.36,26.11
2024-12-25,6094.69,25.86
2024-12-26,6160.45,26.14
2024-12-27,6171.57,26.19
2024-12-30,6145.93,26.1
2024-12-31,5957.72,25.37
2025-01-02,5797.09,24.69
2025-01-03,5625.21,24.05
2025-01-06,5608.03,24.01
2025-01-07,5692.04,24.32
2025-01-08,5661.78,24.22
2025-01-09,5672.78,24.23
2025-01-10,5544.92,23.72
2025-01-13,5559.47,23.75
2025-01-14,5811.05,24.76
2025-01-15,5775.57,24.61
2025-01-16,5801.31,24.68
2025-01-17,5841.57,24.89
2025-01-20,5879.15,25.06
2025-01-21,5908.02,25.2
2025-01-22,5855.74,25.01
2025-01-23,5829.03,24.92
2025-01-24,5938.13,25.34
2025-01-27,5846.07,25.03
2025-02-05,5881.44,25.05
2025-02-06,6041.83,25.68
2025-02-07,6134.05,26.01
2025-02-10,6210.55,26.24
2025-02-11,6190.17,26.2
2025-02-12,6284.61,26.54
2025-02-13,6212.5,26.18
2025-02-14,6248.83,26.29
2025-02-17,6281.57,26.45
2025-02-18,6142.14,25.93
2025-02-19,6288.53,26.53
2025-02-20,6334.41,26.74
2025-02-21,6449.23,27.13
2025-02-24,6464.02,27.19
2025-02-25,6435.43,27.04
2025-02-26,6524.41,27.39
2025-02-27,6499.53,27.27
2025-02-28,6270.42,26.38
2025-03-03,6273.67,26.41
2025-03-04,6357.63,26.74
2025-03-05,6398.24,26.89
2025-03-06,6534.97,27.39
2025-03-07,6507.76,27.34
2025-03-10,6520.97,27.4
2025-03-11,6551.73,27.52
2025-03-12,6566.97,27.59
2025-03-13,6466.85,27.2
2025-03-14,6571.17,27.64
2025-03-17,6589.57,27.7
2025-03-18,6611.93,27.82
2025-03-19,6564.68,27.64
2025-03-20,6535.06,27.52
2025-03-21,6405.61,27.01
2025-03-24,6360.34,26.9
2025-03-25,6310.76,26.72
2025-03-26,6334.91,26.83
2025-03-27,6328.77,26.8
2025-03-28,6268.32,26.55
2025-03-31,6226.65,26.39
2025-04-01,6259.48,26.56
2025-04-02,6277.25,26.63
2025-04-03,6203.26,26.28
2025-04-07,5496.44,23.4
2025-04-08,5530.02,23.56
2025-04-09,5652.33,24.05
2025-04-10,5784.59,24.61
2025-04-11,5862.19,24.89
2025-04-14,5938.53,25.18
2025-04-15,5914.03,25.11
2025-04-16,5835.35,24.81
2025-04-17,5839.56,24.84
2025-04-18,5831.69,24.77
2025-04-21,5952.64,25.25
2025-04-22,5949.31,25.25
2025-04-23,5984.58,25.39
2025-04-24,5920.48,25.16
2025-04-25,5939.5,25.26
2025-04-28,5877.06,24.98
2025-04-29,5903.38,25.08
2025-04-30,5950.12,25.23
2025-05-06,6102.92,25.82
2025-05-07,6111.49,25.84
2025-05-08,6158.08,26.0
2025-05-09,6082.08,25.71
2025-05-12,6167.46,26.0
2025-05-13,6151.01,25.95
2025-05-14,6160.37,25.97
2025-05-15,6057.04,25.58
2025-05-16,6068.12,25.59
2025-05-19,6095.34,25.72
2025-05-20,6146.02,25.9
2025-05-21,6132.18,25.85
2025-05-22,6066.1,25.6
2025-05-23,5989.68,25.29
2025-05-26,6028.79,25.43
2025-05-27,6008.46,25.31
2025-05-28,5984.46,25.26
2025-05-29,6089.58,25.6
2025-05-30,6026.56,25.31
2025-06-03,6070.04,25.5
2025-06-04,6123.17,25.68
2025-06-05,6167.01,25.82
2025-06-06,6152.84,25.75
2025-06-09,6218.96,25.98
2025-06-10,6161.69,25.75
2025-06-11,6186.51,25.87
2025-06-12,6192.22,25.83
2025-06-13,6106.01,25.5
2025-06-16,6147.46,25.84
2025-06-17,6141.47,25.78
2025-06-18,6135.39,25.75
2025-06-19,6048.22,25.36
2025-06-20,5999.59,25.16
2025-06-23,6078.22,25.41
2025-06-24,6194.67,25.89
2025-06-25,6276.16,26.18
2025-06-26,6247.79,26.07
2025-06-27,6276.94,26.2
2025-06-30,6356.18,26.51
2025-07-01,6373.77,26.57
2025-07-02,6309.48,26.33
2025-07-03,6342.64,26.46
2025-07-04,6312.2,26.32
2025-07-07,6327.14,26.39
2025-07-08,6407.7,26.69
2025-07-09,6390.47,26.63
2025-07-10,6406.57,26.68
2025-07-11,6461.1,26.87
2025-07-14,6462.31,26.92
2025-07-15,6442.83,26.83
2025-07-16,6462.06,26.94
2025-07-17,6535.67,27.2
2025-07-18,6552.07,27.27
2025-07-21,6612.26,27.56
2025-07-22,6637.1,27.71
2025-07-23,6607.22,27.58
2025-07-24,6701.12,27.94
2025-07-25,6706.61,27.96
2025-07-28,6729.98,28.0
2025-07-29,6773.88,28.15
2025-07-30,6718.48,27.93
2025-07-31,6661.19,27.65
2025-08-01,6670.47,27.69
2025-08-04,6739.69,28.0
2025-08-05,6787.48,28.22
2025-08-06,6861.31,28.49
2025-08-07,6862.15,28.49
2025-08-08,6838.13,28.45
2025-08-11,6943.94,28.83
2025-08-12,6963.61,28.93
2025-08-13,7064.33,29.33
2025-08-14,6976.49,28.95
2025-08-15,7117.5,29.49
2025-08-18,7237.6,29.95
2025-08-19,7242.85,29.95
2025-08-20,7305.46,30.25
2025-08-21,7253.34,30.06
2025-08-22,7362.94,30.45
2025-08-25,7477.73,30.83
2025-08-26,7476.47,30.83
2025-08-27,7336.5,30.27
2025-08-28,7447.11,30.68
2025-08-29,7438.68,30.68
2025-09-01,7501.15,32.0
2025-09-02,7313.88,31.27
2025-09-03,7206.88,30.83
2025-09-04,7041.15,30.19
2025-09-05,7245.67,31.01
2025-09-08,7311.03,31.33
2025-09-09,7226.03,31.0
2025-09-10,7230.17,31.02
2025-09-11,7399.89,31.68
2025-09-12,7422.88,31.77
2025-09-15,7415.57,31.72
2025-09-16,7483.63,31.99
2025-09-17,7554.81,32.28
2025-09-18,7476.4,32.0
2025-09-19,7438.19,31.88
2025-09-22,7489.48,32.04
2025-09-23,7408.07,31.77
2025-09-24,7534.22,32.28
2025-09-25,7506.51,32.16
2025-09-26,7397.59,31.74
2025-09-29,7497.83,32.12
2025-09-30,7574.96,32.39
2025-10-09,7648.05,32.72
2025-10-10,7533.82,32.38
2025-10-13,7519.76,32.28
2025-10-14,7373.15,31.71
2025-10-15,7483.45,32.16
2025-10-16,7401.84,31.82
2025-10-17,7185.48,30.94
2025-10-20,7239.18,31.15
2025-10-21,7344.05,31.6
2025-10-22,7312.21,31.46
2025-10-23,7308.1,31.46
2025-10-24,7419.24,31.87
2025-10-27,7495.38,32.21
2025-10-28,7479.22,32.15
2025-10-29,7569.12,32.55
2025-10-30,7485.08,32.15
2025-10-31,7506.67,32.18
2025-11-03,7538.12,32.28
2025-11-04,7435.73,31.86
2025-11-05,7464.86,32.01
2025-11-06,7551.83,32.39
2025-11-07,7541.88,32.33
2025-11-10,7563.25,32.44
2025-11-11,7540.79,32.34
2025-11-12,7486.38,32.11
2025-11-13,7590.58,32.5
2025-11-14,7502.76,32.14
2025-11-17,7523.08,32.15
2025-11-18,7448.1,31.81
2025-11-19,7387.21,31.59
2025-11-20,7340.41,31.39
2025-11-21,7067.7,30.29
2025-11-24,7156.41,30.64
2025-11-25,7249.95,31.0
2025-11-26,7248.45,30.98
2025-11-27,7257.45,30.97
2025-11-28,7334.21,31.32
2025-12-01,7386.68,31.55
2025-12-02,7313.18,31.24
2025-12-03,7248.27,31.05
2025-12-04,7248.66,31.03
2025-12-05,7342.49,31.42
2025-12-08,7423.05,31.7
2025-12-09,7380.58,31.54
2025-12-10,7408.24,31.68
2025-12-11,7312.0,31.29
2025-12-12,7370.94,31.58
2025-12-15,7309.08,31.4
2025-12-16,7181.62,30.88
2025-12-17,7288.74,31.33
2025-12-18,7272.4,31.31
2025-12-19,7329.81,31.57
2025-12-22,7408.35,31.9
2025-12-23,7392.42,31.9
2025-12-24,7506.38,32.33
2025-12-25,7579.38,32.61
2025-12-26,7605.53,32.66
2025-12-29,7594.16,32.63
2025-12-30,7597.3,32.64
2025-12-31,7595.28,32.62
2026-01-05,7753.88,33.21
2026-01-06,7864.9,33.65
2026-01-07,7906.42,33.83
2026-01-08,7971.59,34.08
2026-01-09,8129.18,34.68
2026-01-12,8357.01,35.37
2026-01-13,8203.13,34.78
2026-01-14,8257.17,34.97
2026-01-15,8240.78,35.04
2026-01-16,8232.73,35.13
2026-01-19,8265.65,35.38
2026-01-20,8182.75,35.11
2026-01-21,8247.68,35.45
2026-01-22,8309.35,35.68
2026-01-23,8470.74,36.26
2026-01-26,8365.43,35.89
2026-01-27,8382.15,35.97
2026-01-28,8399.79,36.14
2026-01-29,8332.21,35.84
2026-01-30,8254.86,35.6
2026-02-02,7975.43,34.43
2026-02-03,8209.1,35.39
2026-02-04,8207.12,35.38
2026-02-05,8068.08,34.75
2026-02-06,8051.57,34.68
2026-02-09,8233.78,35.39
2026-02-10,8250.3,35.45
2026-02-11,8239.51,35.49
2026-02-12,8314.83,35.84
2026-02-13,8204.83,35.4
2026-02-24,8299.77,35.91
2026-02-25,8426.33,36.48
2026-02-26,8490.62,36.78
2026-02-27,8560.84,37.02
2026-03-02,8476.97,36.77
2026-03-03,8142.45,35.45
2026-03-04,8094.52,35.2
2026-03-05,8171.12,35.46
2026-03-06,8248.86,35.76
2026-03-09,8203.87,35.49
2026-03-10,8350.09,36.12
2026-03-11,8363.53,36.17
2026-03-12,8335.91,36.04
2026-03-13,8214.29,35.55
2026-03-16,8211.35,35.48
2026-03-17,8019.86,34.62
2026-03-18,8096.59,34.91
2026-03-19,7909.23,34.08
2026-03-20,7783.43,33.63
2026-03-23,7409.11,32.03
2026-03-24,7600.86,32.87
2026-03-25,7751.18,33.54
2026-03-26,7639.38,33.1
2026-03-27,7746.31,33.51
2026-03-30,7767.93,33.63
2026-03-31,7619.85,33.03
2026-04-01,7764.15,33.63
2026-04-02,7623.42,33.08
2026-04-03,7536.6,32.72
2026-04-07,7606.02,33.01
2026-04-08,7955.77,34.44
2026-04-09,7921.45,34.33
2026-04-10,7998.23,34.62
2026-04-13,8025.57,34.7
2026-04-14,8144.76,35.2
2026-04-15,8106.16,35.06
2026-04-16,8232.98,35.59
2026-04-17,8307.44,35.88
2026-04-20,8357.81,36.13
2026-04-21,8351.16,36.16
2026-04-22,8481.24,36.64
2026-04-23,8362.74,36.12
2026-04-24,8304.14,35.82
2026-04-27,8338.73,35.99
2026-04-28,8226.69,35.6
2026-04-29,8343.07,36.09
2026-04-30,8381.95,36.23
2026-05-06,8574.56,36.9
2026-05-07,8714.51,37.53
2026-05-08,8741.15,37.64
2026-05-11,8866.78,38.21
2026-05-12,8821.89,38.07
2026-05-13,8955.45,38.66
2026-05-14,8778.71,37.91
2026-05-15,8682.65,37.51
2026-05-18,8720.21,37.54
2026-05-19,8808.64,37.89
2026-05-20,8808.91,37.92
2026-05-21,8510.5,36.63
2026-05-22,8692.67,37.44
2026-05-25,8799.31,37.9
2026-05-26,8687.25,37.47
2026-05-27,8546.51,36.9
2026-05-28,8637.74,37.33
2026-05-29,8408.74,36.45
