日期,收盘价,市盈率
2004-01-01,1000.0,nan
2004-12-31,1000.0,nan
2005-01-04,981.56,nan
2005-01-05,986.54,nan
2005-01-06,975.53,nan
2005-01-07,980.72,nan
2005-01-10,989.53,nan
2005-01-11,990.28,nan
2005-01-12,989.82,nan
2005-01-13,989.73,nan
2005-01-14,984.76,nan
2005-01-17,961.33,nan
2005-01-18,965.39,nan
2005-01-19,959.25,nan
2005-01-20,949.45,nan
2005-01-21,976.92,nan
2005-01-24,992.22,nan
2005-01-25,994.67,nan
2005-01-26,988.22,nan
2005-01-27,976.56,nan
2005-01-28,969.62,nan
2005-01-31,959.1,nan
2005-02-01,962.42,nan
2005-02-02,1012.53,nan
2005-02-03,1004.12,nan
2005-02-04,1027.26,nan
2005-02-16,1034.99,nan
2005-02-17,1028.54,nan
2005-02-18,1013.78,nan
2005-02-21,1032.69,nan
2005-02-22,1054.21,nan
2005-02-23,1054.11,nan
2005-02-24,1053.41,nan
2005-02-25,1053.84,nan
2005-02-28,1047.24,nan
2005-03-01,1040.56,nan
2005-03-02,1023.22,nan
2005-03-03,1031.41,nan
2005-03-04,1027.52,nan
2005-03-07,1033.63,nan
2005-03-08,1054.1,nan
2005-03-09,1054.37,nan
2005-03-10,1027.82,nan
2005-03-11,1031.73,nan
2005-03-14,1038.42,nan
2005-03-15,1018.74,nan
2005-03-16,1008.53,nan
2005-03-17,996.6,nan
2005-03-18,984.56,nan
2005-03-21,990.67,nan
2005-03-22,976.08,nan
2005-03-23,970.32,nan
2005-03-24,976.58,nan
2005-03-25,975.01,nan
2005-03-28,973.51,nan
2005-03-29,968.58,nan
2005-03-30,952.3,nan
2005-03-31,956.04,nan
2005-04-01,990.51,nan
2005-04-04,972.74,nan
2005-04-05,963.35,nan
2005-04-06,978.03,nan
2005-04-07,985.73,nan
2005-04-08,1003.5,nan
2005-04-11,996.78,nan
2005-04-12,982.88,nan
2005-04-13,1005.15,nan
2005-04-14,997.19,nan
2005-04-15,985.68,nan
2005-04-18,973.24,nan
2005-04-19,975.81,nan
2005-04-20,968.25,nan
2005-04-21,960.76,nan
2005-04-22,959.0,nan
2005-04-25,947.59,nan
2005-04-26,950.53,nan
2005-04-27,934.61,nan
2005-04-28,944.32,nan
2005-04-29,935.12,nan
2005-05-09,914.1,nan
2005-05-10,918.66,nan
2005-05-11,907.83,nan
2005-05-12,888.63,nan
2005-05-13,886.27,nan
2005-05-16,876.41,nan
2005-05-17,883.32,nan
2005-05-18,882.73,nan
2005-05-19,883.49,nan
2005-05-20,882.38,nan
2005-05-23,859.48,nan
2005-05-24,859.74,nan
2005-05-25,858.41,nan
2005-05-26,848.12,nan
2005-05-27,841.34,nan
2005-05-30,847.18,nan
2005-05-31,849.6,nan
2005-06-01,832.52,nan
2005-06-02,816.1,nan
2005-06-03,811.57,nan
2005-06-06,829.21,nan
2005-06-07,827.61,nan
2005-06-08,896.7,nan
2005-06-09,902.27,nan
2005-06-10,885.56,nan
2005-06-13,885.14,nan
2005-06-14,880.36,nan
2005-06-15,866.87,nan
2005-06-16,877.0,nan
2005-06-17,884.1,nan
2005-06-20,905.96,nan
2005-06-21,897.19,nan
2005-06-22,898.55,nan
2005-06-23,892.38,nan
2005-06-24,898.67,nan
2005-06-27,912.8,nan
2005-06-28,902.41,nan
2005-06-29,899.53,nan
2005-06-30,879.13,nan
2005-07-01,867.59,nan
2005-07-04,864.04,nan
2005-07-05,855.03,nan
2005-07-06,850.59,nan
2005-07-07,854.59,nan
2005-07-08,840.24,nan
2005-07-11,833.72,nan
2005-07-12,856.22,nan
2005-07-13,851.3,nan
2005-07-14,853.24,nan
2005-07-15,844.69,nan
2005-07-18,835.36,nan
2005-07-19,835.88,nan
2005-07-20,845.7,nan
2005-07-21,849.74,nan
2005-07-22,861.85,nan
2005-07-25,859.44,nan
2005-07-26,877.67,nan
2005-07-27,896.05,nan
2005-07-28,894.58,nan
2005-07-29,892.82,nan
2005-08-01,896.06,nan
2005-08-02,906.92,nan
2005-08-03,913.07,nan
2005-08-04,910.54,nan
2005-08-05,927.33,nan
2005-08-08,934.6,nan
2005-08-09,941.14,nan
2005-08-10,945.38,nan
2005-08-11,956.9,nan
2005-08-12,947.89,nan
2005-08-15,963.58,nan
2005-08-16,956.3,nan
2005-08-17,963.21,nan
2005-08-18,945.06,nan
2005-08-19,946.17,nan
2005-08-22,951.46,nan
2005-08-23,944.16,nan
2005-08-24,952.83,nan
2005-08-25,950.77,nan
2005-08-26,946.94,nan
2005-08-29,933.22,nan
2005-08-30,930.97,nan
2005-08-31,944.17,nan
2005-09-01,958.85,nan
2005-09-02,960.96,nan
2005-09-05,964.81,nan
2005-09-06,949.14,nan
2005-09-07,963.89,nan
2005-09-08,966.37,nan
2005-09-09,963.95,nan
2005-09-12,963.03,nan
2005-09-13,976.52,nan
2005-09-14,982.99,nan
2005-09-15,986.21,nan
2005-09-16,983.65,nan
2005-09-19,989.12,nan
2005-09-20,981.01,nan
2005-09-21,964.03,nan
2005-09-22,940.91,nan
2005-09-23,937.19,nan
2005-09-26,936.87,nan
2005-09-27,923.55,nan
2005-09-28,920.04,nan
2005-09-29,932.87,nan
2005-09-30,936.84,nan
2005-10-10,924.0,nan
2005-10-11,935.35,nan
2005-10-12,939.19,nan
2005-10-13,932.93,nan
2005-10-14,920.76,nan
2005-10-17,908.21,nan
2005-10-18,912.76,nan
2005-10-19,908.18,nan
2005-10-20,906.38,nan
2005-10-21,909.97,nan
2005-10-24,908.7,nan
2005-10-25,896.45,nan
2005-10-26,877.08,nan
2005-10-27,873.03,nan
2005-10-28,865.16,nan
2005-10-31,873.79,nan
2005-11-01,869.64,nan
2005-11-02,880.66,nan
2005-11-03,871.47,nan
2005-11-04,875.95,nan
2005-11-07,874.77,nan
2005-11-08,877.96,nan
2005-11-09,876.06,nan
2005-11-10,858.88,nan
2005-11-11,857.46,nan
2005-11-14,853.69,nan
2005-11-15,851.04,nan
2005-11-16,862.5,nan
2005-11-17,858.87,nan
2005-11-18,877.97,nan
2005-11-21,881.12,nan
2005-11-22,866.53,nan
2005-11-23,872.27,nan
2005-11-24,877.11,nan
2005-11-25,878.08,nan
2005-11-28,876.43,nan
2005-11-29,866.54,nan
2005-11-30,865.57,nan
2005-12-01,866.75,nan
2005-12-02,867.18,nan
2005-12-05,856.81,nan
2005-12-06,863.42,nan
2005-12-07,870.73,nan
2005-12-08,870.43,nan
2005-12-09,882.17,nan
2005-12-12,883.25,nan
2005-12-13,884.38,nan
2005-12-14,890.38,nan
2005-12-15,891.11,nan
2005-12-16,898.63,nan
2005-12-19,904.07,nan
2005-12-20,905.83,nan
2005-12-21,900.2,nan
2005-12-22,904.96,nan
2005-12-23,912.02,nan
2005-12-26,920.37,nan
2005-12-27,920.5,nan
2005-12-28,924.43,nan
2005-12-29,929.37,nan
2005-12-30,923.81,nan
2006-01-04,934.21,nan
2006-01-05,954.03,nan
2006-01-06,964.04,nan
2006-01-09,966.11,nan
2006-01-10,968.42,nan
2006-01-11,965.08,nan
2006-01-12,973.7,nan
2006-01-13,967.21,nan
2006-01-16,952.18,nan
2006-01-17,955.45,nan
2006-01-18,974.36,nan
2006-01-19,987.66,nan
2006-01-20,992.03,nan
2006-01-23,993.79,nan
2006-01-24,990.8,nan
2006-01-25,997.82,nan
2006-02-06,1022.85,nan
2006-02-07,1020.28,nan
2006-02-08,1022.65,nan
2006-02-09,1010.61,nan
2006-02-10,1022.4,nan
2006-02-13,1022.18,nan
2006-02-14,1025.22,nan
2006-02-15,1027.91,nan
2006-02-16,1003.23,nan
2006-02-17,1005.3,nan
2006-02-20,1006.32,nan
2006-02-21,1024.95,nan
2006-02-22,1026.38,nan
2006-02-23,1029.43,nan
2006-02-24,1038.45,nan
2006-02-27,1034.39,nan
2006-02-28,1035.56,nan
2006-03-01,1040.35,nan
2006-03-02,1027.4,nan
2006-03-03,1034.66,nan
2006-03-06,1032.14,nan
2006-03-07,1011.12,nan
2006-03-08,1001.36,nan
2006-03-09,1001.88,nan
2006-03-10,1005.85,nan
2006-03-13,1015.96,nan
2006-03-14,1017.84,nan
2006-03-15,1027.99,nan
2006-03-16,1023.78,nan
2006-03-17,1020.86,nan
2006-03-20,1032.75,nan
2006-03-21,1031.17,nan
2006-03-22,1033.24,nan
2006-03-23,1033.88,nan
2006-03-24,1029.83,nan
2006-03-27,1031.81,nan
2006-03-28,1034.3,nan
2006-03-29,1042.85,nan
2006-03-30,1036.1,nan
2006-03-31,1038.07,nan
2006-04-03,1048.58,nan
2006-04-04,1059.01,nan
2006-04-05,1069.21,nan
2006-04-06,1069.38,nan
2006-04-07,1069.44,nan
2006-04-10,1085.48,nan
2006-04-11,1095.38,nan
2006-04-12,1086.92,nan
2006-04-13,1072.4,nan
2006-04-14,1098.91,nan
2006-04-17,1106.88,nan
2006-04-18,1113.0,nan
2006-04-19,1115.62,nan
2006-04-20,1103.93,nan
2006-04-21,1115.83,nan
2006-04-24,1102.38,nan
2006-04-25,1093.1,nan
2006-04-26,1109.12,nan
2006-04-27,1105.83,nan
2006-04-28,1111.71,nan
2006-05-08,1150.12,nan
2006-05-09,1169.72,nan
2006-05-10,1179.87,nan
2006-05-11,1169.65,nan
2006-05-12,1198.69,nan
2006-05-15,1248.54,nan
2006-05-16,1240.37,nan
2006-05-17,1264.71,nan
2006-05-18,1253.59,nan
2006-05-19,1281.46,nan
2006-05-22,1300.58,nan
2006-05-23,1260.56,nan
2006-05-24,1246.6,nan
2006-05-25,1243.44,nan
2006-05-26,1263.68,nan
2006-05-29,1296.89,nan
2006-05-30,1304.52,nan
2006-05-31,1304.19,nan
2006-06-01,1336.43,nan
2006-06-02,1328.78,nan
2006-06-05,1339.69,nan
2006-06-06,1344.17,nan
2006-06-07,1273.01,nan
2006-06-08,1281.76,nan
2006-06-09,1255.93,nan
2006-06-12,1256.63,nan
2006-06-13,1251.9,nan
2006-06-14,1230.27,nan
2006-06-15,1229.84,nan
2006-06-16,1259.81,nan
2006-06-19,1267.86,nan
2006-06-20,1273.14,nan
2006-06-21,1272.03,nan
2006-06-22,1267.68,nan
2006-06-23,1273.67,nan
2006-06-26,1295.37,nan
2006-06-27,1293.96,nan
2006-06-28,1300.56,nan
2006-06-29,1333.55,nan
2006-06-30,1334.15,nan
2006-07-03,1350.83,nan
2006-07-04,1337.39,nan
2006-07-05,1320.83,nan
2006-07-06,1344.21,nan
2006-07-07,1335.53,nan
2006-07-10,1335.61,nan
2006-07-11,1335.7,nan
2006-07-12,1337.86,nan
2006-07-13,1273.86,nan
2006-07-14,1282.0,nan
2006-07-17,1298.28,nan
2006-07-18,1299.93,nan
2006-07-19,1269.87,nan
2006-07-20,1274.43,nan
2006-07-21,1281.13,nan
2006-07-24,1279.21,nan
2006-07-25,1297.26,nan
2006-07-26,1298.41,nan
2006-07-27,1285.04,nan
2006-07-28,1275.54,nan
2006-07-31,1229.43,nan
2006-08-01,1221.83,nan
2006-08-02,1218.26,nan
2006-08-03,1220.15,nan
2006-08-04,1193.56,nan
2006-08-07,1175.17,nan
2006-08-08,1201.62,nan
2006-08-09,1199.05,nan
2006-08-10,1222.16,nan
2006-08-11,1224.4,nan
2006-08-14,1195.73,nan
2006-08-15,1215.62,nan
2006-08-16,1229.32,nan
2006-08-17,1218.94,nan
2006-08-18,1215.42,nan
2006-08-21,1212.89,nan
2006-08-22,1222.2,nan
2006-08-23,1222.71,nan
2006-08-24,1229.31,nan
2006-08-25,1237.19,nan
2006-08-28,1259.73,nan
2006-08-29,1260.95,nan
2006-08-30,1262.58,nan
2006-08-31,1267.02,nan
2006-09-01,1255.66,nan
2006-09-04,1270.0,nan
2006-09-05,1266.65,nan
2006-09-06,1272.05,nan
2006-09-07,1254.76,nan
2006-09-08,1257.84,nan
2006-09-11,1260.51,nan
2006-09-12,1272.01,nan
2006-09-13,1268.09,nan
2006-09-14,1261.66,nan
2006-09-15,1290.27,nan
2006-09-18,1304.87,nan
2006-09-19,1304.48,nan
2006-09-20,1298.83,nan
2006-09-21,1301.17,nan
2006-09-22,1285.71,nan
2006-09-25,1278.33,nan
2006-09-26,1270.25,nan
2006-09-27,1278.06,nan
2006-09-28,1287.29,nan
2006-09-29,1297.99,nan
2006-10-09,1323.22,nan
2006-10-10,1329.32,nan
2006-10-11,1332.54,nan
2006-10-12,1340.9,nan
2006-10-13,1341.2,nan
2006-10-16,1330.48,nan
2006-10-17,1325.07,nan
2006-10-18,1341.22,nan
2006-10-19,1344.3,nan
2006-10-20,1338.83,nan
2006-10-23,1315.35,nan
2006-10-24,1346.64,nan
2006-10-25,1350.53,nan
2006-10-26,1355.59,nan
2006-10-27,1353.64,nan
2006-10-30,1377.45,nan
2006-10-31,1398.97,nan
2006-11-01,1419.58,nan
2006-11-02,1428.81,nan
2006-11-03,1432.97,nan
2006-11-06,1472.8,nan
2006-11-07,1465.63,nan
2006-11-08,1439.68,nan
2006-11-09,1461.68,nan
2006-11-10,1434.65,nan
2006-11-13,1399.47,nan
2006-11-14,1401.0,nan
2006-11-15,1449.38,nan
2006-11-16,1440.3,nan
2006-11-17,1481.45,nan
2006-11-20,1513.38,nan
2006-11-21,1531.04,nan
2006-11-22,1532.53,nan
2006-11-23,1547.09,nan
2006-11-24,1550.6,nan
2006-11-27,1570.24,nan
2006-11-28,1563.57,nan
2006-11-29,1581.81,nan
2006-11-30,1638.14,nan
2006-12-01,1646.91,nan
2006-12-04,1691.22,nan
2006-12-05,1702.9,nan
2006-12-06,1679.58,nan
2006-12-07,1686.92,nan
2006-12-08,1620.28,nan
2006-12-11,1690.8,nan
2006-12-12,1704.84,nan
2006-12-13,1723.03,nan
2006-12-14,1748.21,nan
2006-12-15,1766.21,nan
2006-12-18,1791.2,nan
2006-12-19,1803.19,nan
2006-12-20,1810.37,nan
2006-12-21,1771.47,nan
2006-12-22,1759.35,nan
2006-12-25,1792.68,nan
2006-12-26,1813.45,nan
2006-12-27,1845.73,nan
2006-12-28,1843.23,nan
2006-12-29,1894.73,nan
2007-01-04,1950.6,nan
2007-01-05,2011.06,nan
2007-01-08,2070.61,nan
2007-01-09,2147.27,nan
2007-01-10,2200.15,nan
2007-01-11,2161.83,nan
2007-01-12,2072.59,nan
2007-01-15,2180.52,nan
2007-01-16,2215.41,nan
2007-01-17,2217.92,nan
2007-01-18,2208.45,nan
2007-01-19,2280.01,nan
2007-01-22,2382.71,nan
2007-01-23,2417.86,nan
2007-01-24,2445.57,nan
2007-01-25,2338.06,nan
2007-01-26,2376.94,nan
2007-01-29,2456.23,nan
2007-01-30,2455.14,nan
2007-01-31,2295.3,nan
2007-02-01,2279.91,nan
2007-02-02,2191.46,nan
2007-02-05,2170.95,nan
2007-02-06,2198.11,nan
2007-02-07,2257.12,nan
2007-02-08,2321.07,nan
2007-02-09,2315.67,nan
2007-02-12,2391.14,nan
2007-02-13,2426.28,nan
2007-02-14,2492.37,nan
2007-02-15,2576.61,nan
2007-02-16,2604.13,nan
2007-02-26,2707.21,nan
2007-02-27,2452.37,nan
2007-02-28,2562.23,nan
2007-03-01,2476.65,nan
2007-03-02,2499.66,nan
2007-03-05,2461.85,nan
2007-03-06,2477.85,nan
2007-03-07,2547.98,nan
2007-03-08,2582.93,nan
2007-03-09,2570.67,nan
2007-03-12,2588.65,nan
2007-03-13,2623.23,nan
2007-03-14,2561.05,nan
2007-03-15,2613.78,nan
2007-03-16,2552.87,nan
2007-03-19,2588.87,nan
2007-03-20,2616.72,nan
2007-03-21,2644.19,nan
2007-03-22,2665.65,nan
2007-03-23,2702.02,nan
2007-03-26,2755.21,nan
2007-03-27,2771.04,nan
2007-03-28,2780.49,nan
2007-03-29,2734.5,nan
2007-03-30,2755.05,nan
2007-04-02,2840.91,nan
2007-04-03,2877.24,nan
2007-04-04,2891.6,nan
2007-04-05,2928.11,nan
2007-04-06,2965.29,nan
2007-04-09,3041.12,nan
2007-04-10,3095.34,nan
2007-04-11,3124.25,nan
2007-04-12,3181.87,nan
2007-04-13,3156.96,nan
2007-04-16,3236.21,nan
2007-04-17,3288.41,nan
2007-04-18,3360.8,nan
2007-04-19,3207.62,nan
2007-04-20,3358.41,nan
2007-04-23,3541.06,nan
2007-04-24,3594.9,nan
2007-04-25,3590.42,nan
2007-04-26,3628.09,nan
2007-04-27,3591.36,nan
2007-04-30,3641.12,nan
2007-05-08,3811.29,nan
2007-05-09,3813.68,nan
2007-05-10,3871.79,nan
2007-05-11,3837.55,nan
2007-05-14,3862.4,nan
2007-05-15,3720.89,nan
2007-05-16,3807.43,nan
2007-05-17,3881.48,nan
2007-05-18,3882.74,nan
2007-05-21,3962.55,nan
2007-05-22,4020.94,nan
2007-05-23,4101.56,nan
2007-05-24,4038.35,nan
2007-05-25,4079.86,nan
2007-05-28,4173.33,nan
2007-05-29,4303.74,nan
2007-05-30,3977.07,nan
2007-05-31,3978.4,nan
2007-06-01,3803.04,nan
2007-06-04,3477.35,nan
2007-06-05,3603.35,nan
2007-06-06,3654.89,nan
2007-06-07,3797.92,nan
2007-06-08,3850.87,nan
2007-06-11,3936.95,nan
2007-06-12,4120.36,nan
2007-06-13,4181.22,nan
2007-06-14,4120.78,nan
2007-06-15,4116.03,nan
2007-06-18,4237.7,nan
2007-06-19,4278.36,nan
2007-06-20,4194.68,nan
2007-06-21,4218.84,nan
2007-06-22,4048.64,nan
2007-06-25,3818.9,nan
2007-06-26,3893.78,nan
2007-06-27,4007.29,nan
2007-06-28,3824.28,nan
2007-06-29,3764.93,nan
2007-07-02,3811.64,nan
2007-07-03,3871.4,nan
2007-07-04,3796.7,nan
2007-07-05,3570.41,nan
2007-07-06,3743.63,nan
2007-07-09,3868.46,nan
2007-07-10,3763.3,nan
2007-07-11,3788.4,nan
2007-07-12,3798.6,nan
2007-07-13,3823.14,nan
2007-07-16,3694.09,nan
2007-07-17,3744.28,nan
2007-07-18,3761.54,nan
2007-07-19,3732.61,nan
2007-07-20,3855.46,nan
2007-07-23,4109.32,nan
2007-07-24,4116.72,nan
2007-07-25,4238.9,nan
2007-07-26,4283.1,nan
2007-07-27,4342.07,nan
2007-07-30,4469.49,nan
2007-07-31,4535.39,nan
2007-08-01,4351.41,nan
2007-08-02,4496.05,nan
2007-08-03,4573.49,nan
2007-08-06,4731.98,nan
2007-08-07,4752.13,nan
2007-08-08,4655.58,nan
2007-08-09,4728.32,nan
2007-08-10,4688.34,nan
2007-08-13,4695.82,nan
2007-08-14,4754.99,nan
2007-08-15,4755.43,nan
2007-08-16,4681.21,nan
2007-08-17,4594.81,nan
2007-08-20,4891.14,nan
2007-08-21,4972.36,nan
2007-08-22,5008.15,nan
2007-08-23,5076.02,nan
2007-08-24,5177.2,nan
2007-08-27,5211.43,nan
2007-08-28,5223.59,nan
2007-08-29,5134.9,nan
2007-08-30,5226.54,nan
2007-08-31,5333.02,nan
2007-09-03,5577.3,nan
2007-09-04,5547.46,nan
2007-09-05,5598.08,nan
2007-09-06,5667.43,nan
2007-09-07,5566.5,nan
2007-09-10,5668.31,nan
2007-09-11,5378.0,nan
2007-09-12,5489.78,nan
2007-09-13,5676.45,nan
2007-09-14,5809.02,nan
2007-09-17,6009.04,nan
2007-09-18,5993.86,nan
2007-09-19,5899.14,nan
2007-09-20,5972.78,nan
2007-09-21,5888.37,nan
2007-09-24,5933.33,nan
2007-09-25,5789.96,nan
2007-09-26,5653.3,nan
2007-09-27,5753.17,nan
2007-09-28,5912.34,nan
2007-10-08,5868.64,nan
2007-10-09,5829.43,nan
2007-10-10,5879.28,nan
2007-10-11,5896.54,nan
2007-10-12,5871.42,nan
2007-10-15,6123.25,nan
2007-10-16,6133.36,nan
2007-10-17,6077.53,nan
2007-10-18,5839.13,nan
2007-10-19,5816.55,nan
2007-10-22,5592.04,nan
2007-10-23,5659.87,nan
2007-10-24,5638.88,nan
2007-10-25,5262.54,nan
2007-10-26,5303.26,nan
2007-10-29,5501.88,nan
2007-10-30,5592.14,nan
2007-10-31,5649.8,nan
2007-11-01,5471.72,nan
2007-11-02,5244.55,nan
2007-11-05,5236.98,nan
2007-11-06,5212.92,nan
2007-11-07,5208.8,nan
2007-11-08,4949.14,nan
2007-11-09,4832.25,nan
2007-11-12,4719.86,nan
2007-11-13,4719.73,nan
2007-11-14,4942.51,nan
2007-11-15,4833.35,nan
2007-11-16,4780.2,nan
2007-11-19,4870.7,nan
2007-11-20,5007.14,nan
2007-11-21,4937.06,nan
2007-11-22,4733.16,nan
2007-11-23,4823.89,nan
2007-11-26,4771.18,nan
2007-11-27,4709.23,nan
2007-11-28,4639.03,nan
2007-11-29,4770.56,nan
2007-11-30,4647.3,nan
2007-12-03,4653.26,nan
2007-12-04,4728.12,nan
2007-12-05,4920.61,nan
2007-12-06,4923.15,nan
2007-12-07,5036.26,nan
2007-12-10,5175.5,nan
2007-12-11,5195.91,nan
2007-12-12,5198.53,nan
2007-12-13,4973.28,nan
2007-12-14,5074.89,nan
2007-12-17,5000.81,nan
2007-12-18,5008.48,nan
2007-12-19,5153.59,nan
2007-12-20,5236.16,nan
2007-12-21,5323.74,nan
2007-12-24,5409.06,nan
2007-12-25,5473.27,nan
2007-12-26,5530.43,nan
2007-12-27,5603.96,nan
2007-12-28,5559.99,nan
2008-01-02,5625.74,nan
2008-01-03,5791.69,nan
2008-01-04,5804.87,nan
2008-01-07,5899.74,nan
2008-01-08,5839.6,nan
2008-01-09,5986.58,nan
2008-01-10,6083.57,nan
2008-01-11,6048.02,nan
2008-01-14,6106.11,nan
2008-01-15,6117.54,nan
2008-01-16,5909.95,nan
2008-01-17,5732.57,nan
2008-01-18,5780.81,nan
2008-01-21,5489.66,nan
2008-01-22,5080.43,nan
2008-01-23,5360.75,nan
2008-01-24,5438.27,nan
2008-01-25,5444.09,nan
2008-01-28,5053.68,nan
2008-01-29,5086.45,nan
2008-01-30,5081.19,nan
2008-01-31,5000.28,nan
2008-02-01,4913.19,nan
2008-02-04,5326.88,nan
2008-02-05,5317.47,nan
2008-02-13,5231.27,nan
2008-02-14,5323.19,nan
2008-02-15,5279.56,nan
2008-02-18,5381.84,nan
2008-02-19,5526.72,nan
2008-02-20,5452.97,nan
2008-02-21,5505.66,nan
2008-02-22,5332.69,nan
2008-02-25,5152.47,nan
2008-02-26,5087.38,nan
2008-02-27,5204.29,nan
2008-02-28,5229.8,nan
2008-02-29,5251.68,nan
2008-03-03,5387.55,nan
2008-03-04,5264.49,nan
2008-03-05,5178.33,nan
2008-03-06,5209.01,nan
2008-03-07,5136.87,nan
2008-03-10,4927.45,nan
2008-03-11,4932.15,nan
2008-03-12,4804.79,nan
2008-03-13,4634.13,nan
2008-03-14,4590.2,nan
2008-03-17,4303.43,nan
2008-03-18,4053.14,nan
2008-03-19,4211.06,nan
2008-03-20,4366.21,nan
2008-03-21,4473.14,nan
2008-03-24,4287.71,nan
2008-03-25,4385.77,nan
2008-03-26,4396.38,nan
2008-03-27,4187.67,nan
2008-03-28,4315.32,nan
2008-03-31,4150.24,nan
2008-04-01,3845.47,nan
2008-04-02,3749.03,nan
2008-04-03,3911.71,nan
2008-04-07,4133.31,nan
2008-04-08,4192.49,nan
2008-04-09,4034.21,nan
2008-04-10,4127.89,nan
2008-04-11,4153.45,nan
2008-04-14,3897.65,nan
2008-04-15,3964.46,nan
2008-04-16,3862.12,nan
2008-04-17,3711.62,nan
2008-04-18,3552.07,nan
2008-04-21,3548.03,nan
2008-04-22,3570.92,nan
2008-04-23,3743.87,nan
2008-04-24,4090.89,nan
2008-04-25,4148.13,nan
2008-04-28,4088.47,nan
2008-04-29,4158.36,nan
2008-04-30,4326.28,nan
2008-05-05,4449.7,nan
2008-05-06,4411.09,nan
2008-05-07,4208.5,nan
2008-05-08,4344.04,nan
2008-05-09,4355.26,nan
2008-05-12,4393.96,nan
2008-05-13,4408.8,nan
2008-05-14,4519.63,nan
2008-05-15,4515.39,nan
2008-05-16,4472.6,nan
2008-05-19,4457.91,nan
2008-05-20,4213.34,nan
2008-05-21,4329.88,nan
2008-05-22,4272.26,nan
2008-05-23,4208.82,nan
2008-05-26,4060.21,nan
2008-05-27,4072.3,nan
2008-05-28,4172.2,nan
2008-05-29,4064.79,nan
2008-05-30,4092.89,nan
2008-06-02,4116.83,nan
2008-06-03,4118.43,nan
2008-06-04,4028.28,nan
2008-06-05,3962.35,nan
2008-06-06,3956.33,nan
2008-06-10,3653.73,nan
2008-06-11,3577.59,nan
2008-06-12,3515.5,nan
2008-06-13,3406.85,nan
2008-06-16,3354.49,nan
2008-06-17,3219.54,nan
2008-06-18,3405.13,nan
2008-06-19,3143.04,nan
2008-06-20,3198.35,nan
2008-06-23,3118.73,nan
2008-06-24,3157.04,nan
2008-06-25,3313.41,nan
2008-06-26,3327.53,nan
2008-06-27,3126.81,nan
2008-06-30,3094.41,nan
2008-07-01,3005.93,nan
2008-07-02,3028.24,nan
2008-07-03,3117.56,nan
2008-07-04,3068.77,nan
2008-07-07,3232.98,nan
2008-07-08,3275.08,nan
2008-07-09,3386.35,nan
2008-07-10,3321.64,nan
2008-07-11,3291.46,nan
2008-07-14,3334.55,nan
2008-07-15,3224.87,nan
2008-07-16,3089.2,nan
2008-07-17,3039.23,nan
2008-07-18,3128.94,nan
2008-07-21,3236.97,nan
2008-07-22,3240.99,nan
2008-07-23,3201.67,nan
2008-07-24,3277.1,nan
2008-07-25,3228.76,nan
2008-07-28,3261.69,nan
2008-07-29,3204.22,nan
2008-07-30,3180.74,nan
2008-07-31,3089.55,nan
2008-08-01,3083.29,nan
2008-08-04,2983.25,nan
2008-08-05,2866.27,nan
2008-08-06,2875.81,nan
2008-08-07,2877.6,nan
2008-08-08,2726.72,nan
2008-08-11,2583.79,nan
2008-08-12,2621.1,nan
2008-08-13,2638.5,nan
2008-08-14,2638.35,nan
2008-08-15,2630.1,nan
2008-08-18,2474.2,nan
2008-08-19,2512.31,nan
2008-08-20,2685.81,nan
2008-08-21,2575.01,nan
2008-08-22,2524.94,nan
2008-08-25,2503.28,nan
2008-08-26,2406.43,nan
2008-08-27,2395.63,nan
2008-08-28,2413.01,nan
2008-08-29,2479.9,nan
2008-09-01,2417.56,nan
2008-09-02,2412.56,nan
2008-09-03,2379.02,nan
2008-09-04,2390.55,nan
2008-09-05,2319.09,nan
2008-09-08,2241.1,nan
2008-09-09,2268.2,nan
2008-09-10,2278.26,nan
2008-09-11,2233.58,nan
2008-09-12,2247.6,nan
2008-09-16,2217.88,nan
2008-09-17,2175.92,nan
2008-09-18,2126.07,nan
2008-09-19,2309.56,nan
2008-09-22,2402.55,nan
2008-09-23,2301.57,nan
2008-09-24,2325.34,nan
2008-09-25,2415.41,nan
2008-09-26,2446.32,nan
2008-10-06,2309.92,nan
2008-10-07,2279.83,nan
2008-10-08,2226.52,nan
2008-10-09,2187.01,nan
2008-10-10,2082.55,nan
2008-10-13,2122.76,nan
2008-10-14,2073.59,nan
2008-10-15,2042.13,nan
2008-10-16,1943.76,nan
2008-10-17,1970.73,nan
2008-10-20,2029.96,nan
2008-10-21,2018.7,nan
2008-10-22,1971.66,nan
2008-10-23,1980.33,nan
2008-10-24,1941.13,nan
2008-10-27,1809.95,nan
2008-10-28,1849.25,nan
2008-10-29,1800.62,nan
2008-10-30,1833.53,nan
2008-10-31,1793.97,nan
2008-11-03,1772.36,nan
2008-11-04,1742.06,nan
2008-11-05,1797.44,nan
2008-11-06,1780.63,nan
2008-11-07,1796.0,nan
2008-11-10,1912.6,nan
2008-11-11,1907.14,nan
2008-11-12,1921.15,nan
2008-11-13,2010.31,nan
2008-11-14,2079.2,nan
2008-11-17,2134.84,nan
2008-11-18,1972.76,nan
2008-11-19,2082.06,nan
2008-11-20,2056.3,nan
2008-11-21,2043.02,nan
2008-11-24,1971.15,nan
2008-11-25,1961.84,nan
2008-11-26,1989.52,nan
2008-11-27,2022.55,nan
2008-11-28,1997.04,nan
2008-12-01,2029.8,nan
2008-12-02,2040.69,nan
2008-12-03,2130.92,nan
2008-12-04,2158.45,nan
2008-12-05,2187.44,nan
2008-12-08,2264.4,nan
2008-12-09,2226.01,nan
2008-12-10,2252.43,nan
2008-12-11,2200.33,nan
2008-12-12,2112.79,nan
2008-12-15,2136.92,nan
2008-12-16,2162.74,nan
2008-12-17,2178.0,nan
2008-12-18,2207.77,nan
2008-12-19,2222.13,nan
2008-12-22,2191.14,nan
2008-12-23,2083.63,nan
2008-12-24,2041.69,nan
2008-12-25,2024.54,nan
2008-12-26,2004.11,nan
2008-12-29,1980.93,nan
2008-12-30,1939.38,nan
2008-12-31,1899.96,nan
2009-01-05,1972.18,nan
2009-01-06,2035.73,nan
2009-01-07,2022.85,nan
2009-01-08,1981.47,nan
2009-01-09,2023.84,nan
2009-01-12,2041.34,nan
2009-01-13,1995.77,nan
2009-01-14,2073.26,nan
2009-01-15,2067.3,nan
2009-01-16,2094.23,nan
2009-01-19,2104.56,nan
2009-01-20,2119.04,nan
2009-01-21,2105.69,nan
2009-01-22,2136.96,nan
2009-01-23,2130.68,nan
2009-02-02,2173.58,nan
2009-02-03,2234.38,nan
2009-02-04,2289.66,nan
2009-02-05,2281.98,nan
2009-02-06,2379.84,nan
2009-02-09,2473.28,nan
2009-02-10,2531.48,nan
2009-02-11,2520.53,nan
2009-02-12,2499.41,nan
2009-02-13,2585.72,nan
2009-02-16,2669.78,nan
2009-02-17,2577.04,nan
2009-02-18,2450.65,nan
2009-02-19,2504.95,nan
2009-02-20,2588.05,nan
2009-02-23,2650.27,nan
2009-02-24,2545.06,nan
2009-02-25,2528.68,nan
2009-02-26,2373.46,nan
2009-02-27,2263.32,nan
2009-03-02,2296.83,nan
2009-03-03,2298.56,nan
2009-03-04,2448.64,nan
2009-03-05,2466.17,nan
2009-03-06,2438.75,nan
2009-03-09,2340.12,nan
2009-03-10,2384.7,nan
2009-03-11,2371.52,nan
2009-03-12,2369.48,nan
2009-03-13,2344.89,nan
2009-03-16,2377.0,nan
2009-03-17,2468.46,nan
2009-03-18,2504.16,nan
2009-03-19,2564.92,nan
2009-03-20,2595.43,nan
2009-03-23,2656.94,nan
2009-03-24,2677.01,nan
2009-03-25,2597.93,nan
2009-03-26,2674.62,nan
2009-03-27,2707.02,nan
2009-03-30,2675.38,nan
2009-03-31,2673.13,nan
2009-04-01,2738.88,nan
2009-04-02,2764.87,nan
2009-04-03,2736.4,nan
2009-04-07,2755.02,nan
2009-04-08,2659.95,nan
2009-04-09,2698.82,nan
2009-04-10,2776.67,nan
2009-04-13,2860.1,nan
2009-04-14,2885.23,nan
2009-04-15,2917.18,nan
2009-04-16,2932.98,nan
2009-04-17,2872.95,nan
2009-04-20,2933.09,nan
2009-04-21,2903.96,nan
2009-04-22,2783.79,nan
2009-04-23,2814.09,nan
2009-04-24,2778.03,nan
2009-04-27,2687.65,nan
2009-04-28,2702.98,nan
2009-04-29,2770.48,nan
2009-04-30,2792.23,nan
2009-05-04,2915.77,nan
2009-05-05,2928.96,nan
2009-05-06,2978.81,nan
2009-05-07,2965.06,nan
2009-05-08,2952.79,nan
2009-05-11,2864.63,nan
2009-05-12,2951.57,nan
2009-05-13,2981.64,nan
2009-05-14,2979.04,nan
2009-05-15,2979.36,nan
2009-05-18,3019.04,nan
2009-05-19,3053.6,nan
2009-05-20,3038.34,nan
2009-05-21,2975.2,nan
2009-05-22,2958.49,nan
2009-05-25,2968.86,nan
2009-05-26,2933.63,nan
2009-05-27,2958.12,nan
2009-06-01,3048.71,nan
2009-06-02,3078.9,nan
2009-06-03,3128.78,nan
2009-06-04,3149.19,nan
2009-06-05,3133.6,nan
2009-06-08,3105.63,nan
2009-06-09,3098.15,nan
2009-06-10,3147.15,nan
2009-06-11,3108.96,nan
2009-06-12,3045.8,nan
2009-06-15,3055.87,nan
2009-06-16,3058.12,nan
2009-06-17,3100.09,nan
2009-06-18,3128.28,nan
2009-06-19,3137.24,nan
2009-06-22,3136.09,nan
2009-06-23,3157.63,nan
2009-06-24,3247.81,nan
2009-06-25,3235.6,nan
2009-06-26,3233.74,nan
2009-06-29,3276.4,nan
2009-06-30,3239.69,nan
2009-07-01,3292.17,nan
2009-07-02,3323.25,nan
2009-07-03,3353.71,nan
2009-07-06,3442.04,nan
2009-07-07,3434.93,nan
2009-07-08,3468.01,nan
2009-07-09,3534.46,nan
2009-07-10,3534.08,nan
2009-07-13,3500.42,nan
2009-07-14,3594.29,nan
2009-07-15,3697.42,nan
2009-07-16,3691.17,nan
2009-07-17,3749.82,nan
2009-07-20,3855.88,nan
2009-07-21,3768.86,nan
2009-07-22,3848.98,nan
2009-07-23,3878.04,nan
2009-07-24,3902.19,nan
2009-07-27,4013.98,nan
2009-07-28,4076.09,nan
2009-07-29,3852.34,nan
2009-07-30,3926.17,nan
2009-07-31,4077.35,nan
2009-08-03,4236.01,nan
2009-08-04,4302.7,nan
2009-08-05,4249.96,nan
2009-08-06,4104.89,nan
2009-08-07,3932.31,nan
2009-08-10,3970.8,nan
2009-08-11,3975.8,nan
2009-08-12,3762.33,nan
2009-08-13,3804.74,nan
2009-08-14,3690.71,nan
2009-08-17,3425.86,nan
2009-08-18,3505.62,nan
2009-08-19,3302.78,nan
2009-08-20,3435.74,nan
2009-08-21,3526.37,nan
2009-08-24,3579.19,nan
2009-08-25,3473.17,nan
2009-08-26,3550.79,nan
2009-08-27,3535.14,nan
2009-08-28,3404.43,nan
2009-08-31,3131.67,nan
2009-09-01,3101.1,nan
2009-09-02,3131.29,nan
2009-09-03,3332.64,nan
2009-09-04,3366.09,nan
2009-09-07,3375.33,nan
2009-09-08,3463.25,nan
2009-09-09,3532.11,nan
2009-09-10,3487.87,nan
2009-09-11,3529.01,nan
2009-09-14,3596.63,nan
2009-09-15,3628.45,nan
2009-09-16,3578.18,nan
2009-09-17,3644.49,nan
2009-09-18,3512.85,nan
2009-09-21,3524.2,nan
2009-09-22,3425.66,nan
2009-09-23,3325.62,nan
2009-09-24,3304.24,nan
2009-09-25,3262.82,nan
2009-09-28,3165.49,nan
2009-09-29,3144.06,nan
2009-09-30,3187.11,nan
2009-10-09,3367.74,nan
2009-10-12,3352.51,nan
2009-10-13,3413.11,nan
2009-10-14,3443.94,nan
2009-10-15,3470.5,nan
2009-10-16,3477.0,nan
2009-10-19,3583.45,nan
2009-10-20,3618.99,nan
2009-10-21,3602.78,nan
2009-10-22,3577.91,nan
2009-10-23,3651.02,nan
2009-10-26,3671.67,nan
2009-10-27,3552.71,nan
2009-10-28,3587.84,nan
2009-10-29,3498.23,nan
2009-10-30,3530.5,nan
2009-11-02,3639.15,nan
2009-11-03,3700.65,nan
2009-11-04,3729.38,nan
2009-11-05,3761.07,nan
2009-11-06,3791.29,nan
2009-11-09,3829.9,nan
2009-11-10,3825.25,nan
2009-11-11,3811.9,nan
2009-11-12,3830.37,nan
2009-11-13,3841.49,nan
2009-11-16,3973.49,nan
2009-11-17,3974.42,nan
2009-11-18,3983.61,nan
2009-11-19,4015.15,nan
2009-11-20,3998.97,nan
2009-11-23,4067.75,nan
2009-11-24,3940.39,nan
2009-11-25,4092.25,nan
2009-11-26,3937.74,nan
2009-11-27,3800.59,nan
2009-11-30,3968.66,nan
2009-12-01,4066.09,nan
2009-12-02,4096.44,nan
2009-12-03,4133.57,nan
2009-12-04,4117.87,nan
2009-12-07,4153.5,nan
2009-12-08,4114.07,nan
2009-12-09,4049.15,nan
2009-12-10,4063.8,nan
2009-12-11,4068.27,nan
2009-12-14,4086.89,nan
2009-12-15,4087.2,nan
2009-12-16,4048.88,nan
2009-12-17,3926.21,nan
2009-12-18,3815.74,nan
2009-12-21,3828.15,nan
2009-12-22,3703.03,nan
2009-12-23,3741.05,nan
2009-12-24,3892.72,nan
2009-12-25,3883.5,nan
2009-12-28,3951.21,nan
2009-12-29,3967.14,nan
2009-12-30,4008.82,nan
2009-12-31,4020.4,nan
2010-01-04,3982.17,nan
2010-01-05,4024.61,nan
2010-01-06,4013.1,nan
2010-01-07,3923.63,nan
2010-01-08,3922.09,nan
2010-01-11,3918.95,nan
2010-01-12,3992.52,nan
2010-01-13,3864.34,nan
2010-01-14,3921.46,nan
2010-01-15,3927.05,nan
2010-01-18,3963.47,nan
2010-01-19,3969.4,nan
2010-01-20,3841.84,nan
2010-01-21,3847.08,nan
2010-01-22,3799.52,nan
2010-01-25,3739.16,nan
2010-01-26,3651.38,nan
2010-01-27,3603.81,nan
2010-01-28,3604.93,nan
2010-01-29,3605.05,nan
2010-02-01,3538.99,nan
2010-02-02,3531.8,nan
2010-02-03,3633.16,nan
2010-02-04,3613.31,nan
2010-02-05,3535.1,nan
2010-02-08,3539.0,nan
2010-02-09,3564.81,nan
2010-02-10,3602.48,nan
2010-02-11,3613.8,nan
2010-02-12,3655.2,nan
2010-02-22,3636.01,nan
2010-02-23,3616.07,nan
2010-02-24,3671.28,nan
2010-02-25,3708.65,nan
2010-02-26,3686.95,nan
2010-03-01,3733.36,nan
2010-03-02,3710.34,nan
2010-03-03,3738.92,nan
2010-03-04,3646.47,nan
2010-03-05,3652.86,nan
2010-03-08,3689.14,nan
2010-03-09,3709.69,nan
2010-03-10,3680.63,nan
2010-03-11,3675.67,nan
2010-03-12,3626.2,nan
2010-03-15,3571.39,nan
2010-03-16,3574.66,nan
2010-03-17,3647.41,nan
2010-03-18,3638.79,nan
2010-03-19,3666.74,nan
2010-03-22,3674.4,nan
2010-03-23,3652.34,nan
2010-03-24,3652.09,nan
2010-03-25,3616.32,nan
2010-03-26,3656.86,nan
2010-03-29,3735.45,nan
2010-03-30,3738.16,nan
2010-03-31,3711.43,nan
2010-04-01,3762.99,nan
2010-04-02,3787.87,nan
2010-04-06,3800.09,nan
2010-04-07,3784.56,nan
2010-04-08,3741.58,nan
2010-04-09,3771.56,nan
2010-04-12,3741.73,nan
2010-04-13,3782.45,nan
2010-04-14,3794.09,nan
2010-04-15,3781.63,nan
2010-04-16,3740.73,nan
2010-04-19,3545.3,nan
2010-04-20,3549.34,nan
2010-04-21,3615.11,nan
2010-04-22,3568.0,nan
2010-04-23,3549.21,nan
2010-04-26,3525.69,nan
2010-04-27,3451.68,nan
2010-04-28,3445.71,nan
2010-04-29,3407.22,nan
2010-04-30,3417.26,nan
2010-05-04,3378.72,nan
2010-05-05,3404.34,nan
2010-05-06,3260.5,nan
2010-05-07,3181.64,nan
2010-05-10,3199.54,nan
2010-05-11,3150.78,nan
2010-05-12,3174.79,nan
2010-05-13,3247.9,nan
2010-05-14,3230.61,nan
2010-05-17,3064.95,nan
2010-05-18,3121.27,nan
2010-05-19,3111.1,nan
2010-05-20,3082.44,nan
2010-05-21,3124.16,nan
2010-05-24,3234.27,nan
2010-05-25,3167.4,nan
2010-05-26,3163.61,nan
2010-05-27,3221.84,nan
2010-05-28,3224.75,nan
2010-05-31,3143.98,nan
2010-06-01,3100.39,nan
2010-06-02,3111.28,nan
2010-06-03,3090.92,nan
2010-06-04,3091.19,nan
2010-06-07,3032.87,nan
2010-06-08,3038.29,nan
2010-06-09,3121.01,nan
2010-06-10,3100.54,nan
2010-06-11,3112.53,nan
2010-06-17,3090.18,nan
2010-06-18,3036.44,nan
2010-06-21,3108.68,nan
2010-06-22,3118.25,nan
2010-06-23,3090.53,nan
2010-06-24,3090.78,nan
2010-06-25,3059.26,nan
2010-06-28,3037.81,nan
2010-06-29,2906.97,nan
2010-06-30,2865.68,nan
2010-07-01,2824.55,nan
2010-07-02,2831.36,nan
2010-07-05,2808.21,nan
2010-07-06,2869.48,nan
2010-07-07,2887.22,nan
2010-07-08,2878.24,nan
2010-07-09,2967.0,nan
2010-07-12,3006.91,nan
2010-07-13,2958.57,nan
2010-07-14,2982.89,nan
2010-07-15,2922.66,nan
2010-07-16,2941.1,nan
2010-07-19,3014.72,nan
2010-07-20,3083.35,nan
2010-07-21,3087.81,nan
2010-07-22,3123.28,nan
2010-07-23,3132.38,nan
2010-07-26,3154.15,nan
2010-07-27,3139.81,nan
2010-07-28,3210.47,nan
2010-07-29,3230.09,nan
2010-07-30,3211.05,nan
2010-08-02,3271.56,nan
2010-08-03,3219.5,nan
2010-08-04,3236.44,nan
2010-08-05,3205.39,nan
2010-08-06,3264.59,nan
2010-08-09,3285.73,nan
2010-08-10,3195.97,nan
2010-08-11,3209.15,nan
2010-08-12,3170.87,nan
2010-08-13,3207.93,nan
2010-08-16,3278.42,nan
2010-08-17,3287.32,nan
2010-08-18,3282.8,nan
2010-08-19,3302.84,nan
2010-08-20,3247.85,nan
2010-08-23,3246.21,nan
2010-08-24,3266.89,nan
2010-08-25,3187.68,nan
2010-08-26,3202.32,nan
2010-08-27,3213.35,nan
2010-08-30,3270.03,nan
2010-08-31,3261.01,nan
2010-09-01,3251.02,nan
2010-09-02,3286.04,nan
2010-09-03,3279.54,nan
2010-09-06,3332.83,nan
2010-09-07,3349.01,nan
2010-09-08,3351.44,nan
2010-09-09,3300.54,nan
2010-09-10,3310.67,nan
2010-09-13,3336.73,nan
2010-09-14,3328.6,nan
2010-09-15,3273.15,nan
2010-09-16,3209.58,nan
2010-09-17,3205.48,nan
2010-09-20,3182.19,nan
2010-09-21,3189.68,nan
2010-09-27,3238.97,nan
2010-09-28,3212.96,nan
2010-09-29,3215.6,nan
2010-09-30,3271.98,nan
2010-10-08,3386.58,nan
2010-10-11,3485.67,nan
2010-10-12,3530.5,nan
2010-10-13,3562.67,nan
2010-10-14,3576.16,nan
2010-10-15,3682.78,nan
2010-10-18,3642.3,nan
2010-10-19,3713.34,nan
2010-10-20,3730.08,nan
2010-10-21,3723.28,nan
2010-10-22,3729.83,nan
2010-10-25,3835.6,nan
2010-10-26,3823.62,nan
2010-10-27,3774.88,nan
2010-10-28,3761.4,nan
2010-10-29,3740.68,nan
2010-11-01,3862.86,nan
2010-11-02,3852.35,nan
2010-11-03,3788.52,nan
2010-11-04,3859.28,nan
2010-11-05,3910.95,nan
2010-11-08,3949.16,nan
2010-11-09,3935.25,nan
2010-11-10,3914.65,nan
2010-11-11,3932.03,nan
2010-11-12,3706.18,nan
2010-11-15,3737.31,nan
2010-11-16,3580.14,nan
2010-11-17,3492.52,nan
2010-11-18,3538.78,nan
2010-11-19,3577.9,nan
2010-11-22,3567.29,nan
2010-11-23,3511.07,nan
2010-11-24,3551.79,nan
2010-11-25,3590.32,nan
2010-11-26,3574.88,nan
2010-11-29,3560.33,nan
2010-11-30,3499.73,nan
2010-12-01,3509.52,nan
2010-12-02,3539.09,nan
2010-12-03,3539.91,nan
2010-12-06,3546.54,nan
2010-12-07,3586.73,nan
2010-12-08,3558.56,nan
2010-12-09,3507.57,nan
2010-12-10,3546.9,nan
2010-12-13,3662.65,nan
2010-12-14,3666.59,nan
2010-12-15,3653.27,nan
2010-12-16,3640.96,nan
2010-12-17,3639.35,nan
2010-12-20,3592.25,nan
2010-12-21,3662.69,nan
2010-12-22,3636.25,nan
2010-12-23,3609.77,nan
2010-12-24,3580.47,nan
2010-12-27,3523.72,nan
2010-12-28,3459.21,nan
2010-12-29,3473.69,nan
2010-12-30,3485.67,nan
2010-12-31,3559.43,nan
2011-01-04,3621.57,nan
2011-01-05,3616.34,nan
2011-01-06,3592.67,nan
2011-01-07,3595.12,nan
2011-01-10,3535.54,nan
2011-01-11,3563.68,nan
2011-01-12,3575.36,nan
2011-01-13,3583.78,nan
2011-01-14,3528.54,nan
2011-01-17,3417.51,nan
2011-01-18,3418.88,nan
2011-01-19,3490.66,nan
2011-01-20,3383.55,nan
2011-01-21,3420.71,nan
2011-01-24,3374.42,nan
2011-01-25,3362.12,nan
2011-01-26,3393.68,nan
2011-01-27,3459.02,nan
2011-01-28,3465.15,nan
2011-01-31,3503.18,nan
2011-02-01,3510.67,nan
2011-02-09,3465.44,nan
2011-02-10,3534.29,nan
2011-02-11,3546.2,nan
2011-02-14,3671.2,nan
2011-02-15,3660.53,nan
2011-02-16,3704.83,nan
2011-02-17,3705.04,nan
2011-02-18,3661.63,nan
2011-02-21,3716.58,nan
2011-02-22,3623.34,nan
2011-02-23,3632.3,nan
2011-02-24,3657.08,nan
2011-02-25,3670.48,nan
2011-02-28,3713.0,nan
2011-03-01,3722.99,nan
2011-03-02,3703.87,nan
2011-03-03,3678.26,nan
2011-03-04,3734.58,nan
2011-03-07,3835.33,nan
2011-03-08,3843.93,nan
2011-03-09,3834.63,nan
2011-03-10,3768.15,nan
2011-03-11,3735.97,nan
2011-03-14,3760.48,nan
2011-03-15,3692.53,nan
2011-03-16,3747.59,nan
2011-03-17,3701.92,nan
2011-03-18,3716.21,nan
2011-03-21,3699.57,nan
2011-03-22,3714.04,nan
2011-03-23,3756.9,nan
2011-03-24,3745.72,nan
2011-03-25,3787.64,nan
2011-03-28,3786.47,nan
2011-03-29,3755.35,nan
2011-03-30,3744.93,nan
2011-03-31,3722.3,nan
2011-04-01,3779.78,nan
2011-04-06,3819.97,nan
2011-04-07,3824.78,nan
2011-04-08,3861.31,nan
2011-04-11,3854.87,nan
2011-04-12,3861.29,nan
2011-04-13,3895.22,nan
2011-04-14,3883.24,nan
2011-04-15,3883.92,nan
2011-04-18,3892.66,nan
2011-04-19,3801.6,nan
2011-04-20,3800.87,nan
2011-04-21,3837.96,nan
2011-04-22,3812.6,nan
2011-04-25,3737.15,nan
2011-04-26,3708.42,nan
2011-04-27,3698.08,nan
2011-04-28,3650.42,nan
2011-04-29,3697.2,nan
2011-05-03,3728.87,nan
2011-05-04,3627.91,nan
2011-05-05,3626.92,nan
2011-05-06,3614.95,nan
2011-05-09,3626.67,nan
2011-05-10,3656.31,nan
2011-05-11,3641.94,nan
2011-05-12,3592.78,nan
2011-05-13,3624.34,nan
2011-05-16,3589.7,nan
2011-05-17,3608.78,nan
2011-05-18,3634.41,nan
2011-05-19,3613.18,nan
2011-05-20,3607.25,nan
2011-05-23,3484.17,nan
2011-05-24,3479.15,nan
2011-05-25,3444.69,nan
2011-05-26,3440.88,nan
2011-05-27,3428.37,nan
2011-05-30,3426.05,nan
2011-05-31,3477.88,nan
2011-06-01,3483.58,nan
2011-06-02,3442.43,nan
2011-06-03,3469.12,nan
2011-06-07,3480.3,nan
2011-06-08,3479.93,nan
2011-06-09,3425.37,nan
2011-06-10,3444.45,nan
2011-06-13,3429.96,nan
2011-06-14,3470.34,nan
2011-06-15,3454.94,nan
2011-06-16,3399.29,nan
2011-06-17,3376.17,nan
2011-06-20,3357.93,nan
2011-06-21,3403.9,nan
2011-06-22,3397.61,nan
2011-06-23,3459.31,nan
2011-06-24,3541.09,nan
2011-06-27,3548.81,nan
2011-06-28,3548.15,12.61
2011-06-29,3506.67,nan
2011-06-30,3552.75,nan
2011-07-01,3569.12,nan
2011-07-04,3644.97,nan
2011-07-05,3648.94,nan
2011-07-06,3641.01,nan
2011-07-07,3627.05,nan
2011-07-08,3632.76,nan
2011-07-11,3632.2,nan
2011-07-12,3562.54,nan
2011-07-13,3617.47,nan
2011-07-14,3630.2,nan
2011-07-15,3639.71,12.73
2011-07-18,3624.82,12.66
2011-07-19,3594.63,13.98
2011-07-20,3592.49,14.03
2011-07-21,3563.22,13.93
2011-07-22,3575.14,13.96
2011-07-25,3466.31,13.63
2011-07-26,3471.41,13.73
2011-07-27,3498.02,13.8
2011-07-28,3483.22,13.75
2011-07-29,3472.85,13.73
2011-08-01,3483.92,13.73
2011-08-02,3454.48,13.73
2011-08-03,3448.09,13.55
2011-08-04,3452.3,13.55
2011-08-05,3373.27,13.26
2011-08-08,3233.51,12.79
2011-08-09,3230.54,12.78
2011-08-10,3258.83,12.88
2011-08-11,3305.23,13.0
2011-08-12,3317.36,13.04
2011-08-15,3360.29,13.18
2011-08-16,3339.39,13.09
2011-08-17,3332.4,13.07
2011-08-18,3276.76,12.9
2011-08-19,3237.08,12.77
2011-08-22,3207.36,12.67
2011-08-23,3256.94,12.83
2011-08-24,3247.58,12.76
2011-08-25,3353.09,13.14
2011-08-26,3344.96,13.09
2011-08-29,3296.76,12.91
2011-08-30,3289.01,12.91
2011-08-31,3296.57,12.94
2011-09-01,3280.29,12.89
2011-09-02,3243.91,12.76
2011-09-05,3171.21,12.53
2011-09-06,3149.59,12.52
2011-09-07,3216.18,12.72
2011-09-08,3197.88,12.68
2011-09-09,3196.66,12.71
2011-09-13,3168.88,12.62
2011-09-14,3189.73,12.66
2011-09-15,3179.52,12.6
2011-09-16,3185.97,12.62
2011-09-19,3128.59,12.43
2011-09-20,3147.83,12.48
2011-09-21,3239.13,12.76
2011-09-22,3150.33,12.45
2011-09-23,3139.45,12.42
2011-09-26,3090.73,12.29
2011-09-27,3120.72,12.42
2011-09-28,3086.8,12.37
2011-09-29,3063.45,12.33
2011-09-30,3057.36,nan
2011-10-10,3043.42,12.28
2011-10-11,3020.94,12.29
2011-10-12,3112.34,12.58
2011-10-13,3127.44,12.64
2011-10-14,3123.64,12.62
2011-10-17,3130.2,12.65
2011-10-18,3047.69,12.42
2011-10-19,3040.6,12.4
2011-10-20,2966.55,12.23
2011-10-21,2944.33,12.16
2011-10-24,3017.59,12.41
2011-10-25,3075.42,12.57
2011-10-26,3096.18,12.63
2011-10-27,3105.18,12.68
2011-10-28,3161.88,12.84
2011-10-31,3149.89,12.8
2011-11-01,3155.62,12.81
2011-11-02,3196.79,12.94
2011-11-03,3204.12,12.98
2011-11-04,3223.38,13.08
2011-11-07,3208.33,13.0
2011-11-08,3206.59,13.03
2011-11-09,3231.38,13.13
2011-11-10,3175.14,12.9
2011-11-11,3171.66,12.92
2011-11-14,3242.44,13.16
2011-11-15,3241.3,13.13
2011-11-16,3157.55,12.84
2011-11-17,3153.18,12.83
2011-11-18,3086.76,12.64
2011-11-21,3086.45,12.6
2011-11-22,3077.23,12.58
2011-11-23,3048.52,12.49
2011-11-24,3049.47,12.53
2011-11-25,3026.26,10.71
2011-11-28,3034.24,10.74
2011-11-29,3074.19,10.85
2011-11-30,2976.73,10.55
2011-12-01,3038.13,10.79
2011-12-02,2997.27,10.71
2011-12-05,2959.83,10.67
2011-12-06,2956.08,10.62
2011-12-07,2961.34,10.62
2011-12-08,2958.15,10.61
2011-12-09,2943.15,10.58
2011-12-12,2921.87,10.49
2011-12-13,2876.87,10.43
2011-12-14,2851.43,10.39
2011-12-15,2782.02,10.19
2011-12-16,2828.92,10.35
2011-12-19,2816.87,10.31
2011-12-20,2800.62,10.3
2011-12-21,2768.23,10.26
2011-12-22,2771.1,10.27
2011-12-23,2795.24,10.36
2011-12-26,2777.75,10.3
2011-12-27,2741.63,10.24
2011-12-28,2748.38,10.29
2011-12-29,2752.78,10.32
2011-12-30,2784.95,10.39
2012-01-04,2735.67,nan
2012-01-05,2717.64,nan
2012-01-06,2739.47,nan
2012-01-09,2830.68,nan
2012-01-10,2911.5,nan
2012-01-11,2896.97,nan
2012-01-12,2898.84,nan
2012-01-13,2856.66,nan
2012-01-16,2820.28,nan
2012-01-17,2943.8,nan
2012-01-18,2900.0,nan
2012-01-19,2953.25,nan
2012-01-20,2989.17,nan
2012-01-30,2928.76,nan
2012-01-31,2934.02,nan
2012-02-01,2896.86,nan
2012-02-02,2963.08,nan
2012-02-03,2983.76,nan
2012-02-06,2981.64,nan
2012-02-07,2927.32,nan
2012-02-08,3003.21,nan
2012-02-09,3003.4,nan
2012-02-10,2999.95,nan
2012-02-13,2996.3,nan
2012-02-14,2987.17,nan
2012-02-15,3014.72,nan
2012-02-16,3001.77,nan
2012-02-17,3002.63,nan
2012-02-20,3000.87,nan
2012-02-21,3022.05,nan
2012-02-22,3059.87,nan
2012-02-23,3065.38,nan
2012-02-24,3113.88,nan
2012-02-27,3122.15,nan
2012-02-28,3127.8,nan
2012-02-29,3093.64,nan
2012-03-01,3097.26,nan
2012-03-02,3147.62,nan
2012-03-05,3130.65,nan
2012-03-06,3082.77,nan
2012-03-07,3062.35,nan
2012-03-08,3094.82,10.78
2012-03-09,3121.71,10.84
2012-03-12,3105.2,10.79
2012-03-13,3134.99,10.88
2012-03-14,3045.37,10.67
2012-03-15,3027.09,10.65
2012-03-16,3067.37,10.74
2012-03-19,3071.87,10.73
2012-03-20,3024.44,10.63
2012-03-21,3027.63,10.61
2012-03-22,3027.21,10.59
2012-03-23,2996.5,10.51
2012-03-26,2999.05,nan
2012-03-27,2991.95,nan
2012-03-28,2913.23,nan
2012-03-29,2880.7,nan
2012-03-30,2902.94,nan
2012-04-05,2958.38,10.38
2012-04-06,2966.21,10.39
2012-04-09,2937.68,10.3
2012-04-10,2963.31,10.37
2012-04-11,2959.75,10.57
2012-04-12,3021.26,10.56
2012-04-13,3033.28,10.57
2012-04-16,3026.54,10.56
2012-04-17,2988.73,10.47
2012-04-18,3054.08,10.64
2012-04-19,3047.68,10.61
2012-04-20,3086.33,10.74
2012-04-23,3059.82,10.88
2012-04-24,3066.36,nan
2012-04-25,3085.36,nan
2012-04-26,3083.33,10.94
2012-04-27,3071.07,10.91
2012-05-02,3134.57,11.12
2012-05-03,3141.49,11.13
2012-05-04,3159.11,11.15
2012-05-07,3163.05,11.13
2012-05-08,3147.32,11.08
2012-05-09,3089.38,10.91
2012-05-10,3090.68,10.89
2012-05-11,3067.89,10.83
2012-05-14,3046.0,10.77
2012-05-15,3039.2,10.72
2012-05-16,2995.58,10.75
2012-05-17,3047.95,10.75
2012-05-18,3003.51,10.61
2012-05-21,3010.9,10.62
2012-05-22,3052.5,10.63
2012-05-23,3044.42,10.61
2012-05-24,3019.93,10.61
2012-05-25,2999.97,10.56
2012-05-28,3038.12,10.63
2012-05-29,3075.84,10.72
2012-05-30,3067.51,10.69
2012-05-31,3054.57,10.63
2012-06-01,3055.82,10.64
2012-06-04,2971.27,10.4
2012-06-05,2975.63,nan
2012-06-06,2969.07,nan
2012-06-07,2955.25,nan
2012-06-08,2934.9,13.41
2012-06-11,2973.4,10.33
2012-06-12,2944.16,10.26
2012-06-13,2986.18,10.33
2012-06-14,2964.65,10.17
2012-06-15,2987.82,10.24
2012-06-18,3001.26,10.26
2012-06-19,2979.55,10.22
2012-06-20,2976.71,10.22
2012-06-21,2923.02,10.07
2012-06-25,2875.99,9.97
2012-06-26,2875.48,9.95
2012-06-27,2864.22,9.93
2012-06-28,2840.32,9.87
2012-06-29,2879.06,9.98
2012-07-02,2875.05,9.96
2012-07-03,2876.39,9.98
2012-07-04,2879.12,10.09
2012-07-05,2837.36,9.93
2012-07-06,2867.03,9.96
2012-07-09,2789.26,9.72
2012-07-10,2782.94,9.73
2012-07-11,2807.41,9.76
2012-07-12,2836.75,9.78
2012-07-13,2837.43,9.81
2012-07-16,2796.07,9.73
2012-07-17,2822.8,9.79
2012-07-18,2834.3,9.84
2012-07-19,2847.02,9.89
2012-07-20,2815.54,9.89
2012-07-23,2771.16,9.67
2012-07-24,2778.41,9.67
2012-07-25,2760.85,nan
2012-07-26,2750.32,9.61
2012-07-27,2759.12,9.65
2012-07-30,2747.56,9.6
2012-07-31,2748.17,9.67
2012-08-01,2774.59,9.75
2012-08-02,2757.34,9.7
2012-08-03,2778.77,9.78
2012-08-06,2807.55,9.83
2012-08-07,2805.82,9.8
2012-08-08,2811.42,9.84
2012-08-09,2827.1,9.85
2012-08-10,2819.68,9.85
2012-08-13,2764.38,9.74
2012-08-14,2770.04,9.76
2012-08-15,2734.1,9.66
2012-08-16,2726.97,9.66
2012-08-17,2728.7,9.68
2012-08-20,2716.0,9.64
2012-08-21,2725.98,9.66
2012-08-22,2715.12,9.64
2012-08-23,2719.67,9.64
2012-08-24,2691.59,9.57
2012-08-27,2635.11,9.43
2012-08-28,2657.09,9.55
2012-08-29,2631.92,9.45
2012-08-30,2638.88,9.51
2012-08-31,2630.26,9.3
2012-09-03,2645.66,nan
2012-09-04,2616.22,9.24
2012-09-05,2602.77,9.19
2012-09-06,2619.05,9.22
2012-09-07,2733.49,9.54
2012-09-10,2741.59,9.56
2012-09-11,2727.72,9.49
2012-09-12,2734.47,9.49
2012-09-13,2715.23,9.45
2012-09-14,2738.2,9.52
2012-09-17,2678.69,9.36
2012-09-18,2653.48,9.27
2012-09-19,2660.73,9.28
2012-09-20,2607.11,9.13
2012-09-21,2614.52,9.17
2012-09-24,2627.38,9.17
2012-09-25,2626.73,9.19
2012-09-26,2601.54,9.1
2012-09-27,2682.59,9.35
2012-09-28,2722.92,9.45
2012-10-08,2700.9,9.4
2012-10-09,2754.06,9.56
2012-10-10,2755.22,9.56
2012-10-11,2729.04,9.5
2012-10-12,2736.78,9.52
2012-10-15,2731.15,9.52
2012-10-16,2729.72,9.5
2012-10-17,2738.07,9.54
2012-10-18,2774.33,9.63
2012-10-19,2763.28,9.61
2012-10-22,2776.97,9.62
2012-10-23,2743.92,9.55
2012-10-24,2741.94,9.55
2012-10-25,2721.17,9.49
2012-10-26,2682.81,9.38
2012-10-29,2667.93,9.35
2012-10-30,2673.18,9.37
2012-10-31,2686.99,9.4
2012-11-01,2735.54,9.55
2012-11-02,2751.67,9.62
2012-11-05,2750.1,9.6
2012-11-06,2740.66,9.58
2012-11-07,2735.03,9.59
2012-11-08,2685.16,9.47
2012-11-09,2679.04,9.45
2012-11-12,2694.97,9.49
2012-11-13,2651.64,9.38
2012-11-14,2665.01,9.42
2012-11-15,2629.9,9.33
2012-11-16,2613.37,9.24
2012-11-19,2617.97,9.26
2012-11-20,2603.14,9.22
2012-11-21,2636.76,9.29
2012-11-22,2618.03,9.24
2012-11-23,2637.35,9.29
2012-11-26,2620.83,9.26
2012-11-27,2592.03,9.22
2012-11-28,2575.62,9.19
2012-11-29,2551.78,9.15
2012-11-30,2576.85,9.19
2012-12-03,2544.09,9.14
2012-12-04,2569.2,9.2
2012-12-05,2656.52,9.42
2012-12-06,2656.67,9.41
2012-12-07,2711.76,9.53
2012-12-10,2736.91,9.59
2012-12-11,2726.29,9.56
2012-12-12,2733.97,9.6
2012-12-13,2704.79,9.52
2012-12-14,2843.12,9.89
2012-12-17,2860.81,9.92
2012-12-18,2865.3,9.93
2012-12-19,2871.04,9.93
2012-12-20,2883.69,9.94
2012-12-21,2861.45,9.84
2012-12-24,2879.31,9.86
2012-12-25,2967.62,10.11
2012-12-26,2972.23,10.1
2012-12-27,2955.95,10.06
2012-12-28,3011.39,10.18
2012-12-31,3072.39,10.35
2013-01-04,3076.42,9.42
2013-01-07,3105.49,9.45
2013-01-08,3083.39,9.37
2013-01-09,3079.06,9.36
2013-01-10,3082.76,9.36
2013-01-11,3021.79,9.29
2013-01-14,3143.86,9.56
2013-01-15,3151.4,9.55
2013-01-16,3112.45,9.45
2013-01-17,3090.08,9.36
2013-01-18,3139.35,9.47
2013-01-21,3170.03,9.51
2013-01-22,3162.09,9.5
2013-01-23,3177.98,9.51
2013-01-24,3159.27,9.5
2013-01-25,3145.76,9.44
2013-01-28,3267.41,9.67
2013-01-29,3309.16,9.71
2013-01-30,3323.1,9.87
2013-01-31,3335.83,9.91
2013-02-01,3432.47,10.08
2013-02-04,3446.74,10.14
2013-02-05,3455.44,10.09
2013-02-06,3459.38,10.09
2013-02-07,3402.88,9.97
2013-02-08,3390.65,9.98
2013-02-18,3363.1,9.94
2013-02-19,3322.51,9.82
2013-02-20,3322.07,9.83
2013-02-21,3191.31,9.52
2013-02-22,3157.07,9.44
2013-02-25,3181.09,9.49
2013-02-26,3143.27,9.37
2013-02-27,3186.54,9.48
2013-02-28,3292.98,9.68
2013-03-01,3283.53,9.64
2013-03-04,3126.52,9.32
2013-03-05,3260.19,9.56
2013-03-06,3292.88,9.61
2013-03-07,3245.6,9.51
2013-03-08,3239.06,9.51
2013-03-11,3203.16,9.46
2013-03-12,3147.1,9.4
2013-03-13,3117.45,9.32
2013-03-14,3129.18,9.36
2013-03-15,3143.7,9.42
2013-03-18,3102.74,9.25
2013-03-19,3139.74,9.33
2013-03-20,3253.95,9.55
2013-03-21,3253.15,9.55
2013-03-22,3254.47,9.56
2013-03-25,3244.15,9.55
2013-03-26,3181.36,9.42
2013-03-27,3193.05,9.42
2013-03-28,3058.38,9.15
2013-03-29,3062.35,9.16
2013-04-01,3053.76,9.14
2013-04-02,3046.99,9.14
2013-04-03,3053.71,9.17
2013-04-08,3032.06,9.09
2013-04-09,3051.0,9.12
2013-04-10,3039.29,9.12
2013-04-11,3035.29,9.1
2013-04-12,3015.0,9.06
2013-04-15,2988.58,8.98
2013-04-16,2994.11,8.99
2013-04-17,2970.21,8.95
2013-04-18,2984.48,8.97
2013-04-19,3091.38,9.16
2013-04-22,3097.81,9.14
2013-04-23,3004.85,8.95
2013-04-24,3060.5,9.06
2013-04-25,3030.82,9.01
2013-04-26,3004.99,8.94
2013-05-02,3012.97,8.64
2013-05-03,3066.42,8.71
2013-05-06,3098.37,8.68
2013-05-07,3096.06,8.68
2013-05-08,3103.3,8.7
2013-05-09,3086.65,8.65
2013-05-10,3104.47,8.68
2013-05-13,3096.06,8.65
2013-05-14,3065.64,8.57
2013-05-15,3083.27,8.57
2013-05-16,3129.4,8.66
2013-05-17,3168.04,8.77
2013-05-20,3197.3,8.83
2013-05-21,3189.42,8.82
2013-05-22,3192.58,8.8
2013-05-23,3139.22,8.69
2013-05-24,3152.04,8.71
2013-05-27,3155.35,8.71
2013-05-28,3213.74,8.82
2013-05-29,3205.51,8.81
2013-05-30,3205.27,8.8
2013-05-31,3182.32,8.75
2013-06-03,3180.9,8.75
2013-06-04,3144.95,8.69
2013-06-05,3129.41,8.67
2013-06-06,3088.78,8.56
2013-06-07,3048.12,8.47
2013-06-13,2958.76,8.26
2013-06-14,2968.34,8.28
2013-06-17,2952.51,8.24
2013-06-18,2964.08,8.22
2013-06-19,2931.39,8.01
2013-06-20,2835.41,7.81
2013-06-21,2833.09,7.75
2013-06-24,2651.39,7.37
2013-06-25,2646.48,7.37
2013-06-26,2631.1,7.26
2013-06-27,2641.17,7.31
2013-06-28,2713.4,7.47
2013-07-01,2721.6,7.68
2013-07-02,2722.88,7.71
2013-07-03,2703.14,7.51
2013-07-04,2718.4,7.52
2013-07-05,2725.15,7.54
2013-07-08,2662.32,7.42
2013-07-09,2675.07,7.47
2013-07-10,2737.01,7.58
2013-07-11,2891.47,7.82
2013-07-12,2817.98,7.69
2013-07-15,2850.51,7.73
2013-07-16,2857.81,7.72
2013-07-17,2817.23,7.65
2013-07-18,2764.71,7.56
2013-07-19,2704.75,7.51
2013-07-22,2713.37,7.53
2013-07-23,2778.55,7.63
2013-07-24,2754.93,7.58
2013-07-25,2746.25,7.56
2013-07-26,2733.15,7.52
2013-07-29,2672.57,7.4
2013-07-30,2702.2,7.49
2013-07-31,2703.34,7.49
2013-08-01,2759.34,7.74
2013-08-02,2753.51,7.72
2013-08-05,2780.37,7.77
2013-08-06,2786.18,7.77
2013-08-07,2768.48,7.71
2013-08-08,2759.45,7.69
2013-08-09,2764.9,7.71
2013-08-12,2861.61,7.91
2013-08-13,2880.05,7.92
2013-08-14,2867.36,7.9
2013-08-15,2842.86,7.86
2013-08-16,2839.48,7.86
2013-08-19,2868.89,7.88
2013-08-20,2856.14,7.83
2013-08-21,2847.22,7.82
2013-08-22,2839.06,7.79
2013-08-23,2810.31,7.73
2013-08-26,2870.79,7.85
2013-08-27,2875.73,7.84
2013-08-28,2862.45,7.81
2013-08-29,2854.09,7.79
2013-08-30,2855.45,7.8
2013-09-02,2865.04,7.55
2013-09-03,2906.67,7.64
2013-09-04,2908.99,7.65
2013-09-05,2903.52,7.6
2013-09-06,2934.84,7.64
2013-09-09,3083.64,7.99
2013-09-10,3131.91,8.04
2013-09-11,3134.04,8.04
2013-09-12,3187.51,8.11
2013-09-13,3139.32,8.01
2013-09-16,3125.17,7.98
2013-09-17,3056.81,7.83
2013-09-18,3060.25,7.81
2013-09-23,3090.44,7.91
2013-09-24,3033.06,7.83
2013-09-25,3012.45,7.8
2013-09-26,2958.91,7.69
2013-09-27,2974.13,7.72
2013-09-30,2984.84,7.73
2013-10-08,3007.99,7.78
2013-10-09,3022.4,7.78
2013-10-10,2970.81,7.7
2013-10-11,3031.38,7.81
2013-10-14,3026.92,7.81
2013-10-15,3011.65,7.77
2013-10-16,2965.86,7.7
2013-10-17,2960.81,7.7
2013-10-18,2971.07,7.7
2013-10-21,3015.92,7.79
2013-10-22,2988.3,7.74
2013-10-23,2972.64,7.7
2013-10-24,2944.73,7.62
2013-10-25,2926.63,7.56
2013-10-28,2924.73,7.57
2013-10-29,2957.07,7.64
2013-10-30,2994.08,7.75
2013-10-31,2952.97,7.71
2013-11-01,2977.43,7.5
2013-11-04,2967.62,7.48
2013-11-05,2961.22,7.48
2013-11-06,2925.56,7.44
2013-11-07,2925.4,7.44
2013-11-08,2889.68,7.38
2013-11-11,2896.55,7.39
2013-11-12,2925.3,7.44
2013-11-13,2847.47,7.3
2013-11-14,2845.41,7.29
2013-11-15,2895.29,7.39
2013-11-18,3008.57,7.6
2013-11-19,2984.24,7.58
2013-11-20,2994.35,7.6
2013-11-21,2983.13,7.64
2013-11-22,2973.32,7.62
2013-11-25,2953.73,7.55
2013-11-26,2950.01,7.52
2013-11-27,2978.08,7.56
2013-11-28,3001.65,7.62
2013-11-29,2998.33,7.6
2013-12-02,3028.6,7.76
2013-12-03,3037.08,7.73
2013-12-04,3063.69,7.78
2013-12-05,3054.38,7.75
2013-12-06,3036.69,7.73
2013-12-09,3029.53,7.71
2013-12-10,3035.0,7.69
2013-12-11,2980.24,7.57
2013-12-12,2970.01,7.55
2013-12-13,2956.07,7.5
2013-12-16,2929.26,7.03
2013-12-17,2912.66,7.0
2013-12-18,2910.84,7.0
2013-12-19,2886.59,6.99
2013-12-20,2834.23,6.85
2013-12-23,2836.18,6.88
2013-12-24,2847.14,6.87
2013-12-25,2864.67,6.9
2013-12-26,2807.07,6.81
2013-12-27,2852.48,6.87
2013-12-30,2841.15,6.84
2013-12-31,2865.32,6.91
2014-01-02,2860.94,6.9
2014-01-03,2824.95,6.82
2014-01-06,2759.39,6.76
2014-01-07,2760.42,6.74
2014-01-08,2751.88,6.72
2014-01-09,2721.89,6.68
2014-01-10,2696.0,6.66
2014-01-13,2690.95,6.67
2014-01-14,2726.42,6.71
2014-01-15,2720.81,6.66
2014-01-16,2729.71,6.64
2014-01-17,2703.11,6.63
2014-01-20,2690.41,6.58
2014-01-21,2716.98,6.61
2014-01-22,2779.01,6.71
2014-01-23,2769.61,6.65
2014-01-24,2792.15,6.66
2014-01-27,2768.46,6.59
2014-01-28,2778.83,6.63
2014-01-29,2806.46,6.67
2014-01-30,2782.9,6.62
2014-02-07,2812.09,6.61
2014-02-10,2890.3,6.7
2014-02-11,2910.46,6.78
2014-02-12,2927.89,6.78
2014-02-13,2907.08,6.79
2014-02-14,2938.59,6.81
2014-02-17,2979.02,6.82
2014-02-18,2974.17,6.76
2014-02-19,2993.6,6.88
2014-02-20,2984.1,6.93
2014-02-21,2947.18,6.83
2014-02-24,2909.9,6.68
2014-02-25,2828.52,6.62
2014-02-26,2843.54,6.64
2014-02-27,2847.88,6.73
2014-02-28,2869.92,6.72
2014-03-03,2907.56,6.73
2014-03-04,2890.67,6.71
2014-03-05,2870.85,6.63
2014-03-06,2868.98,6.67
2014-03-07,2857.16,6.68
2014-03-10,2751.62,6.54
2014-03-11,2756.48,6.53
2014-03-12,2772.14,6.5
2014-03-13,2818.92,6.58
2014-03-14,2808.09,6.53
2014-03-17,2849.66,6.56
2014-03-18,2864.33,6.55
2014-03-19,2851.9,6.55
2014-03-20,2793.55,6.51
2014-03-21,2861.13,6.7
2014-03-24,2885.24,6.75
2014-03-25,2890.57,6.73
2014-03-26,2895.7,6.73
2014-03-27,2857.87,6.7
2014-03-28,2830.54,6.73
2014-03-31,2828.84,6.72
2014-04-01,2869.65,6.74
2014-04-02,2893.69,6.78
2014-04-03,2858.56,6.71
2014-04-04,2877.3,6.75
2014-04-08,2920.91,6.88
2014-04-09,2933.78,6.9
2014-04-10,2970.03,7.0
2014-04-11,2969.09,6.99
2014-04-14,2979.13,6.98
2014-04-15,2926.09,6.86
2014-04-16,2927.16,6.88
2014-04-17,2919.64,6.86
2014-04-18,2919.32,6.84
2014-04-21,2868.32,6.76
2014-04-22,2864.83,6.81
2014-04-23,2850.83,6.79
2014-04-24,2843.39,6.77
2014-04-25,2803.13,6.75
2014-04-28,2751.34,6.71
2014-04-29,2783.98,6.74
2014-04-30,2797.4,6.74
2014-05-05,2802.77,6.47
2014-05-06,2808.45,6.45
2014-05-07,2774.16,6.42
2014-05-08,2774.48,6.44
2014-05-09,2761.58,6.45
2014-05-12,2834.36,6.56
2014-05-13,2829.39,6.56
2014-05-14,2827.42,6.56
2014-05-15,2785.27,6.52
2014-05-16,2782.23,6.53
2014-05-19,2756.18,6.46
2014-05-20,2755.87,6.48
2014-05-21,2783.37,6.53
2014-05-22,2774.16,6.52
2014-05-23,2798.78,6.55
2014-05-26,2824.37,6.55
2014-05-27,2815.13,6.54
2014-05-28,2833.89,6.57
2014-05-29,2808.37,6.56
2014-05-30,2808.14,6.54
2014-06-03,2801.27,6.56
2014-06-04,2771.99,6.53
2014-06-05,2798.21,6.56
2014-06-06,2782.44,6.52
2014-06-09,2774.71,6.54
2014-06-10,2809.35,6.61
2014-06-11,2818.99,6.61
2014-06-12,2805.35,6.6
2014-06-13,2843.2,6.66
2014-06-16,2873.83,6.72
2014-06-17,2849.99,6.67
2014-06-18,2825.7,6.63
2014-06-19,2767.51,6.56
2014-06-20,2794.66,6.53
2014-06-23,2797.81,6.49
2014-06-24,2814.37,6.5
2014-06-25,2804.96,6.49
2014-06-26,2831.57,6.52
2014-06-27,2849.4,6.48
2014-06-30,2874.66,6.5
2014-07-01,2882.89,6.49
2014-07-02,2909.84,6.51
2014-07-03,2935.42,6.49
2014-07-04,2925.92,6.48
2014-07-07,2925.28,6.49
2014-07-08,2939.1,6.5
2014-07-09,2896.5,6.42
2014-07-10,2894.13,6.42
2014-07-11,2909.97,6.43
2014-07-14,2960.4,6.46
2014-07-15,2966.9,6.48
2014-07-16,2953.69,6.48
2014-07-17,2939.94,6.45
2014-07-18,2953.04,6.44
2014-07-21,2944.22,6.42
2014-07-22,2995.74,6.47
2014-07-23,2994.99,6.49
2014-07-24,3031.37,6.6
2014-07-25,3068.14,6.68
2014-07-28,3136.03,6.86
2014-07-29,3169.33,6.85
2014-07-30,3156.19,6.85
2014-07-31,3191.15,6.9
2014-08-01,3167.4,6.87
2014-08-04,3218.88,6.97
2014-08-05,3218.35,6.95
2014-08-06,3227.71,6.92
2014-08-07,3186.96,6.81
2014-08-08,3198.3,6.83
2014-08-11,3254.45,6.92
2014-08-12,3257.77,6.89
2014-08-13,3264.39,6.88
2014-08-14,3238.84,6.84
2014-08-15,3265.52,6.89
2014-08-18,3290.46,6.89
2014-08-19,3290.69,6.91
2014-08-20,3274.93,6.88
2014-08-21,3248.19,6.83
2014-08-22,3261.88,6.85
2014-08-25,3239.59,6.83
2014-08-26,3208.34,6.8
2014-08-27,3210.42,6.8
2014-08-28,3179.46,6.75
2014-08-29,3220.52,6.81
2014-09-01,3255.14,6.64
2014-09-02,3298.23,6.71
2014-09-03,3323.07,6.78
2014-09-04,3344.18,6.82
2014-09-05,3369.66,6.88
2014-09-09,3379.61,6.85
2014-09-10,3369.56,6.8
2014-09-11,3359.04,6.78
2014-09-12,3380.87,6.82
2014-09-15,3397.93,6.81
2014-09-16,3326.08,6.76
2014-09-17,3336.48,6.76
2014-09-18,3353.65,6.78
2014-09-19,3380.98,6.78
2014-09-22,3329.34,6.65
2014-09-23,3357.16,6.68
2014-09-24,3408.05,6.76
2014-09-25,3406.15,6.76
2014-09-26,3410.21,6.75
2014-09-29,3437.4,6.76
2014-09-30,3441.87,6.77
2014-10-08,3467.38,6.79
2014-10-09,3483.02,6.8
2014-10-10,3462.59,6.76
2014-10-13,3445.25,6.71
2014-10-14,3434.67,6.7
2014-10-15,3457.96,6.74
2014-10-16,3425.16,6.73
2014-10-17,3401.14,6.7
2014-10-20,3431.21,6.73
2014-10-21,3401.42,6.69
2014-10-22,3372.66,6.68
2014-10-23,3333.2,6.64
2014-10-24,3335.43,6.63
2014-10-27,3327.3,6.56
2014-10-28,3402.84,6.66
2014-10-29,3463.17,6.75
2014-10-30,3493.88,6.82
2014-10-31,3523.71,6.96
2014-11-03,3553.31,6.86
2014-11-04,3551.39,6.86
2014-11-05,3542.41,6.82
2014-11-06,3561.52,6.83
2014-11-07,3545.03,6.82
2014-11-10,3624.07,6.99
2014-11-11,3567.9,7.13
2014-11-12,3624.1,7.14
2014-11-13,3604.18,7.13
2014-11-14,3588.52,7.11
2014-11-17,3598.29,7.06
2014-11-18,3583.04,6.97
2014-11-19,3568.24,6.94
2014-11-20,3569.82,6.94
2014-11-21,3617.29,7.03
2014-11-24,3679.68,7.11
2014-11-25,3744.25,7.2
2014-11-26,3770.33,7.32
2014-11-27,3782.99,7.38
2014-11-28,3827.5,7.66
2014-12-01,3842.63,7.67
2014-12-02,3926.86,7.97
2014-12-03,3969.51,7.94
2014-12-04,4102.78,8.41
2014-12-05,4070.52,8.77
2014-12-08,4174.02,8.97
2014-12-09,4018.57,8.36
2014-12-10,4189.02,8.57
2014-12-11,4222.62,8.47
2014-12-12,4243.98,8.47
2014-12-15,4279.45,8.12
2014-12-16,4345.43,8.37
2014-12-17,4381.72,8.67
2014-12-18,4384.17,8.61
2014-12-19,4482.98,8.86
2014-12-22,4503.01,9.19
2014-12-23,4361.32,8.8
2014-12-24,4288.27,8.48
2014-12-25,4417.27,8.81
2014-12-26,4495.25,9.08
2014-12-29,4476.85,9.12
2014-12-30,4429.48,9.24
2014-12-31,4515.57,9.52
2015-01-05,4690.37,10.01
2015-01-06,4720.86,10.03
2015-01-07,4708.36,10.1
2015-01-08,4605.64,9.79
2015-01-09,4582.01,9.79
2015-01-12,4482.5,9.58
2015-01-13,4519.19,9.58
2015-01-14,4507.52,9.64
2015-01-15,4625.29,10.07
2015-01-16,4660.77,10.21
2015-01-19,4314.02,9.26
2015-01-20,4415.93,9.36
2015-01-21,4574.24,9.88
2015-01-22,4605.19,9.84
2015-01-23,4585.51,9.89
2015-01-26,4654.91,9.92
2015-01-27,4649.3,9.72
2015-01-28,4608.58,9.57
2015-01-29,4579.74,9.39
2015-01-30,4521.04,9.24
2015-02-02,4416.68,8.92
2015-02-03,4491.9,9.17
2015-02-04,4460.71,9.04
2015-02-05,4397.07,8.92
2015-02-06,4295.87,8.73
2015-02-09,4297.04,8.8
2015-02-10,4376.47,8.96
2015-02-11,4396.84,8.94
2015-02-12,4406.4,8.97
2015-02-13,4463.49,9.04
2015-02-16,4498.05,9.03
2015-02-17,4529.29,9.1
2015-02-25,4517.29,9.09
2015-02-26,4607.28,9.29
2015-02-27,4612.19,9.29
2015-03-02,4671.3,9.31
2015-03-03,4602.25,9.03
2015-03-04,4641.29,9.01
2015-03-05,4609.02,8.86
2015-03-06,4600.91,8.88
2015-03-09,4689.56,9.14
2015-03-10,4690.16,9.01
2015-03-11,4705.18,9.03
2015-03-12,4766.79,9.29
2015-03-13,4804.64,9.33
2015-03-16,4905.24,9.46
2015-03-17,4982.53,9.59
2015-03-18,5113.96,9.82
2015-03-19,5142.78,9.81
2015-03-20,5184.86,9.89
2015-03-23,5291.26,10.06
2015-03-24,5317.84,10.05
2015-03-25,5305.25,9.86
2015-03-26,5314.58,10.0
2015-03-27,5364.34,9.99
2015-03-30,5498.28,10.32
2015-03-31,5457.87,10.18
2015-04-01,5566.08,10.29
2015-04-02,5665.98,10.27
2015-04-03,5788.17,10.31
2015-04-07,5970.38,10.59
2015-04-08,6013.47,10.74
2015-04-09,5966.6,10.63
2015-04-10,6129.47,10.78
2015-04-13,6264.08,11.09
2015-04-14,6297.95,11.09
2015-04-15,6147.22,11.16
2015-04-16,6287.02,11.51
2015-04-17,6351.24,11.77
2015-04-20,6214.31,11.51
2015-04-21,6337.12,11.6
2015-04-22,6519.43,11.82
2015-04-23,6544.66,11.78
2015-04-24,6472.93,11.65
2015-04-27,6576.71,12.17
2015-04-28,6440.05,12.2
2015-04-29,6490.91,12.0
2015-04-30,6502.44,11.83
2015-05-04,6611.17,12.3
2015-05-05,6330.71,11.72
2015-05-06,6197.29,11.48
2015-05-07,6024.53,11.2
2015-05-08,6185.02,11.38
2015-05-11,6412.21,11.63
2015-05-12,6515.07,11.71
2015-05-13,6491.35,11.55
2015-05-14,6509.49,11.52
2015-05-15,6410.54,11.27
2015-05-18,6412.18,11.09
2015-05-19,6608.11,11.46
2015-05-20,6699.71,11.48
2015-05-21,6912.91,11.86
2015-05-22,7079.68,12.2
2015-05-25,7304.26,12.55
2015-05-26,7466.94,12.63
2015-05-27,7495.61,12.59
2015-05-28,7052.63,11.78
2015-05-29,7073.8,11.71
2015-06-01,7475.84,12.25
2015-06-02,7703.29,12.32
2015-06-03,7730.41,12.33
2015-06-04,7787.58,12.59
2015-06-05,7934.84,12.7
2015-06-08,8074.25,13.29
2015-06-09,8022.94,13.15
2015-06-10,8031.22,12.95
2015-06-11,8064.73,12.86
2015-06-12,8216.64,12.95
2015-06-15,8116.44,12.63
2015-06-16,7762.92,12.22
2015-06-17,7963.01,12.45
2015-06-18,7773.09,11.96
2015-06-19,7265.03,11.31
2015-06-23,7329.5,11.67
2015-06-24,7529.13,11.94
2015-06-25,7274.31,11.6
2015-06-26,6710.12,10.89
2015-06-29,6455.86,10.89
2015-06-30,6795.41,11.49
2015-07-01,6414.84,10.98
2015-07-02,6083.06,11.09
2015-07-03,5687.28,10.43
2015-07-06,5761.59,11.16
2015-07-07,5566.52,11.48
2015-07-08,5293.62,10.81
2015-07-09,5642.91,11.38
2015-07-10,5981.36,11.66
2015-07-13,6246.72,11.45
2015-07-14,6182.41,11.13
2015-07-15,5885.25,11.28
2015-07-16,5929.26,11.2
2015-07-17,6173.88,11.31
2015-07-20,6203.68,11.34
2015-07-21,6266.05,11.28
2015-07-22,6294.58,11.21
2015-07-23,6441.13,11.32
2015-07-24,6320.25,11.18
2015-07-27,5793.71,10.25
2015-07-28,5728.48,10.16
2015-07-29,5976.09,10.3
2015-07-30,5816.09,10.09
2015-07-31,5816.24,10.03
2015-08-03,5852.92,10.06
2015-08-04,6068.06,10.22
2015-08-05,6002.5,10.05
2015-08-06,5963.21,9.98
2015-08-07,6097.75,10.1
2015-08-10,6380.3,10.48
2015-08-11,6399.03,10.42
2015-08-12,6303.51,10.31
2015-08-13,6458.32,10.39
2015-08-14,6438.77,10.35
2015-08-17,6534.29,10.28
2015-08-18,6059.17,9.9
2015-08-19,6157.9,9.88
2015-08-20,5940.27,9.62
2015-08-21,5622.22,9.35
2015-08-24,5136.15,8.56
2015-08-25,4713.91,7.91
2015-08-26,4654.95,8.04
2015-08-27,4886.93,8.48
2015-08-28,5157.12,8.74
2015-08-31,5066.47,8.78
2015-09-01,4928.23,9.34
2015-09-02,4934.02,9.5
2015-09-07,4831.96,9.04
2015-09-08,4995.61,9.19
2015-09-09,5113.19,9.33
2015-09-10,5032.02,9.24
2015-09-11,5044.46,9.19
2015-09-14,4824.45,9.16
2015-09-15,4595.34,9.02
2015-09-16,4875.99,9.26
2015-09-17,4762.25,9.11
2015-09-18,4805.14,9.08
2015-09-21,4911.63,9.12
2015-09-22,4948.19,9.18
2015-09-23,4858.2,8.98
2015-09-24,4910.13,8.99
2015-09-25,4818.28,9.0
2015-09-28,4875.93,8.95
2015-09-29,4792.76,8.79
2015-09-30,4813.57,8.83
2015-10-08,4970.33,9.02
2015-10-09,5016.44,9.09
2015-10-12,5203.16,9.33
2015-10-13,5222.87,9.27
2015-10-14,5134.5,9.22
2015-10-15,5280.67,9.35
2015-10-16,5373.63,9.45
2015-10-19,5419.01,9.42
2015-10-20,5478.8,9.49
2015-10-21,5216.13,9.53
2015-10-22,5320.81,9.46
2015-10-23,5425.62,9.48
2015-10-26,5461.62,9.52
2015-10-27,5480.24,9.48
2015-10-28,5389.31,9.41
2015-10-29,5409.74,9.4
2015-10-30,5384.09,9.38
2015-11-02,5284.47,9.59
2015-11-03,5260.23,9.53
2015-11-04,5498.64,9.85
2015-11-05,5583.44,10.1
2015-11-06,5689.49,10.22
2015-11-09,5769.68,10.48
2015-11-10,5776.8,10.42
2015-11-11,5806.68,10.35
2015-11-12,5760.87,10.24
2015-11-13,5705.61,10.13
2015-11-16,5779.26,10.16
2015-11-17,5776.09,10.19
2015-11-18,5710.21,10.17
2015-11-19,5807.51,10.23
2015-11-20,5845.84,10.21
2015-11-23,5840.34,10.17
2015-11-24,5860.01,10.15
2015-11-25,5942.08,10.2
2015-11-26,5911.42,10.17
2015-11-27,5607.57,9.7
2015-11-30,5673.68,9.78
2015-12-01,5680.59,9.76
2015-12-02,5781.16,10.15
2015-12-03,5857.85,10.28
2015-12-04,5771.15,10.04
2015-12-07,5796.09,10.02
2015-12-08,5673.28,9.85
2015-12-09,5702.36,9.88
2015-12-10,5691.57,9.84
2015-12-11,5637.31,9.77
2015-12-14,5763.98,9.74
2015-12-15,5757.95,9.67
2015-12-16,5747.34,9.67
2015-12-17,5872.69,9.8
2015-12-18,5868.58,9.84
2015-12-21,6028.45,10.06
2015-12-22,6059.3,10.04
2015-12-23,6051.02,10.04
2015-12-24,5975.24,9.96
2015-12-25,6003.44,9.98
2015-12-28,5854.9,9.77
2015-12-29,5912.26,9.85
2015-12-30,5922.37,9.85
2015-12-31,5865.13,9.8
2016-01-04,5449.98,9.33
2016-01-05,5469.24,9.37
2016-01-06,5604.96,9.53
2016-01-07,5214.22,9.06
2016-01-08,5340.96,9.22
2016-01-11,5038.85,8.86
2016-01-12,5037.5,8.9
2016-01-13,4941.59,8.79
2016-01-14,5045.44,8.87
2016-01-15,4862.32,8.62
2016-01-18,4876.05,8.59
2016-01-19,5030.61,8.79
2016-01-20,4969.7,8.71
2016-01-21,4826.07,8.53
2016-01-22,4880.12,8.62
2016-01-25,4913.71,8.65
2016-01-26,4608.5,8.22
2016-01-27,4584.58,8.25
2016-01-28,4464.98,8.14
2016-01-29,4599.25,8.31
2016-02-01,4542.96,8.16
2016-02-02,4639.67,8.26
2016-02-03,4622.13,8.19
2016-02-04,4675.53,8.26
2016-02-05,4660.17,8.25
2016-02-15,4630.11,8.18
2016-02-16,4768.16,8.37
2016-02-17,4816.49,8.45
2016-02-18,4817.07,8.43
2016-02-19,4818.2,8.39
2016-02-22,4926.74,8.54
2016-02-23,4892.6,8.48
2016-02-24,4927.41,8.52
2016-02-25,4621.12,8.15
2016-02-26,4669.95,8.25
2016-02-29,4551.38,8.21
2016-03-01,4641.58,8.28
2016-03-02,4851.55,8.54
2016-03-03,4856.57,8.57
2016-03-04,4865.69,8.8
2016-03-07,4916.8,8.78
2016-03-08,4912.63,8.81
2016-03-09,4839.77,8.8
2016-03-10,4772.0,8.65
2016-03-11,4770.59,8.67
2016-03-14,4854.82,8.71
2016-03-15,4862.01,8.73
2016-03-16,4875.26,8.86
2016-03-17,4935.07,8.84
2016-03-18,5012.13,8.88
2016-03-21,5091.59,8.94
2016-03-22,5070.35,8.89
2016-03-23,5067.79,8.89
2016-03-24,4997.29,8.78
2016-03-25,5034.92,8.81
2016-03-28,5016.59,8.78
2016-03-29,4962.94,8.71
2016-03-30,5080.5,8.9
2016-03-31,5085.33,8.9
2016-04-01,5090.0,8.95
2016-04-05,5171.44,8.99
2016-04-06,5170.03,8.97
2016-04-07,5094.45,8.87
2016-04-08,5059.84,8.82
2016-04-11,5137.17,8.92
2016-04-12,5116.27,8.91
2016-04-13,5186.78,9.02
2016-04-14,5204.97,9.02
2016-04-15,5191.02,9.01
2016-04-18,5136.5,8.98
2016-04-19,5149.2,9.0
2016-04-20,5032.8,8.92
2016-04-21,5008.98,8.9
2016-04-22,5035.61,8.93
2016-04-25,5039.77,8.92
2016-04-26,5066.4,8.94
2016-04-27,5047.83,8.92
2016-04-28,5041.97,8.91
2016-04-29,5034.26,8.87
2016-05-03,5123.5,9.06
2016-05-04,5107.3,9.03
2016-05-05,5109.4,9.03
2016-05-06,4971.95,8.82
2016-05-09,4852.44,8.68
2016-05-10,4867.92,8.68
2016-05-11,4896.01,8.73
2016-05-12,4903.95,8.73
2016-05-13,4893.37,8.72
2016-05-16,4926.88,8.75
2016-05-17,4908.35,8.74
2016-05-18,4842.05,8.71
2016-05-19,4839.71,8.69
2016-05-20,4859.08,8.72
2016-05-23,4886.97,8.72
2016-05-24,4848.85,8.68
2016-05-25,4853.07,8.69
2016-05-26,4863.45,8.71
2016-05-27,4876.03,8.71
2016-05-30,4877.47,8.75
2016-05-31,5015.37,8.94
2016-06-01,5016.02,8.91
2016-06-02,5029.26,8.9
2016-06-03,5056.97,8.95
2016-06-06,5059.18,8.93
2016-06-07,5051.75,8.88
2016-06-08,5029.13,8.87
2016-06-13,4887.92,8.71
2016-06-14,4900.81,8.74
2016-06-15,4970.32,8.78
2016-06-16,4944.62,8.73
2016-06-17,4986.05,8.76
2016-06-20,4989.58,8.78
2016-06-21,4975.56,8.78
2016-06-22,5018.47,8.82
2016-06-23,4995.25,8.74
2016-06-24,4938.73,8.61
2016-06-27,5005.29,8.67
2016-06-28,5035.69,8.68
2016-06-29,5051.32,8.74
2016-06-30,5057.93,8.75
2016-07-01,5062.73,8.78
2016-07-04,5139.62,8.87
2016-07-05,5148.39,8.87
2016-07-06,5169.83,8.87
2016-07-07,5160.86,8.81
2016-07-08,5141.28,8.68
2016-07-11,5156.5,8.7
2016-07-12,5276.63,8.86
2016-07-13,5303.68,8.88
2016-07-14,5282.79,8.83
2016-07-15,5296.11,8.87
2016-07-18,5304.11,8.87
2016-07-19,5280.44,8.81
2016-07-20,5264.56,8.77
2016-07-21,5294.23,8.8
2016-07-22,5239.04,8.74
2016-07-25,5260.18,8.76
2016-07-26,5331.19,8.85
2016-07-27,5254.01,8.81
2016-07-28,5321.68,8.83
2016-07-29,5320.33,8.82
2016-08-01,5272.58,8.83
2016-08-02,5292.95,8.85
2016-08-03,5305.76,8.83
2016-08-04,5316.76,8.85
2016-08-05,5321.96,8.87
2016-08-08,5377.7,8.93
2016-08-09,5412.19,8.98
2016-08-10,5387.64,8.95
2016-08-11,5366.01,8.98
2016-08-12,5473.18,9.16
2016-08-15,5608.37,9.37
2016-08-16,5584.73,9.26
2016-08-17,5584.54,9.24
2016-08-18,5572.74,9.21
2016-08-19,5579.49,9.22
2016-08-22,5545.39,9.2
2016-08-23,5549.52,9.22
2016-08-24,5533.06,9.2
2016-08-25,5505.91,9.17
2016-08-26,5496.57,9.14
2016-08-29,5495.5,9.12
2016-08-30,5506.24,9.17
2016-08-31,5530.35,9.21
2016-09-01,5481.92,9.25
2016-09-02,5494.38,9.45
2016-09-05,5516.51,9.46
2016-09-06,5562.23,9.46
2016-09-07,5566.77,9.47
2016-09-08,5574.46,9.46
2016-09-09,5528.22,9.41
2016-09-12,5427.05,9.31
2016-09-13,5435.87,9.29
2016-09-14,5383.52,9.21
2016-09-19,5437.84,9.26
2016-09-20,5443.18,9.25
2016-09-21,5449.0,9.27
2016-09-22,5499.32,9.34
2016-09-23,5473.72,9.32
2016-09-26,5392.91,9.22
2016-09-27,5426.34,9.27
2016-09-28,5417.63,9.24
2016-09-29,5436.2,9.28
2016-09-30,5451.22,9.29
2016-10-10,5523.2,9.38
2016-10-11,5537.47,9.4
2016-10-12,5526.75,9.37
2016-10-13,5541.98,9.37
2016-10-14,5542.5,9.39
2016-10-17,5503.01,9.33
2016-10-18,5576.93,9.43
2016-10-19,5567.16,9.43
2016-10-20,5573.75,9.44
2016-10-21,5599.55,9.49
2016-10-24,5653.81,9.59
2016-10-25,5675.61,9.59
2016-10-26,5636.82,9.52
2016-10-27,5629.13,9.49
2016-10-28,5596.13,9.5
2016-10-31,5599.87,9.49
2016-11-01,5637.0,9.39
2016-11-02,5584.47,9.31
2016-11-03,5623.15,9.37
2016-11-04,5603.79,9.35
2016-11-07,5614.47,9.37
2016-11-08,5642.52,9.4
2016-11-09,5611.95,9.36
2016-11-10,5684.07,9.45
2016-11-11,5711.29,9.48
2016-11-14,5714.28,9.5
2016-11-15,5717.92,9.49
2016-11-16,5714.18,9.48
2016-11-17,5740.65,9.5
2016-11-18,5724.6,9.48
2016-11-21,5769.27,9.56
2016-11-22,5804.58,9.65
2016-11-23,5825.38,9.69
2016-11-24,5858.64,9.7
2016-11-25,5910.09,9.81
2016-11-28,5943.77,9.89
2016-11-29,5968.8,9.99
2016-11-30,5903.74,9.87
2016-12-01,5962.41,9.94
2016-12-02,5900.08,9.93
2016-12-05,5808.14,9.79
2016-12-06,5799.81,9.76
2016-12-07,5828.44,9.76
2016-12-08,5825.16,9.76
2016-12-09,5875.75,9.91
2016-12-12,5732.24,10.08
2016-12-13,5723.02,10.03
2016-12-14,5680.3,9.98
2016-12-15,5618.52,9.79
2016-12-16,5632.92,9.78
2016-12-19,5627.78,9.76
2016-12-20,5591.79,9.68
2016-12-21,5646.54,9.79
2016-12-22,5656.37,9.82
2016-12-23,5596.21,9.76
2016-12-26,5612.77,9.8
2016-12-27,5615.98,9.76
2016-12-28,5593.51,9.73
2016-12-29,5585.63,9.71
2016-12-30,5612.71,9.74
2017-01-03,5669.76,9.83
2017-01-04,5716.61,9.89
2017-01-05,5722.89,9.93
2017-01-06,5698.27,9.94
2017-01-09,5730.91,9.97
2017-01-10,5715.01,9.96
2017-01-11,5670.12,9.9
2017-01-12,5635.61,9.88
2017-01-13,5639.46,9.93
2017-01-16,5643.66,10.04
2017-01-17,5655.56,10.03
2017-01-18,5690.7,10.08
2017-01-19,5677.92,10.06
2017-01-20,5727.95,10.09
2017-01-23,5734.66,10.1
2017-01-24,5756.44,10.19
2017-01-25,5764.58,10.2
2017-01-26,5775.43,10.22
2017-02-03,5739.17,10.13
2017-02-06,5756.23,10.14
2017-02-07,5760.13,10.11
2017-02-08,5780.82,10.12
2017-02-09,5805.85,10.16
2017-02-10,5842.68,10.23
2017-02-13,5886.25,10.29
2017-02-14,5873.88,10.28
2017-02-15,5869.6,10.33
2017-02-16,5901.08,10.34
2017-02-17,5859.72,10.26
2017-02-20,5963.25,10.4
2017-02-21,5972.86,10.42
2017-02-22,6006.93,10.46
2017-02-23,5976.56,10.4
2017-02-24,5968.0,10.38
2017-02-27,5912.93,10.32
2017-02-28,5938.72,10.34
2017-03-01,5943.6,10.35
2017-03-02,5913.88,10.29
2017-03-03,5916.18,10.24
2017-03-06,5946.42,10.25
2017-03-07,5953.28,10.28
2017-03-08,5937.49,10.28
2017-03-09,5890.83,10.21
2017-03-10,5896.02,10.2
2017-03-13,5952.67,10.27
2017-03-14,5950.16,10.29
2017-03-15,5970.18,10.31
2017-03-16,5992.74,10.33
2017-03-17,5929.48,10.23
2017-03-20,5957.99,10.29
2017-03-21,6016.36,10.35
2017-03-22,5983.09,10.28
2017-03-23,5995.24,10.3
2017-03-24,6048.29,10.38
2017-03-27,6030.19,10.37
2017-03-28,6009.46,10.33
2017-03-29,6000.1,10.34
2017-03-30,5960.09,10.31
2017-03-31,6006.13,10.39
2017-04-05,6087.33,10.48
2017-04-06,6111.82,10.51
2017-04-07,6122.51,10.53
2017-04-10,6119.88,10.5
2017-04-11,6141.71,10.5
2017-04-12,6144.08,10.5
2017-04-13,6182.07,10.48
2017-04-14,6108.6,10.41
2017-04-17,6078.24,10.42
2017-04-18,6063.64,10.35
2017-04-19,6040.92,10.28
2017-04-20,6067.16,10.3
2017-04-21,6071.55,10.37
2017-04-24,5996.3,10.32
2017-04-25,6024.34,10.33
2017-04-26,6030.04,10.34
2017-04-27,6016.36,10.36
2017-04-28,5981.38,10.32
2017-05-02,5951.2,9.79
2017-05-03,5913.94,9.74
2017-05-04,5911.3,9.73
2017-05-05,5879.64,9.72
2017-05-08,5831.17,9.72
2017-05-09,5830.63,9.68
2017-05-10,5771.91,9.66
2017-05-11,5811.06,9.76
2017-05-12,5856.43,9.88
2017-05-15,5897.99,9.92
2017-05-16,5966.51,9.92
2017-05-17,5949.01,9.84
2017-05-18,5921.52,9.82
2017-05-19,5943.84,9.84
2017-05-22,5925.81,9.9
2017-05-23,5941.29,10.03
2017-05-24,5951.66,10.02
2017-05-25,6037.76,10.05
2017-05-26,6050.42,10.07
2017-05-31,6060.79,10.12
2017-06-01,6050.43,10.18
2017-06-02,6061.01,10.14
2017-06-05,6038.48,9.99
2017-06-06,6070.49,10.03
2017-06-07,6155.06,10.12
2017-06-08,6211.5,10.18
2017-06-09,6233.06,10.2
2017-06-12,6253.75,10.2
2017-06-13,6274.68,10.2
2017-06-14,6198.2,10.08
2017-06-15,6174.18,10.01
2017-06-16,6150.09,9.95
2017-06-19,6194.91,10.0
2017-06-20,6188.56,10.01
2017-06-21,6263.06,10.09
2017-06-22,6261.72,10.16
2017-06-23,6314.6,10.25
2017-06-26,6386.15,10.3
2017-06-27,6399.12,10.33
2017-06-28,6364.61,10.28
2017-06-29,6392.27,10.31
2017-06-30,6404.05,10.33
2017-07-03,6392.28,10.3
2017-07-04,6345.72,10.25
2017-07-05,6401.44,10.31
2017-07-06,6404.51,10.32
2017-07-07,6410.95,10.29
2017-07-10,6411.93,10.29
2017-07-11,6447.57,10.32
2017-07-12,6418.12,10.3
2017-07-13,6439.6,10.37
2017-07-14,6488.84,10.41
2017-07-17,6409.68,10.5
2017-07-18,6413.68,10.43
2017-07-19,6502.6,10.49
2017-07-20,6557.45,10.55
2017-07-21,6556.61,10.52
2017-07-24,6599.05,10.56
2017-07-25,6567.42,10.57
2017-07-26,6533.8,10.59
2017-07-27,6527.23,10.54
2017-07-28,6551.68,10.57
2017-07-31,6580.65,10.58
2017-08-01,6621.0,10.68
2017-08-02,6591.74,10.69
2017-08-03,6538.61,10.59
2017-08-04,6508.59,10.56
2017-08-07,6550.19,10.59
2017-08-08,6543.69,10.58
2017-08-09,6561.37,10.51
2017-08-10,6543.48,10.49
2017-08-11,6429.21,10.36
2017-08-14,6482.02,10.37
2017-08-15,6522.24,10.45
2017-08-16,6499.84,10.41
2017-08-17,6531.63,10.45
2017-08-18,6547.1,10.46
2017-08-21,6573.31,10.48
2017-08-22,6574.79,10.53
2017-08-23,6571.87,10.6
2017-08-24,6568.23,10.61
2017-08-25,6654.89,10.84
2017-08-28,6702.51,10.89
2017-08-29,6700.03,10.89
2017-08-30,6706.54,10.85
2017-08-31,6666.81,10.75
2017-09-01,6681.32,10.81
2017-09-04,6690.06,10.86
2017-09-05,6694.08,10.92
2017-09-06,6682.78,10.9
2017-09-07,6667.96,10.85
2017-09-08,6661.18,10.83
2017-09-11,6673.25,10.83
2017-09-12,6701.15,10.87
2017-09-13,6714.9,10.87
2017-09-14,6698.19,10.83
2017-09-15,6686.42,10.79
2017-09-18,6700.76,10.78
2017-09-19,6681.08,10.78
2017-09-20,6714.76,10.79
2017-09-21,6711.77,10.85
2017-09-22,6720.69,10.88
2017-09-25,6690.25,10.93
2017-09-26,6687.55,10.93
2017-09-27,6697.42,10.89
2017-09-28,6683.04,10.87
2017-09-29,6695.92,10.86
2017-10-09,6764.3,10.95
2017-10-10,6773.08,10.96
2017-10-11,6792.45,11.03
2017-10-12,6793.44,11.02
2017-10-13,6795.18,10.99
2017-10-16,6748.42,11.01
2017-10-17,6748.29,10.99
2017-10-18,6794.2,11.14
2017-10-19,6793.63,11.17
2017-10-20,6796.31,11.11
2017-10-23,6802.32,11.06
2017-10-24,6843.36,11.15
2017-10-25,6860.38,11.13
2017-10-26,6867.31,11.09
2017-10-27,6888.49,11.18
2017-10-30,6858.99,11.22
2017-10-31,6832.5,11.12
2017-11-01,6799.26,10.85
2017-11-02,6799.29,10.86
2017-11-03,6770.48,10.84
2017-11-06,6817.48,10.84
2017-11-07,6859.79,10.94
2017-11-08,6863.02,10.92
2017-11-09,6899.66,10.93
2017-11-10,6938.29,10.89
2017-11-13,6976.18,10.97
2017-11-14,6930.66,10.93
2017-11-15,6900.18,10.89
2017-11-16,6918.36,10.87
2017-11-17,6929.68,11.06
2017-11-20,6961.16,11.12
2017-11-21,7052.79,11.22
2017-11-22,7062.9,11.38
2017-11-23,6876.92,11.14
2017-11-24,6876.87,11.15
2017-11-27,6816.64,11.07
2017-11-28,6822.8,10.98
2017-11-29,6815.88,10.99
2017-11-30,6772.63,10.93
2017-12-01,6761.67,10.88
2017-12-04,6770.12,10.91
2017-12-05,6788.72,11.06
2017-12-06,6750.15,10.95
2017-12-07,6681.54,10.84
2017-12-08,6703.04,10.83
2017-12-11,6773.77,9.86
2017-12-12,6705.58,9.75
2017-12-13,6756.77,9.83
2017-12-14,6741.12,9.8
2017-12-15,6687.3,9.69
2017-12-18,6686.28,9.74
2017-12-19,6742.87,9.84
2017-12-20,6724.14,9.84
2017-12-21,6761.06,9.89
2017-12-22,6761.91,9.87
2017-12-25,6753.16,9.9
2017-12-26,6781.78,9.95
2017-12-27,6732.91,9.85
2017-12-28,6764.28,9.91
2017-12-29,6810.49,9.96
2018-01-02,6932.76,10.1
2018-01-03,6966.62,10.13
2018-01-04,6992.33,10.18
2018-01-05,7042.21,10.25
2018-01-08,7099.96,10.31
2018-01-09,7094.87,10.32
2018-01-10,7116.13,10.47
2018-01-11,7097.14,10.47
2018-01-12,7131.66,10.55
2018-01-15,7105.64,10.66
2018-01-16,7206.78,10.74
2018-01-17,7197.53,10.76
2018-01-18,7255.26,10.96
2018-01-19,7252.29,10.99
2018-01-22,7323.85,11.06
2018-01-23,7410.83,11.32
2018-01-24,7421.99,11.33
2018-01-25,7391.78,11.28
2018-01-26,7440.53,11.34
2018-01-29,7367.67,11.25
2018-01-30,7279.04,11.04
2018-01-31,7270.69,11.18
2018-02-01,7196.67,11.28
2018-02-02,7255.94,11.34
2018-02-05,7309.58,11.51
2018-02-06,7100.25,11.31
2018-02-07,6956.29,10.89
2018-02-08,6891.3,10.59
2018-02-09,6623.32,10.22
2018-02-12,6698.56,10.2
2018-02-13,6772.23,10.37
2018-02-14,6790.09,10.43
2018-02-22,6937.29,10.67
2018-02-23,6957.52,10.73
2018-02-26,7023.06,10.77
2018-02-27,6913.08,10.53
2018-02-28,6866.38,10.38
2018-03-01,6875.85,10.39
2018-03-02,6857.98,10.34
2018-03-05,6848.64,10.31
2018-03-06,6940.18,10.36
2018-03-07,6912.86,10.37
2018-03-08,6977.66,10.41
2018-03-09,7002.04,10.42
2018-03-12,7016.31,10.4
2018-03-13,6973.33,10.39
2018-03-14,6945.83,10.35
2018-03-15,6954.54,10.4
2018-03-16,6899.79,10.29
2018-03-19,6869.0,10.29
2018-03-20,6867.18,10.34
2018-03-21,6854.58,10.31
2018-03-22,6800.5,10.22
2018-03-23,6604.77,10.02
2018-03-26,6549.09,9.76
2018-03-27,6583.9,9.76
2018-03-28,6489.92,9.65
2018-03-29,6602.07,9.86
2018-03-30,6605.57,9.8
2018-04-02,6572.04,9.71
2018-04-03,6507.02,9.64
2018-04-04,6502.06,9.65
2018-04-09,6489.37,9.65
2018-04-10,6598.87,9.89
2018-04-11,6635.34,9.97
2018-04-12,6575.34,9.84
2018-04-13,6545.25,9.75
2018-04-16,6436.07,9.52
2018-04-17,6361.81,9.43
2018-04-18,6388.28,9.51
2018-04-19,6450.36,9.62
2018-04-20,6360.94,9.54
2018-04-23,6363.81,9.58
2018-04-24,6492.98,9.77
2018-04-25,6473.89,9.68
2018-04-26,6376.47,9.57
2018-04-27,6383.4,9.6
2018-05-02,6413.31,9.17
2018-05-03,6461.01,9.21
2018-05-04,6444.79,9.17
2018-05-07,6540.56,9.29
2018-05-08,6594.41,9.39
2018-05-09,6587.08,9.4
2018-05-10,6626.43,9.43
2018-05-11,6597.44,9.43
2018-05-14,6626.46,9.49
2018-05-15,6654.06,9.49
2018-05-16,6617.09,9.39
2018-05-17,6594.46,9.35
2018-05-18,6658.19,9.47
2018-05-21,6688.98,9.47
2018-05-22,6670.57,9.4
2018-05-23,6604.52,9.26
2018-05-24,6561.82,9.18
2018-05-25,6551.64,9.15
2018-05-28,6572.21,9.17
2018-05-29,6555.55,9.16
2018-05-30,6433.86,8.98
2018-05-31,6571.44,9.14
2018-06-01,6524.56,9.1
2018-06-04,6571.53,9.22
2018-06-05,6606.41,9.21
2018-06-06,6607.51,9.18
2018-06-07,6574.92,9.18
2018-06-08,6500.57,9.05
2018-06-11,6491.94,9.08
2018-06-12,6570.89,9.17
2018-06-13,6521.52,9.14
2018-06-14,6492.32,9.12
2018-06-15,6475.67,9.15
2018-06-18,6475.67,9.15
2018-06-19,6230.33,9.02
2018-06-20,6266.95,8.98
2018-06-21,6213.46,8.96
2018-06-22,6241.05,8.92
2018-06-25,6183.79,8.79
2018-06-26,6112.54,8.64
2018-06-27,6042.11,8.51
2018-06-28,5967.83,8.41
2018-06-29,6101.21,8.48
2018-07-02,5939.77,8.18
2018-07-03,5952.74,8.17
2018-07-04,5899.05,8.12
2018-07-05,5842.77,8.09
2018-07-06,5863.59,8.15
2018-07-09,6010.53,8.4
2018-07-10,6030.88,8.4
2018-07-11,5934.61,8.27
2018-07-12,6049.96,8.41
2018-07-13,6072.91,8.33
2018-07-16,6044.27,8.22
2018-07-17,6018.19,8.15
2018-07-18,6030.04,8.13
2018-07-19,6022.01,8.13
2018-07-20,6130.14,8.37
2018-07-23,6193.44,8.49
2018-07-24,6276.46,8.59
2018-07-25,6266.67,8.58
2018-07-26,6225.4,8.51
2018-07-27,6209.13,8.49
2018-07-30,6214.76,8.54
2018-07-31,6222.39,8.57
2018-08-01,6106.27,8.4
2018-08-02,5984.54,8.21
2018-08-03,5910.51,8.16
2018-08-06,5833.68,8.14
2018-08-07,5983.89,8.37
2018-08-08,5905.76,8.25
2018-08-09,6010.68,8.38
2018-08-10,6000.86,8.34
2018-08-13,5966.39,8.24
2018-08-14,5962.16,8.22
2018-08-15,5843.69,8.05
2018-08-16,5809.64,8.02
2018-08-17,5745.99,7.96
2018-08-20,5799.73,8.09
2018-08-21,5872.76,8.18
2018-08-22,5834.23,8.14
2018-08-23,5851.76,8.14
2018-08-24,5871.47,8.2
2018-08-27,5994.69,8.35
2018-08-28,5988.29,8.33
2018-08-29,5952.02,8.3
2018-08-30,5922.26,8.22
2018-08-31,5893.01,8.23
2018-09-03,5878.18,8.2
2018-09-04,5935.9,8.28
2018-09-05,5841.82,8.1
2018-09-06,5785.65,8.03
2018-09-07,5805.09,8.08
2018-09-10,5752.07,8.04
2018-09-11,5739.09,8.0
2018-09-12,5730.39,7.96
2018-09-13,5782.62,8.06
2018-09-14,5796.29,8.08
2018-09-17,5742.83,8.03
2018-09-18,5829.85,8.15
2018-09-19,5911.1,8.24
2018-09-20,5910.16,8.25
2018-09-21,6065.77,8.57
2018-09-25,6016.25,8.46
2018-09-26,6056.98,8.54
2018-09-27,6040.51,8.54
2018-09-28,6105.45,8.63
2018-10-08,5889.27,8.29
2018-10-09,5876.8,8.26
2018-10-10,5885.86,8.27
2018-10-11,5602.9,7.98
2018-10-12,5664.92,8.13
2018-10-15,5554.51,8.0
2018-10-16,5498.43,8.0
2018-10-17,5539.94,8.05
2018-10-18,5425.41,7.87
2018-10-19,5575.98,8.1
2018-10-22,5801.83,8.36
2018-10-23,5666.18,8.14
2018-10-24,5666.71,8.21
2018-10-25,5681.38,8.24
2018-10-26,5684.41,8.25
2018-10-29,5543.91,8.03
2018-10-30,5597.47,8.11
2018-10-31,5661.78,8.18
2018-11-01,5672.66,8.0
2018-11-02,5821.76,8.18
2018-11-05,5802.61,8.1
2018-11-06,5790.19,8.06
2018-11-07,5763.07,8.02
2018-11-08,5755.08,8.04
2018-11-09,5694.21,7.86
2018-11-12,5785.5,7.9
2018-11-13,5835.2,7.95
2018-11-14,5788.76,7.85
2018-11-15,5842.02,7.91
2018-11-16,5884.62,7.93
2018-11-19,5946.66,8.02
2018-11-20,5815.45,7.89
2018-11-21,5834.52,7.9
2018-11-22,5815.31,7.87
2018-11-23,5684.26,7.76
2018-11-26,5682.91,7.77
2018-11-27,5669.73,7.74
2018-11-28,5732.11,7.81
2018-11-29,5670.35,7.75
2018-11-30,5719.89,7.81
2018-12-03,5866.41,7.98
2018-12-04,5883.7,7.99
2018-12-05,5863.25,7.95
2018-12-06,5767.57,7.83
2018-12-07,5805.93,7.85
2018-12-10,5751.91,7.78
2018-12-11,5776.1,7.79
2018-12-12,5815.77,7.83
2018-12-13,5889.16,7.93
2018-12-14,5802.71,7.85
2018-12-17,5841.22,7.75
2018-12-18,5799.16,7.68
2018-12-19,5760.42,7.62
2018-12-20,5755.69,7.55
2018-12-21,5714.99,7.49
2018-12-24,5755.62,7.51
2018-12-25,5719.71,7.49
2018-12-26,5717.37,7.5
2018-12-27,5691.16,7.48
2018-12-28,5710.43,7.5
2019-01-02,5624.67,7.36
2019-01-03,5591.2,7.37
2019-01-04,5701.58,7.49
2019-01-07,5779.61,7.49
2019-01-08,5790.29,7.47
2019-01-09,5839.23,7.55
2019-01-10,5815.93,7.51
2019-01-11,5838.83,7.56
2019-01-14,5829.8,7.51
2019-01-15,5885.21,7.6
2019-01-16,5892.24,7.61
2019-01-17,5879.6,7.59
2019-01-18,5945.11,7.73
2019-01-21,5954.28,7.77
2019-01-22,5897.71,7.7
2019-01-23,5922.89,7.72
2019-01-24,5944.53,7.76
2019-01-25,5973.41,7.85
2019-01-28,5974.84,7.86
2019-01-29,5990.45,7.92
2019-01-30,5954.32,7.88
2019-01-31,5971.18,8.0
2019-02-01,6050.31,8.03
2019-02-11,6142.23,8.06
2019-02-12,6196.81,8.08
2019-02-13,6275.59,8.19
2019-02-14,6275.92,8.16
2019-02-15,6191.25,7.99
2019-02-18,6340.64,8.15
2019-02-19,6333.06,8.13
2019-02-20,6337.57,8.16
2019-02-21,6296.09,8.12
2019-02-22,6380.97,8.16
2019-02-25,6653.11,8.59
2019-02-26,6628.57,8.45
2019-02-27,6614.35,8.48
2019-02-28,6609.36,8.45
2019-03-01,6700.39,8.62
2019-03-04,6780.41,8.69
2019-03-05,6858.13,8.68
2019-03-06,6941.8,8.72
2019-03-07,6933.66,8.59
2019-03-08,6652.19,8.3
2019-03-11,6790.03,8.37
2019-03-12,6844.49,8.42
2019-03-13,6782.35,8.36
2019-03-14,6688.4,8.34
2019-03-15,6807.55,8.41
2019-03-18,7000.19,8.6
2019-03-19,6963.87,8.56
2019-03-20,6972.78,8.55
2019-03-21,7003.14,8.53
2019-03-22,7046.22,8.54
2019-03-25,6939.14,8.34
2019-03-26,6834.81,8.3
2019-03-27,6935.15,8.38
2019-03-28,6865.51,8.32
2019-03-29,7058.96,8.55
2019-04-01,7264.57,8.73
2019-04-02,7271.27,8.72
2019-04-03,7373.09,8.8
2019-04-04,7474.03,8.94
2019-04-08,7549.86,8.97
2019-04-09,7542.33,8.95
2019-04-10,7562.57,8.94
2019-04-11,7470.06,8.83
2019-04-12,7432.79,8.82
2019-04-15,7353.7,8.84
2019-04-16,7460.04,9.08
2019-04-17,7490.35,9.08
2019-04-18,7395.98,9.0
2019-04-19,7433.28,9.07
2019-04-22,7286.23,8.85
2019-04-23,7230.43,8.84
2019-04-24,7295.59,8.84
2019-04-25,7105.45,8.71
2019-04-26,7010.35,8.6
2019-04-29,6960.75,8.69
2019-04-30,7059.91,8.73
2019-05-06,6672.35,8.99
2019-05-07,6760.22,9.02
2019-05-08,6682.68,8.88
2019-05-09,6575.71,8.76
2019-05-10,6756.51,8.96
2019-05-13,6700.39,8.86
2019-05-14,6663.0,8.81
2019-05-15,6787.69,8.95
2019-05-16,6818.66,8.99
2019-05-17,6647.16,8.87
2019-05-20,6593.59,8.86
2019-05-21,6719.5,8.93
2019-05-22,6683.89,8.89
2019-05-23,6599.49,8.82
2019-05-24,6597.6,8.85
2019-05-27,6679.88,8.89
2019-05-28,6742.36,8.97
2019-05-29,6726.49,8.93
2019-05-30,6718.4,8.94
2019-05-31,6723.69,8.9
2019-06-03,6664.79,8.91
2019-06-04,6599.23,8.88
2019-06-05,6577.94,8.9
2019-06-06,6501.79,8.86
2019-06-10,6559.47,8.96
2019-06-11,6743.2,9.09
2019-06-12,6679.14,9.04
2019-06-13,6663.42,9.0
2019-06-14,6601.25,8.96
2019-06-17,6602.37,8.99
2019-06-18,6597.4,9.01
2019-06-19,6645.83,9.03
2019-06-20,6755.82,9.19
2019-06-21,6768.27,9.16
2019-06-24,6792.51,9.19
2019-06-25,6715.42,9.08
2019-06-26,6721.49,9.07
2019-06-27,6760.36,9.13
2019-06-28,6727.9,9.09
2019-07-01,6849.82,9.23
2019-07-02,6888.15,9.26
2019-07-03,6874.75,9.19
2019-07-04,6859.17,9.2
2019-07-05,6890.3,9.2
2019-07-08,6727.78,9.02
2019-07-09,6749.6,8.98
2019-07-10,6696.8,8.94
2019-07-11,6688.52,8.98
2019-07-12,6727.16,9.02
2019-07-15,6766.31,9.02
2019-07-16,6765.8,9.0
2019-07-17,6763.25,8.98
2019-07-18,6670.89,8.93
2019-07-19,6722.28,9.02
2019-07-22,6644.65,9.0
2019-07-23,6682.27,9.0
2019-07-24,6719.37,9.05
2019-07-25,6739.2,9.1
2019-07-26,6756.7,9.11
2019-07-29,6749.17,9.11
2019-07-30,6789.81,9.15
2019-07-31,6728.47,9.07
2019-08-01,6680.93,9.0
2019-08-02,6577.2,8.89
2019-08-05,6475.02,8.73
2019-08-06,6359.97,8.63
2019-08-07,6343.46,8.59
2019-08-08,6389.97,8.68
2019-08-09,6334.39,8.65
2019-08-12,6427.73,8.73
2019-08-13,6381.37,8.65
2019-08-14,6413.47,8.67
2019-08-15,6430.65,8.67
2019-08-16,6438.67,8.67
2019-08-19,6563.99,8.76
2019-08-20,6560.29,8.73
2019-08-21,6548.36,8.73
2019-08-22,6545.94,8.71
2019-08-23,6559.36,8.76
2019-08-26,6485.99,8.65
2019-08-27,6570.83,8.73
2019-08-28,6576.92,8.71
2019-08-29,6544.65,8.67
2019-08-30,6509.3,8.67
2019-09-02,6604.06,7.97
2019-09-03,6615.35,7.97
2019-09-04,6699.5,8.07
2019-09-05,6737.53,8.12
2019-09-06,6783.82,8.17
2019-09-09,6826.49,8.17
2019-09-10,6795.43,8.14
2019-09-11,6771.03,8.16
2019-09-12,6814.11,8.21
2019-09-16,6814.79,8.19
2019-09-17,6703.92,8.08
2019-09-18,6743.7,8.08
2019-09-19,6757.58,8.08
2019-09-20,6776.34,8.1
2019-09-23,6686.94,8.01
2019-09-24,6691.36,8.01
2019-09-25,6609.85,7.97
2019-09-26,6566.36,8.01
2019-09-27,6549.75,7.99
2019-09-30,6513.86,7.95
2019-10-08,6563.44,8.02
2019-10-09,6620.97,8.07
2019-10-10,6658.97,8.07
2019-10-11,6698.2,8.17
2019-10-14,6773.06,8.26
2019-10-15,6725.55,8.23
2019-10-16,6698.06,8.23
2019-10-17,6676.4,8.21
2019-10-18,6587.32,8.12
2019-10-21,6612.16,8.19
2019-10-22,6642.26,8.2
2019-10-23,6614.72,8.19
2019-10-24,6625.36,8.22
2019-10-25,6663.45,8.25
2019-10-28,6697.37,8.24
2019-10-29,6652.04,8.21
2019-10-30,6596.49,8.18
2019-10-31,6555.98,8.18
2019-11-01,6639.5,8.22
2019-11-04,6653.93,8.25
2019-11-05,6682.94,8.3
2019-11-06,6634.35,8.3
2019-11-07,6656.12,8.29
2019-11-08,6642.93,8.23
2019-11-11,6522.19,8.09
2019-11-12,6540.07,8.11
2019-11-13,6508.22,8.07
2019-11-14,6511.27,8.04
2019-11-15,6443.33,8.03
2019-11-18,6508.47,8.1
2019-11-19,6577.51,8.14
2019-11-20,6524.98,8.07
2019-11-21,6519.99,8.05
2019-11-22,6495.89,8.03
2019-11-25,6581.44,8.17
2019-11-26,6567.5,8.16
2019-11-27,6534.24,8.14
2019-11-28,6513.67,8.11
2019-11-29,6501.07,8.06
2019-12-02,6523.66,8.08
2019-12-03,6549.6,8.09
2019-12-04,6516.36,8.06
2019-12-05,6546.23,8.08
2019-12-06,6556.45,8.08
2019-12-09,6584.49,8.11
2019-12-10,6580.77,8.09
2019-12-11,6621.9,8.14
2019-12-12,6630.45,8.13
2019-12-13,6693.85,8.25
2019-12-16,6744.04,7.95
2019-12-17,6796.37,8.03
2019-12-18,6783.36,8.03
2019-12-19,6792.17,8.05
2019-12-20,6761.49,8.06
2019-12-23,6677.08,7.98
2019-12-24,6714.53,7.99
2019-12-25,6705.33,7.96
2019-12-26,6781.5,8.03
2019-12-27,6768.79,8.05
2019-12-30,6858.98,8.1
2019-12-31,6902.53,8.11
2020-01-02,6999.68,8.24
2020-01-03,6997.42,8.24
2020-01-06,6972.77,8.18
2020-01-07,7029.42,8.22
2020-01-08,6947.43,8.14
2020-01-09,7035.1,8.19
2020-01-10,7008.55,8.17
2020-01-13,7057.75,8.2
2020-01-14,7065.08,8.19
2020-01-15,7028.65,8.11
2020-01-16,6991.93,8.05
2020-01-17,6994.87,8.06
2020-01-20,7003.26,8.06
2020-01-21,6874.51,7.93
2020-01-22,6898.58,7.95
2020-01-23,6712.04,7.77
2020-02-03,6114.12,7.26
2020-02-04,6242.09,7.4
2020-02-05,6314.32,7.42
2020-02-06,6393.5,7.48
2020-02-07,6415.26,7.46
2020-02-10,6512.84,7.48
2020-02-11,6535.13,7.55
2020-02-12,6576.75,7.57
2020-02-13,6536.5,7.54
2020-02-14,6585.93,7.59
2020-02-17,6722.54,7.7
2020-02-18,6736.45,7.64
2020-02-19,6709.57,7.64
2020-02-20,6804.6,7.73
2020-02-21,6830.4,7.71
2020-02-24,6782.86,7.64
2020-02-25,6715.21,7.58
2020-02-26,6712.04,7.61
2020-02-27,6720.58,7.63
2020-02-28,6512.1,7.46
2020-03-02,6768.94,7.66
2020-03-03,6767.69,7.67
2020-03-04,6854.89,7.71
2020-03-05,6939.87,7.83
2020-03-06,6857.53,7.72
2020-03-09,6645.04,7.55
2020-03-10,6763.45,7.65
2020-03-11,6704.34,7.58
2020-03-12,6584.28,7.5
2020-03-13,6480.98,7.39
2020-03-16,6279.92,7.22
2020-03-17,6257.11,7.2
2020-03-18,6166.53,7.09
2020-03-19,6104.29,6.92
2020-03-20,6189.14,7.05
2020-03-23,6010.26,6.88
2020-03-24,6158.75,7.06
2020-03-25,6286.47,7.2
2020-03-26,6224.83,7.18
2020-03-27,6270.43,7.24
2020-03-30,6189.73,7.22
2020-03-31,6179.02,7.17
2020-04-01,6141.43,7.14
2020-04-02,6230.94,7.21
2020-04-03,6198.05,7.17
2020-04-07,6312.6,7.25
2020-04-08,6307.28,7.22
2020-04-09,6324.65,7.21
2020-04-10,6258.73,7.19
2020-04-13,6242.41,7.19
2020-04-14,6321.94,7.26
2020-04-15,6287.22,7.22
2020-04-16,6267.94,7.21
2020-04-17,6286.48,7.27
2020-04-20,6322.88,7.26
2020-04-21,6284.59,7.2
2020-04-22,6312.96,7.22
2020-04-23,6293.37,7.19
2020-04-24,6255.34,7.16
2020-04-27,6292.01,7.22
2020-04-28,6253.92,7.22
2020-04-29,6315.14,7.32
2020-04-30,6378.12,7.37
2020-05-06,6384.47,7.53
2020-05-07,6394.27,7.51
2020-05-08,6444.68,7.57
2020-05-11,6448.0,7.58
2020-05-12,6427.06,7.55
2020-05-13,6441.42,7.55
2020-05-14,6373.44,7.48
2020-05-15,6350.53,7.45
2020-05-18,6351.68,7.46
2020-05-19,6390.68,7.51
2020-05-20,6342.92,7.5
2020-05-21,6308.23,7.46
2020-05-22,6203.94,7.34
2020-05-25,6235.5,7.38
2020-05-26,6283.95,7.4
2020-05-27,6311.16,7.42
2020-05-28,6311.24,7.48
2020-05-29,6285.17,7.42
2020-06-01,6411.97,7.53
2020-06-02,6430.23,7.56
2020-06-03,6434.87,7.56
2020-06-04,6454.95,7.53
2020-06-05,6434.26,7.54
2020-06-08,6439.27,7.58
2020-06-09,6465.34,7.61
2020-06-10,6439.49,7.56
2020-06-11,6387.87,7.48
2020-06-12,6378.75,7.46
2020-06-15,6334.11,7.36
2020-06-16,6442.0,7.45
2020-06-17,6455.28,7.44
2020-06-18,6514.08,7.44
2020-06-19,6527.95,7.47
2020-06-22,6484.71,7.42
2020-06-23,6483.85,7.41
2020-06-24,6497.4,7.47
2020-06-29,6466.99,7.44
2020-06-30,6526.15,7.4
2020-07-01,6643.3,7.55
2020-07-02,6799.87,7.69
2020-07-03,6875.06,7.82
2020-07-06,7238.21,8.35
2020-07-07,7210.2,8.29
2020-07-08,7298.81,8.28
2020-07-09,7368.61,8.26
2020-07-10,7220.16,7.96
2020-07-13,7417.88,8.02
2020-07-14,7383.28,7.94
2020-07-15,7254.42,7.8
2020-07-16,7025.29,7.65
2020-07-17,7070.54,7.67
2020-07-20,7377.24,7.89
2020-07-21,7363.89,7.85
2020-07-22,7358.26,7.83
2020-07-23,7274.66,7.76
2020-07-24,7002.94,7.56
2020-07-27,6984.14,7.56
2020-07-28,7050.82,7.6
2020-07-29,7170.71,7.7
2020-07-30,7167.15,7.65
2020-07-31,7230.28,7.65
2020-08-03,7370.83,7.72
2020-08-04,7391.51,7.81
2020-08-05,7387.24,7.74
2020-08-06,7392.54,7.75
2020-08-07,7335.98,7.7
2020-08-10,7431.23,7.77
2020-08-11,7356.38,7.75
2020-08-12,7309.79,7.76
2020-08-13,7337.31,7.74
2020-08-14,7395.1,7.82
2020-08-17,7548.97,7.96
2020-08-18,7563.51,7.91
2020-08-19,7491.43,7.86
2020-08-20,7434.53,7.79
2020-08-21,7430.4,7.81
2020-08-24,7473.14,7.81
2020-08-25,7467.35,7.81
2020-08-26,7342.9,7.75
2020-08-27,7386.53,7.74
2020-08-28,7516.48,7.87
2020-08-31,7476.65,7.82
2020-09-01,7490.94,8.33
2020-09-02,7484.54,8.29
2020-09-03,7473.05,8.29
2020-09-04,7451.66,8.25
2020-09-07,7366.43,8.2
2020-09-08,7409.25,8.28
2020-09-09,7296.94,8.19
2020-09-10,7229.19,8.18
2020-09-11,7259.28,8.18
2020-09-14,7290.67,8.21
2020-09-15,7324.19,8.24
2020-09-16,7321.62,8.27
2020-09-17,7349.81,8.26
2020-09-18,7465.17,8.4
2020-09-21,7419.64,8.35
2020-09-22,7312.72,8.25
2020-09-23,7323.21,8.24
2020-09-24,7187.27,8.13
2020-09-25,7145.42,8.1
2020-09-28,7139.23,8.15
2020-09-29,7168.21,8.12
2020-09-30,7132.7,8.12
2020-10-09,7289.65,8.18
2020-10-12,7470.37,8.33
2020-10-13,7485.16,8.34
2020-10-14,7483.94,8.32
2020-10-15,7453.85,8.34
2020-10-16,7473.64,8.4
2020-10-19,7422.2,8.39
2020-10-20,7429.25,8.38
2020-10-21,7404.71,8.45
2020-10-22,7346.96,8.45
2020-10-23,7289.53,8.43
2020-10-26,7300.74,8.41
2020-10-27,7276.42,8.38
2020-10-28,7275.65,8.35
2020-10-29,7313.81,8.38
2020-10-30,7202.87,8.31
2020-11-02,7273.07,8.2
2020-11-03,7363.88,8.26
2020-11-04,7404.89,8.35
2020-11-05,7532.77,8.45
2020-11-06,7544.74,8.49
2020-11-09,7668.3,8.57
2020-11-10,7643.66,8.56
2020-11-11,7678.09,8.62
2020-11-12,7721.21,8.58
2020-11-13,7669.8,8.47
2020-11-16,7830.04,8.53
2020-11-17,7882.73,8.58
2020-11-18,7913.0,8.65
2020-11-19,7879.76,8.69
2020-11-20,7920.22,8.68
2020-11-23,8031.05,8.77
2020-11-24,7999.79,8.74
2020-11-25,7890.55,8.67
2020-11-26,7859.48,8.72
2020-11-27,7914.81,8.92
2020-11-30,7828.3,8.81
2020-12-01,7934.57,8.97
2020-12-02,7947.67,8.97
2020-12-03,7891.48,8.91
2020-12-04,7880.51,8.84
2020-12-07,7800.88,8.69
2020-12-08,7777.84,8.64
2020-12-09,7681.52,8.58
2020-12-10,7694.41,8.58
2020-12-11,7648.15,8.53
2020-12-14,7594.98,7.81
2020-12-15,7579.83,7.77
2020-12-16,7548.75,7.77
2020-12-17,7625.07,7.83
2020-12-18,7658.74,7.8
2020-12-21,7683.44,7.79
2020-12-22,7507.58,7.64
2020-12-23,7511.63,7.66
2020-12-24,7442.32,7.66
2020-12-25,7495.55,7.68
2020-12-28,7445.63,7.71
2020-12-29,7383.05,7.68
2020-12-30,7412.91,7.69
2020-12-31,7467.49,7.75
2021-01-04,7493.02,7.71
2021-01-05,7509.62,7.67
2021-01-06,7526.97,7.77
2021-01-07,7475.91,7.83
2021-01-08,7497.69,7.9
2021-01-11,7414.52,7.9
2021-01-12,7474.99,7.97
2021-01-13,7463.91,8.02
2021-01-14,7437.13,8.02
2021-01-15,7480.69,8.1
2021-01-18,7537.5,8.14
2021-01-19,7577.54,8.16
2021-01-20,7566.52,8.09
2021-01-21,7599.69,8.11
2021-01-22,7517.23,7.99
2021-01-25,7408.8,7.99
2021-01-26,7361.35,7.94
2021-01-27,7367.25,8.0
2021-01-28,7262.89,7.92
2021-01-29,7201.04,7.88
2021-02-01,7283.07,7.96
2021-02-02,7332.19,7.97
2021-02-03,7272.74,7.97
2021-02-04,7200.53,7.96
2021-02-05,7226.44,8.07
2021-02-08,7299.46,8.12
2021-02-09,7390.91,8.14
2021-02-10,7444.21,8.2
2021-02-18,7624.87,8.32
2021-02-19,7758.11,8.35
2021-02-22,7842.02,8.39
2021-02-23,7783.32,8.4
2021-02-24,7698.5,8.27
2021-02-25,7808.09,8.45
2021-02-26,7646.28,8.25
2021-03-01,7801.58,8.28
2021-03-02,7733.79,8.22
2021-03-03,7913.83,8.44
2021-03-04,7853.12,8.37
2021-03-05,7803.51,8.35
2021-03-08,7735.3,8.26
2021-03-09,7671.81,8.18
2021-03-10,7630.72,8.15
2021-03-11,7805.0,8.31
2021-03-12,7869.7,8.4
2021-03-15,7888.27,8.43
2021-03-16,7940.08,8.5
2021-03-17,7902.45,8.41
2021-03-18,7931.2,8.41
2021-03-19,7852.24,8.22
2021-03-22,7959.8,8.35
2021-03-23,7845.69,8.29
2021-03-24,7723.58,8.19
2021-03-25,7695.02,8.15
2021-03-26,7790.76,8.2
2021-03-29,7877.95,8.29
2021-03-30,7867.46,8.33
2021-03-31,7843.83,8.33
2021-04-01,7905.43,8.33
2021-04-02,7859.49,8.26
2021-04-06,7893.71,8.25
2021-04-07,7961.39,8.26
2021-04-08,7944.0,8.23
2021-04-09,7951.63,8.22
2021-04-12,7915.24,8.23
2021-04-13,7846.44,8.19
2021-04-14,7905.05,8.16
2021-04-15,7913.55,8.12
2021-04-16,8009.52,8.18
2021-04-19,8058.14,8.24
2021-04-20,8054.16,8.22
2021-04-21,8045.68,8.21
2021-04-22,8079.62,8.18
2021-04-23,8055.49,8.16
2021-04-26,7998.74,8.08
2021-04-27,8001.03,8.07
2021-04-28,8052.66,8.06
2021-04-29,8099.34,8.13
2021-04-30,8061.48,8.04
2021-05-06,8180.06,7.32
2021-05-07,8196.55,7.38
2021-05-10,8266.56,7.38
2021-05-11,8189.85,7.37
2021-05-12,8265.71,7.4
2021-05-13,8171.44,7.34
2021-05-14,8227.97,7.41
2021-05-17,8216.71,7.42
2021-05-18,8262.06,7.43
2021-05-19,8258.8,7.35
2021-05-20,8139.75,7.34
2021-05-21,8175.72,7.28
2021-05-24,8229.13,7.28
2021-05-25,8332.61,7.44
2021-05-26,8392.66,7.47
2021-05-27,8432.93,7.46
2021-05-28,8450.45,7.47
2021-05-31,8527.18,7.44
2021-06-01,8588.18,7.42
2021-06-02,8545.0,7.43
2021-06-03,8538.41,7.4
2021-06-04,8513.58,7.41
2021-06-07,8498.36,7.38
2021-06-08,8452.99,7.39
2021-06-09,8481.99,7.4
2021-06-10,8502.24,7.38
2021-06-11,8474.48,7.37
2021-06-15,8405.03,7.29
2021-06-16,8295.22,7.29
2021-06-17,8292.24,7.2
2021-06-18,8287.5,7.14
2021-06-21,8331.63,7.09
2021-06-22,8430.2,7.15
2021-06-23,8550.2,7.18
2021-06-24,8544.33,7.2
2021-06-25,8586.02,7.27
2021-06-28,8516.8,7.2
2021-06-29,8508.73,7.13
2021-06-30,8539.4,7.14
2021-07-01,8501.22,7.21
2021-07-02,8443.72,7.1
2021-07-05,8462.06,7.09
2021-07-06,8453.69,7.09
2021-07-07,8473.66,7.07
2021-07-08,8323.08,6.95
2021-07-09,8408.27,6.94
2021-07-12,8478.09,6.89
2021-07-13,8542.62,6.89
2021-07-14,8495.12,6.81
2021-07-15,8547.57,6.89
2021-07-16,8567.03,6.86
2021-07-19,8548.09,6.83
2021-07-20,8523.77,6.78
2021-07-21,8526.4,6.74
2021-07-22,8619.74,6.79
2021-07-23,8504.09,6.76
2021-07-26,8335.93,6.61
2021-07-27,8092.82,6.47
2021-07-28,8002.84,6.5
2021-07-29,8093.08,6.47
2021-07-30,8196.47,6.45
2021-08-02,8219.1,6.53
2021-08-03,8120.75,6.5
2021-08-04,8246.07,6.5
2021-08-05,8195.77,6.5
2021-08-06,8239.09,6.51
2021-08-09,8354.1,6.63
2021-08-10,8373.5,6.67
2021-08-11,8504.42,6.75
2021-08-12,8615.04,6.74
2021-08-13,8626.06,6.73
2021-08-16,8629.4,6.75
2021-08-17,8466.05,6.69
2021-08-18,8521.37,6.8
2021-08-19,8472.8,6.72
2021-08-20,8484.9,6.71
2021-08-23,8583.12,6.73
2021-08-24,8654.76,6.75
2021-08-25,8762.12,6.72
2021-08-26,8796.58,6.68
2021-08-27,8857.11,6.73
2021-08-30,8909.29,6.69
2021-08-31,9102.74,6.8
2021-09-01,9060.56,6.53
2021-09-02,9207.77,6.59
2021-09-03,9180.4,6.59
2021-09-06,9266.22,6.62
2021-09-07,9451.87,6.72
2021-09-08,9531.42,6.73
2021-09-09,9712.07,6.79
2021-09-10,9580.7,6.8
2021-09-13,9756.02,6.86
2021-09-14,9584.36,6.72
2021-09-15,9612.02,6.67
2021-09-16,9467.07,6.61
2021-09-17,9292.48,6.59
2021-09-22,9424.62,6.61
2021-09-23,9437.1,6.62
2021-09-24,9138.68,6.51
2021-09-27,8879.89,6.46
2021-09-28,9020.42,6.58
2021-09-29,8734.6,6.53
2021-09-30,8878.05,6.52
2021-10-08,8876.52,6.56
2021-10-11,8928.62,6.64
2021-10-12,8780.37,6.6
2021-10-13,8718.58,6.55
2021-10-14,8684.35,6.51
2021-10-15,8711.3,6.55
2021-10-18,8841.36,6.56
2021-10-19,8903.84,6.59
2021-10-20,8816.33,6.53
2021-10-21,8880.34,6.61
2021-10-22,8722.28,6.58
2021-10-25,8731.51,6.58
2021-10-26,8692.37,6.55
2021-10-27,8560.98,6.49
2021-10-28,8366.86,6.42
2021-10-29,8408.64,6.4
2021-11-01,8451.95,6.39
2021-11-02,8279.75,6.27
2021-11-03,8388.37,6.3
2021-11-04,8390.62,6.3
2021-11-05,8268.52,6.27
2021-11-08,8319.45,6.27
2021-11-09,8362.64,6.25
2021-11-10,8354.03,6.23
2021-11-11,8477.22,6.36
2021-11-12,8419.29,6.32
2021-11-15,8432.9,6.33
2021-11-16,8386.54,6.3
2021-11-17,8456.54,6.29
2021-11-18,8450.33,6.26
2021-11-19,8569.74,6.34
2021-11-22,8583.29,6.3
2021-11-23,8632.31,6.32
2021-11-24,8673.88,6.33
2021-11-25,8636.33,6.31
2021-11-26,8573.86,6.25
2021-11-29,8519.97,6.22
2021-11-30,8545.09,6.2
2021-12-01,8645.65,6.26
2021-12-02,8664.03,6.32
2021-12-03,8724.55,6.37
2021-12-06,8627.77,6.37
2021-12-07,8672.96,6.43
2021-12-08,8680.77,6.42
2021-12-09,8691.85,6.48
2021-12-10,8671.21,6.45
2021-12-13,8668.71,6.02
2021-12-14,8579.78,5.97
2021-12-15,8618.4,5.98
2021-12-16,8746.26,6.06
2021-12-17,8690.14,6.03
2021-12-20,8612.89,6.0
2021-12-21,8786.27,6.07
2021-12-22,8753.01,6.04
2021-12-23,8787.0,6.08
2021-12-24,8734.74,6.06
2021-12-27,8786.42,6.08
2021-12-28,8742.46,6.07
2021-12-29,8716.05,6.03
2021-12-30,8738.62,6.03
2021-12-31,8825.94,6.07
2022-01-04,8932.42,6.11
2022-01-05,8907.44,6.14
2022-01-06,8947.43,6.12
2022-01-07,8972.28,6.2
2022-01-10,9059.6,6.23
2022-01-11,9100.38,6.24
2022-01-12,9059.41,6.21
2022-01-13,9031.93,6.21
2022-01-14,8870.12,6.09
2022-01-17,8895.84,6.09
2022-01-18,8983.96,6.21
2022-01-19,9043.52,6.24
2022-01-20,9009.3,6.28
2022-01-21,8939.15,6.23
2022-01-24,8897.92,6.23
2022-01-25,8590.18,6.1
2022-01-26,8644.26,6.12
2022-01-27,8527.77,6.09
2022-01-28,8486.86,6.02
2022-02-07,8708.55,6.18
2022-02-08,8901.55,6.31
2022-02-09,8942.88,6.3
2022-02-10,9039.89,6.38
2022-02-11,9021.44,6.41
2022-02-14,8881.85,6.29
2022-02-15,8844.9,6.23
2022-02-16,8924.66,6.27
2022-02-17,8884.73,6.27
2022-02-18,9055.08,6.35
2022-02-21,9113.32,6.35
2022-02-22,9036.47,6.31
2022-02-23,9011.52,6.27
2022-02-24,8837.11,6.18
2022-02-25,8834.91,6.15
2022-02-28,8841.6,6.16
2022-03-01,8916.87,6.22
2022-03-02,8976.29,6.24
2022-03-03,9071.77,6.31
2022-03-04,9028.08,6.29
2022-03-07,8930.33,6.22
2022-03-08,8622.97,6.08
2022-03-09,8512.39,6.02
2022-03-10,8618.34,6.03
2022-03-11,8674.16,6.06
2022-03-14,8486.13,5.98
2022-03-15,7961.91,5.7
2022-03-16,8151.1,5.83
2022-03-17,8295.15,5.86
2022-03-18,8513.55,5.97
2022-03-21,8549.05,5.95
2022-03-22,8693.85,6.05
2022-03-23,8717.27,6.03
2022-03-24,8687.94,6.03
2022-03-25,8680.91,6.03
2022-03-28,8787.43,6.13
2022-03-29,8771.41,6.15
2022-03-30,8884.37,6.2
2022-03-31,8984.14,6.27
2022-04-01,9075.86,6.33
2022-04-06,9228.91,6.41
2022-04-07,9050.61,6.35
2022-04-08,9147.2,6.43
2022-04-11,8944.7,6.35
2022-04-12,8918.97,6.34
2022-04-13,8901.44,6.36
2022-04-14,9113.74,6.41
2022-04-15,9059.72,6.41
2022-04-18,8938.87,6.31
2022-04-19,9043.84,6.35
2022-04-20,8781.69,6.25
2022-04-21,8578.26,6.21
2022-04-22,8689.32,6.29
2022-04-25,8233.13,6.09
2022-04-26,8076.49,6.08
2022-04-27,8167.79,6.08
2022-04-28,8273.82,6.19
2022-04-29,8512.35,6.22
2022-05-05,8567.94,6.12
2022-05-06,8347.17,6.01
2022-05-09,8370.78,6.0
2022-05-10,8374.9,6.0
2022-05-11,8368.13,5.97
2022-05-12,8348.17,5.93
2022-05-13,8562.97,6.06
2022-05-16,8651.37,6.05
2022-05-17,8593.87,6.06
2022-05-18,8534.82,6.01
2022-05-19,8571.36,6.02
2022-05-20,8663.43,6.08
2022-05-23,8687.91,6.06
2022-05-24,8463.58,6.03
2022-05-25,8603.78,6.07
2022-05-26,8710.75,6.12
2022-05-27,8704.24,6.13
2022-05-30,8706.55,6.09
2022-05-31,8712.26,6.1
2022-06-01,8756.9,6.1
2022-06-02,8693.28,6.07
2022-06-06,8725.77,6.06
2022-06-07,8761.04,6.07
2022-06-08,8831.97,6.12
2022-06-09,8789.9,6.14
2022-06-10,8870.75,6.17
2022-06-13,8762.79,6.09
2022-06-14,8886.59,6.18
2022-06-15,8884.63,6.2
2022-06-16,8760.09,6.09
2022-06-17,8761.32,6.11
2022-06-20,8723.59,6.06
2022-06-21,8738.33,6.09
2022-06-22,8622.29,6.03
2022-06-23,8742.62,6.1
2022-06-24,8738.73,6.07
2022-06-27,8817.89,6.11
2022-06-28,8897.01,6.13
2022-06-29,8865.6,6.15
2022-06-30,8903.19,6.16
2022-07-01,8937.14,6.18
2022-07-04,8968.29,6.19
2022-07-05,8981.21,6.21
2022-07-06,8811.01,6.12
2022-07-07,8879.0,6.12
2022-07-08,8890.52,6.13
2022-07-11,8780.22,6.06
2022-07-12,8796.36,6.03
2022-07-13,8810.95,5.98
2022-07-14,8714.6,5.9
2022-07-15,8537.79,5.73
2022-07-18,8751.4,5.84
2022-07-19,8785.61,5.85
2022-07-20,8815.47,5.86
2022-07-21,8697.88,5.76
2022-07-22,8658.96,5.77
2022-07-25,8651.04,5.78
2022-07-26,8778.8,5.83
2022-07-27,8786.7,5.8
2022-07-28,8833.0,5.8
2022-07-29,8760.51,5.76
2022-08-01,8789.28,5.76
2022-08-02,8541.68,5.67
2022-08-03,8430.13,5.62
2022-08-04,8476.72,5.66
2022-08-05,8542.97,5.68
2022-08-08,8678.47,5.7
2022-08-09,8697.03,5.71
2022-08-10,8659.57,5.68
2022-08-11,8768.39,5.74
2022-08-12,8828.28,5.77
2022-08-15,8850.53,5.75
2022-08-16,8898.71,5.76
2022-08-17,8927.11,5.78
2022-08-18,8851.03,5.73
2022-08-19,8918.11,5.78
2022-08-22,8996.34,5.8
2022-08-23,9040.35,5.79
2022-08-24,8877.97,5.76
2022-08-25,9040.22,5.85
2022-08-26,9000.3,5.81
2022-08-29,9070.91,5.81
2022-08-30,9017.48,5.79
2022-08-31,8926.18,5.82
2022-09-01,8985.71,5.75
2022-09-02,8980.53,5.73
2022-09-05,9115.43,5.8
2022-09-06,9268.5,5.85
2022-09-07,9242.44,5.82
2022-09-08,9209.21,5.82
2022-09-09,9306.12,5.88
2022-09-13,9243.35,5.87
2022-09-14,9166.68,5.84
2022-09-15,9149.68,5.87
2022-09-16,8866.12,5.74
2022-09-19,8871.17,5.76
2022-09-20,8879.4,5.72
2022-09-21,8951.13,5.74
2022-09-22,8941.2,5.76
2022-09-23,8846.99,5.75
2022-09-26,8687.03,5.66
2022-09-27,8790.21,5.67
2022-09-28,8681.95,5.65
2022-09-29,8640.85,5.63
2022-09-30,8690.34,5.68
2022-10-10,8665.41,5.7
2022-10-11,8666.56,5.68
2022-10-12,8787.91,5.72
2022-10-13,8708.01,5.66
2022-10-14,8808.35,5.68
2022-10-17,8810.84,5.67
2022-10-18,8820.49,5.65
2022-10-19,8749.86,5.62
2022-10-20,8667.31,5.6
2022-10-21,8708.32,5.62
2022-10-24,8519.88,5.52
2022-10-25,8485.35,5.51
2022-10-26,8464.27,5.46
2022-10-27,8487.01,5.44
2022-10-28,8262.69,5.4
2022-10-31,8143.4,5.27
2022-11-01,8250.76,5.28
2022-11-02,8353.2,5.3
2022-11-03,8308.22,5.27
2022-11-04,8479.96,5.36
2022-11-07,8541.33,5.38
2022-11-08,8550.42,5.37
2022-11-09,8559.73,5.37
2022-11-10,8556.58,5.38
2022-11-11,8746.79,5.49
2022-11-14,8772.16,5.49
2022-11-15,8857.21,5.53
2022-11-16,8824.82,5.51
2022-11-17,8789.94,5.49
2022-11-18,8732.25,5.46
2022-11-21,8736.92,5.45
2022-11-22,8745.89,5.52
2022-11-23,8766.57,5.57
2022-11-24,8829.42,5.57
2022-11-25,8939.46,5.69
2022-11-28,8901.56,5.62
2022-11-29,9157.27,5.75
2022-11-30,9140.18,5.74
2022-12-01,9092.91,5.7
2022-12-02,9063.72,5.66
2022-12-05,9195.68,5.78
2022-12-06,9150.03,5.77
2022-12-07,9097.16,5.72
2022-12-08,9116.37,5.74
2022-12-09,9196.41,5.76
2022-12-12,9064.85,5.52
2022-12-13,9107.23,5.55
2022-12-14,9072.69,5.54
2022-12-15,8980.51,5.49
2022-12-16,9074.64,5.55
2022-12-19,8888.25,5.46
2022-12-20,8798.64,5.41
2022-12-21,8802.51,5.42
2022-12-22,8740.52,5.41
2022-12-23,8729.51,5.41
2022-12-26,8708.01,5.38
2022-12-27,8798.6,5.45
2022-12-28,8813.21,5.46
2022-12-29,8734.48,5.42
2022-12-30,8793.51,5.46
2023-01-03,8850.5,5.46
2023-01-04,8920.35,5.52
2023-01-05,8944.62,5.52
2023-01-06,8926.06,5.52
2023-01-09,8921.06,5.52
2023-01-10,8870.52,5.48
2023-01-11,8918.45,5.53
2023-01-12,8883.98,5.52
2023-01-13,8960.22,5.57
2023-01-16,8994.7,5.57
2023-01-17,8981.13,5.56
2023-01-18,8991.41,5.55
2023-01-19,9027.72,5.56
2023-01-20,9116.3,5.59
2023-01-30,9083.78,5.56
2023-01-31,9103.87,5.56
2023-02-01,9131.89,5.57
2023-02-02,9146.77,5.56
2023-02-03,9065.72,5.52
2023-02-06,9014.76,5.5
2023-02-07,9062.85,5.52
2023-02-08,9022.43,5.51
2023-02-09,9089.07,5.54
2023-02-10,9093.19,5.53
2023-02-13,9125.57,5.53
2023-02-14,9172.55,5.54
2023-02-15,9116.18,5.51
2023-02-16,9037.96,5.49
2023-02-17,9049.46,5.49
2023-02-20,9252.1,5.59
2023-02-21,9356.43,5.63
2023-02-22,9361.99,5.61
2023-02-23,9374.65,5.62
2023-02-24,9336.57,5.59
2023-02-27,9326.84,5.58
2023-02-28,9368.21,5.6
2023-03-01,9431.66,5.64
2023-03-02,9473.65,5.66
2023-03-03,9514.61,5.72
2023-03-06,9470.06,5.68
2023-03-07,9413.47,5.71
2023-03-08,9406.08,5.7
2023-03-09,9375.99,5.68
2023-03-10,9208.7,5.59
2023-03-13,9320.19,5.67
2023-03-14,9243.08,5.65
2023-03-15,9354.8,5.71
2023-03-16,9268.04,5.7
2023-03-17,9323.25,5.74
2023-03-20,9279.24,5.73
2023-03-21,9277.86,5.69
2023-03-22,9321.65,5.73
2023-03-23,9329.38,5.75
2023-03-24,9253.31,5.69
2023-03-27,9178.21,5.62
2023-03-28,9181.51,5.65
2023-03-29,9154.94,5.64
2023-03-30,9212.33,5.7
2023-03-31,9243.09,5.69
2023-04-03,9285.03,5.69
2023-04-04,9318.28,5.76
2023-04-06,9260.15,5.75
2023-04-07,9295.78,5.75
2023-04-10,9298.48,5.77
2023-04-11,9358.16,5.8
2023-04-12,9450.92,5.86
2023-04-13,9452.68,5.87
2023-04-14,9441.57,5.87
2023-04-17,9571.45,5.99
2023-04-18,9606.81,6.03
2023-04-19,9598.56,6.01
2023-04-20,9613.91,6.02
2023-04-21,9498.34,5.96
2023-04-24,9491.29,5.96
2023-04-25,9522.14,6.01
2023-04-26,9545.78,5.98
2023-04-27,9571.34,6.03
2023-04-28,9679.28,6.05
2023-05-04,9873.93,6.38
2023-05-05,9899.09,6.43
2023-05-08,10116.4,6.72
2023-05-09,10036.94,6.7
2023-05-10,9850.06,6.48
2023-05-11,9845.14,6.44
2023-05-12,9786.53,6.4
2023-05-15,9785.5,6.43
2023-05-16,9716.94,6.41
2023-05-17,9671.65,6.38
2023-05-18,9729.85,6.46
2023-05-19,9611.65,6.37
2023-05-22,9612.22,6.38
2023-05-23,9490.84,6.26
2023-05-24,9355.5,6.11
2023-05-25,9312.87,6.1
2023-05-26,9393.47,6.14
2023-05-29,9469.85,6.2
2023-05-30,9466.81,6.16
2023-05-31,9392.01,6.12
2023-06-01,9359.93,6.1
2023-06-02,9417.74,6.14
2023-06-05,9467.03,6.21
2023-06-06,9398.0,6.2
2023-06-07,9470.63,6.25
2023-06-08,9570.11,6.36
2023-06-09,9552.85,6.34
2023-06-12,9499.69,6.26
2023-06-13,9483.57,6.27
2023-06-14,9442.21,6.2
2023-06-15,9464.13,6.22
2023-06-16,9437.87,6.18
2023-06-19,9326.49,6.1
2023-06-20,9257.25,6.06
2023-06-21,9188.53,6.04
2023-06-26,9073.51,5.95
2023-06-27,9231.37,6.04
2023-06-28,9292.61,6.07
2023-06-29,9277.87,6.03
2023-06-30,9311.95,6.05
2023-07-03,9410.0,6.14
2023-07-04,9363.76,6.09
2023-07-05,9352.21,6.06
2023-07-06,9314.49,6.02
2023-07-07,9350.67,6.03
2023-07-10,9389.04,6.02
2023-07-11,9407.37,6.05
2023-07-12,9359.42,6.02
2023-07-13,9459.92,6.1
2023-07-14,9475.3,6.1
2023-07-17,9423.95,5.95
2023-07-18,9424.21,5.88
2023-07-19,9475.12,5.9
2023-07-20,9442.73,5.88
2023-07-21,9449.1,5.85
2023-07-24,9452.13,5.85
2023-07-25,9610.09,5.97
2023-07-26,9632.64,5.96
2023-07-27,9642.86,5.99
2023-07-28,9819.6,6.1
2023-07-31,9895.16,6.12
2023-08-01,9904.17,6.13
2023-08-02,9813.87,6.02
2023-08-03,9867.84,6.07
2023-08-04,9840.57,6.07
2023-08-07,9754.7,6.03
2023-08-08,9741.1,6.02
2023-08-09,9701.37,6.02
2023-08-10,9740.98,6.03
2023-08-11,9590.81,5.92
2023-08-14,9585.75,5.88
2023-08-15,9649.34,5.95
2023-08-16,9644.58,5.94
2023-08-17,9645.46,5.93
2023-08-18,9603.55,5.92
2023-08-21,9503.45,5.84
2023-08-22,9579.32,5.92
2023-08-23,9552.75,5.92
2023-08-24,9507.56,5.87
2023-08-25,9530.06,5.91
2023-08-28,9661.7,6.0
2023-08-29,9680.16,5.94
2023-08-30,9609.79,5.91
2023-08-31,9510.7,5.89
2023-09-01,9612.21,5.92
2023-09-04,9761.13,6.0
2023-09-05,9685.22,5.97
2023-09-06,9683.22,5.98
2023-09-07,9632.3,5.97
2023-09-08,9569.32,5.94
2023-09-11,9641.88,5.95
2023-09-12,9629.45,5.95
2023-09-13,9656.2,5.97
2023-09-14,9752.91,6.04
2023-09-15,9736.65,5.98
2023-09-18,9747.45,5.98
2023-09-19,9812.67,6.04
2023-09-20,9825.73,6.07
2023-09-21,9761.72,6.03
2023-09-22,9803.5,6.08
2023-09-25,9783.92,6.07
2023-09-26,9739.7,6.05
2023-09-27,9706.14,6.0
2023-09-28,9707.86,6.02
2023-10-09,9673.23,6.01
2023-10-10,9577.14,5.97
2023-10-11,9547.35,5.97
2023-10-12,9643.99,6.05
2023-10-13,9631.84,6.08
2023-10-16,9652.52,6.08
2023-10-17,9671.29,6.1
2023-10-18,9582.14,6.09
2023-10-19,9422.39,5.97
2023-10-20,9373.8,5.93
2023-10-23,9248.27,5.9
2023-10-24,9318.63,5.87
2023-10-25,9401.72,5.87
2023-10-26,9446.85,5.92
2023-10-27,9484.99,5.92
2023-10-30,9387.54,5.84
2023-10-31,9404.89,5.87
2023-11-01,9393.69,5.88
2023-11-02,9409.22,5.91
2023-11-03,9365.18,5.88
2023-11-06,9350.32,5.84
2023-11-07,9345.81,5.85
2023-11-08,9335.42,5.83
2023-11-09,9396.68,5.89
2023-11-10,9362.65,5.88
2023-11-13,9379.39,5.87
2023-11-14,9366.5,5.87
2023-11-15,9412.12,5.89
2023-11-16,9400.39,5.89
2023-11-17,9376.1,5.87
2023-11-20,9399.75,5.89
2023-11-21,9434.58,5.91
2023-11-22,9405.93,5.89
2023-11-23,9479.59,5.91
2023-11-24,9485.47,5.92
2023-11-27,9460.41,5.9
2023-11-28,9459.7,5.9
2023-11-29,9393.37,5.87
2023-11-30,9424.39,5.9
2023-12-01,9452.64,5.91
2023-12-04,9453.61,5.9
2023-12-05,9331.63,5.83
2023-12-06,9327.63,5.79
2023-12-07,9341.74,5.8
2023-12-08,9339.98,5.8
2023-12-11,9482.88,5.77
2023-12-12,9555.07,5.84
2023-12-13,9476.14,5.79
2023-12-14,9467.5,5.78
2023-12-15,9411.61,5.74
2023-12-18,9390.58,5.77
2023-12-19,9374.21,5.77
2023-12-20,9332.25,5.76
2023-12-21,9322.96,5.76
2023-12-22,9301.53,5.78
2023-12-25,9316.1,5.82
2023-12-26,9261.17,5.81
2023-12-27,9314.36,5.85
2023-12-28,9302.43,5.82
2023-12-29,9351.11,5.85
2024-01-02,9447.69,5.88
2024-01-03,9547.77,5.94
2024-01-04,9589.12,6.0
2024-01-05,9594.93,6.0
2024-01-08,9494.78,5.97
2024-01-09,9548.19,5.99
2024-01-10,9495.72,5.95
2024-01-11,9446.91,5.87
2024-01-12,9469.18,5.91
2024-01-15,9516.41,5.95
2024-01-16,9549.59,5.98
2024-01-17,9415.91,5.91
2024-01-18,9354.19,5.9
2024-01-19,9299.2,5.88
2024-01-22,8991.75,5.82
2024-01-23,9099.46,5.84
2024-01-24,9301.79,5.98
2024-01-25,9569.8,6.16
2024-01-26,9694.95,6.28
2024-01-29,9720.93,6.32
2024-01-30,9593.1,6.28
2024-01-31,9557.47,6.31
2024-02-01,9462.35,6.24
2024-02-02,9454.85,6.27
2024-02-05,9447.09,6.37
2024-02-06,9670.02,6.4
2024-02-07,9860.37,6.41
2024-02-08,9874.46,6.38
2024-02-19,10071.54,6.57
2024-02-20,10186.98,6.63
2024-02-21,10189.36,6.67
2024-02-22,10338.0,6.77
2024-02-23,10301.44,6.78
2024-02-26,10120.11,6.61
2024-02-27,10173.24,6.62
2024-02-28,10078.09,6.61
2024-02-29,10194.19,6.64
2024-03-01,10194.61,6.64
2024-03-04,10242.65,6.68
2024-03-05,10298.0,6.77
2024-03-06,10295.12,6.72
2024-03-07,10344.42,6.76
2024-03-08,10401.64,6.76
2024-03-11,10323.12,6.7
2024-03-12,10128.59,6.53
2024-03-13,10085.95,6.5
2024-03-14,10112.87,6.53
2024-03-15,10112.44,6.53
2024-03-18,10088.32,6.51
2024-03-19,10051.66,6.48
2024-03-20,10090.99,6.55
2024-03-21,10103.45,6.56
2024-03-22,10069.38,6.56
2024-03-25,10078.1,6.61
2024-03-26,10071.31,6.61
2024-03-27,10037.3,6.63
2024-03-28,10027.81,6.57
2024-03-29,10131.5,6.67
2024-04-01,10161.82,6.67
2024-04-02,10199.6,6.72
2024-04-03,10300.51,6.76
2024-04-08,10283.88,6.8
2024-04-09,10246.41,6.74
2024-04-10,10270.24,6.77
2024-04-11,10360.67,6.77
2024-04-12,10325.68,6.76
2024-04-15,10516.63,6.93
2024-04-16,10481.76,6.98
2024-04-17,10674.41,7.04
2024-04-18,10720.27,7.04
2024-04-19,10752.01,7.08
2024-04-22,10533.83,6.96
2024-04-23,10358.59,6.9
2024-04-24,10373.45,6.9
2024-04-25,10425.35,6.94
2024-04-26,10360.12,6.9
2024-04-29,10350.81,6.84
2024-04-30,10369.98,6.88
2024-05-06,10473.04,7.35
2024-05-07,10477.15,7.37
2024-05-08,10489.69,7.41
2024-05-09,10564.32,7.4
2024-05-10,10621.45,7.43
2024-05-13,10651.39,7.44
2024-05-14,10620.82,7.39
2024-05-15,10613.67,7.38
2024-05-16,10639.21,7.4
2024-05-17,10749.0,7.49
2024-05-20,10849.78,7.55
2024-05-21,10887.32,7.58
2024-05-22,10882.77,7.59
2024-05-23,10744.68,7.54
2024-05-24,10719.19,7.51
2024-05-27,10873.93,7.62
2024-05-28,10822.26,7.63
2024-05-29,10846.36,7.63
2024-05-30,10758.38,7.55
2024-05-31,10767.35,7.53
2024-06-03,10701.46,7.55
2024-06-04,10756.03,7.53
2024-06-05,10619.03,7.49
2024-06-06,10651.9,7.53
2024-06-07,10735.63,7.54
2024-06-11,10557.18,7.42
2024-06-12,10680.15,7.46
2024-06-13,10565.23,7.44
2024-06-14,10570.88,7.43
2024-06-17,10435.98,7.33
2024-06-18,10474.26,7.36
2024-06-19,10443.66,7.4
2024-06-20,10421.25,7.44
2024-06-21,10425.87,7.41
2024-06-24,10301.08,7.42
2024-06-25,10334.14,7.43
2024-06-26,10375.83,7.41
2024-06-27,10323.24,7.43
2024-06-28,10382.42,7.52
2024-07-01,10608.55,7.65
2024-07-02,10595.02,7.74
2024-07-03,10511.83,7.68
2024-07-04,10446.72,7.71
2024-07-05,10417.53,7.61
2024-07-08,10361.68,7.62
2024-07-09,10478.07,7.66
2024-07-10,10288.98,7.57
2024-07-11,10321.36,7.55
2024-07-12,10312.1,7.58
2024-07-15,10402.19,7.7
2024-07-16,10352.78,7.65
2024-07-17,10295.18,7.58
2024-07-18,10320.76,7.61
2024-07-19,10254.52,7.56
2024-07-22,10159.8,7.46
2024-07-23,10033.72,7.49
2024-07-24,10017.89,7.52
2024-07-25,9993.86,7.44
2024-07-26,10000.62,7.35
2024-07-29,10010.11,7.42
2024-07-30,9950.11,7.35
2024-07-31,10107.48,7.33
2024-08-01,10089.66,7.36
2024-08-02,10063.88,7.33
2024-08-05,9947.9,7.24
2024-08-06,9916.67,7.18
2024-08-07,9943.44,7.21
2024-08-08,9990.02,7.22
2024-08-09,9948.16,7.26
2024-08-12,10003.68,7.28
2024-08-13,10018.91,7.31
2024-08-14,9977.7,7.31
2024-08-15,10067.07,7.38
2024-08-16,10067.7,7.44
2024-08-19,10152.59,7.54
2024-08-20,10035.84,7.52
2024-08-21,9956.95,7.48
2024-08-22,9941.22,7.54
2024-08-23,9951.57,7.56
2024-08-26,9940.36,7.57
2024-08-27,9938.47,7.66
2024-08-28,9896.1,7.59
2024-08-29,9752.64,7.36
2024-08-30,9786.65,7.28
2024-09-02,9822.66,7.35
2024-09-03,9752.38,7.18
2024-09-04,9739.71,7.11
2024-09-05,9746.08,7.07
2024-09-06,9652.05,7.05
2024-09-09,9489.07,6.95
2024-09-10,9497.0,7.02
2024-09-11,9315.21,6.84
2024-09-12,9342.7,6.88
2024-09-13,9305.49,6.86
2024-09-18,9412.29,6.97
2024-09-19,9444.54,6.94
2024-09-20,9435.54,6.98
2024-09-23,9535.88,7.07
2024-09-24,9966.39,7.37
2024-09-25,10104.8,7.44
2024-09-26,10471.96,7.62
2024-09-27,10624.35,7.55
2024-09-30,11305.54,7.91
2024-10-08,11413.34,7.95
2024-10-09,10540.9,7.51
2024-10-10,10868.04,7.8
2024-10-11,10677.37,7.73
2024-10-14,10957.84,7.92
2024-10-15,10715.16,7.73
2024-10-16,10862.8,7.82
2024-10-17,10681.45,7.71
2024-10-18,10774.78,7.77
2024-10-21,10705.16,7.67
2024-10-22,10774.48,7.69
2024-10-23,10793.85,7.69
2024-10-24,10741.66,7.67
2024-10-25,10752.51,7.63
2024-10-28,10859.35,7.61
2024-10-29,10693.53,7.56
2024-10-30,10601.29,7.48
2024-10-31,10561.22,7.46
2024-11-01,10647.12,7.61
2024-11-04,10738.75,7.61
2024-11-05,10876.5,7.67
2024-11-06,10836.66,7.61
2024-11-07,11053.18,7.73
2024-11-08,10903.07,7.64
2024-11-11,10826.19,7.54
2024-11-12,10769.55,7.47
2024-11-13,10815.78,7.52
2024-11-14,10676.15,7.51
2024-11-15,10644.01,7.5
2024-11-18,10819.61,7.65
2024-11-19,10828.58,7.61
2024-11-20,10860.89,7.61
2024-11-21,10851.72,7.61
2024-11-22,10557.44,7.46
2024-11-25,10573.89,7.48
2024-11-26,10577.91,7.52
2024-11-27,10692.78,7.6
2024-11-28,10654.27,7.58
2024-11-29,10721.5,7.57
2024-12-02,10777.92,7.58
2024-12-03,10887.86,7.68
2024-12-04,10905.87,7.77
2024-12-05,10887.72,7.73
2024-12-06,11036.63,7.79
2024-12-09,11054.71,7.83
2024-12-10,11056.91,7.86
2024-12-11,11117.67,7.82
2024-12-12,11161.19,7.89
2024-12-13,10965.98,7.79
2024-12-16,11057.76,7.53
2024-12-17,11017.85,7.52
2024-12-18,11086.19,7.57
2024-12-19,10979.52,7.49
2024-12-20,10888.09,7.45
2024-12-23,10893.49,7.59
2024-12-24,11018.44,7.68
2024-12-25,11061.27,7.78
2024-12-26,11010.23,7.74
2024-12-27,11033.61,7.74
2024-12-30,11166.39,7.82
2024-12-31,11105.12,7.78
2025-01-02,10883.67,7.61
2025-01-03,10792.57,7.57
2025-01-06,10832.07,7.6
2025-01-07,10803.48,7.59
2025-01-08,10784.34,7.62
2025-01-09,10624.92,7.52
2025-01-10,10471.16,7.45
2025-01-13,10390.0,7.38
2025-01-14,10581.02,7.45
2025-01-15,10584.54,7.47
2025-01-16,10670.3,7.53
2025-01-17,10640.57,7.47
2025-01-20,10624.83,7.41
2025-01-21,10559.02,7.38
2025-01-22,10461.01,7.26
2025-01-23,10574.17,7.39
2025-01-24,10650.47,7.4
2025-01-27,10785.27,7.52
2025-02-05,10572.72,7.37
2025-02-06,10581.38,7.37
2025-02-07,10652.57,7.39
2025-02-10,10640.42,7.37
2025-02-11,10680.75,7.44
2025-02-12,10683.16,7.46
2025-02-13,10687.09,7.47
2025-02-14,10707.89,7.49
2025-02-17,10662.85,7.48
2025-02-18,10627.01,7.52
2025-02-19,10597.16,7.47
2025-02-20,10571.85,7.47
2025-02-21,10503.86,7.39
2025-02-24,10512.75,7.36
2025-02-25,10443.16,7.3
2025-02-26,10574.12,7.34
2025-02-27,10691.01,7.4
2025-02-28,10613.05,7.35
2025-03-03,10601.57,7.34
2025-03-04,10602.6,7.29
2025-03-05,10652.85,7.37
2025-03-06,10650.33,7.35
2025-03-07,10664.75,7.35
2025-03-10,10696.02,7.32
2025-03-11,10764.16,7.36
2025-03-12,10720.86,7.31
2025-03-13,10795.83,7.37
2025-03-14,10877.96,7.43
2025-03-17,10918.11,7.47
2025-03-18,10899.38,7.46
2025-03-19,10915.82,7.5
2025-03-20,10885.75,7.48
2025-03-21,10839.41,7.42
2025-03-24,10900.09,7.48
2025-03-25,10969.18,7.53
2025-03-26,10953.89,7.51
2025-03-27,10943.61,7.53
2025-03-28,10864.15,7.49
2025-03-31,10807.24,7.52
2025-04-01,10912.2,7.5
2025-04-02,10951.82,7.54
2025-04-03,10966.63,7.57
2025-04-07,10234.98,7.19
2025-04-08,10496.5,7.36
2025-04-09,10527.77,7.32
2025-04-10,10627.32,7.33
2025-04-11,10579.47,7.34
2025-04-14,10674.22,7.4
2025-04-15,10725.42,7.49
2025-04-16,10774.18,7.59
2025-04-17,10751.91,7.59
2025-04-18,10759.3,7.62
2025-04-21,10744.69,7.56
2025-04-22,10786.37,7.63
2025-04-23,10738.32,7.59
2025-04-24,10796.01,7.68
2025-04-25,10781.84,7.63
2025-04-28,10780.04,7.68
2025-04-29,10757.03,7.66
2025-04-30,10690.89,7.53
2025-05-06,10717.89,7.49
2025-05-07,10790.43,7.6
2025-05-08,10807.39,7.61
2025-05-09,10868.16,7.67
2025-05-12,10905.77,7.68
2025-05-13,10982.01,7.77
2025-05-14,11043.99,7.83
2025-05-15,11005.76,7.82
2025-05-16,10944.62,7.74
2025-05-19,10980.04,7.73
2025-05-20,11014.53,7.74
2025-05-21,11102.38,7.79
2025-05-22,11085.26,7.83
2025-05-23,10980.66,7.75
2025-05-26,10907.94,7.7
2025-05-27,10879.59,7.71
2025-05-28,10917.32,7.73
2025-05-29,10939.36,7.72
2025-05-30,10956.06,7.75
2025-06-03,10996.08,7.79
2025-06-04,11036.39,7.8
2025-06-05,10973.21,7.77
2025-06-06,10981.29,7.8
2025-06-09,11010.59,7.8
2025-06-10,11010.91,7.83
2025-06-11,11055.18,7.86
2025-06-12,11061.64,7.87
2025-06-13,10994.17,7.84
2025-06-16,11019.13,7.88
2025-06-17,11018.05,7.9
2025-06-18,11017.7,7.94
2025-06-19,10952.08,7.95
2025-06-20,10987.24,7.98
2025-06-23,11025.58,8.06
2025-06-24,11060.89,8.07
2025-06-25,11133.04,8.09
2025-06-26,11141.27,8.1
2025-06-27,11096.46,7.94
2025-06-30,11090.51,7.94
2025-07-01,11180.84,8.01
2025-07-02,11261.08,8.05
2025-07-03,11267.01,8.02
2025-07-04,11329.13,8.13
2025-07-07,11386.58,8.12
2025-07-08,11380.98,8.12
2025-07-09,11422.38,8.16
2025-07-10,11508.42,8.24
2025-07-11,11444.11,8.16
2025-07-14,11512.01,8.21
2025-07-15,11385.29,8.16
2025-07-16,11344.88,8.13
2025-07-17,11342.19,8.07
2025-07-18,11395.88,8.12
2025-07-21,11538.93,8.12
2025-07-22,11728.79,8.13
2025-07-23,11690.25,8.16
2025-07-24,11741.68,8.09
2025-07-25,11672.83,8.03
2025-07-28,11553.33,8.0
2025-07-29,11549.03,7.97
2025-07-30,11579.49,8.05
2025-07-31,11378.74,8.02
2025-08-01,11378.49,7.97
2025-08-04,11431.91,8.01
2025-08-05,11556.36,8.13
2025-08-06,11629.67,8.16
2025-08-07,11649.33,8.21
2025-08-08,11655.42,8.21
2025-08-11,11605.78,8.15
2025-08-12,11670.85,8.21
2025-08-13,11610.69,8.15
2025-08-14,11499.49,8.16
2025-08-15,11527.07,8.08
2025-08-18,11504.94,8.09
2025-08-19,11493.94,8.11
2025-08-20,11580.73,8.17
2025-08-21,11642.85,8.25
2025-08-22,11625.12,8.26
2025-08-25,11710.41,8.29
2025-08-26,11697.03,8.27
2025-08-27,11486.08,8.1
2025-08-28,11510.49,8.09
2025-08-29,11503.57,8.06
2025-09-01,11475.97,8.41
2025-09-02,11512.16,8.55
2025-09-03,11415.15,8.48
2025-09-04,11410.18,8.57
2025-09-05,11445.41,8.48
2025-09-08,11533.79,8.45
2025-09-09,11559.63,8.48
2025-09-10,11503.05,8.47
2025-09-11,11552.73,8.49
2025-09-12,11494.04,8.42
2025-09-15,11457.64,8.39
2025-09-16,11458.41,8.32
2025-09-17,11488.7,8.3
2025-09-18,11284.48,8.12
2025-09-19,11377.28,8.1
2025-09-22,11305.11,8.02
2025-09-23,11346.75,8.12
2025-09-24,11375.76,8.11
2025-09-25,11320.56,8.08
2025-09-26,11354.81,8.09
2025-09-29,11403.68,8.06
2025-09-30,11376.91,8.02
2025-10-09,11462.94,8.08
2025-10-10,11581.0,8.13
2025-10-13,11529.96,8.13
2025-10-14,11659.07,8.3
2025-10-15,11712.15,8.35
2025-10-16,11757.64,8.48
2025-10-17,11667.41,8.47
2025-10-20,11754.93,8.52
2025-10-21,11759.99,8.56
2025-10-22,11771.55,8.66
2025-10-23,11867.91,8.73
2025-10-24,11806.38,8.7
2025-10-27,11861.54,8.78
2025-10-28,11799.23,8.78
2025-10-29,11804.47,8.69
2025-10-30,11756.03,8.69
2025-10-31,11750.01,8.63
2025-11-03,11855.99,8.75
2025-11-04,11899.87,8.86
2025-11-05,11949.86,8.87
2025-11-06,11996.86,8.87
2025-11-07,12011.57,8.86
2025-11-10,12103.68,8.92
2025-11-11,12078.72,8.94
2025-11-12,12086.72,9.03
2025-11-13,12119.24,9.02
2025-11-14,12047.32,9.01
2025-11-17,11988.34,8.93
2025-11-18,11822.18,8.88
2025-11-19,11840.74,9.0
2025-11-20,11818.54,9.03
2025-11-21,11610.37,8.94
2025-11-24,11553.19,8.85
2025-11-25,11611.44,8.92
2025-11-26,11562.47,8.83
2025-11-27,11581.72,8.89
2025-11-28,11593.93,8.83
2025-12-01,11690.06,8.86
2025-12-02,11675.51,8.88
2025-12-03,11652.59,8.82
2025-12-04,11610.17,8.79
2025-12-05,11620.64,8.76
2025-12-08,11556.79,8.75
2025-12-09,11451.03,8.76
2025-12-10,11460.93,8.65
2025-12-11,11369.87,8.67
2025-12-12,11354.27,8.61
2025-12-15,11421.49,8.49
2025-12-16,11332.08,8.45
2025-12-17,11364.87,8.48
2025-12-18,11457.02,8.58
2025-12-19,11477.2,8.54
2025-12-22,11424.62,8.54
2025-12-23,11426.52,8.59
2025-12-24,11453.94,8.56
2025-12-25,11486.25,8.54
2025-12-26,11543.41,8.53
2025-12-29,11518.27,8.6
2025-12-30,11512.98,8.61
2025-12-31,11522.96,8.65
2026-01-05,11567.21,8.61
2026-01-06,11705.23,8.66
2026-01-07,11710.77,8.58
2026-01-08,11672.42,8.52
2026-01-09,11712.44,8.52
2026-01-12,11753.44,8.53
2026-01-13,11713.23,8.58
2026-01-14,11634.13,8.46
2026-01-15,11611.91,8.43
2026-01-16,11513.77,8.32
2026-01-19,11609.14,8.3
2026-01-20,11762.03,8.38
2026-01-21,11690.14,8.25
2026-01-22,11775.25,8.24
2026-01-23,11770.14,8.15
2026-01-26,11846.94,8.27
2026-01-27,11745.91,8.26
2026-01-28,11929.22,8.29
2026-01-29,12076.72,8.37
2026-01-30,11955.83,8.35
2026-02-02,11582.19,8.26
2026-02-03,11670.15,8.19
2026-02-04,11983.09,8.33
2026-02-05,11932.84,8.35
2026-02-06,11904.0,8.34
2026-02-09,11984.85,8.39
2026-02-10,12028.81,8.41
2026-02-11,12116.3,8.45
2026-02-12,12077.48,8.37
2026-02-13,11902.31,8.24
2026-02-24,12083.29,8.31
2026-02-25,12148.72,8.3
2026-02-26,12113.75,8.25
2026-02-27,12235.11,8.25
2026-03-02,12400.03,8.45
2026-03-03,12498.39,8.7
2026-03-04,12296.93,8.62
2026-03-05,12283.01,8.59
2026-03-06,12306.07,8.55
2026-03-09,12314.48,8.6
2026-03-10,12222.04,8.46
2026-03-11,12399.88,8.55
2026-03-12,12549.71,8.61
2026-03-13,12503.36,8.59
2026-03-16,12414.97,8.58
2026-03-17,12322.82,8.64
2026-03-18,12249.16,8.59
2026-03-19,12177.32,8.68
2026-03-20,12121.58,8.62
2026-03-23,11813.9,8.44
2026-03-24,11995.89,8.49
2026-03-25,12025.27,8.49
2026-03-26,12030.64,8.52
2026-03-27,12059.75,8.52
2026-03-30,12171.18,8.61
2026-03-31,12029.08,8.63
2026-04-01,12036.23,8.62
2026-04-02,12064.34,8.72
2026-04-03,11864.39,8.62
2026-04-07,11924.35,8.6
2026-04-08,12020.25,8.55
2026-04-09,11929.3,8.52
2026-04-10,11954.91,8.49
2026-04-13,11945.58,8.51
2026-04-14,11971.09,8.55
2026-04-15,12013.84,8.6
2026-04-16,12043.07,8.58
2026-04-17,11963.46,8.54
2026-04-20,11978.57,8.61
2026-04-21,12084.28,8.65
2026-04-22,12083.3,8.59
2026-04-23,12144.11,8.64
2026-04-24,12133.64,8.65
2026-04-27,12107.45,8.59
2026-04-28,12244.0,8.67
2026-04-29,12364.05,8.68
2026-04-30,12328.65,8.63
2026-05-06,12363.89,8.57
2026-05-07,12164.95,8.46
2026-05-08,12123.91,8.45
2026-05-11,12177.15,8.44
2026-05-12,12158.76,8.44
2026-05-13,12110.01,8.36
2026-05-14,12001.03,8.38
2026-05-15,11971.67,8.37
2026-05-18,11916.51,8.33
2026-05-19,11933.71,8.35
2026-05-20,11896.07,8.28
2026-05-21,11715.36,8.24
2026-05-22,11695.25,8.21
2026-05-25,11756.21,8.19
2026-05-26,11766.83,8.21
2026-05-27,11666.68,8.15
2026-05-28,11646.8,8.09
2026-05-29,11797.2,8.21
2026-06-01,12111.54,8.34
2026-06-02,12074.41,8.34
