日期,收盘价,市盈率
2004-01-01,1000.0,nan
2004-12-31,1000.0,nan
2005-01-04,986.93,nan
2005-01-05,1003.63,nan
2005-01-06,994.6,nan
2005-01-07,997.61,nan
2005-01-10,1006.34,nan
2005-01-11,1008.34,nan
2005-01-12,1008.62,nan
2005-01-13,1013.07,nan
2005-01-14,1000.17,nan
2005-01-17,977.52,nan
2005-01-18,991.42,nan
2005-01-19,986.24,nan
2005-01-20,972.46,nan
2005-01-21,988.52,nan
2005-01-24,1008.17,nan
2005-01-25,999.55,nan
2005-01-26,987.96,nan
2005-01-27,971.37,nan
2005-01-28,952.41,nan
2005-01-31,922.65,nan
2005-02-01,913.33,nan
2005-02-02,964.24,nan
2005-02-03,945.31,nan
2005-02-04,962.03,nan
2005-02-16,972.34,nan
2005-02-17,977.27,nan
2005-02-18,964.77,nan
2005-02-21,981.82,nan
2005-02-22,1007.69,nan
2005-02-23,1019.26,nan
2005-02-24,1024.45,nan
2005-02-25,1024.12,nan
2005-02-28,1020.85,nan
2005-03-01,1021.16,nan
2005-03-02,1006.15,nan
2005-03-03,1011.29,nan
2005-03-04,1003.21,nan
2005-03-07,1006.95,nan
2005-03-08,1029.46,nan
2005-03-09,1032.55,nan
2005-03-10,1005.54,nan
2005-03-11,1009.43,nan
2005-03-14,1007.77,nan
2005-03-15,993.83,nan
2005-03-16,983.92,nan
2005-03-17,970.97,nan
2005-03-18,949.51,nan
2005-03-21,949.55,nan
2005-03-22,922.56,nan
2005-03-23,923.19,nan
2005-03-24,933.35,nan
2005-03-25,931.42,nan
2005-03-28,922.92,nan
2005-03-29,916.81,nan
2005-03-30,888.95,nan
2005-03-31,896.07,nan
2005-04-01,927.55,nan
2005-04-04,909.87,nan
2005-04-05,901.74,nan
2005-04-06,918.56,nan
2005-04-07,932.33,nan
2005-04-08,949.46,nan
2005-04-11,948.51,nan
2005-04-12,927.41,nan
2005-04-13,950.23,nan
2005-04-14,935.42,nan
2005-04-15,913.27,nan
2005-04-18,901.12,nan
2005-04-19,902.79,nan
2005-04-20,884.08,nan
2005-04-21,867.33,nan
2005-04-22,857.4,nan
2005-04-25,841.06,nan
2005-04-26,855.24,nan
2005-04-27,839.95,nan
2005-04-28,860.62,nan
2005-04-29,847.61,nan
2005-05-09,818.4,nan
2005-05-10,818.09,nan
2005-05-11,811.57,nan
2005-05-12,807.51,nan
2005-05-13,814.88,nan
2005-05-16,808.17,nan
2005-05-17,818.46,nan
2005-05-18,824.64,nan
2005-05-19,824.94,nan
2005-05-20,819.13,nan
2005-05-23,793.72,nan
2005-05-24,808.74,nan
2005-05-25,809.7,nan
2005-05-26,799.02,nan
2005-05-27,791.0,nan
2005-05-30,797.53,nan
2005-05-31,796.87,nan
2005-06-01,778.67,nan
2005-06-02,769.42,nan
2005-06-03,765.97,nan
2005-06-06,778.21,nan
2005-06-07,779.84,nan
2005-06-08,841.36,nan
2005-06-09,849.72,nan
2005-06-10,831.6,nan
2005-06-13,834.25,nan
2005-06-14,818.19,nan
2005-06-15,796.26,nan
2005-06-16,803.94,nan
2005-06-17,800.14,nan
2005-06-20,823.73,nan
2005-06-21,816.2,nan
2005-06-22,818.65,nan
2005-06-23,809.35,nan
2005-06-24,813.2,nan
2005-06-27,834.35,nan
2005-06-28,819.05,nan
2005-06-29,814.06,nan
2005-06-30,791.5,nan
2005-07-01,760.35,nan
2005-07-04,749.48,nan
2005-07-05,744.6,nan
2005-07-06,743.44,nan
2005-07-07,747.42,nan
2005-07-08,722.85,nan
2005-07-11,714.47,nan
2005-07-12,739.53,nan
2005-07-13,732.44,nan
2005-07-14,732.54,nan
2005-07-15,714.49,nan
2005-07-18,696.85,nan
2005-07-19,703.07,nan
2005-07-20,707.29,nan
2005-07-21,704.79,nan
2005-07-22,721.45,nan
2005-07-25,718.87,nan
2005-07-26,735.86,nan
2005-07-27,750.02,nan
2005-07-28,747.23,nan
2005-07-29,744.82,nan
2005-08-01,750.49,nan
2005-08-02,763.29,nan
2005-08-03,769.75,nan
2005-08-04,765.26,nan
2005-08-05,787.82,nan
2005-08-08,800.12,nan
2005-08-09,814.19,nan
2005-08-10,823.84,nan
2005-08-11,832.84,nan
2005-08-12,816.39,nan
2005-08-15,839.67,nan
2005-08-16,839.26,nan
2005-08-17,854.53,nan
2005-08-18,820.66,nan
2005-08-19,820.87,nan
2005-08-22,831.5,nan
2005-08-23,816.91,nan
2005-08-24,826.72,nan
2005-08-25,836.42,nan
2005-08-26,840.43,nan
2005-08-29,832.25,nan
2005-08-30,827.55,nan
2005-08-31,845.14,nan
2005-09-01,865.4,nan
2005-09-02,872.48,nan
2005-09-05,884.29,nan
2005-09-06,862.49,nan
2005-09-07,888.12,nan
2005-09-08,889.69,nan
2005-09-09,879.5,nan
2005-09-12,883.56,nan
2005-09-13,904.31,nan
2005-09-14,914.98,nan
2005-09-15,918.51,nan
2005-09-16,917.64,nan
2005-09-19,930.49,nan
2005-09-20,924.16,nan
2005-09-21,909.79,nan
2005-09-22,880.01,nan
2005-09-23,868.55,nan
2005-09-26,874.84,nan
2005-09-27,856.96,nan
2005-09-28,852.36,nan
2005-09-29,871.29,nan
2005-09-30,869.51,nan
2005-10-10,858.75,nan
2005-10-11,878.62,nan
2005-10-12,887.71,nan
2005-10-13,883.45,nan
2005-10-14,876.05,nan
2005-10-17,878.76,nan
2005-10-18,893.7,nan
2005-10-19,886.31,nan
2005-10-20,886.55,nan
2005-10-21,895.03,nan
2005-10-24,897.76,nan
2005-10-25,877.58,nan
2005-10-26,854.03,nan
2005-10-27,847.59,nan
2005-10-28,825.06,nan
2005-10-31,828.66,nan
2005-11-01,823.33,nan
2005-11-02,840.32,nan
2005-11-03,828.91,nan
2005-11-04,835.12,nan
2005-11-07,842.0,nan
2005-11-08,848.97,nan
2005-11-09,845.11,nan
2005-11-10,821.27,nan
2005-11-11,823.96,nan
2005-11-14,827.57,nan
2005-11-15,820.49,nan
2005-11-16,826.69,nan
2005-11-17,825.8,nan
2005-11-18,843.74,nan
2005-11-21,846.96,nan
2005-11-22,831.77,nan
2005-11-23,838.12,nan
2005-11-24,841.7,nan
2005-11-25,841.13,nan
2005-11-28,838.34,nan
2005-11-29,827.01,nan
2005-11-30,829.5,nan
2005-12-01,828.19,nan
2005-12-02,817.86,nan
2005-12-05,796.93,nan
2005-12-06,798.88,nan
2005-12-07,806.78,nan
2005-12-08,805.56,nan
2005-12-09,819.2,nan
2005-12-12,824.52,nan
2005-12-13,824.86,nan
2005-12-14,832.51,nan
2005-12-15,827.54,nan
2005-12-16,834.54,nan
2005-12-19,834.71,nan
2005-12-20,836.12,nan
2005-12-21,830.77,nan
2005-12-22,835.5,nan
2005-12-23,845.59,nan
2005-12-26,853.17,nan
2005-12-27,854.53,nan
2005-12-28,857.21,nan
2005-12-29,866.75,nan
2005-12-30,860.13,nan
2006-01-04,871.73,nan
2006-01-05,882.73,nan
2006-01-06,891.94,nan
2006-01-09,905.07,nan
2006-01-10,911.19,nan
2006-01-11,906.5,nan
2006-01-12,927.42,nan
2006-01-13,932.5,nan
2006-01-16,920.33,nan
2006-01-17,919.28,nan
2006-01-18,939.14,nan
2006-01-19,949.91,nan
2006-01-20,952.77,nan
2006-01-23,961.07,nan
2006-01-24,960.35,nan
2006-01-25,957.79,nan
2006-02-06,980.91,nan
2006-02-07,981.57,nan
2006-02-08,982.94,nan
2006-02-09,969.58,nan
2006-02-10,980.8,nan
2006-02-13,977.4,nan
2006-02-14,986.06,nan
2006-02-15,986.16,nan
2006-02-16,958.59,nan
2006-02-17,949.99,nan
2006-02-20,943.77,nan
2006-02-21,960.02,nan
2006-02-22,959.95,nan
2006-02-23,958.72,nan
2006-02-24,967.16,nan
2006-02-27,963.38,nan
2006-02-28,964.73,nan
2006-03-01,972.07,nan
2006-03-02,953.37,nan
2006-03-03,954.46,nan
2006-03-06,952.35,nan
2006-03-07,928.58,nan
2006-03-08,924.83,nan
2006-03-09,920.13,nan
2006-03-10,921.68,nan
2006-03-13,928.52,nan
2006-03-14,931.72,nan
2006-03-15,942.69,nan
2006-03-16,945.52,nan
2006-03-17,943.73,nan
2006-03-20,956.14,nan
2006-03-21,959.93,nan
2006-03-22,972.14,nan
2006-03-23,980.84,nan
2006-03-24,974.27,nan
2006-03-27,984.15,nan
2006-03-28,994.52,nan
2006-03-29,997.7,nan
2006-03-30,986.96,nan
2006-03-31,1000.25,nan
2006-04-03,1025.79,nan
2006-04-04,1038.11,nan
2006-04-05,1048.67,nan
2006-04-06,1053.69,nan
2006-04-07,1068.11,nan
2006-04-10,1090.72,nan
2006-04-11,1094.41,nan
2006-04-12,1095.5,nan
2006-04-13,1062.69,nan
2006-04-14,1088.18,nan
2006-04-17,1093.51,nan
2006-04-18,1097.73,nan
2006-04-19,1100.66,nan
2006-04-20,1091.85,nan
2006-04-21,1102.55,nan
2006-04-24,1094.38,nan
2006-04-25,1103.06,nan
2006-04-26,1116.81,nan
2006-04-27,1125.32,nan
2006-04-28,1141.69,nan
2006-05-08,1180.73,nan
2006-05-09,1218.09,nan
2006-05-10,1241.57,nan
2006-05-11,1237.77,nan
2006-05-12,1283.68,nan
2006-05-15,1344.92,nan
2006-05-16,1297.93,nan
2006-05-17,1318.97,nan
2006-05-18,1328.21,nan
2006-05-19,1365.65,nan
2006-05-22,1386.75,nan
2006-05-23,1326.16,nan
2006-05-24,1308.69,nan
2006-05-25,1324.92,nan
2006-05-26,1355.5,nan
2006-05-29,1387.52,nan
2006-05-30,1410.54,nan
2006-05-31,1402.33,nan
2006-06-01,1455.74,nan
2006-06-02,1457.76,nan
2006-06-05,1484.29,nan
2006-06-06,1470.45,nan
2006-06-07,1370.81,nan
2006-06-08,1376.08,nan
2006-06-09,1346.48,nan
2006-06-12,1352.58,nan
2006-06-13,1361.53,nan
2006-06-14,1347.88,nan
2006-06-15,1352.34,nan
2006-06-16,1382.41,nan
2006-06-19,1397.99,nan
2006-06-20,1414.91,nan
2006-06-21,1410.5,nan
2006-06-22,1411.28,nan
2006-06-23,1430.51,nan
2006-06-26,1457.14,nan
2006-06-27,1464.69,nan
2006-06-28,1461.79,nan
2006-06-29,1488.16,nan
2006-06-30,1486.0,nan
2006-07-03,1514.07,nan
2006-07-04,1508.84,nan
2006-07-05,1497.66,nan
2006-07-06,1539.18,nan
2006-07-07,1541.25,nan
2006-07-10,1550.04,nan
2006-07-11,1561.84,nan
2006-07-12,1562.06,nan
2006-07-13,1459.78,nan
2006-07-14,1470.47,nan
2006-07-17,1494.79,nan
2006-07-18,1506.59,nan
2006-07-19,1472.35,nan
2006-07-20,1484.41,nan
2006-07-21,1493.04,nan
2006-07-24,1496.61,nan
2006-07-25,1518.17,nan
2006-07-26,1523.86,nan
2006-07-27,1506.56,nan
2006-07-28,1492.11,nan
2006-07-31,1425.04,nan
2006-08-01,1408.9,nan
2006-08-02,1401.86,nan
2006-08-03,1401.16,nan
2006-08-04,1354.78,nan
2006-08-07,1323.73,nan
2006-08-08,1364.99,nan
2006-08-09,1367.39,nan
2006-08-10,1391.14,nan
2006-08-11,1398.01,nan
2006-08-14,1356.85,nan
2006-08-15,1383.36,nan
2006-08-16,1407.31,nan
2006-08-17,1395.72,nan
2006-08-18,1384.9,nan
2006-08-21,1392.97,nan
2006-08-22,1408.85,nan
2006-08-23,1403.58,nan
2006-08-24,1416.9,nan
2006-08-25,1421.1,nan
2006-08-28,1457.32,nan
2006-08-29,1456.44,nan
2006-08-30,1468.66,nan
2006-08-31,1479.9,nan
2006-09-01,1451.95,nan
2006-09-04,1484.44,nan
2006-09-05,1490.15,nan
2006-09-06,1497.01,nan
2006-09-07,1472.51,nan
2006-09-08,1473.92,nan
2006-09-11,1481.93,nan
2006-09-12,1487.74,nan
2006-09-13,1466.04,nan
2006-09-14,1467.8,nan
2006-09-15,1484.69,nan
2006-09-18,1507.94,nan
2006-09-19,1512.96,nan
2006-09-20,1517.29,nan
2006-09-21,1521.95,nan
2006-09-22,1509.38,nan
2006-09-25,1514.28,nan
2006-09-26,1508.2,nan
2006-09-27,1522.45,nan
2006-09-28,1535.27,nan
2006-09-29,1550.8,nan
2006-10-09,1579.52,nan
2006-10-10,1588.81,nan
2006-10-11,1591.45,nan
2006-10-12,1567.29,nan
2006-10-13,1575.86,nan
2006-10-16,1567.09,nan
2006-10-17,1568.51,nan
2006-10-18,1588.59,nan
2006-10-19,1597.38,nan
2006-10-20,1587.9,nan
2006-10-23,1537.32,nan
2006-10-24,1577.09,nan
2006-10-25,1565.9,nan
2006-10-26,1556.69,nan
2006-10-27,1530.26,nan
2006-10-30,1527.22,nan
2006-10-31,1541.64,nan
2006-11-01,1548.52,nan
2006-11-02,1545.83,nan
2006-11-03,1549.65,nan
2006-11-06,1540.61,nan
2006-11-07,1525.65,nan
2006-11-08,1521.45,nan
2006-11-09,1537.86,nan
2006-11-10,1498.87,nan
2006-11-13,1445.68,nan
2006-11-14,1461.72,nan
2006-11-15,1484.45,nan
2006-11-16,1462.68,nan
2006-11-17,1476.75,nan
2006-11-20,1466.65,nan
2006-11-21,1477.68,nan
2006-11-22,1500.81,nan
2006-11-23,1509.31,nan
2006-11-24,1532.02,nan
2006-11-27,1567.05,nan
2006-11-28,1577.18,nan
2006-11-29,1597.0,nan
2006-11-30,1623.82,nan
2006-12-01,1629.21,nan
2006-12-04,1663.2,nan
2006-12-05,1675.46,nan
2006-12-06,1649.14,nan
2006-12-07,1632.91,nan
2006-12-08,1571.18,nan
2006-12-11,1621.26,nan
2006-12-12,1626.59,nan
2006-12-13,1634.84,nan
2006-12-14,1662.27,nan
2006-12-15,1689.67,nan
2006-12-18,1717.23,nan
2006-12-19,1724.53,nan
2006-12-20,1756.0,nan
2006-12-21,1737.38,nan
2006-12-22,1728.4,nan
2006-12-25,1744.82,nan
2006-12-26,1726.78,nan
2006-12-27,1738.53,nan
2006-12-28,1704.72,nan
2006-12-29,1726.15,nan
2007-01-04,1723.69,nan
2007-01-05,1770.48,nan
2007-01-08,1851.96,nan
2007-01-09,1891.87,nan
2007-01-10,1940.83,nan
2007-01-11,1952.24,nan
2007-01-12,1881.75,nan
2007-01-15,1986.54,nan
2007-01-16,2055.02,nan
2007-01-17,2035.65,nan
2007-01-18,2085.4,nan
2007-01-19,2159.64,nan
2007-01-22,2258.99,nan
2007-01-23,2261.79,nan
2007-01-24,2283.7,nan
2007-01-25,2174.24,nan
2007-01-26,2186.27,nan
2007-01-29,2260.6,nan
2007-01-30,2255.94,nan
2007-01-31,2142.89,nan
2007-02-01,2165.41,nan
2007-02-02,2127.1,nan
2007-02-05,2152.25,nan
2007-02-06,2198.24,nan
2007-02-07,2237.94,nan
2007-02-08,2278.45,nan
2007-02-09,2287.38,nan
2007-02-12,2341.07,nan
2007-02-13,2384.16,nan
2007-02-14,2435.96,nan
2007-02-15,2512.4,nan
2007-02-16,2541.41,nan
2007-02-26,2642.11,nan
2007-02-27,2405.57,nan
2007-02-28,2513.53,nan
2007-03-01,2459.51,nan
2007-03-02,2503.68,nan
2007-03-05,2511.92,nan
2007-03-06,2516.0,nan
2007-03-07,2580.6,nan
2007-03-08,2634.88,nan
2007-03-09,2638.05,nan
2007-03-12,2696.5,nan
2007-03-13,2727.46,nan
2007-03-14,2708.69,nan
2007-03-15,2760.84,nan
2007-03-16,2710.86,nan
2007-03-19,2751.48,nan
2007-03-20,2810.71,nan
2007-03-21,2859.01,nan
2007-03-22,2861.15,nan
2007-03-23,2898.0,nan
2007-03-26,2989.05,nan
2007-03-27,3039.53,nan
2007-03-28,3004.3,nan
2007-03-29,2894.78,nan
2007-03-30,2926.06,nan
2007-04-02,2993.63,nan
2007-04-03,3042.46,nan
2007-04-04,3078.9,nan
2007-04-05,3133.14,nan
2007-04-06,3182.8,nan
2007-04-09,3240.3,nan
2007-04-10,3261.53,nan
2007-04-11,3309.75,nan
2007-04-12,3387.41,nan
2007-04-13,3358.63,nan
2007-04-16,3458.07,nan
2007-04-17,3558.22,nan
2007-04-18,3649.71,nan
2007-04-19,3435.78,nan
2007-04-20,3614.39,nan
2007-04-23,3782.26,nan
2007-04-24,3821.42,nan
2007-04-25,3805.05,nan
2007-04-26,3853.27,nan
2007-04-27,3845.81,nan
2007-04-30,3903.69,nan
2007-05-08,4091.13,nan
2007-05-09,4099.13,nan
2007-05-10,4128.08,nan
2007-05-11,4109.4,nan
2007-05-14,4133.83,nan
2007-05-15,3998.78,nan
2007-05-16,4118.14,nan
2007-05-17,4221.91,nan
2007-05-18,4235.19,nan
2007-05-21,4364.16,nan
2007-05-22,4459.81,nan
2007-05-23,4582.31,nan
2007-05-24,4571.71,nan
2007-05-25,4649.86,nan
2007-05-28,4761.7,nan
2007-05-29,4853.64,nan
2007-05-30,4456.28,nan
2007-05-31,4267.78,nan
2007-06-01,3960.44,nan
2007-06-04,3618.69,nan
2007-06-05,3659.94,nan
2007-06-06,3736.93,nan
2007-06-07,3936.77,nan
2007-06-08,4002.87,nan
2007-06-11,4104.55,nan
2007-06-12,4218.44,nan
2007-06-13,4372.53,nan
2007-06-14,4311.98,nan
2007-06-15,4316.53,nan
2007-06-18,4439.19,nan
2007-06-19,4529.03,nan
2007-06-20,4396.22,nan
2007-06-21,4374.49,nan
2007-06-22,4123.22,nan
2007-06-25,3851.94,nan
2007-06-26,3928.7,nan
2007-06-27,4022.31,nan
2007-06-28,3757.98,nan
2007-06-29,3585.49,nan
2007-07-02,3644.79,nan
2007-07-03,3704.71,nan
2007-07-04,3622.52,nan
2007-07-05,3380.18,nan
2007-07-06,3591.38,nan
2007-07-09,3711.71,nan
2007-07-10,3606.19,nan
2007-07-11,3653.31,nan
2007-07-12,3671.18,nan
2007-07-13,3655.85,nan
2007-07-16,3532.06,nan
2007-07-17,3610.38,nan
2007-07-18,3624.34,nan
2007-07-19,3640.28,nan
2007-07-20,3788.74,nan
2007-07-23,3984.79,nan
2007-07-24,3993.02,nan
2007-07-25,4106.83,nan
2007-07-26,4190.88,nan
2007-07-27,4269.77,nan
2007-07-30,4353.09,nan
2007-07-31,4403.58,nan
2007-08-01,4161.14,nan
2007-08-02,4336.81,nan
2007-08-03,4408.05,nan
2007-08-06,4504.34,nan
2007-08-07,4470.14,nan
2007-08-08,4395.43,nan
2007-08-09,4442.06,nan
2007-08-10,4348.81,nan
2007-08-13,4329.77,nan
2007-08-14,4436.21,nan
2007-08-15,4412.8,nan
2007-08-16,4438.96,nan
2007-08-17,4390.88,nan
2007-08-20,4570.57,nan
2007-08-21,4625.28,nan
2007-08-22,4685.06,nan
2007-08-23,4733.84,nan
2007-08-24,4742.95,nan
2007-08-27,4724.54,nan
2007-08-28,4729.79,nan
2007-08-29,4701.44,nan
2007-08-30,4843.71,nan
2007-08-31,4897.64,nan
2007-09-03,5008.83,nan
2007-09-04,4980.53,nan
2007-09-05,5010.73,nan
2007-09-06,5065.52,nan
2007-09-07,4939.23,nan
2007-09-10,5038.94,nan
2007-09-11,4718.31,nan
2007-09-12,4770.77,nan
2007-09-13,4872.66,nan
2007-09-14,4936.69,nan
2007-09-17,5047.6,nan
2007-09-18,5096.24,nan
2007-09-19,5029.1,nan
2007-09-20,5079.08,nan
2007-09-21,5028.84,nan
2007-09-24,5054.73,nan
2007-09-25,5013.06,nan
2007-09-26,4932.52,nan
2007-09-27,4972.72,nan
2007-09-28,5083.65,nan
2007-10-08,5088.6,nan
2007-10-09,5141.89,nan
2007-10-10,5109.1,nan
2007-10-11,5005.5,nan
2007-10-12,4891.39,nan
2007-10-15,4890.6,nan
2007-10-16,4943.56,nan
2007-10-17,4929.54,nan
2007-10-18,4814.46,nan
2007-10-19,4813.95,nan
2007-10-22,4688.29,nan
2007-10-23,4688.72,nan
2007-10-24,4596.64,nan
2007-10-25,4251.5,nan
2007-10-26,4228.95,nan
2007-10-29,4288.79,nan
2007-10-30,4388.33,nan
2007-10-31,4550.18,nan
2007-11-01,4431.1,nan
2007-11-02,4329.63,nan
2007-11-05,4361.87,nan
2007-11-06,4395.01,nan
2007-11-07,4385.86,nan
2007-11-08,4205.65,nan
2007-11-09,4153.19,nan
2007-11-12,4098.56,nan
2007-11-13,4114.51,nan
2007-11-14,4264.0,nan
2007-11-15,4210.7,nan
2007-11-16,4217.23,nan
2007-11-19,4313.28,nan
2007-11-20,4371.68,nan
2007-11-21,4308.42,nan
2007-11-22,4113.31,nan
2007-11-23,4193.98,nan
2007-11-26,4151.88,nan
2007-11-27,4108.95,nan
2007-11-28,4078.04,nan
2007-11-29,4185.27,nan
2007-11-30,4122.93,nan
2007-12-03,4170.26,nan
2007-12-04,4194.02,nan
2007-12-05,4273.05,nan
2007-12-06,4291.07,nan
2007-12-07,4362.22,nan
2007-12-10,4483.83,nan
2007-12-11,4534.94,nan
2007-12-12,4544.68,nan
2007-12-13,4402.64,nan
2007-12-14,4499.53,nan
2007-12-17,4506.04,nan
2007-12-18,4467.81,nan
2007-12-19,4565.62,nan
2007-12-20,4621.39,nan
2007-12-21,4691.53,nan
2007-12-24,4772.64,nan
2007-12-25,4815.21,nan
2007-12-26,4912.84,nan
2007-12-27,4963.45,nan
2007-12-28,4947.6,nan
2008-01-02,5123.93,nan
2008-01-03,5230.75,nan
2008-01-04,5243.03,nan
2008-01-07,5347.81,nan
2008-01-08,5200.55,nan
2008-01-09,5356.48,nan
2008-01-10,5382.33,nan
2008-01-11,5376.8,nan
2008-01-14,5445.1,nan
2008-01-15,5487.09,nan
2008-01-16,5412.91,nan
2008-01-17,5270.96,nan
2008-01-18,5317.45,nan
2008-01-21,5097.23,nan
2008-01-22,4661.83,nan
2008-01-23,4912.06,nan
2008-01-24,5080.93,nan
2008-01-25,5096.69,nan
2008-01-28,4740.5,nan
2008-01-29,4840.64,nan
2008-01-30,4851.43,nan
2008-01-31,4663.42,nan
2008-02-01,4456.93,nan
2008-02-04,4820.39,nan
2008-02-05,4839.0,nan
2008-02-13,4813.58,nan
2008-02-14,4910.36,nan
2008-02-15,4886.02,nan
2008-02-18,5043.14,nan
2008-02-19,5133.36,nan
2008-02-20,5089.44,nan
2008-02-21,5153.6,nan
2008-02-22,5029.2,nan
2008-02-25,4869.65,nan
2008-02-26,4868.81,nan
2008-02-27,4977.34,nan
2008-02-28,4989.41,nan
2008-02-29,5057.62,nan
2008-03-03,5227.73,nan
2008-03-04,5192.59,nan
2008-03-05,5214.24,nan
2008-03-06,5223.82,nan
2008-03-07,5115.92,nan
2008-03-10,4948.35,nan
2008-03-11,5015.93,nan
2008-03-12,4881.03,nan
2008-03-13,4688.68,nan
2008-03-14,4662.32,nan
2008-03-17,4302.61,nan
2008-03-18,3986.32,nan
2008-03-19,4176.49,nan
2008-03-20,4347.74,nan
2008-03-21,4405.86,nan
2008-03-24,4314.58,nan
2008-03-25,4367.34,nan
2008-03-26,4352.05,nan
2008-03-27,4119.79,nan
2008-03-28,4241.45,nan
2008-03-31,4044.1,nan
2008-04-01,3704.27,nan
2008-04-02,3500.52,nan
2008-04-03,3588.76,nan
2008-04-07,3822.37,nan
2008-04-08,3908.8,nan
2008-04-09,3695.31,nan
2008-04-10,3803.46,nan
2008-04-11,3862.36,nan
2008-04-14,3607.22,nan
2008-04-15,3723.27,nan
2008-04-16,3633.68,nan
2008-04-17,3511.91,nan
2008-04-18,3338.27,nan
2008-04-21,3314.51,nan
2008-04-22,3266.38,nan
2008-04-23,3409.77,nan
2008-04-24,3723.07,nan
2008-04-25,3756.33,nan
2008-04-28,3729.56,nan
2008-04-29,3759.55,nan
2008-04-30,3903.18,nan
2008-05-05,4040.16,nan
2008-05-06,4024.99,nan
2008-05-07,3850.23,nan
2008-05-08,3985.2,nan
2008-05-09,3986.24,nan
2008-05-12,4069.15,nan
2008-05-13,4078.88,nan
2008-05-14,4168.49,nan
2008-05-15,4131.25,nan
2008-05-16,4071.91,nan
2008-05-19,4070.05,nan
2008-05-20,3813.94,nan
2008-05-21,3908.77,nan
2008-05-22,3871.55,nan
2008-05-23,3829.65,nan
2008-05-26,3728.75,nan
2008-05-27,3743.54,nan
2008-05-28,3847.26,nan
2008-05-29,3749.22,nan
2008-05-30,3755.63,nan
2008-06-02,3788.15,nan
2008-06-03,3771.1,nan
2008-06-04,3704.08,nan
2008-06-05,3657.49,nan
2008-06-06,3629.92,nan
2008-06-10,3312.79,nan
2008-06-11,3226.92,nan
2008-06-12,3197.55,nan
2008-06-13,3045.11,nan
2008-06-16,2977.82,nan
2008-06-17,2791.29,nan
2008-06-18,2951.84,nan
2008-06-19,2702.8,nan
2008-06-20,2764.28,nan
2008-06-23,2717.97,nan
2008-06-24,2806.77,nan
2008-06-25,2966.9,nan
2008-06-26,3003.3,nan
2008-06-27,2792.71,nan
2008-06-30,2813.72,nan
2008-07-01,2765.06,nan
2008-07-02,2811.23,nan
2008-07-03,2941.52,nan
2008-07-04,2941.09,nan
2008-07-07,3094.85,nan
2008-07-08,3142.32,nan
2008-07-09,3226.15,nan
2008-07-10,3152.49,nan
2008-07-11,3132.73,nan
2008-07-14,3198.35,nan
2008-07-15,3106.33,nan
2008-07-16,2948.53,nan
2008-07-17,2918.37,nan
2008-07-18,3015.8,nan
2008-07-21,3139.51,nan
2008-07-22,3150.02,nan
2008-07-23,3122.69,nan
2008-07-24,3200.74,nan
2008-07-25,3172.17,nan
2008-07-28,3215.85,nan
2008-07-29,3150.0,nan
2008-07-30,3132.77,nan
2008-07-31,3017.22,nan
2008-08-01,3063.81,nan
2008-08-04,2990.17,nan
2008-08-05,2897.73,nan
2008-08-06,2904.19,nan
2008-08-07,2923.75,nan
2008-08-08,2711.96,nan
2008-08-11,2508.59,nan
2008-08-12,2473.42,nan
2008-08-13,2472.3,nan
2008-08-14,2483.7,nan
2008-08-15,2473.72,nan
2008-08-18,2289.3,nan
2008-08-19,2327.02,nan
2008-08-20,2520.74,nan
2008-08-21,2431.1,nan
2008-08-22,2382.52,nan
2008-08-25,2374.06,nan
2008-08-26,2244.99,nan
2008-08-27,2237.87,nan
2008-08-28,2236.82,nan
2008-08-29,2307.16,nan
2008-09-01,2238.05,nan
2008-09-02,2253.77,nan
2008-09-03,2237.28,nan
2008-09-04,2254.69,nan
2008-09-05,2148.74,nan
2008-09-08,2039.89,nan
2008-09-09,2057.56,nan
2008-09-10,2072.81,nan
2008-09-11,2034.25,nan
2008-09-12,2038.66,nan
2008-09-16,1993.46,nan
2008-09-17,1956.04,nan
2008-09-18,1899.32,nan
2008-09-19,2086.83,nan
2008-09-22,2182.79,nan
2008-09-23,2042.2,nan
2008-09-24,2088.55,nan
2008-09-25,2138.07,nan
2008-09-26,2136.0,nan
2008-10-06,2054.04,nan
2008-10-07,2046.19,nan
2008-10-08,1995.61,nan
2008-10-09,1969.82,nan
2008-10-10,1837.4,nan
2008-10-13,1872.95,nan
2008-10-14,1816.32,nan
2008-10-15,1806.79,nan
2008-10-16,1704.57,nan
2008-10-17,1726.4,nan
2008-10-20,1786.56,nan
2008-10-21,1782.66,nan
2008-10-22,1748.84,nan
2008-10-23,1766.59,nan
2008-10-24,1741.18,nan
2008-10-27,1604.76,nan
2008-10-28,1642.06,nan
2008-10-29,1576.93,nan
2008-10-30,1590.23,nan
2008-10-31,1562.02,nan
2008-11-03,1539.8,nan
2008-11-04,1513.5,nan
2008-11-05,1563.37,nan
2008-11-06,1536.6,nan
2008-11-07,1561.22,nan
2008-11-10,1676.28,nan
2008-11-11,1662.85,nan
2008-11-12,1704.23,nan
2008-11-13,1784.5,nan
2008-11-14,1867.49,nan
2008-11-17,1959.07,nan
2008-11-18,1816.29,nan
2008-11-19,1944.33,nan
2008-11-20,1948.68,nan
2008-11-21,1921.04,nan
2008-11-24,1842.34,nan
2008-11-25,1827.64,nan
2008-11-26,1834.77,nan
2008-11-27,1861.52,nan
2008-11-28,1841.45,nan
2008-12-01,1919.48,nan
2008-12-02,1957.32,nan
2008-12-03,2039.93,nan
2008-12-04,2037.72,nan
2008-12-05,2098.66,nan
2008-12-08,2190.53,nan
2008-12-09,2134.58,nan
2008-12-10,2195.74,nan
2008-12-11,2127.18,nan
2008-12-12,2031.99,nan
2008-12-15,2073.03,nan
2008-12-16,2110.24,nan
2008-12-17,2136.31,nan
2008-12-18,2175.36,nan
2008-12-19,2194.99,nan
2008-12-22,2193.48,nan
2008-12-23,2054.54,nan
2008-12-24,2010.1,nan
2008-12-25,2003.49,nan
2008-12-26,1983.76,nan
2008-12-29,1984.76,nan
2008-12-30,1971.47,nan
2008-12-31,1939.43,nan
2009-01-05,2020.24,nan
2009-01-06,2091.89,nan
2009-01-07,2104.92,nan
2009-01-08,2052.3,nan
2009-01-09,2107.77,nan
2009-01-12,2137.84,nan
2009-01-13,2081.67,nan
2009-01-14,2160.06,nan
2009-01-15,2181.06,nan
2009-01-16,2195.63,nan
2009-01-19,2192.81,nan
2009-01-20,2214.84,nan
2009-01-21,2217.63,nan
2009-01-22,2256.37,nan
2009-01-23,2238.08,nan
2009-02-02,2306.77,nan
2009-02-03,2369.65,nan
2009-02-04,2423.89,nan
2009-02-05,2384.76,nan
2009-02-06,2493.74,nan
2009-02-09,2579.23,nan
2009-02-10,2653.21,nan
2009-02-11,2658.05,nan
2009-02-12,2707.92,nan
2009-02-13,2805.01,nan
2009-02-16,2854.44,nan
2009-02-17,2738.58,nan
2009-02-18,2632.91,nan
2009-02-19,2687.49,nan
2009-02-20,2776.96,nan
2009-02-23,2871.79,nan
2009-02-24,2754.24,nan
2009-02-25,2771.1,nan
2009-02-26,2571.28,nan
2009-02-27,2416.95,nan
2009-03-02,2478.81,nan
2009-03-03,2499.83,nan
2009-03-04,2651.41,nan
2009-03-05,2671.58,nan
2009-03-06,2653.47,nan
2009-03-09,2536.01,nan
2009-03-10,2601.42,nan
2009-03-11,2587.37,nan
2009-03-12,2597.23,nan
2009-03-13,2569.63,nan
2009-03-16,2603.06,nan
2009-03-17,2699.59,nan
2009-03-18,2734.55,nan
2009-03-19,2797.16,nan
2009-03-20,2784.11,nan
2009-03-23,2843.88,nan
2009-03-24,2865.33,nan
2009-03-25,2785.66,nan
2009-03-26,2853.41,nan
2009-03-27,2877.88,nan
2009-03-30,2883.21,nan
2009-03-31,2914.13,nan
2009-04-01,2962.84,nan
2009-04-02,2965.74,nan
2009-04-03,2934.25,nan
2009-04-07,2968.52,nan
2009-04-08,2867.17,nan
2009-04-09,2915.02,nan
2009-04-10,3009.38,nan
2009-04-13,3050.37,nan
2009-04-14,3099.43,nan
2009-04-15,3143.82,nan
2009-04-16,3159.26,nan
2009-04-17,3119.42,nan
2009-04-20,3205.88,nan
2009-04-21,3205.08,nan
2009-04-22,3042.64,nan
2009-04-23,3059.71,nan
2009-04-24,3036.76,nan
2009-04-27,2916.11,nan
2009-04-28,2959.95,nan
2009-04-29,3040.04,nan
2009-04-30,3086.22,nan
2009-05-04,3190.25,nan
2009-05-05,3220.62,nan
2009-05-06,3264.58,nan
2009-05-07,3242.63,nan
2009-05-08,3257.59,nan
2009-05-11,3134.57,nan
2009-05-12,3212.14,nan
2009-05-13,3234.15,nan
2009-05-14,3246.56,nan
2009-05-15,3270.74,nan
2009-05-18,3295.65,nan
2009-05-19,3325.53,nan
2009-05-20,3306.47,nan
2009-05-21,3247.48,nan
2009-05-22,3254.53,nan
2009-05-25,3271.5,nan
2009-05-26,3274.85,nan
2009-05-27,3276.75,nan
2009-06-01,3332.34,nan
2009-06-02,3353.92,nan
2009-06-03,3380.19,nan
2009-06-04,3375.87,nan
2009-06-05,3355.78,nan
2009-06-08,3350.24,nan
2009-06-09,3366.91,nan
2009-06-10,3403.21,nan
2009-06-11,3383.0,nan
2009-06-12,3309.59,nan
2009-06-15,3356.71,nan
2009-06-16,3349.35,nan
2009-06-17,3403.96,nan
2009-06-18,3431.28,nan
2009-06-19,3434.06,nan
2009-06-22,3405.13,nan
2009-06-23,3392.11,nan
2009-06-24,3431.44,nan
2009-06-25,3427.47,nan
2009-06-26,3448.46,nan
2009-06-29,3476.79,nan
2009-06-30,3452.26,nan
2009-07-01,3503.75,nan
2009-07-02,3540.51,nan
2009-07-03,3584.86,nan
2009-07-06,3592.64,nan
2009-07-07,3589.19,nan
2009-07-08,3633.43,nan
2009-07-09,3701.79,nan
2009-07-10,3719.97,nan
2009-07-13,3754.34,nan
2009-07-14,3813.88,nan
2009-07-15,3848.63,nan
2009-07-16,3829.21,nan
2009-07-17,3852.86,nan
2009-07-20,3919.43,nan
2009-07-21,3824.29,nan
2009-07-22,3894.56,nan
2009-07-23,3933.11,nan
2009-07-24,3907.97,nan
2009-07-27,3972.64,nan
2009-07-28,4022.91,nan
2009-07-29,3764.64,nan
2009-07-30,3803.12,nan
2009-07-31,3928.58,nan
2009-08-03,4020.27,nan
2009-08-04,4069.35,nan
2009-08-05,4069.34,nan
2009-08-06,4015.42,nan
2009-08-07,3893.13,nan
2009-08-10,3933.05,nan
2009-08-11,3953.29,nan
2009-08-12,3770.14,nan
2009-08-13,3778.14,nan
2009-08-14,3609.7,nan
2009-08-17,3358.1,nan
2009-08-18,3424.78,nan
2009-08-19,3247.53,nan
2009-08-20,3374.35,nan
2009-08-21,3468.04,nan
2009-08-24,3541.8,nan
2009-08-25,3485.92,nan
2009-08-26,3595.12,nan
2009-08-27,3629.51,nan
2009-08-28,3531.41,nan
2009-08-31,3278.0,nan
2009-09-01,3245.27,nan
2009-09-02,3265.07,nan
2009-09-03,3427.44,nan
2009-09-04,3489.06,nan
2009-09-07,3527.25,nan
2009-09-08,3592.81,nan
2009-09-09,3613.41,nan
2009-09-10,3581.68,nan
2009-09-11,3641.82,nan
2009-09-14,3736.58,nan
2009-09-15,3775.21,nan
2009-09-16,3781.06,nan
2009-09-17,3868.67,nan
2009-09-18,3739.73,nan
2009-09-21,3804.33,nan
2009-09-22,3708.2,nan
2009-09-23,3595.71,nan
2009-09-24,3568.67,nan
2009-09-25,3536.81,nan
2009-09-28,3434.66,nan
2009-09-29,3372.07,nan
2009-09-30,3400.62,nan
2009-10-09,3576.44,nan
2009-10-12,3597.86,nan
2009-10-13,3659.08,nan
2009-10-14,3692.65,nan
2009-10-15,3704.4,nan
2009-10-16,3716.9,nan
2009-10-19,3808.18,nan
2009-10-20,3865.83,nan
2009-10-21,3839.95,nan
2009-10-22,3855.77,nan
2009-10-23,3908.44,nan
2009-10-26,3911.65,nan
2009-10-27,3807.98,nan
2009-10-28,3846.42,nan
2009-10-29,3777.51,nan
2009-10-30,3827.68,nan
2009-11-02,3955.78,nan
2009-11-03,4053.21,nan
2009-11-04,4083.48,nan
2009-11-05,4125.78,nan
2009-11-06,4145.14,nan
2009-11-09,4176.19,nan
2009-11-10,4182.77,nan
2009-11-11,4199.55,nan
2009-11-12,4213.25,nan
2009-11-13,4267.01,nan
2009-11-16,4364.97,nan
2009-11-17,4387.55,nan
2009-11-18,4406.78,nan
2009-11-19,4476.14,nan
2009-11-20,4508.29,nan
2009-11-23,4591.34,nan
2009-11-24,4347.66,nan
2009-11-25,4512.08,nan
2009-11-26,4328.41,nan
2009-11-27,4215.34,nan
2009-11-30,4405.33,nan
2009-12-01,4525.29,nan
2009-12-02,4591.38,nan
2009-12-03,4621.94,nan
2009-12-04,4506.08,nan
2009-12-07,4581.24,nan
2009-12-08,4571.76,nan
2009-12-09,4498.15,nan
2009-12-10,4536.56,nan
2009-12-11,4534.76,nan
2009-12-14,4513.59,nan
2009-12-15,4523.49,nan
2009-12-16,4506.04,nan
2009-12-17,4364.93,nan
2009-12-18,4203.48,nan
2009-12-21,4256.39,nan
2009-12-22,4136.82,nan
2009-12-23,4210.17,nan
2009-12-24,4345.3,nan
2009-12-25,4376.19,nan
2009-12-28,4447.21,nan
2009-12-29,4463.6,nan
2009-12-30,4446.07,nan
2009-12-31,4485.26,nan
2010-01-04,4510.53,nan
2010-01-05,4557.48,nan
2010-01-06,4550.28,nan
2010-01-07,4459.16,nan
2010-01-08,4514.45,nan
2010-01-11,4542.95,nan
2010-01-12,4639.63,nan
2010-01-13,4591.02,nan
2010-01-14,4714.1,nan
2010-01-15,4747.65,nan
2010-01-18,4829.06,nan
2010-01-19,4830.02,nan
2010-01-20,4651.07,nan
2010-01-21,4667.21,nan
2010-01-22,4537.88,nan
2010-01-25,4481.16,nan
2010-01-26,4294.38,nan
2010-01-27,4267.11,nan
2010-01-28,4336.38,nan
2010-01-29,4374.65,nan
2010-02-01,4331.37,nan
2010-02-02,4301.77,nan
2010-02-03,4363.08,nan
2010-02-04,4408.44,nan
2010-02-05,4311.29,nan
2010-02-08,4310.89,nan
2010-02-09,4311.89,nan
2010-02-10,4366.25,nan
2010-02-11,4356.52,nan
2010-02-12,4416.22,nan
2010-02-22,4419.55,nan
2010-02-23,4459.16,nan
2010-02-24,4556.28,nan
2010-02-25,4629.97,nan
2010-02-26,4634.67,nan
2010-03-01,4686.27,nan
2010-03-02,4690.29,nan
2010-03-03,4758.43,nan
2010-03-04,4586.52,nan
2010-03-05,4604.59,nan
2010-03-08,4654.58,nan
2010-03-09,4660.13,nan
2010-03-10,4598.99,nan
2010-03-11,4562.87,nan
2010-03-12,4492.86,nan
2010-03-15,4454.76,nan
2010-03-16,4491.47,nan
2010-03-17,4616.05,nan
2010-03-18,4630.95,nan
2010-03-19,4663.9,nan
2010-03-22,4690.2,nan
2010-03-23,4658.63,nan
2010-03-24,4683.07,nan
2010-03-25,4620.75,nan
2010-03-26,4686.93,nan
2010-03-29,4723.61,nan
2010-03-30,4744.42,nan
2010-03-31,4756.16,nan
2010-04-01,4827.21,nan
2010-04-02,4843.18,nan
2010-04-06,4852.9,nan
2010-04-07,4863.64,nan
2010-04-08,4864.92,nan
2010-04-09,4939.18,nan
2010-04-12,4976.38,nan
2010-04-13,4919.87,nan
2010-04-14,4977.51,nan
2010-04-15,4914.75,nan
2010-04-16,4898.67,nan
2010-04-19,4688.84,nan
2010-04-20,4749.93,nan
2010-04-21,4893.98,nan
2010-04-22,4902.41,nan
2010-04-23,4864.16,nan
2010-04-26,4866.55,nan
2010-04-27,4739.27,nan
2010-04-28,4714.43,nan
2010-04-29,4561.4,nan
2010-04-30,4438.68,nan
2010-05-04,4434.13,nan
2010-05-05,4564.81,nan
2010-05-06,4419.78,nan
2010-05-07,4350.76,nan
2010-05-10,4269.11,nan
2010-05-11,4144.35,nan
2010-05-12,4042.52,nan
2010-05-13,4157.84,nan
2010-05-14,4184.84,nan
2010-05-17,3915.75,nan
2010-05-18,3972.15,nan
2010-05-19,3977.38,nan
2010-05-20,3901.26,nan
2010-05-21,3982.39,nan
2010-05-24,4163.48,nan
2010-05-25,4133.35,nan
2010-05-26,4144.66,nan
2010-05-27,4218.64,nan
2010-05-28,4235.32,nan
2010-05-31,4104.36,nan
2010-06-01,4025.79,nan
2010-06-02,4083.62,nan
2010-06-03,4053.99,nan
2010-06-04,4089.04,nan
2010-06-07,4072.57,nan
2010-06-08,4109.32,nan
2010-06-09,4211.88,nan
2010-06-10,4223.57,nan
2010-06-11,4198.0,nan
2010-06-17,4145.24,nan
2010-06-18,3972.29,nan
2010-06-21,4087.02,nan
2010-06-22,4119.72,nan
2010-06-23,4094.57,nan
2010-06-24,4095.3,nan
2010-06-25,4028.43,nan
2010-06-28,3961.38,nan
2010-06-29,3736.98,nan
2010-06-30,3664.46,nan
2010-07-01,3606.59,nan
2010-07-02,3585.58,nan
2010-07-05,3563.88,nan
2010-07-06,3665.33,nan
2010-07-07,3718.66,nan
2010-07-08,3698.34,nan
2010-07-09,3807.6,nan
2010-07-12,3849.52,nan
2010-07-13,3788.75,nan
2010-07-14,3824.05,nan
2010-07-15,3735.4,nan
2010-07-16,3757.43,nan
2010-07-19,3842.31,nan
2010-07-20,3951.36,nan
2010-07-21,3959.43,nan
2010-07-22,4017.86,nan
2010-07-23,4015.47,nan
2010-07-26,4071.09,nan
2010-07-27,4068.86,nan
2010-07-28,4162.32,nan
2010-07-29,4194.04,nan
2010-07-30,4191.13,nan
2010-08-02,4267.9,nan
2010-08-03,4193.64,nan
2010-08-04,4248.01,nan
2010-08-05,4267.96,nan
2010-08-06,4356.01,nan
2010-08-09,4413.57,nan
2010-08-10,4246.46,nan
2010-08-11,4297.9,nan
2010-08-12,4241.59,nan
2010-08-13,4323.05,nan
2010-08-16,4423.32,nan
2010-08-17,4457.76,nan
2010-08-18,4457.13,nan
2010-08-19,4461.49,nan
2010-08-20,4366.6,nan
2010-08-23,4404.72,nan
2010-08-24,4456.5,nan
2010-08-25,4368.3,nan
2010-08-26,4399.28,nan
2010-08-27,4431.44,nan
2010-08-30,4553.02,nan
2010-08-31,4589.29,nan
2010-09-01,4530.23,nan
2010-09-02,4625.4,nan
2010-09-03,4662.96,nan
2010-09-06,4651.96,nan
2010-09-07,4679.94,nan
2010-09-08,4720.38,nan
2010-09-09,4658.01,nan
2010-09-10,4705.31,nan
2010-09-13,4789.69,nan
2010-09-14,4805.42,nan
2010-09-15,4730.14,nan
2010-09-16,4610.92,nan
2010-09-17,4603.49,nan
2010-09-20,4553.12,nan
2010-09-21,4546.72,nan
2010-09-27,4673.6,nan
2010-09-28,4654.35,nan
2010-09-29,4590.32,nan
2010-09-30,4660.61,nan
2010-10-08,4767.97,nan
2010-10-11,4789.16,nan
2010-10-12,4806.03,nan
2010-10-13,4836.74,nan
2010-10-14,4679.55,nan
2010-10-15,4691.45,nan
2010-10-18,4636.64,nan
2010-10-19,4778.61,nan
2010-10-20,4794.19,nan
2010-10-21,4833.8,nan
2010-10-22,4877.93,nan
2010-10-25,4998.5,nan
2010-10-26,5046.15,nan
2010-10-27,4994.77,nan
2010-10-28,4999.59,nan
2010-10-29,5055.49,nan
2010-11-01,5199.53,nan
2010-11-02,5173.07,nan
2010-11-03,5098.54,nan
2010-11-04,5228.3,nan
2010-11-05,5311.77,nan
2010-11-08,5431.09,nan
2010-11-09,5467.84,nan
2010-11-10,5484.74,nan
2010-11-11,5440.1,nan
2010-11-12,5111.19,nan
2010-11-15,5255.27,nan
2010-11-16,5068.47,nan
2010-11-17,4855.85,nan
2010-11-18,4932.4,nan
2010-11-19,5081.03,nan
2010-11-22,5150.67,nan
2010-11-23,5063.24,nan
2010-11-24,5206.15,nan
2010-11-25,5259.81,nan
2010-11-26,5227.65,nan
2010-11-29,5248.75,nan
2010-11-30,5110.88,nan
2010-12-01,5116.84,nan
2010-12-02,5138.49,nan
2010-12-03,5100.37,nan
2010-12-06,5016.53,nan
2010-12-07,5084.58,nan
2010-12-08,5069.97,nan
2010-12-09,4964.9,nan
2010-12-10,5039.17,nan
2010-12-13,5179.02,nan
2010-12-14,5244.04,nan
2010-12-15,5230.68,nan
2010-12-16,5216.85,nan
2010-12-17,5228.34,nan
2010-12-20,5163.53,nan
2010-12-21,5222.79,nan
2010-12-22,5174.54,nan
2010-12-23,5069.52,nan
2010-12-24,4991.54,nan
2010-12-27,4849.63,nan
2010-12-28,4730.5,nan
2010-12-29,4812.53,nan
2010-12-30,4828.49,nan
2010-12-31,4936.72,nan
2011-01-04,5011.5,nan
2011-01-05,5028.77,nan
2011-01-06,5001.28,nan
2011-01-07,4975.14,nan
2011-01-10,4830.56,nan
2011-01-11,4804.82,nan
2011-01-12,4833.58,nan
2011-01-13,4826.76,nan
2011-01-14,4723.43,nan
2011-01-17,4519.91,nan
2011-01-18,4536.96,nan
2011-01-19,4646.09,nan
2011-01-20,4477.36,nan
2011-01-21,4506.32,nan
2011-01-24,4398.5,nan
2011-01-25,4341.91,nan
2011-01-26,4424.89,nan
2011-01-27,4502.81,nan
2011-01-28,4548.21,nan
2011-01-31,4610.86,nan
2011-02-01,4630.58,nan
2011-02-09,4609.72,nan
2011-02-10,4733.97,nan
2011-02-11,4786.81,nan
2011-02-14,4872.5,nan
2011-02-15,4869.69,nan
2011-02-16,4952.67,nan
2011-02-17,4987.48,nan
2011-02-18,4941.43,nan
2011-02-21,5042.97,nan
2011-02-22,4909.75,nan
2011-02-23,4979.06,nan
2011-02-24,5027.73,nan
2011-02-25,5032.8,nan
2011-02-28,5095.21,nan
2011-03-01,5122.44,nan
2011-03-02,5108.74,nan
2011-03-03,5009.05,nan
2011-03-04,5067.62,nan
2011-03-07,5138.25,nan
2011-03-08,5165.74,nan
2011-03-09,5181.37,nan
2011-03-10,5143.41,nan
2011-03-11,5139.75,nan
2011-03-14,5190.04,nan
2011-03-15,5131.33,nan
2011-03-16,5199.36,nan
2011-03-17,5104.13,nan
2011-03-18,5126.93,nan
2011-03-21,5086.11,nan
2011-03-22,5085.81,nan
2011-03-23,5155.34,nan
2011-03-24,5169.26,nan
2011-03-25,5212.35,nan
2011-03-28,5199.55,nan
2011-03-29,5111.15,nan
2011-03-30,5064.55,nan
2011-03-31,5000.4,nan
2011-04-01,5065.08,nan
2011-04-06,5057.84,nan
2011-04-07,5089.75,nan
2011-04-08,5148.8,nan
2011-04-11,5107.14,nan
2011-04-12,5114.46,nan
2011-04-13,5165.21,nan
2011-04-14,5150.87,nan
2011-04-15,5162.42,nan
2011-04-18,5178.89,nan
2011-04-19,5116.14,nan
2011-04-20,5152.4,nan
2011-04-21,5188.11,nan
2011-04-22,5165.12,nan
2011-04-25,5054.77,nan
2011-04-26,4970.57,nan
2011-04-27,4913.5,nan
2011-04-28,4755.42,nan
2011-04-29,4836.87,nan
2011-05-03,4920.57,nan
2011-05-04,4814.78,nan
2011-05-05,4827.21,nan
2011-05-06,4849.97,nan
2011-05-09,4889.92,nan
2011-05-10,4918.67,nan
2011-05-11,4929.49,nan
2011-05-12,4863.8,nan
2011-05-13,4902.56,nan
2011-05-16,4900.71,nan
2011-05-17,4873.95,nan
2011-05-18,4906.19,nan
2011-05-19,4879.89,nan
2011-05-20,4863.19,nan
2011-05-23,4679.53,nan
2011-05-24,4672.08,nan
2011-05-25,4618.75,nan
2011-05-26,4572.94,nan
2011-05-27,4428.89,nan
2011-05-30,4345.05,nan
2011-05-31,4444.28,nan
2011-06-01,4490.89,nan
2011-06-02,4430.0,nan
2011-06-03,4506.2,nan
2011-06-07,4547.3,nan
2011-06-08,4562.97,nan
2011-06-09,4456.73,nan
2011-06-10,4469.05,nan
2011-06-13,4468.79,nan
2011-06-14,4540.94,nan
2011-06-15,4499.69,nan
2011-06-16,4402.14,nan
2011-06-17,4337.37,nan
2011-06-20,4278.75,nan
2011-06-21,4338.42,nan
2011-06-22,4321.22,nan
2011-06-23,4402.94,nan
2011-06-24,4509.18,nan
2011-06-27,4568.19,nan
2011-06-28,4574.48,33.03
2011-06-29,4511.55,nan
2011-06-30,4579.33,nan
2011-07-01,4604.75,nan
2011-07-04,4719.39,nan
2011-07-05,4749.42,nan
2011-07-06,4760.92,nan
2011-07-07,4761.45,nan
2011-07-08,4756.61,nan
2011-07-11,4799.42,nan
2011-07-12,4731.12,nan
2011-07-13,4825.42,nan
2011-07-14,4866.17,nan
2011-07-15,4896.04,34.59
2011-07-18,4895.26,34.6
2011-07-19,4843.71,38.54
2011-07-20,4849.06,38.61
2011-07-21,4784.39,38.1
2011-07-22,4800.94,38.22
2011-07-25,4613.73,36.75
2011-07-26,4633.37,36.9
2011-07-27,4710.38,37.54
2011-07-28,4680.9,37.37
2011-07-29,4628.32,37.01
2011-08-01,4644.46,37.01
2011-08-02,4610.78,37.01
2011-08-03,4625.17,36.99
2011-08-04,4649.43,36.99
2011-08-05,4559.02,36.47
2011-08-08,4330.77,34.67
2011-08-09,4317.11,34.58
2011-08-10,4378.7,35.14
2011-08-11,4454.39,35.74
2011-08-12,4505.89,36.11
2011-08-15,4571.72,36.64
2011-08-16,4533.32,36.24
2011-08-17,4513.49,36.18
2011-08-18,4436.1,35.53
2011-08-19,4395.02,35.21
2011-08-22,4363.96,34.94
2011-08-23,4434.92,35.51
2011-08-24,4427.98,35.46
2011-08-25,4520.17,36.21
2011-08-26,4530.42,36.33
2011-08-29,4490.16,36.0
2011-08-30,4451.73,35.67
2011-08-31,4430.54,35.5
2011-09-01,4395.07,35.22
2011-09-02,4344.98,34.82
2011-09-05,4238.07,33.95
2011-09-06,4204.91,33.66
2011-09-07,4306.36,34.48
2011-09-08,4260.16,34.12
2011-09-09,4233.75,33.89
2011-09-13,4164.29,33.33
2011-09-14,4212.13,33.72
2011-09-15,4215.5,33.74
2011-09-16,4214.82,33.72
2011-09-19,4131.89,33.05
2011-09-20,4151.85,33.18
2011-09-21,4275.09,34.18
2011-09-22,4151.8,33.19
2011-09-23,4117.74,32.92
2011-09-26,4051.43,32.41
2011-09-27,4068.23,32.52
2011-09-28,3999.78,31.98
2011-09-29,3871.06,30.95
2011-09-30,3856.83,nan
2011-10-10,3832.58,30.68
2011-10-11,3817.93,30.55
2011-10-12,3950.66,31.62
2011-10-13,4001.85,32.05
2011-10-14,3985.19,31.92
2011-10-17,3997.12,32.04
2011-10-18,3877.02,31.1
2011-10-19,3854.17,30.92
2011-10-20,3740.47,30.0
2011-10-21,3671.7,29.47
2011-10-24,3736.77,29.99
2011-10-25,3842.98,30.85
2011-10-26,3884.39,31.18
2011-10-27,3888.99,31.21
2011-10-28,3978.8,31.95
2011-10-31,3999.36,32.13
2011-11-01,3999.83,32.12
2011-11-02,4072.78,32.7
2011-11-03,4097.62,32.91
2011-11-04,4131.13,33.16
2011-11-07,4114.77,33.03
2011-11-08,4057.56,32.57
2011-11-09,4126.0,33.13
2011-11-10,4064.37,32.67
2011-11-11,4062.14,32.68
2011-11-14,4159.57,33.45
2011-11-15,4192.67,33.7
2011-11-16,4088.32,32.84
2011-11-17,4079.54,32.77
2011-11-18,3963.26,31.81
2011-11-21,3966.64,31.84
2011-11-22,3957.93,31.77
2011-11-23,3942.7,31.65
2011-11-24,3935.27,31.58
2011-11-25,3911.36,25.07
2011-11-28,3915.3,25.09
2011-11-29,3980.62,25.51
2011-11-30,3819.94,24.48
2011-12-01,3897.02,24.99
2011-12-02,3817.04,24.5
2011-12-05,3692.23,23.7
2011-12-06,3691.8,23.7
2011-12-07,3702.1,23.77
2011-12-08,3700.09,23.77
2011-12-09,3663.84,23.55
2011-12-12,3616.09,23.26
2011-12-13,3490.4,22.47
2011-12-14,3423.47,22.06
2011-12-15,3329.58,21.49
2011-12-16,3427.21,22.12
2011-12-19,3434.85,22.18
2011-12-20,3424.45,22.17
2011-12-21,3342.4,21.66
2011-12-22,3298.72,21.4
2011-12-23,3327.39,21.61
2011-12-26,3308.07,21.45
2011-12-27,3224.15,20.91
2011-12-28,3207.4,20.83
2011-12-29,3207.18,20.84
2011-12-30,3266.78,21.24
2012-01-04,3192.23,nan
2012-01-05,3074.37,nan
2012-01-06,3087.55,nan
2012-01-09,3212.9,nan
2012-01-10,3345.39,nan
2012-01-11,3346.74,nan
2012-01-12,3345.81,nan
2012-01-13,3233.7,nan
2012-01-16,3130.56,nan
2012-01-17,3304.88,nan
2012-01-18,3237.85,nan
2012-01-19,3270.77,nan
2012-01-20,3315.6,nan
2012-01-30,3292.41,nan
2012-01-31,3294.49,nan
2012-02-01,3266.23,nan
2012-02-02,3328.15,nan
2012-02-03,3383.05,nan
2012-02-06,3412.41,nan
2012-02-07,3356.84,nan
2012-02-08,3445.52,nan
2012-02-09,3469.85,nan
2012-02-10,3488.23,nan
2012-02-13,3519.88,nan
2012-02-14,3524.63,nan
2012-02-15,3578.15,nan
2012-02-16,3577.2,nan
2012-02-17,3565.31,nan
2012-02-20,3574.46,nan
2012-02-21,3618.3,nan
2012-02-22,3689.0,nan
2012-02-23,3700.89,nan
2012-02-24,3756.83,nan
2012-02-27,3764.33,nan
2012-02-28,3745.58,nan
2012-02-29,3696.14,nan
2012-03-01,3715.67,nan
2012-03-02,3794.42,nan
2012-03-05,3798.38,nan
2012-03-06,3760.59,nan
2012-03-07,3732.71,nan
2012-03-08,3791.83,23.95
2012-03-09,3848.11,24.38
2012-03-12,3871.12,24.58
2012-03-13,3910.06,24.82
2012-03-14,3734.32,23.72
2012-03-15,3689.01,23.44
2012-03-16,3786.62,23.99
2012-03-19,3829.7,24.27
2012-03-20,3746.28,23.73
2012-03-21,3760.05,23.82
2012-03-22,3742.39,23.73
2012-03-23,3670.13,23.29
2012-03-26,3666.28,nan
2012-03-27,3652.88,nan
2012-03-28,3490.01,nan
2012-03-29,3425.7,nan
2012-03-30,3416.86,nan
2012-04-05,3531.55,22.44
2012-04-06,3554.03,22.59
2012-04-09,3512.91,22.35
2012-04-10,3554.04,22.59
2012-04-11,3566.48,23.32
2012-04-12,3640.41,23.12
2012-04-13,3675.03,23.34
2012-04-16,3685.48,23.28
2012-04-17,3631.56,23.13
2012-04-18,3714.02,23.64
2012-04-19,3704.71,23.7
2012-04-20,3736.37,23.82
2012-04-23,3691.57,24.94
2012-04-24,3666.4,nan
2012-04-25,3718.91,nan
2012-04-26,3700.03,24.94
2012-04-27,3664.64,24.75
2012-05-02,3718.26,25.18
2012-05-03,3733.82,25.47
2012-05-04,3758.0,25.63
2012-05-07,3784.56,25.77
2012-05-08,3783.47,25.7
2012-05-09,3717.47,25.24
2012-05-10,3731.13,25.3
2012-05-11,3715.39,25.18
2012-05-14,3710.1,25.15
2012-05-15,3705.88,25.28
2012-05-16,3660.31,25.19
2012-05-17,3714.19,25.2
2012-05-18,3655.86,24.9
2012-05-21,3653.55,24.8
2012-05-22,3711.06,25.38
2012-05-23,3708.92,25.12
2012-05-24,3678.09,25.12
2012-05-25,3635.52,24.79
2012-05-28,3687.46,25.11
2012-05-29,3745.68,25.45
2012-05-30,3752.22,25.49
2012-05-31,3753.59,25.47
2012-06-01,3744.44,25.46
2012-06-04,3621.81,24.64
2012-06-05,3617.61,nan
2012-06-06,3600.16,nan
2012-06-07,3581.14,nan
2012-06-08,3564.16,14.96
2012-06-11,3630.31,24.78
2012-06-12,3608.39,24.61
2012-06-13,3674.88,25.03
2012-06-14,3652.71,24.87
2012-06-15,3648.99,24.9
2012-06-18,3684.73,25.15
2012-06-19,3657.96,24.81
2012-06-20,3636.09,24.81
2012-06-21,3590.84,24.48
2012-06-25,3493.12,23.87
2012-06-26,3489.97,23.85
2012-06-27,3476.4,23.77
2012-06-28,3427.82,23.45
2012-06-29,3470.97,23.77
2012-07-02,3509.5,24.38
2012-07-03,3515.78,24.64
2012-07-04,3497.75,24.37
2012-07-05,3418.2,23.96
2012-07-06,3486.55,24.46
2012-07-09,3398.81,23.87
2012-07-10,3365.67,23.64
2012-07-11,3404.1,23.9
2012-07-12,3450.3,24.23
2012-07-13,3435.08,24.1
2012-07-16,3311.09,23.23
2012-07-17,3334.29,23.39
2012-07-18,3352.85,23.49
2012-07-19,3392.66,23.77
2012-07-20,3369.91,23.77
2012-07-23,3337.86,23.37
2012-07-24,3361.09,23.51
2012-07-25,3332.09,nan
2012-07-26,3302.34,23.1
2012-07-27,3283.59,22.96
2012-07-30,3217.45,22.55
2012-07-31,3159.19,22.16
2012-08-01,3216.18,22.55
2012-08-02,3195.86,22.41
2012-08-03,3259.86,22.86
2012-08-06,3337.27,23.38
2012-08-07,3368.25,23.59
2012-08-08,3356.49,23.52
2012-08-09,3405.06,23.86
2012-08-10,3395.85,23.79
2012-08-13,3318.1,23.25
2012-08-14,3349.59,23.45
2012-08-15,3310.84,23.19
2012-08-16,3286.83,23.02
2012-08-17,3286.78,23.01
2012-08-20,3289.44,23.03
2012-08-21,3335.75,23.35
2012-08-22,3306.11,23.15
2012-08-23,3327.99,23.29
2012-08-24,3265.75,22.86
2012-08-27,3184.33,22.29
2012-08-28,3200.99,22.38
2012-08-29,3179.54,22.24
2012-08-30,3129.5,21.88
2012-08-31,3139.5,22.15
2012-09-03,3200.31,nan
2012-09-04,3164.83,22.34
2012-09-05,3181.8,22.46
2012-09-06,3217.94,22.73
2012-09-07,3334.66,23.57
2012-09-10,3363.61,23.69
2012-09-11,3350.09,23.69
2012-09-12,3376.12,23.88
2012-09-13,3329.3,23.55
2012-09-14,3338.04,23.6
2012-09-17,3237.7,22.91
2012-09-18,3224.26,22.82
2012-09-19,3255.87,23.03
2012-09-20,3161.76,22.32
2012-09-21,3143.71,22.22
2012-09-24,3167.16,22.39
2012-09-25,3144.41,22.23
2012-09-26,3071.99,21.71
2012-09-27,3141.08,22.21
2012-09-28,3199.75,22.61
2012-10-08,3183.37,22.52
2012-10-09,3265.62,23.12
2012-10-10,3296.92,23.32
2012-10-11,3248.05,22.96
2012-10-12,3240.4,22.9
2012-10-15,3223.19,22.8
2012-10-16,3233.23,22.9
2012-10-17,3240.78,22.93
2012-10-18,3294.84,23.32
2012-10-19,3285.45,23.26
2012-10-22,3298.49,23.35
2012-10-23,3259.07,23.05
2012-10-24,3257.92,23.01
2012-10-25,3226.17,22.8
2012-10-26,3163.3,22.38
2012-10-29,3158.94,22.35
2012-10-30,3160.69,22.37
2012-10-31,3168.1,22.9
2012-11-01,3228.19,23.36
2012-11-02,3249.55,23.52
2012-11-05,3235.35,23.4
2012-11-06,3213.26,23.25
2012-11-07,3209.14,23.22
2012-11-08,3129.57,22.69
2012-11-09,3116.98,22.59
2012-11-12,3136.31,22.72
2012-11-13,3072.12,22.24
2012-11-14,3081.25,22.29
2012-11-15,3026.84,21.92
2012-11-16,3009.15,21.8
2012-11-19,3016.16,21.83
2012-11-20,3004.18,21.74
2012-11-21,3035.28,21.96
2012-11-22,2995.09,21.67
2012-11-23,3005.46,21.75
2012-11-26,2970.32,21.49
2012-11-27,2864.17,20.73
2012-11-28,2800.54,20.27
2012-11-29,2774.18,20.08
2012-11-30,2816.62,20.39
2012-12-03,2749.13,19.91
2012-12-04,2783.41,20.16
2012-12-05,2886.19,20.92
2012-12-06,2884.35,20.93
2012-12-07,2950.19,21.4
2012-12-10,3002.23,21.77
2012-12-11,2982.03,21.62
2012-12-12,2982.89,21.63
2012-12-13,2943.28,21.34
2012-12-14,3066.23,22.23
2012-12-17,3091.88,22.42
2012-12-18,3086.58,22.36
2012-12-19,3099.09,22.46
2012-12-20,3108.86,22.56
2012-12-21,3101.07,22.54
2012-12-24,3117.7,22.69
2012-12-25,3189.09,23.23
2012-12-26,3228.68,23.53
2012-12-27,3199.48,23.32
2012-12-28,3235.2,23.53
2012-12-31,3275.86,24.01
2013-01-04,3258.25,23.92
2013-01-07,3288.37,24.14
2013-01-08,3327.04,24.43
2013-01-09,3334.99,24.52
2013-01-10,3356.35,24.66
2013-01-11,3271.18,24.04
2013-01-14,3384.75,24.9
2013-01-15,3450.68,25.39
2013-01-16,3450.56,25.36
2013-01-17,3408.02,25.03
2013-01-18,3464.65,25.45
2013-01-21,3491.12,25.65
2013-01-22,3435.43,25.23
2013-01-23,3441.75,25.27
2013-01-24,3369.73,24.75
2013-01-25,3364.06,24.72
2013-01-28,3449.79,25.38
2013-01-29,3482.52,25.62
2013-01-30,3500.58,25.74
2013-01-31,3479.64,25.57
2013-02-01,3507.71,25.78
2013-02-04,3484.36,25.61
2013-02-05,3520.65,25.88
2013-02-06,3544.39,26.07
2013-02-07,3557.67,26.18
2013-02-08,3608.59,26.56
2013-02-18,3627.78,26.7
2013-02-19,3561.36,26.18
2013-02-20,3635.38,26.77
2013-02-21,3560.32,26.23
2013-02-22,3548.36,26.15
2013-02-25,3587.59,26.47
2013-02-26,3533.2,26.07
2013-02-27,3535.9,26.07
2013-02-28,3608.2,26.59
2013-03-01,3648.42,26.95
2013-03-04,3518.72,25.92
2013-03-05,3597.92,26.51
2013-03-06,3653.93,26.93
2013-03-07,3609.64,26.6
2013-03-08,3570.38,26.31
2013-03-11,3571.11,26.23
2013-03-12,3481.18,25.55
2013-03-13,3449.35,25.26
2013-03-14,3464.85,25.37
2013-03-15,3471.21,25.43
2013-03-18,3427.12,25.11
2013-03-19,3438.07,25.21
2013-03-20,3527.77,25.87
2013-03-21,3565.02,26.14
2013-03-22,3579.92,26.22
2013-03-25,3568.52,26.16
2013-03-26,3543.81,25.98
2013-03-27,3552.26,26.05
2013-03-28,3448.98,25.25
2013-03-29,3447.29,25.24
2013-04-01,3470.96,25.71
2013-04-02,3428.5,25.37
2013-04-03,3397.23,25.13
2013-04-08,3411.13,25.24
2013-04-09,3444.37,25.47
2013-04-10,3437.27,25.39
2013-04-11,3423.22,25.27
2013-04-12,3394.52,25.05
2013-04-15,3346.85,24.7
2013-04-16,3383.08,24.93
2013-04-17,3412.42,25.15
2013-04-18,3423.01,25.21
2013-04-19,3495.24,25.74
2013-04-22,3511.62,25.71
2013-04-23,3416.45,24.98
2013-04-24,3484.57,25.5
2013-04-25,3431.4,25.11
2013-04-26,3367.77,24.63
2013-05-02,3383.4,23.72
2013-05-03,3448.64,24.19
2013-05-06,3514.46,24.87
2013-05-07,3521.48,24.93
2013-05-08,3553.85,25.11
2013-05-09,3555.77,25.04
2013-05-10,3577.33,25.17
2013-05-13,3590.76,25.26
2013-05-14,3549.3,24.83
2013-05-15,3597.11,25.18
2013-05-16,3635.76,25.46
2013-05-17,3691.4,25.82
2013-05-20,3737.75,26.11
2013-05-21,3787.06,26.45
2013-05-22,3755.87,26.18
2013-05-23,3724.23,25.95
2013-05-24,3782.07,26.35
2013-05-27,3820.43,26.64
2013-05-28,3827.78,26.63
2013-05-29,3856.32,26.79
2013-05-30,3865.13,26.79
2013-05-31,3841.22,26.53
2013-06-03,3814.51,26.27
2013-06-04,3739.72,25.73
2013-06-05,3755.15,25.84
2013-06-06,3688.74,25.34
2013-06-07,3616.21,24.78
2013-06-13,3515.05,24.06
2013-06-14,3584.98,24.51
2013-06-17,3593.37,24.58
2013-06-18,3605.76,24.62
2013-06-19,3583.3,24.45
2013-06-20,3465.0,23.64
2013-06-21,3446.48,23.43
2013-06-24,3232.96,22.02
2013-06-25,3219.13,21.97
2013-06-26,3285.82,22.42
2013-06-27,3233.22,22.09
2013-06-28,3235.98,22.04
2013-07-01,3304.59,23.14
2013-07-02,3359.05,23.53
2013-07-03,3364.18,23.55
2013-07-04,3390.49,23.7
2013-07-05,3371.53,23.56
2013-07-08,3240.48,22.62
2013-07-09,3259.91,22.76
2013-07-10,3361.4,23.46
2013-07-11,3455.88,24.03
2013-07-12,3425.14,23.8
2013-07-15,3493.44,24.26
2013-07-16,3536.31,24.55
2013-07-17,3485.07,24.22
2013-07-18,3481.2,24.16
2013-07-19,3394.31,23.53
2013-07-22,3461.28,23.99
2013-07-23,3544.97,24.57
2013-07-24,3566.28,24.72
2013-07-25,3498.24,24.23
2013-07-26,3494.16,24.2
2013-07-29,3426.59,23.71
2013-07-30,3411.22,23.62
2013-07-31,3430.74,23.78
2013-08-01,3521.15,24.6
2013-08-02,3533.61,24.69
2013-08-05,3592.54,25.11
2013-08-06,3631.12,25.37
2013-08-07,3596.32,25.12
2013-08-08,3605.85,25.21
2013-08-09,3618.74,25.29
2013-08-12,3676.2,25.69
2013-08-13,3695.55,25.83
2013-08-14,3681.08,25.74
2013-08-15,3631.32,25.38
2013-08-16,3554.35,24.85
2013-08-19,3609.03,25.25
2013-08-20,3599.64,25.2
2013-08-21,3627.5,25.38
2013-08-22,3636.47,25.44
2013-08-23,3627.97,25.41
2013-08-26,3703.59,25.95
2013-08-27,3732.1,26.16
2013-08-28,3703.92,25.75
2013-08-29,3701.08,25.74
2013-08-30,3664.15,25.44
2013-09-02,3689.96,24.65
2013-09-03,3744.87,25.04
2013-09-04,3755.24,25.1
2013-09-05,3762.57,25.15
2013-09-06,3792.83,25.36
2013-09-09,3831.93,25.64
2013-09-10,3870.92,25.87
2013-09-11,3834.26,25.62
2013-09-12,3845.07,25.72
2013-09-13,3849.82,25.72
2013-09-16,3854.21,25.79
2013-09-17,3786.29,25.34
2013-09-18,3822.12,25.62
2013-09-23,3899.63,26.25
2013-09-24,3903.52,26.28
2013-09-25,3889.22,26.21
2013-09-26,3808.22,25.63
2013-09-27,3822.76,25.7
2013-09-30,3872.89,26.03
2013-10-08,3938.07,26.43
2013-10-09,3981.06,26.7
2013-10-10,3959.63,26.5
2013-10-11,4026.92,26.92
2013-10-14,4068.32,27.21
2013-10-15,4074.08,27.17
2013-10-16,3963.21,26.41
2013-10-17,3956.97,26.35
2013-10-18,3970.64,26.44
2013-10-21,4069.03,27.11
2013-10-22,4026.52,26.79
2013-10-23,3924.22,25.75
2013-10-24,3898.16,25.6
2013-10-25,3821.78,25.11
2013-10-28,3808.7,25.03
2013-10-29,3703.86,24.37
2013-10-30,3764.45,24.77
2013-10-31,3713.83,24.44
2013-11-01,3702.45,23.57
2013-11-04,3728.19,23.72
2013-11-05,3777.4,24.02
2013-11-06,3737.11,23.75
2013-11-07,3685.04,23.43
2013-11-08,3629.94,23.13
2013-11-11,3645.84,23.22
2013-11-12,3680.54,23.45
2013-11-13,3611.76,23.04
2013-11-14,3659.83,23.37
2013-11-15,3736.45,23.86
2013-11-18,3827.88,24.44
2013-11-19,3840.37,24.52
2013-11-20,3878.58,24.76
2013-11-21,3865.41,24.65
2013-11-22,3842.76,24.51
2013-11-25,3839.6,24.49
2013-11-26,3845.68,24.53
2013-11-27,3889.76,24.82
2013-11-28,3922.67,25.03
2013-11-29,3946.38,25.21
2013-12-02,3770.87,24.07
2013-12-03,3859.96,24.65
2013-12-04,3933.0,25.08
2013-12-05,3928.72,25.06
2013-12-06,3918.78,24.97
2013-12-09,3947.7,25.18
2013-12-10,3950.49,25.19
2013-12-11,3906.78,24.92
2013-12-12,3916.96,25.01
2013-12-13,3925.43,25.07
2013-12-16,3857.72,25.11
2013-12-17,3834.03,24.97
2013-12-18,3834.05,24.95
2013-12-19,3795.02,24.96
2013-12-20,3747.0,24.63
2013-12-23,3742.74,24.59
2013-12-24,3768.7,24.78
2013-12-25,3808.45,25.06
2013-12-26,3743.13,24.61
2013-12-27,3800.77,25.01
2013-12-30,3813.0,25.08
2013-12-31,3829.1,25.17
2014-01-02,3847.88,25.39
2014-01-03,3816.32,25.2
2014-01-06,3710.9,24.53
2014-01-07,3733.66,24.68
2014-01-08,3738.21,24.72
2014-01-09,3696.02,24.45
2014-01-10,3628.63,24.04
2014-01-13,3612.02,23.96
2014-01-14,3683.53,24.45
2014-01-15,3708.14,24.6
2014-01-16,3714.31,24.63
2014-01-17,3671.92,24.36
2014-01-20,3644.13,24.17
2014-01-21,3700.11,24.55
2014-01-22,3799.04,25.22
2014-01-23,3825.49,25.41
2014-01-24,3882.67,25.8
2014-01-27,3881.95,25.78
2014-01-28,3873.81,25.73
2014-01-29,3908.45,25.97
2014-01-30,3885.42,25.81
2014-02-07,3957.67,26.27
2014-02-10,4074.63,27.03
2014-02-11,4080.38,27.05
2014-02-12,4125.41,27.33
2014-02-13,4064.42,26.93
2014-02-14,4134.16,27.42
2014-02-17,4212.75,27.94
2014-02-18,4207.7,27.86
2014-02-19,4207.99,27.84
2014-02-20,4149.07,27.47
2014-02-21,4121.92,27.29
2014-02-24,4105.79,27.18
2014-02-25,3961.44,26.19
2014-02-26,3987.48,26.35
2014-02-27,3934.73,25.99
2014-02-28,3975.93,26.26
2014-03-03,4058.8,26.8
2014-03-04,4059.57,26.76
2014-03-05,4037.78,26.61
2014-03-06,4032.76,26.6
2014-03-07,4012.45,26.5
2014-03-10,3860.24,25.47
2014-03-11,3864.26,25.5
2014-03-12,3865.66,25.53
2014-03-13,3907.15,25.83
2014-03-14,3888.98,25.68
2014-03-17,3967.15,26.2
2014-03-18,3989.2,26.35
2014-03-19,3980.67,26.31
2014-03-20,3876.58,25.62
2014-03-21,3952.39,26.13
2014-03-24,3985.86,26.34
2014-03-25,3991.14,26.38
2014-03-26,4001.5,26.46
2014-03-27,3944.04,26.06
2014-03-28,3865.3,25.53
2014-03-31,3840.54,25.38
2014-04-01,3899.49,25.76
2014-04-02,3902.04,25.81
2014-04-03,3896.28,25.77
2014-04-04,3939.23,26.07
2014-04-08,3981.63,26.38
2014-04-09,4018.55,26.62
2014-04-10,4038.84,26.76
2014-04-11,4021.19,26.66
2014-04-14,4051.33,26.86
2014-04-15,4021.91,26.65
2014-04-16,4019.88,26.63
2014-04-17,4014.94,26.61
2014-04-18,4029.26,26.7
2014-04-21,3965.34,26.27
2014-04-22,3947.17,26.13
2014-04-23,3929.17,26.04
2014-04-24,3884.81,25.75
2014-04-25,3800.68,25.19
2014-04-28,3684.59,24.42
2014-04-29,3738.93,24.78
2014-04-30,3766.17,24.94
2014-05-05,3798.29,24.44
2014-05-06,3817.98,24.57
2014-05-07,3749.97,24.12
2014-05-08,3754.01,24.15
2014-05-09,3716.02,23.9
2014-05-12,3812.76,24.53
2014-05-13,3806.89,24.48
2014-05-14,3803.8,24.47
2014-05-15,3732.34,24.01
2014-05-16,3726.66,23.97
2014-05-19,3705.36,23.83
2014-05-20,3715.71,23.9
2014-05-21,3747.33,24.11
2014-05-22,3746.14,24.09
2014-05-23,3786.56,24.35
2014-05-26,3827.49,24.62
2014-05-27,3818.32,24.55
2014-05-28,3861.59,24.82
2014-05-29,3821.87,24.58
2014-05-30,3829.24,24.65
2014-06-03,3822.72,24.62
2014-06-04,3789.29,24.39
2014-06-05,3832.06,24.69
2014-06-06,3818.33,24.61
2014-06-09,3797.43,24.48
2014-06-10,3840.02,24.75
2014-06-11,3858.05,24.87
2014-06-12,3850.11,24.81
2014-06-13,3891.56,25.08
2014-06-16,3914.98,24.41
2014-06-17,3879.34,24.16
2014-06-18,3858.1,24.03
2014-06-19,3755.69,23.39
2014-06-20,3789.34,23.63
2014-06-23,3815.88,23.8
2014-06-24,3839.2,23.95
2014-06-25,3814.03,23.8
2014-06-26,3861.95,24.1
2014-06-27,3889.32,24.25
2014-06-30,3924.9,24.49
2014-07-01,3951.73,24.67
2014-07-02,3979.31,24.84
2014-07-03,4019.65,25.07
2014-07-04,4004.56,24.99
2014-07-07,4014.49,25.05
2014-07-08,4039.71,25.21
2014-07-09,3982.4,24.86
2014-07-10,3982.2,24.86
2014-07-11,4029.75,25.14
2014-07-14,4090.8,25.52
2014-07-15,4093.11,25.52
2014-07-16,4062.12,25.32
2014-07-17,4031.44,25.15
2014-07-18,4042.52,25.22
2014-07-21,4030.24,25.13
2014-07-22,4083.29,25.46
2014-07-23,4057.11,25.29
2014-07-24,4054.22,25.3
2014-07-25,4089.8,25.52
2014-07-28,4168.37,25.97
2014-07-29,4207.86,26.21
2014-07-30,4214.84,26.24
2014-07-31,4257.05,26.49
2014-08-01,4210.22,26.21
2014-08-04,4278.85,26.64
2014-08-05,4300.12,26.78
2014-08-06,4328.6,26.93
2014-08-07,4286.09,26.67
2014-08-08,4311.7,26.84
2014-08-11,4377.02,27.22
2014-08-12,4399.81,27.37
2014-08-13,4401.81,27.37
2014-08-14,4373.5,27.17
2014-08-15,4423.64,27.49
2014-08-18,4483.54,27.86
2014-08-19,4496.94,27.96
2014-08-20,4497.4,27.98
2014-08-21,4495.44,27.92
2014-08-22,4521.75,28.17
2014-08-25,4487.14,27.88
2014-08-26,4407.59,27.55
2014-08-27,4421.21,27.67
2014-08-28,4381.49,27.4
2014-08-29,4427.88,27.68
2014-09-01,4507.44,27.28
2014-09-02,4576.12,27.7
2014-09-03,4608.56,27.82
2014-09-04,4647.89,28.13
2014-09-05,4666.47,28.24
2014-09-09,4701.7,28.43
2014-09-10,4709.91,28.51
2014-09-11,4704.94,28.5
2014-09-12,4756.95,28.91
2014-09-15,4807.56,29.22
2014-09-16,4645.55,28.23
2014-09-17,4686.05,28.49
2014-09-18,4719.01,28.68
2014-09-19,4758.73,28.83
2014-09-22,4694.23,28.56
2014-09-23,4754.47,28.94
2014-09-24,4815.71,29.32
2014-09-25,4814.74,29.4
2014-09-26,4829.94,29.49
2014-09-29,4877.44,29.85
2014-09-30,4916.12,30.08
2014-10-08,4993.53,30.58
2014-10-09,5004.0,30.64
2014-10-10,4981.85,30.49
2014-10-13,4982.68,30.5
2014-10-14,4966.08,30.4
2014-10-15,4987.71,30.53
2014-10-16,4906.24,30.03
2014-10-17,4860.73,29.77
2014-10-20,4929.16,30.19
2014-10-21,4884.02,29.93
2014-10-22,4825.61,29.55
2014-10-23,4755.23,29.12
2014-10-24,4774.67,29.25
2014-10-27,4809.52,29.46
2014-10-28,4924.96,30.17
2014-10-29,4991.76,30.57
2014-10-30,4992.63,30.6
2014-10-31,4986.42,30.56
2014-11-03,5028.7,29.8
2014-11-04,5003.47,29.65
2014-11-05,4995.44,29.59
2014-11-06,5024.85,29.79
2014-11-07,4977.26,29.52
2014-11-10,5031.0,29.82
2014-11-11,4881.48,28.92
2014-11-12,4965.38,29.42
2014-11-13,4921.67,29.15
2014-11-14,4909.61,29.08
2014-11-17,4958.47,29.38
2014-11-18,4967.65,29.42
2014-11-19,4985.1,29.53
2014-11-20,4974.63,29.47
2014-11-21,5029.77,29.84
2014-11-24,5112.12,30.31
2014-11-25,5189.0,30.78
2014-11-26,5214.21,30.91
2014-11-27,5251.39,31.14
2014-11-28,5245.27,31.09
2014-12-01,5208.14,30.86
2014-12-02,5277.66,31.29
2014-12-03,5339.01,31.64
2014-12-04,5451.96,32.3
2014-12-05,5333.89,31.6
2014-12-08,5412.67,32.04
2014-12-09,5195.41,30.83
2014-12-10,5374.1,31.92
2014-12-11,5454.44,32.4
2014-12-12,5493.2,32.67
2014-12-15,5583.6,33.34
2014-12-16,5606.69,33.48
2014-12-17,5557.29,33.09
2014-12-18,5558.05,33.07
2014-12-19,5524.12,32.97
2014-12-22,5305.21,31.63
2014-12-23,5193.72,31.01
2014-12-24,5262.37,31.45
2014-12-25,5364.56,32.05
2014-12-26,5422.75,32.43
2014-12-29,5367.64,32.11
2014-12-30,5275.09,31.56
2014-12-31,5322.71,31.88
2015-01-05,5417.02,32.43
2015-01-06,5479.86,32.81
2015-01-07,5488.24,32.88
2015-01-08,5444.04,32.63
2015-01-09,5409.06,32.47
2015-01-12,5332.22,32.0
2015-01-13,5405.09,32.43
2015-01-14,5379.74,32.28
2015-01-15,5449.04,32.69
2015-01-16,5520.12,33.12
2015-01-19,5281.9,31.73
2015-01-20,5472.51,32.9
2015-01-21,5611.69,33.77
2015-01-22,5690.16,34.23
2015-01-23,5633.29,33.9
2015-01-26,5758.98,34.66
2015-01-27,5773.82,34.76
2015-01-28,5739.92,34.59
2015-01-29,5701.21,34.37
2015-01-30,5632.73,34.0
2015-02-02,5609.39,33.87
2015-02-03,5707.48,34.42
2015-02-04,5683.52,34.31
2015-02-05,5654.22,34.2
2015-02-06,5534.79,33.54
2015-02-09,5504.97,33.35
2015-02-10,5580.7,33.78
2015-02-11,5641.79,34.16
2015-02-12,5681.34,34.47
2015-02-13,5769.27,35.02
2015-02-16,5869.71,35.65
2015-02-17,5911.1,35.92
2015-02-25,5906.54,35.88
2015-02-26,5969.56,36.24
2015-02-27,6018.46,36.56
2015-03-02,6139.79,37.31
2015-03-03,6118.66,37.19
2015-03-04,6210.42,37.76
2015-03-05,6208.99,37.76
2015-03-06,6133.03,37.31
2015-03-09,6212.24,37.79
2015-03-10,6276.49,38.17
2015-03-11,6262.89,38.07
2015-03-12,6260.14,38.05
2015-03-13,6329.58,38.47
2015-03-16,6516.77,39.62
2015-03-17,6618.05,40.19
2015-03-18,6728.07,40.99
2015-03-19,6782.46,41.34
2015-03-20,6850.9,41.78
2015-03-23,7017.15,42.85
2015-03-24,7046.12,43.07
2015-03-25,7124.87,43.61
2015-03-26,7074.44,43.28
2015-03-27,7155.95,43.8
2015-03-30,7245.5,44.31
2015-03-31,7253.1,44.36
2015-04-01,7425.73,44.66
2015-04-02,7560.65,45.48
2015-04-03,7679.01,46.21
2015-04-07,7863.28,47.36
2015-04-08,7808.0,46.94
2015-04-09,7746.15,46.63
2015-04-10,7952.19,47.47
2015-04-13,8122.89,49.79
2015-04-14,8119.96,49.8
2015-04-15,7802.75,47.82
2015-04-16,7912.09,48.38
2015-04-17,7980.76,48.74
2015-04-20,7839.9,47.83
2015-04-21,8112.69,49.36
2015-04-22,8323.43,50.99
2015-04-23,8410.7,51.44
2015-04-24,8419.1,51.45
2015-04-27,8513.02,51.95
2015-04-28,8266.48,50.34
2015-04-29,8428.25,50.78
2015-04-30,8469.67,51.66
2015-05-04,8510.48,52.18
2015-05-05,8199.34,49.9
2015-05-06,8083.0,49.15
2015-05-07,7903.48,47.97
2015-05-08,8201.29,49.79
2015-05-11,8558.22,51.93
2015-05-12,8745.68,52.81
2015-05-13,8824.93,54.05
2015-05-14,8813.39,54.12
2015-05-15,8742.89,53.71
2015-05-18,8903.6,54.7
2015-05-19,9124.83,56.1
2015-05-20,9277.33,57.09
2015-05-21,9619.22,59.19
2015-05-22,9778.17,59.96
2015-05-25,10040.09,61.41
2015-05-26,10373.58,63.22
2015-05-27,10497.34,63.44
2015-05-28,9868.42,59.18
2015-05-29,9966.85,59.57
2015-06-01,10488.31,62.06
2015-06-02,10886.4,64.41
2015-06-03,10979.99,64.46
2015-06-04,10965.41,63.86
2015-06-05,11144.52,64.98
2015-06-08,11030.92,64.3
2015-06-09,11013.74,64.11
2015-06-10,11208.06,64.96
2015-06-11,11366.29,65.36
2015-06-12,11545.89,66.26
2015-06-15,11332.89,64.79
2015-06-16,10879.84,62.11
2015-06-17,11100.55,63.39
2015-06-18,10731.38,61.14
2015-06-19,9987.41,56.95
2015-06-23,10046.88,57.32
2015-06-24,10267.63,58.53
2015-06-25,9906.1,56.45
2015-06-26,9078.06,51.52
2015-06-29,8484.64,48.15
2015-06-30,8906.02,50.57
2015-07-01,8411.91,47.76
2015-07-02,7835.1,44.42
2015-07-03,7355.49,41.7
2015-07-06,7236.0,41.1
2015-07-07,6763.53,38.13
2015-07-08,6602.37,37.31
2015-07-09,6896.35,39.01
2015-07-10,7244.78,40.85
2015-07-13,7695.64,43.39
2015-07-14,7859.06,44.19
2015-07-15,7405.29,41.66
2015-07-16,7578.76,42.48
2015-07-17,7994.7,44.84
2015-07-20,8116.5,45.51
2015-07-21,8220.46,46.08
2015-07-22,8320.24,46.54
2015-07-23,8551.99,47.83
2015-07-24,8425.07,47.18
2015-07-27,7794.18,43.63
2015-07-28,7649.82,42.84
2015-07-29,8022.8,44.99
2015-07-30,7800.58,43.75
2015-07-31,7727.06,43.38
2015-08-03,7540.21,42.34
2015-08-04,7942.1,44.67
2015-08-05,7839.34,44.07
2015-08-06,7792.03,43.73
2015-08-07,8013.32,44.99
2015-08-10,8394.09,47.18
2015-08-11,8435.33,47.43
2015-08-12,8336.34,46.83
2015-08-13,8534.43,47.96
2015-08-14,8625.24,48.43
2015-08-17,8820.46,49.48
2015-08-18,8161.27,45.76
2015-08-19,8340.98,46.77
2015-08-20,8049.51,45.08
2015-08-21,7612.9,42.6
2015-08-24,7006.19,39.13
2015-08-25,6481.41,36.11
2015-08-26,6238.53,34.78
2015-08-27,6456.05,36.04
2015-08-28,6842.89,38.19
2015-08-31,6581.31,36.73
2015-09-01,6169.21,35.33
2015-09-02,6122.55,35.24
2015-09-07,6143.56,35.28
2015-09-08,6374.86,36.63
2015-09-09,6551.01,37.56
2015-09-10,6440.31,36.89
2015-09-11,6493.32,37.14
2015-09-14,6049.79,34.52
2015-09-15,5708.03,32.52
2015-09-16,6084.84,34.75
2015-09-17,5965.41,33.93
2015-09-18,6036.88,34.33
2015-09-21,6250.44,35.13
2015-09-22,6295.93,35.4
2015-09-23,6224.6,34.6
2015-09-24,6315.11,34.64
2015-09-25,6108.38,33.46
2015-09-28,6219.69,34.08
2015-09-29,6103.61,33.44
2015-09-30,6123.73,33.49
2015-10-08,6372.49,34.89
2015-10-09,6470.05,35.44
2015-10-12,6718.72,36.77
2015-10-13,6802.08,37.23
2015-10-14,6724.5,36.73
2015-10-15,6929.24,37.87
2015-10-16,7047.56,38.5
2015-10-19,7047.37,38.51
2015-10-20,7162.08,38.99
2015-10-21,6712.74,36.5
2015-10-22,6964.3,37.77
2015-10-23,7138.23,38.76
2015-10-26,7186.75,39.04
2015-10-27,7231.44,39.28
2015-10-28,7048.9,38.23
2015-10-29,7108.97,38.56
2015-10-30,7084.97,38.47
2015-11-02,6936.43,39.74
2015-11-03,6920.1,39.64
2015-11-04,7267.99,41.65
2015-11-05,7276.45,41.66
2015-11-06,7446.85,42.66
2015-11-09,7543.8,43.25
2015-11-10,7575.01,43.41
2015-11-11,7684.67,44.04
2015-11-12,7682.45,44.05
2015-11-13,7567.11,43.37
2015-11-16,7718.85,44.29
2015-11-17,7650.38,43.86
2015-11-18,7526.94,43.16
2015-11-19,7718.62,44.32
2015-11-20,7806.27,44.61
2015-11-23,7744.18,44.29
2015-11-24,7798.5,44.6
2015-11-25,7922.38,45.35
2015-11-26,7874.08,45.06
2015-11-27,7376.12,42.2
2015-11-30,7408.4,42.44
2015-12-01,7443.95,42.68
2015-12-02,7405.86,42.44
2015-12-03,7570.51,43.39
2015-12-04,7511.67,43.0
2015-12-07,7602.23,43.53
2015-12-08,7404.14,42.4
2015-12-09,7374.27,42.21
2015-12-10,7350.21,42.08
2015-12-11,7290.7,41.74
2015-12-14,7441.03,43.65
2015-12-15,7498.18,44.02
2015-12-16,7529.4,44.2
2015-12-17,7716.25,45.1
2015-12-18,7699.37,45.36
2015-12-21,7788.56,45.85
2015-12-22,7856.61,46.22
2015-12-23,7773.28,45.69
2015-12-24,7753.04,45.55
2015-12-25,7792.12,45.79
2015-12-28,7603.36,44.73
2015-12-29,7674.39,45.1
2015-12-30,7741.05,45.45
2015-12-31,7617.69,44.73
2016-01-04,6983.4,40.98
2016-01-05,6889.74,40.39
2016-01-06,7065.61,41.4
2016-01-07,6462.24,37.82
2016-01-08,6570.43,38.45
2016-01-11,6128.66,35.8
2016-01-12,6136.66,35.85
2016-01-13,5924.04,34.58
2016-01-14,6124.82,35.75
2016-01-15,5893.68,34.41
2016-01-18,5978.91,34.91
2016-01-19,6197.09,36.17
2016-01-20,6138.5,35.84
2016-01-21,5886.88,34.38
2016-01-22,5980.61,34.95
2016-01-25,6041.33,35.26
2016-01-26,5589.31,32.61
2016-01-27,5514.19,32.17
2016-01-28,5271.23,30.76
2016-01-29,5469.13,31.92
2016-02-01,5399.48,31.57
2016-02-02,5586.63,32.7
2016-02-03,5610.17,32.85
2016-02-04,5721.49,33.5
2016-02-05,5664.2,33.17
2016-02-15,5668.04,33.18
2016-02-16,5902.53,34.55
2016-02-17,5971.41,34.94
2016-02-18,5957.13,34.81
2016-02-19,5979.52,34.95
2016-02-22,6103.72,35.69
2016-02-23,6070.5,35.49
2016-02-24,6111.04,35.69
2016-02-25,5626.05,32.88
2016-02-26,5648.94,32.99
2016-02-29,5350.43,31.23
2016-03-01,5473.63,31.92
2016-03-02,5753.15,33.53
2016-03-03,5776.98,33.65
2016-03-04,5621.56,32.73
2016-03-07,5752.55,33.46
2016-03-08,5764.33,33.52
2016-03-09,5617.04,32.71
2016-03-10,5521.95,32.18
2016-03-11,5508.98,32.15
2016-03-14,5690.59,33.22
2016-03-15,5639.8,32.94
2016-03-16,5562.8,32.5
2016-03-17,5745.98,33.59
2016-03-18,5949.26,34.8
2016-03-21,6099.48,35.66
2016-03-22,6075.49,35.55
2016-03-23,6118.97,35.83
2016-03-24,6018.42,35.3
2016-03-25,6077.43,35.64
2016-03-28,6037.78,35.43
2016-03-29,5921.87,34.74
2016-03-30,6137.5,36.03
2016-03-31,6155.81,36.12
2016-04-01,6124.53,35.94
2016-04-05,6286.58,36.89
2016-04-06,6323.43,36.98
2016-04-07,6228.97,36.46
2016-04-08,6168.74,35.91
2016-04-11,6304.3,36.68
2016-04-12,6252.77,36.34
2016-04-13,6344.23,36.77
2016-04-14,6401.85,37.06
2016-04-15,6384.35,36.97
2016-04-18,6281.2,36.37
2016-04-19,6308.23,36.43
2016-04-20,6022.21,34.72
2016-04-21,5970.68,34.39
2016-04-22,6011.32,34.66
2016-04-25,5978.08,34.44
2016-04-26,6046.77,34.83
2016-04-27,6016.7,34.66
2016-04-28,5990.33,34.52
2016-04-29,5985.59,34.48
2016-05-03,6167.45,35.64
2016-05-04,6169.78,35.41
2016-05-05,6203.82,35.55
2016-05-06,5961.49,33.54
2016-05-09,5743.65,32.29
2016-05-10,5738.9,32.1
2016-05-11,5723.41,32.04
2016-05-12,5726.46,32.06
2016-05-13,5714.31,31.93
2016-05-16,5812.54,32.21
2016-05-17,5790.34,32.05
2016-05-18,5631.19,31.18
2016-05-19,5666.73,31.13
2016-05-20,5732.9,31.57
2016-05-23,5809.48,31.98
2016-05-24,5743.18,31.51
2016-05-25,5715.18,31.38
2016-05-26,5744.39,31.5
2016-05-27,5739.59,31.08
2016-05-30,5711.32,30.78
2016-05-31,5947.32,31.91
2016-06-01,5973.78,32.0
2016-06-02,6013.89,32.12
2016-06-03,6032.6,31.98
2016-06-06,6051.86,32.06
2016-06-07,6045.36,31.97
2016-06-08,6023.88,31.86
2016-06-13,5746.44,31.88
2016-06-14,5762.76,31.93
2016-06-15,5952.85,32.83
2016-06-16,5930.55,32.55
2016-06-17,5964.27,32.58
2016-06-20,5985.57,32.6
2016-06-21,5916.8,32.13
2016-06-22,6008.89,32.63
2016-06-23,5978.17,32.39
2016-06-24,5903.62,31.85
2016-06-27,6044.22,32.53
2016-06-28,6107.51,32.88
2016-06-29,6120.2,32.89
2016-06-30,6123.49,32.65
2016-07-01,6111.54,32.58
2016-07-04,6231.88,33.18
2016-07-05,6269.5,33.38
2016-07-06,6297.4,33.55
2016-07-07,6319.79,33.58
2016-07-08,6299.85,33.4
2016-07-11,6312.5,33.44
2016-07-12,6395.14,33.85
2016-07-13,6446.56,34.14
2016-07-14,6455.58,34.2
2016-07-15,6441.02,34.07
2016-07-18,6412.07,33.75
2016-07-19,6431.94,33.69
2016-07-20,6417.92,33.63
2016-07-21,6442.71,33.74
2016-07-22,6390.93,33.44
2016-07-25,6408.78,33.42
2016-07-26,6494.47,33.86
2016-07-27,6229.29,32.51
2016-07-28,6243.29,32.59
2016-07-29,6202.89,32.4
2016-08-01,6109.28,31.92
2016-08-02,6168.51,32.21
2016-08-03,6198.39,32.36
2016-08-04,6238.23,32.56
2016-08-05,6203.29,32.39
2016-08-08,6290.76,32.83
2016-08-09,6341.55,33.09
2016-08-10,6318.27,32.95
2016-08-11,6226.31,32.47
2016-08-12,6299.09,32.86
2016-08-15,6442.53,33.63
2016-08-16,6468.89,33.76
2016-08-17,6488.36,33.86
2016-08-18,6490.41,33.84
2016-08-19,6499.55,33.87
2016-08-22,6420.35,33.49
2016-08-23,6428.7,33.52
2016-08-24,6435.06,33.59
2016-08-25,6382.57,33.34
2016-08-26,6410.73,33.47
2016-08-29,6427.53,33.54
2016-08-30,6425.75,33.41
2016-08-31,6434.21,33.45
2016-09-01,6381.48,31.34
2016-09-02,6356.95,37.4
2016-09-05,6391.79,37.6
2016-09-06,6492.97,38.19
2016-09-07,6494.32,38.21
2016-09-08,6517.98,38.37
2016-09-09,6471.05,38.02
2016-09-12,6291.64,37.03
2016-09-13,6320.03,37.15
2016-09-14,6278.16,36.91
2016-09-19,6344.18,37.28
2016-09-20,6342.03,37.27
2016-09-21,6343.75,37.28
2016-09-22,6385.64,37.53
2016-09-23,6370.58,37.46
2016-09-26,6241.52,36.73
2016-09-27,6286.91,36.99
2016-09-28,6281.28,36.96
2016-09-29,6298.79,37.06
2016-09-30,6328.09,37.23
2016-10-10,6447.69,37.89
2016-10-11,6486.43,38.13
2016-10-12,6482.74,38.14
2016-10-13,6484.83,38.15
2016-10-14,6469.49,38.06
2016-10-17,6413.15,37.75
2016-10-18,6509.28,38.33
2016-10-19,6495.26,38.25
2016-10-20,6498.24,38.24
2016-10-21,6475.28,38.08
2016-10-24,6539.47,38.46
2016-10-25,6563.35,38.58
2016-10-26,6530.39,37.57
2016-10-27,6517.36,37.5
2016-10-28,6455.83,37.18
2016-10-31,6452.21,37.18
2016-11-01,6507.95,36.81
2016-11-02,6455.13,36.51
2016-11-03,6483.73,36.62
2016-11-04,6462.59,36.51
2016-11-07,6468.82,36.52
2016-11-08,6503.18,36.73
2016-11-09,6453.57,36.42
2016-11-10,6536.97,36.9
2016-11-11,6583.89,37.15
2016-11-14,6615.01,37.35
2016-11-15,6640.46,37.55
2016-11-16,6644.19,37.57
2016-11-17,6636.47,37.49
2016-11-18,6602.33,37.32
2016-11-21,6611.54,37.4
2016-11-22,6661.25,37.65
2016-11-23,6631.17,37.49
2016-11-24,6623.05,37.42
2016-11-25,6652.82,37.58
2016-11-28,6670.8,37.66
2016-11-29,6620.79,37.39
2016-11-30,6585.58,37.2
2016-12-01,6624.47,37.41
2016-12-02,6520.97,36.83
2016-12-05,6486.02,36.66
2016-12-06,6490.89,36.72
2016-12-07,6558.02,37.09
2016-12-08,6527.43,36.93
2016-12-09,6513.92,36.92
2016-12-12,6249.08,37.14
2016-12-13,6278.18,37.32
2016-12-14,6239.5,37.11
2016-12-15,6280.4,37.35
2016-12-16,6318.52,37.58
2016-12-19,6320.73,37.59
2016-12-20,6300.64,37.46
2016-12-21,6347.61,37.71
2016-12-22,6341.79,37.69
2016-12-23,6282.0,37.33
2016-12-26,6294.75,37.42
2016-12-27,6288.86,37.39
2016-12-28,6270.24,37.26
2016-12-29,6252.61,37.15
2016-12-30,6263.63,37.23
2017-01-03,6320.76,37.55
2017-01-04,6394.67,37.95
2017-01-05,6399.28,37.99
2017-01-06,6371.62,37.79
2017-01-09,6415.42,38.01
2017-01-10,6393.93,37.89
2017-01-11,6331.96,37.5
2017-01-12,6272.85,37.16
2017-01-13,6194.66,36.72
2017-01-16,6031.24,35.79
2017-01-17,6082.07,36.07
2017-01-18,6068.59,36.09
2017-01-19,6043.68,35.93
2017-01-20,6122.0,36.4
2017-01-23,6172.17,36.7
2017-01-24,6165.26,36.63
2017-01-25,6179.57,36.74
2017-01-26,6223.71,37.01
2017-02-03,6207.09,36.93
2017-02-06,6259.25,37.25
2017-02-07,6255.93,37.2
2017-02-08,6291.6,37.4
2017-02-09,6331.18,37.62
2017-02-10,6337.11,37.6
2017-02-13,6369.65,37.78
2017-02-14,6374.89,37.92
2017-02-15,6311.7,37.58
2017-02-16,6359.34,37.83
2017-02-17,6307.16,37.52
2017-02-20,6385.06,37.97
2017-02-21,6434.44,38.26
2017-02-22,6474.23,38.46
2017-02-23,6473.99,38.5
2017-02-24,6476.17,38.53
2017-02-27,6424.25,38.23
2017-02-28,6450.97,38.39
2017-03-01,6467.64,38.46
2017-03-02,6434.63,38.25
2017-03-03,6452.84,38.39
2017-03-06,6517.32,38.77
2017-03-07,6523.19,38.83
2017-03-08,6497.09,38.66
2017-03-09,6439.38,38.31
2017-03-10,6447.92,38.38
2017-03-13,6507.9,38.72
2017-03-14,6493.48,38.66
2017-03-15,6486.06,38.6
2017-03-16,6543.34,38.94
2017-03-17,6483.25,38.6
2017-03-20,6498.34,38.68
2017-03-21,6515.95,38.81
2017-03-22,6499.79,38.7
2017-03-23,6512.19,38.81
2017-03-24,6546.62,38.98
2017-03-27,6516.03,38.74
2017-03-28,6498.69,38.64
2017-03-29,6480.54,38.52
2017-03-30,6375.74,37.93
2017-03-31,6401.65,38.1
2017-04-05,6539.97,38.91
2017-04-06,6559.65,38.99
2017-04-07,6578.73,39.11
2017-04-10,6566.54,38.99
2017-04-11,6629.17,39.29
2017-04-12,6576.48,39.0
2017-04-13,6615.7,39.25
2017-04-14,6528.16,38.64
2017-04-17,6456.6,38.21
2017-04-18,6418.21,38.06
2017-04-19,6350.65,37.65
2017-04-20,6347.77,37.68
2017-04-21,6300.71,37.43
2017-04-24,6138.5,36.39
2017-04-25,6160.46,36.51
2017-04-26,6176.4,36.44
2017-04-27,6192.3,36.53
2017-04-28,6211.86,36.62
2017-05-02,6216.12,32.84
2017-05-03,6197.48,32.75
2017-05-04,6176.31,32.63
2017-05-05,6089.68,32.19
2017-05-08,5975.54,31.57
2017-05-09,6012.0,31.77
2017-05-10,5885.84,31.06
2017-05-11,5872.64,30.9
2017-05-12,5863.78,30.64
2017-05-15,5893.51,30.62
2017-05-16,6014.73,31.2
2017-05-17,6027.65,31.27
2017-05-18,5976.3,30.82
2017-05-19,5974.98,30.77
2017-05-22,5888.81,30.33
2017-05-23,5764.88,29.71
2017-05-24,5799.25,29.78
2017-05-25,5850.8,29.96
2017-05-26,5836.93,29.73
2017-05-31,5824.1,29.64
2017-06-01,5710.0,29.06
2017-06-02,5772.52,29.38
2017-06-05,5815.8,29.58
2017-06-06,5841.52,29.73
2017-06-07,5955.02,30.24
2017-06-08,5958.98,29.99
2017-06-09,5969.27,30.1
2017-06-12,5902.86,29.97
2017-06-13,5980.06,30.34
2017-06-14,5966.43,30.28
2017-06-15,6021.17,30.57
2017-06-16,6013.0,30.52
2017-06-19,6057.41,30.67
2017-06-20,6066.9,30.62
2017-06-21,6078.19,30.7
2017-06-22,5992.34,30.21
2017-06-23,6010.31,30.23
2017-06-26,6111.64,30.73
2017-06-27,6113.17,30.76
2017-06-28,6086.21,30.61
2017-06-29,6116.99,30.78
2017-06-30,6138.16,30.89
2017-07-03,6177.4,31.08
2017-07-04,6146.85,30.92
2017-07-05,6193.96,31.02
2017-07-06,6201.65,31.02
2017-07-07,6226.01,31.1
2017-07-10,6206.56,31.01
2017-07-11,6128.99,30.63
2017-07-12,6132.99,30.64
2017-07-13,6149.93,30.57
2017-07-14,6128.74,30.46
2017-07-17,5876.46,29.18
2017-07-18,5938.43,29.48
2017-07-19,6059.36,30.05
2017-07-20,6099.28,30.23
2017-07-21,6126.11,30.35
2017-07-24,6167.13,30.51
2017-07-25,6153.6,30.43
2017-07-26,6146.7,30.39
2017-07-27,6184.02,30.6
2017-07-28,6215.46,30.74
2017-07-31,6298.0,31.13
2017-08-01,6286.54,31.08
2017-08-02,6251.86,30.89
2017-08-03,6261.97,30.94
2017-08-04,6225.12,30.75
2017-08-07,6303.42,31.12
2017-08-08,6303.72,31.13
2017-08-09,6340.02,31.32
2017-08-10,6289.22,31.08
2017-08-11,6161.19,30.48
2017-08-14,6292.64,31.11
2017-08-15,6314.76,31.25
2017-08-16,6318.8,31.29
2017-08-17,6366.03,31.51
2017-08-18,6347.76,31.41
2017-08-21,6403.78,31.68
2017-08-22,6375.98,31.55
2017-08-23,6322.78,31.3
2017-08-24,6278.59,31.1
2017-08-25,6346.53,31.44
2017-08-28,6424.58,31.83
2017-08-29,6408.16,31.76
2017-08-30,6453.46,31.97
2017-08-31,6470.43,32.05
2017-09-01,6526.5,32.23
2017-09-04,6564.68,32.42
2017-09-05,6571.86,32.44
2017-09-06,6607.12,32.58
2017-09-07,6558.6,32.33
2017-09-08,6574.18,32.39
2017-09-11,6649.63,32.74
2017-09-12,6644.01,32.71
2017-09-13,6684.38,32.9
2017-09-14,6672.18,32.82
2017-09-15,6622.04,32.58
2017-09-18,6669.45,32.76
2017-09-19,6636.02,32.62
2017-09-20,6692.47,32.9
2017-09-21,6612.05,32.53
2017-09-22,6572.01,32.32
2017-09-25,6489.84,31.92
2017-09-26,6520.72,32.05
2017-09-27,6583.14,32.24
2017-09-28,6567.79,32.1
2017-09-29,6603.26,32.31
2017-10-09,6678.37,32.63
2017-10-10,6705.48,32.77
2017-10-11,6666.47,32.63
2017-10-12,6659.1,32.6
2017-10-13,6709.82,32.84
2017-10-16,6619.21,32.39
2017-10-17,6612.94,32.41
2017-10-18,6563.44,32.18
2017-10-19,6501.4,31.89
2017-10-20,6571.42,32.23
2017-10-23,6612.76,32.43
2017-10-24,6603.0,32.36
2017-10-25,6647.89,32.59
2017-10-26,6671.93,32.7
2017-10-27,6630.81,32.5
2017-10-30,6511.76,31.93
2017-10-31,6560.21,32.19
2017-11-01,6552.95,29.37
2017-11-02,6484.93,29.07
2017-11-03,6426.98,28.79
2017-11-06,6511.1,29.18
2017-11-07,6551.94,29.34
2017-11-08,6561.69,29.38
2017-11-09,6611.35,29.59
2017-11-10,6641.22,29.72
2017-11-13,6671.21,29.85
2017-11-14,6614.51,29.6
2017-11-15,6537.66,29.27
2017-11-16,6558.31,29.36
2017-11-17,6361.94,28.47
2017-11-20,6433.17,28.75
2017-11-21,6456.35,28.86
2017-11-22,6439.44,28.77
2017-11-23,6274.51,28.02
2017-11-24,6278.03,28.03
2017-11-27,6194.55,27.68
2017-11-28,6299.31,28.14
2017-11-29,6318.37,28.23
2017-11-30,6263.42,27.99
2017-12-01,6316.41,28.23
2017-12-04,6279.62,28.08
2017-12-05,6132.91,27.46
2017-12-06,6172.8,27.63
2017-12-07,6135.47,27.46
2017-12-08,6203.14,27.79
2017-12-11,6286.17,27.81
2017-12-12,6233.21,27.56
2017-12-13,6277.44,27.76
2017-12-14,6284.08,27.79
2017-12-15,6235.76,27.58
2017-12-18,6199.99,27.44
2017-12-19,6251.24,27.67
2017-12-20,6199.36,27.45
2017-12-21,6238.5,27.63
2017-12-22,6242.88,27.66
2017-12-25,6185.59,27.41
2017-12-26,6220.15,27.56
2017-12-27,6173.15,27.36
2017-12-28,6204.27,27.48
2017-12-29,6250.82,27.7
2018-01-02,6332.23,28.06
2018-01-03,6388.25,28.32
2018-01-04,6417.54,28.46
2018-01-05,6417.25,28.46
2018-01-08,6446.18,28.6
2018-01-09,6445.75,28.6
2018-01-10,6405.94,28.43
2018-01-11,6425.94,28.49
2018-01-12,6399.37,28.39
2018-01-15,6253.38,27.78
2018-01-16,6301.13,28.0
2018-01-17,6267.46,27.86
2018-01-18,6286.8,27.97
2018-01-19,6272.38,27.91
2018-01-22,6347.64,28.25
2018-01-23,6355.0,28.29
2018-01-24,6394.3,28.44
2018-01-25,6382.72,28.38
2018-01-26,6383.63,28.4
2018-01-29,6309.88,28.09
2018-01-30,6313.44,28.09
2018-01-31,6189.34,27.57
2018-02-01,5984.74,26.7
2018-02-02,6004.85,26.83
2018-02-05,5998.22,26.82
2018-02-06,5704.26,25.5
2018-02-07,5711.33,25.52
2018-02-08,5766.48,25.76
2018-02-09,5554.9,24.89
2018-02-12,5699.1,25.53
2018-02-13,5736.95,25.7
2018-02-14,5754.83,25.79
2018-02-22,5875.73,26.33
2018-02-23,5897.68,26.44
2018-02-26,6029.68,27.01
2018-02-27,6010.56,26.91
2018-02-28,6023.68,26.96
2018-03-01,6090.22,27.23
2018-03-02,6056.34,27.07
2018-03-05,6064.1,27.07
2018-03-06,6145.58,27.46
2018-03-07,6086.49,27.2
2018-03-08,6131.51,27.39
2018-03-09,6206.98,27.73
2018-03-12,6295.78,28.12
2018-03-13,6254.15,27.92
2018-03-14,6189.32,27.65
2018-03-15,6180.11,27.6
2018-03-16,6146.31,27.45
2018-03-19,6153.83,27.46
2018-03-20,6173.7,27.52
2018-03-21,6129.2,27.28
2018-03-22,6101.23,27.14
2018-03-23,5787.15,25.75
2018-03-26,5902.96,26.24
2018-03-27,6034.78,26.79
2018-03-28,5973.34,26.51
2018-03-29,6034.86,26.79
2018-03-30,6114.74,27.13
2018-04-02,6121.96,27.18
2018-04-03,6059.71,26.92
2018-04-04,6017.69,26.74
2018-04-09,6025.65,26.76
2018-04-10,6063.74,26.95
2018-04-11,6086.61,27.01
2018-04-12,6051.33,26.86
2018-04-13,6027.19,26.76
2018-04-16,6012.41,26.66
2018-04-17,5890.86,26.13
2018-04-18,5970.66,26.45
2018-04-19,6004.73,26.6
2018-04-20,5880.84,26.06
2018-04-23,5823.92,25.82
2018-04-24,5957.19,26.4
2018-04-25,5959.42,26.41
2018-04-26,5847.98,25.88
2018-04-27,5860.98,25.95
2018-05-02,5855.32,23.53
2018-05-03,5910.61,23.76
2018-05-04,5909.29,23.73
2018-05-07,6019.14,24.17
2018-05-08,6041.81,24.27
2018-05-09,6029.23,24.21
2018-05-10,6040.57,24.28
2018-05-11,5991.34,24.07
2018-05-14,5967.55,23.99
2018-05-15,6020.57,24.14
2018-05-16,6004.07,24.09
2018-05-17,5973.78,23.86
2018-05-18,5995.15,23.96
2018-05-21,6072.2,24.26
2018-05-22,6092.91,24.34
2018-05-23,6013.85,24.0
2018-05-24,5992.62,23.83
2018-05-25,5917.8,23.52
2018-05-28,5891.26,23.39
2018-05-29,5835.45,23.17
2018-05-30,5682.59,22.43
2018-05-31,5754.47,22.7
2018-06-01,5685.12,22.42
2018-06-04,5683.15,22.42
2018-06-05,5779.08,22.79
2018-06-06,5774.26,22.74
2018-06-07,5738.02,22.6
2018-06-08,5669.3,22.34
2018-06-11,5632.36,22.58
2018-06-12,5693.35,22.82
2018-06-13,5607.02,22.37
2018-06-14,5586.93,22.27
2018-06-15,5483.94,21.89
2018-06-18,5483.95,21.89
2018-06-19,5141.71,20.53
2018-06-20,5198.39,20.76
2018-06-21,5089.25,20.32
2018-06-22,5160.12,20.53
2018-06-25,5125.03,20.39
2018-06-26,5160.28,20.5
2018-06-27,5109.5,20.28
2018-06-28,5055.11,20.05
2018-06-29,5217.76,20.67
2018-07-02,5138.78,20.35
2018-07-03,5197.13,20.56
2018-07-04,5121.34,20.26
2018-07-05,4982.76,19.72
2018-07-06,4996.63,19.75
2018-07-09,5107.55,20.2
2018-07-10,5136.53,20.33
2018-07-11,5036.16,19.96
2018-07-12,5172.5,20.49
2018-07-13,5204.19,20.61
2018-07-16,5195.2,20.6
2018-07-17,5196.2,20.58
2018-07-18,5156.64,20.43
2018-07-19,5111.33,20.26
2018-07-20,5175.25,20.51
2018-07-23,5214.0,20.66
2018-07-24,5304.64,21.02
2018-07-25,5308.66,21.02
2018-07-26,5273.48,20.87
2018-07-27,5249.29,20.79
2018-07-30,5185.15,20.54
2018-07-31,5188.72,20.56
2018-08-01,5105.37,20.23
2018-08-02,4996.01,19.78
2018-08-03,4929.75,19.54
2018-08-06,4825.25,19.12
2018-08-07,4956.87,19.63
2018-08-08,4880.57,19.33
2018-08-09,5004.77,19.82
2018-08-10,5030.51,19.86
2018-08-13,5055.28,19.96
2018-08-14,5037.88,19.89
2018-08-15,4932.81,19.47
2018-08-16,4888.37,19.29
2018-08-17,4803.03,18.97
2018-08-20,4832.65,19.08
2018-08-21,4891.98,19.32
2018-08-22,4837.02,19.1
2018-08-23,4863.67,19.19
2018-08-24,4852.29,19.14
2018-08-27,4960.07,19.56
2018-08-28,4974.21,19.59
2018-08-29,4941.96,19.46
2018-08-30,4867.12,19.17
2018-08-31,4814.82,18.96
2018-09-03,4838.87,18.65
2018-09-04,4890.28,18.84
2018-09-05,4815.03,18.53
2018-09-06,4793.35,18.44
2018-09-07,4791.78,18.44
2018-09-10,4704.88,18.11
2018-09-11,4702.9,18.1
2018-09-12,4693.97,18.06
2018-09-13,4721.21,18.17
2018-09-14,4670.08,17.99
2018-09-17,4602.39,17.72
2018-09-18,4683.51,18.04
2018-09-19,4736.89,18.25
2018-09-20,4733.48,18.25
2018-09-21,4805.22,18.52
2018-09-25,4792.55,18.48
2018-09-26,4815.63,18.57
2018-09-27,4755.38,18.36
2018-09-28,4800.73,18.53
2018-10-08,4646.49,17.95
2018-10-09,4634.89,17.89
2018-10-10,4629.89,17.88
2018-10-11,4307.42,16.68
2018-10-12,4278.04,16.6
2018-10-15,4199.15,16.31
2018-10-16,4099.68,15.91
2018-10-17,4133.38,16.02
2018-10-18,4018.46,15.6
2018-10-19,4127.99,16.03
2018-10-22,4333.14,16.83
2018-10-23,4253.56,16.52
2018-10-24,4245.49,16.49
2018-10-25,4234.42,16.45
2018-10-26,4233.96,16.43
2018-10-29,4162.53,16.15
2018-10-30,4204.54,16.31
2018-10-31,4272.55,16.58
2018-11-01,4298.98,16.59
2018-11-02,4437.95,17.14
2018-11-05,4440.83,17.14
2018-11-06,4438.1,17.14
2018-11-07,4415.14,17.06
2018-11-08,4382.33,16.94
2018-11-09,4368.61,16.9
2018-11-12,4481.69,17.33
2018-11-13,4563.54,17.62
2018-11-14,4545.51,17.55
2018-11-15,4619.81,17.83
2018-11-16,4659.1,17.97
2018-11-19,4670.74,18.02
2018-11-20,4537.45,17.51
2018-11-21,4554.67,17.58
2018-11-22,4551.33,17.57
2018-11-23,4374.76,16.91
2018-11-26,4367.46,16.88
2018-11-27,4387.65,16.95
2018-11-28,4441.86,17.16
2018-11-29,4345.7,16.81
2018-11-30,4376.65,16.93
2018-12-03,4515.17,17.46
2018-12-04,4536.21,17.53
2018-12-05,4502.7,17.4
2018-12-06,4411.09,17.05
2018-12-07,4410.96,17.06
2018-12-10,4359.31,16.87
2018-12-11,4395.57,17.01
2018-12-12,4393.32,17.01
2018-12-13,4443.16,17.21
2018-12-14,4337.1,16.82
2018-12-17,4330.65,16.09
2018-12-18,4307.27,16.01
2018-12-19,4247.9,15.81
2018-12-20,4259.76,15.85
2018-12-21,4231.14,15.75
2018-12-24,4274.72,15.92
2018-12-25,4225.51,15.75
2018-12-26,4208.41,15.69
2018-12-27,4161.27,15.53
2018-12-28,4168.04,15.55
2019-01-02,4131.96,15.4
2019-01-03,4112.81,15.32
2019-01-04,4210.88,15.66
2019-01-07,4288.32,15.94
2019-01-08,4277.3,15.9
2019-01-09,4288.77,15.95
2019-01-10,4281.86,15.93
2019-01-11,4314.88,16.04
2019-01-14,4286.55,15.94
2019-01-15,4347.36,16.17
2019-01-16,4336.88,16.14
2019-01-17,4303.73,16.01
2019-01-18,4347.81,16.18
2019-01-21,4373.63,16.29
2019-01-22,4308.25,16.05
2019-01-23,4315.68,16.09
2019-01-24,4338.17,16.18
2019-01-25,4318.44,16.13
2019-01-28,4307.22,16.1
2019-01-29,4254.29,15.92
2019-01-30,4211.62,15.76
2019-01-31,4176.47,15.65
2019-02-01,4294.27,16.09
2019-02-11,4402.87,16.48
2019-02-12,4439.49,16.61
2019-02-13,4512.41,16.87
2019-02-14,4532.17,16.95
2019-02-15,4502.73,16.83
2019-02-18,4661.0,17.41
2019-02-19,4667.28,17.4
2019-02-20,4667.62,17.39
2019-02-21,4659.14,17.36
2019-02-22,4777.3,17.77
2019-02-25,5044.35,18.75
2019-02-26,5038.54,18.76
2019-02-27,5017.88,18.7
2019-02-28,5025.29,18.73
2019-03-01,5067.23,18.89
2019-03-04,5158.25,19.21
2019-03-05,5295.29,19.68
2019-03-06,5390.03,19.99
2019-03-07,5458.62,20.2
2019-03-08,5245.7,19.42
2019-03-11,5456.38,20.21
2019-03-12,5551.0,20.57
2019-03-13,5424.86,20.14
2019-03-14,5298.5,19.71
2019-03-15,5359.01,19.95
2019-03-18,5501.18,20.47
2019-03-19,5522.18,20.55
2019-03-20,5515.79,20.53
2019-03-21,5589.48,20.79
2019-03-22,5622.14,20.93
2019-03-25,5549.67,20.65
2019-03-26,5394.88,20.1
2019-03-27,5447.88,20.33
2019-03-28,5370.12,19.99
2019-03-29,5547.66,20.64
2019-04-01,5757.84,21.41
2019-04-02,5775.55,21.47
2019-04-03,5836.04,21.7
2019-04-04,5871.56,21.83
2019-04-08,5847.63,21.73
2019-04-09,5858.05,21.78
2019-04-10,5850.76,21.76
2019-04-11,5727.17,21.31
2019-04-12,5714.37,21.25
2019-04-15,5655.98,21.05
2019-04-16,5777.01,21.49
2019-04-17,5807.73,21.58
2019-04-18,5775.17,21.47
2019-04-19,5810.18,21.59
2019-04-22,5723.04,21.25
2019-04-23,5628.06,20.94
2019-04-24,5679.73,21.1
2019-04-25,5458.42,20.28
2019-04-26,5408.03,20.09
2019-04-29,5265.6,19.62
2019-04-30,5307.56,19.77
2019-05-06,4908.8,19.46
2019-05-07,4973.4,19.73
2019-05-08,4947.74,19.61
2019-05-09,4888.41,19.38
2019-05-10,5064.32,20.07
2019-05-13,5005.9,19.79
2019-05-14,4965.61,19.63
2019-05-15,5076.56,20.07
2019-05-16,5108.36,20.16
2019-05-17,4942.58,19.5
2019-05-20,4923.56,19.4
2019-05-21,5009.87,19.72
2019-05-22,4976.39,19.41
2019-05-23,4872.92,19.02
2019-05-24,4841.76,18.92
2019-05-27,4962.95,19.37
2019-05-28,4955.49,19.34
2019-05-29,4956.86,19.32
2019-05-30,4926.4,19.2
2019-05-31,4912.0,19.17
2019-06-03,4853.82,18.86
2019-06-04,4795.41,18.62
2019-06-05,4783.82,18.56
2019-06-06,4678.78,18.16
2019-06-10,4725.26,18.31
2019-06-11,4901.47,18.95
2019-06-12,4863.49,18.77
2019-06-13,4877.65,18.67
2019-06-14,4795.53,18.37
2019-06-17,4802.82,18.66
2019-06-18,4797.15,18.61
2019-06-19,4858.92,18.86
2019-06-20,4954.73,19.22
2019-06-21,5021.31,19.47
2019-06-24,5024.2,19.47
2019-06-25,4974.99,19.29
2019-06-26,4962.59,19.26
2019-06-27,5007.48,19.43
2019-06-28,4950.48,19.21
2019-07-01,5100.26,19.73
2019-07-02,5084.41,19.67
2019-07-03,5040.72,19.49
2019-07-04,5025.02,19.4
2019-07-05,5042.66,19.29
2019-07-08,4870.78,18.63
2019-07-09,4881.62,18.66
2019-07-10,4843.86,18.51
2019-07-11,4844.55,18.51
2019-07-12,4861.57,18.59
2019-07-15,4925.32,18.81
2019-07-16,4932.05,18.82
2019-07-17,4929.09,18.8
2019-07-18,4844.11,18.48
2019-07-19,4878.69,18.68
2019-07-22,4776.57,18.32
2019-07-23,4823.92,18.49
2019-07-24,4873.03,18.67
2019-07-25,4891.64,18.74
2019-07-26,4898.11,18.78
2019-07-29,4897.02,18.76
2019-07-30,4922.92,18.86
2019-07-31,4903.2,18.78
2019-08-01,4870.47,18.65
2019-08-02,4809.92,18.42
2019-08-05,4751.98,18.19
2019-08-06,4650.56,17.81
2019-08-07,4626.36,17.71
2019-08-08,4656.1,17.82
2019-08-09,4600.35,17.63
2019-08-12,4685.05,17.95
2019-08-13,4658.39,17.84
2019-08-14,4683.84,17.95
2019-08-15,4706.55,18.03
2019-08-16,4722.66,18.09
2019-08-19,4875.04,18.67
2019-08-20,4872.61,18.66
2019-08-21,4882.72,18.71
2019-08-22,4887.91,18.71
2019-08-23,4887.9,18.71
2019-08-26,4855.46,18.58
2019-08-27,4936.12,18.87
2019-08-28,4928.19,18.81
2019-08-29,4934.18,18.84
2019-08-30,4886.49,18.67
2019-09-02,5008.3,19.75
2019-09-03,5044.18,19.88
2019-09-04,5093.27,20.06
2019-09-05,5138.41,20.24
2019-09-06,5154.64,20.29
2019-09-09,5263.46,20.69
2019-09-10,5245.31,20.63
2019-09-11,5217.29,20.53
2019-09-12,5242.61,20.61
2019-09-16,5250.34,20.63
2019-09-17,5140.45,20.24
2019-09-18,5141.04,20.26
2019-09-19,5191.67,20.45
2019-09-20,5204.48,20.52
2019-09-23,5171.48,20.39
2019-09-24,5180.74,20.44
2019-09-25,5087.01,20.09
2019-09-26,4970.24,19.66
2019-09-27,5005.63,19.77
2019-09-30,4940.9,19.53
2019-10-08,4941.76,19.54
2019-10-09,4982.95,19.71
2019-10-10,5046.36,19.97
2019-10-11,5055.52,20.0
2019-10-14,5131.13,20.3
2019-10-15,5061.0,20.05
2019-10-16,5038.36,19.97
2019-10-17,5029.85,19.93
2019-10-18,4961.81,19.66
2019-10-21,4951.04,19.61
2019-10-22,5005.55,19.82
2019-10-23,4967.19,19.65
2019-10-24,4958.25,19.62
2019-10-25,4994.57,19.76
2019-10-28,5084.47,20.06
2019-10-29,5007.71,19.79
2019-10-30,4947.9,19.58
2019-10-31,4917.42,19.49
2019-11-01,4962.35,20.11
2019-11-04,4987.84,20.21
2019-11-05,5025.3,20.46
2019-11-06,4974.73,20.27
2019-11-07,5007.07,20.39
2019-11-08,4988.29,20.31
2019-11-11,4876.16,19.89
2019-11-12,4881.61,19.9
2019-11-13,4875.54,19.92
2019-11-14,4912.11,20.06
2019-11-15,4868.44,19.89
2019-11-18,4892.46,19.99
2019-11-19,4975.11,20.32
2019-11-20,4946.28,20.18
2019-11-21,4945.72,20.19
2019-11-22,4904.08,19.99
2019-11-25,4901.5,19.98
2019-11-26,4882.16,19.9
2019-11-27,4904.26,20.0
2019-11-28,4889.26,19.94
2019-11-29,4894.94,19.95
2019-12-02,4905.42,20.0
2019-12-03,4926.45,20.09
2019-12-04,4920.67,20.07
2019-12-05,4967.6,20.27
2019-12-06,5010.51,20.45
2019-12-09,5024.6,20.5
2019-12-10,5049.05,20.57
2019-12-11,5027.28,20.52
2019-12-12,5012.0,20.46
2019-12-13,5073.69,20.72
2019-12-16,5166.04,20.37
2019-12-17,5236.06,20.64
2019-12-18,5235.12,20.67
2019-12-19,5241.74,20.7
2019-12-20,5184.68,20.49
2019-12-23,5084.35,20.14
2019-12-24,5162.07,20.41
2019-12-25,5183.1,20.49
2019-12-26,5219.14,20.62
2019-12-27,5179.19,20.47
2019-12-30,5241.94,20.72
2019-12-31,5267.66,20.83
2020-01-02,5366.14,21.18
2020-01-03,5380.64,21.21
2020-01-06,5434.85,21.39
2020-01-07,5499.84,21.64
2020-01-08,5423.8,21.35
2020-01-09,5497.54,21.64
2020-01-10,5480.23,21.6
2020-01-13,5559.63,21.91
2020-01-14,5542.33,21.84
2020-01-15,5530.03,21.77
2020-01-16,5527.67,21.76
2020-01-17,5510.05,21.71
2020-01-20,5587.54,22.01
2020-01-21,5523.94,21.76
2020-01-22,5575.51,21.95
2020-01-23,5377.74,21.19
2020-02-03,4910.9,19.34
2020-02-04,4996.47,19.67
2020-02-05,5123.96,20.14
2020-02-06,5282.89,20.74
2020-02-07,5327.04,20.89
2020-02-10,5388.43,21.13
2020-02-11,5361.28,21.08
2020-02-12,5459.95,21.42
2020-02-13,5412.84,21.24
2020-02-14,5420.8,21.25
2020-02-17,5594.44,21.91
2020-02-18,5660.81,22.14
2020-02-19,5603.26,21.95
2020-02-20,5706.71,22.35
2020-02-21,5784.03,22.62
2020-02-24,5865.47,22.89
2020-02-25,5897.72,22.99
2020-02-26,5743.39,22.42
2020-02-27,5753.73,22.47
2020-02-28,5451.29,21.35
2020-03-02,5656.42,22.15
2020-03-03,5710.02,22.34
2020-03-04,5716.51,22.35
2020-03-05,5801.12,22.69
2020-03-06,5763.86,22.52
2020-03-09,5525.82,21.62
2020-03-10,5675.11,22.18
2020-03-11,5589.53,21.88
2020-03-12,5493.88,21.5
2020-03-13,5457.2,21.31
2020-03-16,5200.11,20.34
2020-03-17,5212.06,20.37
2020-03-18,5119.47,20.03
2020-03-19,5157.82,20.14
2020-03-20,5219.28,20.41
2020-03-23,4998.91,19.6
2020-03-24,5096.04,19.99
2020-03-25,5217.42,20.45
2020-03-26,5166.11,20.24
2020-03-27,5137.34,20.17
2020-03-30,5027.49,19.78
2020-03-31,5041.45,19.86
2020-04-01,5019.22,19.76
2020-04-02,5147.2,20.38
2020-04-03,5107.04,20.23
2020-04-07,5267.07,20.84
2020-04-08,5271.8,20.85
2020-04-09,5322.46,20.98
2020-04-10,5208.51,20.59
2020-04-13,5169.18,20.43
2020-04-14,5288.59,20.88
2020-04-15,5268.75,20.82
2020-04-16,5316.97,20.99
2020-04-17,5318.45,21.0
2020-04-20,5381.79,21.24
2020-04-21,5343.88,21.09
2020-04-22,5387.62,21.26
2020-04-23,5357.79,21.18
2020-04-24,5273.55,20.85
2020-04-27,5265.72,20.84
2020-04-28,5227.85,20.71
2020-04-29,5226.81,20.72
2020-04-30,5353.86,21.19
2020-05-06,5451.32,23.05
2020-05-07,5445.75,23.02
2020-05-08,5507.7,23.27
2020-05-11,5496.19,23.24
2020-05-12,5512.46,23.3
2020-05-13,5536.28,23.41
2020-05-14,5487.11,23.19
2020-05-15,5507.93,23.29
2020-05-18,5478.82,23.17
2020-05-19,5547.88,23.46
2020-05-20,5489.7,23.18
2020-05-21,5426.17,22.92
2020-05-22,5328.23,22.51
2020-05-25,5316.6,22.49
2020-05-26,5420.21,22.89
2020-05-27,5369.5,22.7
2020-05-28,5361.17,22.66
2020-05-29,5406.34,22.84
2020-06-01,5569.48,23.48
2020-06-02,5566.44,23.4
2020-06-03,5572.31,23.43
2020-06-04,5576.75,23.45
2020-06-05,5585.42,23.48
2020-06-08,5575.3,23.44
2020-06-09,5610.38,23.5
2020-06-10,5615.24,23.55
2020-06-11,5589.1,23.4
2020-06-12,5591.49,23.45
2020-06-15,5590.64,22.5
2020-06-16,5695.3,22.95
2020-06-17,5735.42,23.12
2020-06-18,5734.4,23.11
2020-06-19,5787.15,23.32
2020-06-22,5784.03,23.27
2020-06-23,5804.34,23.35
2020-06-24,5789.09,23.28
2020-06-29,5762.44,23.19
2020-06-30,5864.42,23.57
2020-07-01,5881.89,23.63
2020-07-02,5975.28,23.98
2020-07-03,6051.51,24.26
2020-07-06,6299.86,25.22
2020-07-07,6380.03,25.53
2020-07-08,6535.42,26.12
2020-07-09,6693.75,26.75
2020-07-10,6676.44,26.69
2020-07-13,6899.52,27.53
2020-07-14,6807.73,27.26
2020-07-15,6638.84,26.68
2020-07-16,6320.0,25.34
2020-07-17,6344.59,25.45
2020-07-20,6526.83,26.17
2020-07-21,6563.32,26.35
2020-07-22,6620.69,26.59
2020-07-23,6620.09,26.6
2020-07-24,6283.98,25.27
2020-07-27,6298.74,25.32
2020-07-28,6359.66,25.61
2020-07-29,6530.27,26.27
2020-07-30,6511.44,26.22
2020-07-31,6579.67,26.49
2020-08-03,6739.81,27.1
2020-08-04,6697.71,26.99
2020-08-05,6772.84,27.26
2020-08-06,6770.3,27.23
2020-08-07,6688.88,26.95
2020-08-10,6725.3,27.1
2020-08-11,6600.85,26.59
2020-08-12,6528.4,26.26
2020-08-13,6552.66,26.33
2020-08-14,6623.56,26.65
2020-08-17,6744.55,27.18
2020-08-18,6789.4,27.39
2020-08-19,6666.27,26.92
2020-08-20,6593.79,26.62
2020-08-21,6643.94,26.82
2020-08-24,6688.96,27.01
2020-08-25,6652.55,26.89
2020-08-26,6525.88,26.39
2020-08-27,6578.79,26.59
2020-08-28,6691.21,27.07
2020-08-31,6668.43,26.96
2020-09-01,6710.46,26.71
2020-09-02,6717.56,26.71
2020-09-03,6662.25,26.51
2020-09-04,6618.58,26.28
2020-09-07,6478.81,25.67
2020-09-08,6525.1,25.78
2020-09-09,6349.22,25.09
2020-09-10,6235.57,24.74
2020-09-11,6311.97,25.05
2020-09-14,6351.24,25.15
2020-09-15,6387.88,25.32
2020-09-16,6353.84,25.18
2020-09-17,6367.02,25.21
2020-09-18,6469.47,25.6
2020-09-21,6445.96,25.52
2020-09-22,6358.65,25.18
2020-09-23,6392.03,25.32
2020-09-24,6244.64,24.73
2020-09-25,6236.89,24.72
2020-09-28,6178.47,24.54
2020-09-29,6228.77,24.71
2020-09-30,6192.5,24.59
2020-10-09,6357.97,25.23
2020-10-12,6541.18,25.95
2020-10-13,6551.4,26.02
2020-10-14,6508.37,25.89
2020-10-15,6460.04,25.71
2020-10-16,6428.68,25.61
2020-10-19,6358.32,25.26
2020-10-20,6423.11,25.5
2020-10-21,6350.01,25.24
2020-10-22,6317.14,25.09
2020-10-23,6213.26,24.68
2020-10-26,6214.38,24.69
2020-10-27,6221.34,24.76
2020-10-28,6246.0,24.88
2020-10-29,6255.19,24.95
2020-10-30,6111.48,24.41
2020-11-02,6143.12,23.23
2020-11-03,6241.77,23.56
2020-11-04,6234.16,23.54
2020-11-05,6351.98,23.97
2020-11-06,6301.25,23.78
2020-11-09,6421.65,24.2
2020-11-10,6373.09,24.01
2020-11-11,6294.61,23.76
2020-11-12,6315.49,23.84
2020-11-13,6306.97,23.8
2020-11-16,6387.37,24.11
2020-11-17,6336.94,23.91
2020-11-18,6341.01,23.91
2020-11-19,6360.6,23.98
2020-11-20,6422.99,24.2
2020-11-23,6472.93,24.38
2020-11-24,6475.19,24.35
2020-11-25,6350.37,23.85
2020-11-26,6334.3,23.81
2020-11-27,6351.61,23.87
2020-11-30,6320.94,23.71
2020-12-01,6426.62,24.06
2020-12-02,6434.98,24.09
2020-12-03,6440.88,24.1
2020-12-04,6464.73,24.21
2020-12-07,6424.68,24.08
2020-12-08,6423.65,24.07
2020-12-09,6307.22,23.66
2020-12-10,6320.1,23.73
2020-12-11,6209.43,23.37
2020-12-14,6259.02,23.23
2020-12-15,6265.58,23.25
2020-12-16,6235.44,23.16
2020-12-17,6308.9,23.41
2020-12-18,6291.92,23.35
2020-12-21,6398.6,23.74
2020-12-22,6250.06,23.19
2020-12-23,6307.6,23.38
2020-12-24,6205.22,23.02
2020-12-25,6278.5,23.29
2020-12-28,6244.48,23.16
2020-12-29,6199.85,23.02
2020-12-30,6269.25,23.25
2020-12-31,6367.11,23.6
2021-01-04,6482.79,24.02
2021-01-05,6539.73,24.27
2021-01-06,6528.14,24.27
2021-01-07,6538.12,24.31
2021-01-08,6557.6,24.36
2021-01-11,6455.4,24.0
2021-01-12,6543.23,24.31
2021-01-13,6496.91,24.14
2021-01-14,6439.89,23.95
2021-01-15,6417.5,23.87
2021-01-18,6514.46,24.24
2021-01-19,6476.37,24.12
2021-01-20,6535.42,24.33
2021-01-21,6622.5,24.64
2021-01-22,6637.81,24.66
2021-01-25,6645.31,24.67
2021-01-26,6532.96,24.28
2021-01-27,6557.16,24.35
2021-01-28,6414.38,23.8
2021-01-29,6346.14,23.57
2021-02-01,6393.28,23.78
2021-02-02,6454.79,24.02
2021-02-03,6399.33,23.8
2021-02-04,6328.79,23.53
2021-02-05,6239.87,23.25
2021-02-08,6323.16,23.57
2021-02-09,6457.88,24.06
2021-02-10,6525.17,24.28
2021-02-18,6614.54,24.58
2021-02-19,6703.48,24.84
2021-02-22,6657.06,24.67
2021-02-23,6631.23,24.59
2021-02-24,6536.19,24.23
2021-02-25,6499.15,24.14
2021-02-26,6364.35,23.59
2021-03-01,6488.44,24.02
2021-03-02,6433.33,23.87
2021-03-03,6524.75,24.2
2021-03-04,6401.99,23.74
2021-03-05,6403.5,23.72
2021-03-08,6256.41,23.19
2021-03-09,6108.0,22.67
2021-03-10,6062.26,22.52
2021-03-11,6213.83,23.07
2021-03-12,6222.38,23.15
2021-03-15,6173.87,22.97
2021-03-16,6195.24,23.06
2021-03-17,6225.36,23.16
2021-03-18,6273.86,23.37
2021-03-19,6206.6,23.14
2021-03-22,6305.69,23.51
2021-03-23,6219.17,23.2
2021-03-24,6142.54,22.92
2021-03-25,6157.41,22.96
2021-03-26,6251.79,23.34
2021-03-29,6254.94,23.42
2021-03-30,6280.36,23.53
2021-03-31,6254.07,23.43
2021-04-01,6311.66,23.64
2021-04-02,6326.61,23.67
2021-04-06,6343.1,23.74
2021-04-07,6348.08,23.76
2021-04-08,6356.75,23.78
2021-04-09,6335.24,23.7
2021-04-12,6226.42,23.33
2021-04-13,6209.78,23.25
2021-04-14,6277.21,23.5
2021-04-15,6276.46,23.5
2021-04-16,6339.59,23.71
2021-04-19,6425.26,24.0
2021-04-20,6428.54,24.02
2021-04-21,6420.26,23.96
2021-04-22,6445.47,24.08
2021-04-23,6462.76,24.15
2021-04-26,6442.65,24.05
2021-04-27,6446.28,24.07
2021-04-28,6489.74,24.23
2021-04-29,6491.93,24.26
2021-04-30,6485.71,24.17
2021-05-06,6489.35,20.63
2021-05-07,6444.44,20.51
2021-05-10,6475.99,20.6
2021-05-11,6456.04,20.52
2021-05-12,6512.05,20.68
2021-05-13,6439.03,20.45
2021-05-14,6525.8,20.7
2021-05-17,6578.14,20.87
2021-05-18,6599.6,20.94
2021-05-19,6584.39,20.8
2021-05-20,6548.71,20.62
2021-05-21,6527.86,20.54
2021-05-24,6544.12,20.59
2021-05-25,6619.67,20.82
2021-05-26,6628.21,20.82
2021-05-27,6685.41,21.01
2021-05-28,6668.17,20.93
2021-05-31,6728.99,21.14
2021-06-01,6739.76,21.17
2021-06-02,6681.43,20.99
2021-06-03,6667.73,20.92
2021-06-04,6693.06,20.98
2021-06-07,6721.5,21.07
2021-06-08,6684.56,20.91
2021-06-09,6692.9,20.92
2021-06-10,6765.64,21.13
2021-06-11,6725.92,21.02
2021-06-15,6663.66,18.91
2021-06-16,6566.29,18.65
2021-06-17,6616.17,18.81
2021-06-18,6657.76,18.87
2021-06-21,6707.18,19.03
2021-06-22,6739.79,19.13
2021-06-23,6789.95,19.26
2021-06-24,6754.87,19.15
2021-06-25,6813.41,19.34
2021-06-28,6828.52,19.36
2021-06-29,6765.42,19.2
2021-06-30,6808.18,19.33
2021-07-01,6716.67,19.1
2021-07-02,6658.05,18.93
2021-07-05,6711.01,19.05
2021-07-06,6709.5,19.03
2021-07-07,6764.13,19.15
2021-07-08,6748.65,19.08
2021-07-09,6804.54,19.21
2021-07-12,6904.38,19.46
2021-07-13,6961.85,19.63
2021-07-14,6898.75,19.48
2021-07-15,6932.41,19.58
2021-07-16,6925.12,19.54
2021-07-19,6889.34,19.45
2021-07-20,6901.13,19.47
2021-07-21,6984.54,19.71
2021-07-22,7026.55,19.83
2021-07-23,6985.75,19.72
2021-07-26,6868.21,19.41
2021-07-27,6719.26,19.02
2021-07-28,6621.98,18.75
2021-07-29,6758.89,19.14
2021-07-30,6767.32,19.18
2021-08-02,6872.0,19.41
2021-08-03,6816.01,19.27
2021-08-04,6931.34,19.57
2021-08-05,6911.83,19.49
2021-08-06,6938.87,19.55
2021-08-09,6979.53,19.71
2021-08-10,7019.23,19.82
2021-08-11,7073.52,20.0
2021-08-12,7095.2,20.04
2021-08-13,7088.89,20.04
2021-08-16,7052.49,20.0
2021-08-17,6894.4,19.55
2021-08-18,6941.01,19.69
2021-08-19,6947.06,19.7
2021-08-20,6920.02,19.63
2021-08-23,7024.56,19.94
2021-08-24,7090.78,20.14
2021-08-25,7153.0,20.34
2021-08-26,7118.84,20.31
2021-08-27,7180.11,20.48
2021-08-30,7226.88,20.6
2021-08-31,7255.34,20.68
2021-09-01,7193.1,18.97
2021-09-02,7307.01,19.27
2021-09-03,7278.68,19.18
2021-09-06,7355.4,19.39
2021-09-07,7498.93,19.78
2021-09-08,7544.04,19.9
2021-09-09,7617.45,20.15
2021-09-10,7607.67,20.12
2021-09-13,7648.75,20.23
2021-09-14,7556.62,19.98
2021-09-15,7592.31,20.08
2021-09-16,7446.94,19.72
2021-09-17,7395.56,19.6
2021-09-22,7453.62,19.8
2021-09-23,7502.84,19.88
2021-09-24,7380.38,19.56
2021-09-27,7170.59,19.03
2021-09-28,7198.9,19.17
2021-09-29,7010.22,18.55
2021-09-30,7103.61,18.81
2021-10-08,7091.34,18.74
2021-10-11,7090.47,18.71
2021-10-12,6952.19,18.35
2021-10-13,6981.59,18.39
2021-10-14,7008.33,18.46
2021-10-15,7024.16,18.5
2021-10-18,7068.1,18.62
2021-10-19,7120.38,18.78
2021-10-20,7118.8,18.75
2021-10-21,7098.25,18.72
2021-10-22,7026.07,18.52
2021-10-25,7103.99,18.74
2021-10-26,7102.43,18.72
2021-10-27,7048.6,18.58
2021-10-28,6950.28,18.32
2021-10-29,7022.5,18.47
2021-11-01,7060.76,17.94
2021-11-02,6985.1,17.76
2021-11-03,7017.85,17.87
2021-11-04,7073.85,17.76
2021-11-05,6991.91,17.5
2021-11-08,7026.97,17.57
2021-11-09,7081.75,17.71
2021-11-10,7062.33,17.66
2021-11-11,7119.86,17.83
2021-11-12,7156.61,17.9
2021-11-15,7098.21,17.75
2021-11-16,7045.94,17.62
2021-11-17,7104.53,17.76
2021-11-18,7084.68,17.72
2021-11-19,7169.88,17.95
2021-11-22,7255.07,18.16
2021-11-23,7261.38,18.17
2021-11-24,7256.11,18.17
2021-11-25,7233.54,18.11
2021-11-26,7219.86,18.07
2021-11-29,7221.9,18.1
2021-11-30,7252.76,18.14
2021-12-01,7272.84,18.2
2021-12-02,7229.99,18.11
2021-12-03,7301.92,18.31
2021-12-06,7240.46,18.15
2021-12-07,7206.83,18.08
2021-12-08,7302.99,18.31
2021-12-09,7320.32,18.35
2021-12-10,7306.65,18.33
2021-12-13,7353.03,18.47
2021-12-14,7324.13,18.39
2021-12-15,7314.26,18.38
2021-12-16,7381.0,18.56
2021-12-17,7314.56,18.4
2021-12-20,7195.97,18.08
2021-12-21,7275.47,18.26
2021-12-22,7302.46,18.31
2021-12-23,7337.19,18.41
2021-12-24,7278.76,18.28
2021-12-27,7272.75,18.28
2021-12-28,7286.03,18.29
2021-12-29,7247.77,18.19
2021-12-30,7310.96,18.33
2021-12-31,7359.4,18.44
2022-01-04,7354.46,18.4
2022-01-05,7222.67,18.08
2022-01-06,7229.96,18.12
2022-01-07,7175.68,18.01
2022-01-10,7191.45,18.05
2022-01-11,7135.22,17.93
2022-01-12,7196.93,18.05
2022-01-13,7097.76,17.8
2022-01-14,7081.14,17.73
2022-01-17,7157.86,17.89
2022-01-18,7163.16,17.92
2022-01-19,7118.76,17.82
2022-01-20,7056.79,17.69
2022-01-21,6976.62,17.49
2022-01-24,6979.25,17.49
2022-01-25,6743.96,16.91
2022-01-26,6782.58,17.03
2022-01-27,6605.92,16.61
2022-01-28,6580.53,16.52
2022-02-07,6676.61,16.82
2022-02-08,6742.19,16.98
2022-02-09,6843.03,17.21
2022-02-10,6840.49,17.22
2022-02-11,6745.02,16.99
2022-02-14,6695.7,16.85
2022-02-15,6760.28,17.0
2022-02-16,6772.03,17.04
2022-02-17,6768.79,17.03
2022-02-18,6835.02,17.2
2022-02-21,6867.11,17.26
2022-02-22,6784.76,17.07
2022-02-23,6887.42,17.32
2022-02-24,6764.88,17.03
2022-02-25,6819.43,17.16
2022-02-28,6853.31,17.25
2022-03-01,6874.04,17.3
2022-03-02,6875.24,17.31
2022-03-03,6859.55,17.3
2022-03-04,6803.83,17.17
2022-03-07,6659.39,16.82
2022-03-08,6429.89,16.24
2022-03-09,6305.61,15.93
2022-03-10,6414.94,16.19
2022-03-11,6474.13,16.33
2022-03-14,6323.58,15.95
2022-03-15,5964.98,15.05
2022-03-16,6156.27,15.52
2022-03-17,6267.52,15.79
2022-03-18,6332.22,15.96
2022-03-21,6358.94,16.03
2022-03-22,6358.11,16.03
2022-03-23,6398.1,16.11
2022-03-24,6344.12,16.0
2022-03-25,6268.24,15.8
2022-03-28,6283.28,15.84
2022-03-29,6253.07,15.76
2022-03-30,6377.87,16.07
2022-03-31,6324.96,15.96
2022-04-01,6364.52,16.06
2022-04-06,6356.93,16.05
2022-04-07,6221.59,15.73
2022-04-08,6224.12,15.76
2022-04-11,6029.89,15.28
2022-04-12,6126.91,15.51
2022-04-13,6044.33,15.32
2022-04-14,6126.49,15.52
2022-04-15,6070.75,15.39
2022-04-18,6074.01,15.36
2022-04-19,6092.4,15.42
2022-04-20,5956.92,15.07
2022-04-21,5759.8,14.59
2022-04-22,5740.98,14.55
2022-04-25,5369.72,13.64
2022-04-26,5234.01,13.3
2022-04-27,5437.04,13.8
2022-04-28,5418.76,13.77
2022-04-29,5627.9,14.27
2022-05-05,5686.7,14.89
2022-05-06,5563.77,14.57
2022-05-09,5608.52,14.68
2022-05-10,5690.09,14.89
2022-05-11,5737.82,15.01
2022-05-12,5743.1,14.99
2022-05-13,5796.8,15.12
2022-05-16,5791.08,15.1
2022-05-17,5816.34,15.16
2022-05-18,5797.49,15.1
2022-05-19,5838.41,15.19
2022-05-20,5929.49,15.44
2022-05-23,5965.73,15.53
2022-05-24,5745.68,14.98
2022-05-25,5844.25,15.22
2022-05-26,5911.56,15.4
2022-05-27,5899.92,15.37
2022-05-30,5942.83,15.47
2022-05-31,6026.24,15.68
2022-06-01,6023.64,15.64
2022-06-02,6078.43,15.76
2022-06-06,6187.44,16.04
2022-06-07,6186.57,16.06
2022-06-08,6217.83,16.13
2022-06-09,6130.69,15.92
2022-06-10,6240.1,16.2
2022-06-13,6233.62,16.57
2022-06-14,6275.57,16.69
2022-06-15,6261.06,16.65
2022-06-16,6264.82,16.64
2022-06-17,6316.31,16.76
2022-06-20,6330.39,16.78
2022-06-21,6277.0,16.63
2022-06-22,6179.57,16.38
2022-06-23,6300.47,16.66
2022-06-24,6368.28,16.82
2022-06-27,6407.74,16.91
2022-06-28,6501.35,17.13
2022-06-29,6374.3,16.82
2022-06-30,6454.08,17.01
2022-07-01,6438.54,16.97
2022-07-04,6523.13,17.2
2022-07-05,6511.53,17.18
2022-07-06,6418.55,16.92
2022-07-07,6452.99,16.99
2022-07-08,6404.44,16.85
2022-07-11,6319.14,16.65
2022-07-12,6241.48,16.48
2022-07-13,6268.49,16.53
2022-07-14,6302.43,16.61
2022-07-15,6196.8,16.31
2022-07-18,6312.36,16.61
2022-07-19,6335.71,16.65
2022-07-20,6410.71,16.85
2022-07-21,6347.6,16.68
2022-07-22,6289.53,16.52
2022-07-25,6231.24,16.38
2022-07-26,6307.96,16.57
2022-07-27,6332.23,16.63
2022-07-28,6348.17,16.68
2022-07-29,6294.11,16.53
2022-08-01,6347.22,16.65
2022-08-02,6170.0,16.2
2022-08-03,6124.31,16.08
2022-08-04,6158.73,16.16
2022-08-05,6270.51,16.44
2022-08-08,6323.07,16.58
2022-08-09,6341.48,16.62
2022-08-10,6322.06,16.57
2022-08-11,6439.36,16.87
2022-08-12,6420.85,16.82
2022-08-15,6442.81,16.87
2022-08-16,6465.19,16.93
2022-08-17,6493.5,16.99
2022-08-18,6468.81,16.9
2022-08-19,6391.72,16.72
2022-08-22,6472.68,16.92
2022-08-23,6466.4,16.92
2022-08-24,6284.58,16.48
2022-08-25,6322.7,16.59
2022-08-26,6298.37,16.52
2022-08-29,6310.4,16.55
2022-08-30,6285.93,16.48
2022-08-31,6155.75,16.16
2022-09-01,6126.77,16.58
2022-09-02,6149.43,16.57
2022-09-05,6182.65,16.67
2022-09-06,6291.57,16.95
2022-09-07,6301.56,16.96
2022-09-08,6272.58,16.89
2022-09-09,6316.97,17.02
2022-09-13,6300.42,16.98
2022-09-14,6249.96,16.85
2022-09-15,6107.8,16.49
2022-09-16,5954.5,16.08
2022-09-19,5913.15,15.98
2022-09-20,5958.29,16.1
2022-09-21,5978.58,16.14
2022-09-22,5965.89,16.11
2022-09-23,5889.6,15.92
2022-09-26,5806.32,15.7
2022-09-27,5920.05,16.0
2022-09-28,5769.52,15.64
2022-09-29,5771.88,15.65
2022-09-30,5714.06,15.51
2022-10-10,5635.71,15.34
2022-10-11,5684.51,15.46
2022-10-12,5820.45,15.81
2022-10-13,5830.34,15.83
2022-10-14,5973.44,16.2
2022-10-17,6015.6,16.3
2022-10-18,6035.67,16.37
2022-10-19,5972.72,16.21
2022-10-20,5948.86,16.15
2022-10-21,5956.88,16.17
2022-10-24,5896.9,16.01
2022-10-25,5869.78,15.92
2022-10-26,5971.6,16.19
2022-10-27,5963.0,16.17
2022-10-28,5781.8,15.7
2022-10-31,5807.11,15.74
2022-11-01,5941.15,16.39
2022-11-02,5997.8,16.55
2022-11-03,5996.72,16.57
2022-11-04,6133.46,16.93
2022-11-07,6141.41,16.96
2022-11-08,6134.26,16.93
2022-11-09,6120.83,16.9
2022-11-10,6089.7,16.8
2022-11-11,6138.62,16.94
2022-11-14,6129.51,16.93
2022-11-15,6236.38,17.21
2022-11-16,6203.92,17.12
2022-11-17,6217.21,17.16
2022-11-18,6191.65,17.1
2022-11-21,6189.71,17.09
2022-11-22,6125.4,16.93
2022-11-23,6115.6,16.92
2022-11-24,6120.07,16.94
2022-11-25,6087.86,16.87
2022-11-28,6055.28,16.77
2022-11-29,6163.82,17.05
2022-11-30,6156.15,17.02
2022-12-01,6186.1,17.11
2022-12-02,6168.01,17.06
2022-12-05,6215.12,17.21
2022-12-06,6211.25,17.15
2022-12-07,6204.01,17.15
2022-12-08,6186.28,17.12
2022-12-09,6192.3,17.12
2022-12-12,6154.81,18.08
2022-12-13,6121.66,17.98
2022-12-14,6096.39,17.9
2022-12-15,6101.88,17.9
2022-12-16,6072.86,17.84
2022-12-19,5936.48,17.44
2022-12-20,5878.03,17.28
2022-12-21,5845.84,17.18
2022-12-22,5779.06,16.98
2022-12-23,5763.35,16.92
2022-12-26,5843.26,17.14
2022-12-27,5885.66,17.27
2022-12-28,5862.1,17.22
2022-12-29,5857.4,17.19
2022-12-30,5864.47,17.21
2023-01-03,5955.9,17.47
2023-01-04,5952.45,17.45
2023-01-05,6010.46,17.62
2023-01-06,6012.82,17.63
2023-01-09,6040.02,17.71
2023-01-10,6048.3,17.72
2023-01-11,6014.16,17.64
2023-01-12,6015.29,17.64
2023-01-13,6057.69,17.77
2023-01-16,6126.18,17.96
2023-01-17,6132.64,17.98
2023-01-18,6151.46,18.02
2023-01-19,6204.33,18.17
2023-01-20,6251.43,18.29
2023-01-30,6283.33,18.37
2023-01-31,6289.15,18.39
2023-02-01,6365.91,18.6
2023-02-02,6370.14,18.62
2023-02-03,6343.69,18.53
2023-02-06,6302.33,18.41
2023-02-07,6317.24,18.45
2023-02-08,6268.28,18.32
2023-02-09,6354.56,18.56
2023-02-10,6334.25,18.5
2023-02-13,6383.83,18.64
2023-02-14,6397.21,18.71
2023-02-15,6384.35,18.66
2023-02-16,6289.48,18.39
2023-02-17,6237.41,18.26
2023-02-20,6346.07,18.58
2023-02-21,6383.42,18.68
2023-02-22,6375.07,18.66
2023-02-23,6360.32,18.63
2023-02-24,6340.84,18.58
2023-02-27,6307.21,18.49
2023-02-28,6357.54,18.64
2023-03-01,6402.14,18.74
2023-03-02,6382.23,18.68
2023-03-03,6390.32,18.72
2023-03-06,6395.22,18.74
2023-03-07,6284.3,18.44
2023-03-08,6301.52,18.47
2023-03-09,6285.95,18.42
2023-03-10,6204.9,18.18
2023-03-13,6245.0,18.29
2023-03-14,6189.4,18.12
2023-03-15,6224.64,18.25
2023-03-16,6140.83,18.01
2023-03-17,6183.18,18.11
2023-03-20,6160.35,18.02
2023-03-21,6234.68,18.22
2023-03-22,6269.74,18.29
2023-03-23,6305.76,18.39
2023-03-24,6310.1,18.37
2023-03-27,6311.6,18.36
2023-03-28,6279.92,18.29
2023-03-29,6260.55,18.22
2023-03-30,6286.18,18.31
2023-03-31,6339.82,18.44
2023-04-03,6413.81,18.61
2023-04-04,6408.9,18.6
2023-04-06,6416.85,18.64
2023-04-07,6464.47,18.75
2023-04-10,6410.52,18.64
2023-04-11,6420.88,18.66
2023-04-12,6443.44,18.7
2023-04-13,6404.65,18.62
2023-04-14,6431.07,18.7
2023-04-17,6459.24,18.81
2023-04-18,6449.85,18.79
2023-04-19,6416.97,18.68
2023-04-20,6411.76,18.63
2023-04-21,6250.54,18.24
2023-04-24,6208.78,18.1
2023-04-25,6118.15,17.84
2023-04-26,6142.15,17.92
2023-04-27,6157.94,17.99
2023-04-28,6241.24,18.19
2023-05-04,6262.39,19.08
2023-05-05,6200.58,18.85
2023-05-08,6248.58,19.0
2023-05-09,6181.98,18.8
2023-05-10,6173.81,18.76
2023-05-11,6154.47,18.69
2023-05-12,6091.65,18.52
2023-05-15,6159.39,18.73
2023-05-16,6110.83,18.62
2023-05-17,6122.05,18.64
2023-05-18,6128.18,18.63
2023-05-19,6117.08,18.6
2023-05-22,6115.32,18.63
2023-05-23,6052.43,18.44
2023-05-24,6005.79,18.3
2023-05-25,5988.19,18.26
2023-05-26,6034.98,18.38
2023-05-29,6025.16,18.36
2023-05-30,6061.31,18.43
2023-05-31,6047.8,18.31
2023-06-01,6051.46,18.31
2023-06-02,6105.22,18.44
2023-06-05,6097.11,18.4
2023-06-06,5983.42,18.06
2023-06-07,5987.01,18.04
2023-06-08,5966.15,17.99
2023-06-09,6009.58,18.1
2023-06-12,6027.71,18.92
2023-06-13,6044.04,18.94
2023-06-14,6044.08,18.94
2023-06-15,6096.81,19.11
2023-06-16,6148.01,19.1
2023-06-19,6131.38,19.02
2023-06-20,6126.11,18.98
2023-06-21,5990.85,18.63
2023-06-26,5887.03,18.34
2023-06-27,5948.0,18.55
2023-06-28,5942.31,18.56
2023-06-29,5940.58,18.49
2023-06-30,5998.73,18.65
2023-07-03,6042.31,18.77
2023-07-04,6055.26,18.79
2023-07-05,6020.82,18.67
2023-07-06,5988.55,18.55
2023-07-07,5961.61,18.49
2023-07-10,5984.28,18.56
2023-07-11,6029.23,18.68
2023-07-12,5962.79,18.47
2023-07-13,6044.06,18.71
2023-07-14,6030.52,18.64
2023-07-17,6012.69,18.57
2023-07-18,6001.8,18.55
2023-07-19,5993.41,18.54
2023-07-20,5925.48,18.34
2023-07-21,5925.63,18.35
2023-07-24,5916.71,18.33
2023-07-25,6016.63,18.62
2023-07-26,6001.54,18.57
2023-07-27,5961.18,18.45
2023-07-28,6043.24,18.71
2023-07-31,6088.24,18.84
2023-08-01,6098.88,18.85
2023-08-02,6077.46,18.79
2023-08-03,6098.69,18.86
2023-08-04,6128.56,18.93
2023-08-07,6090.73,18.8
2023-08-08,6066.1,18.74
2023-08-09,6021.75,18.61
2023-08-10,6031.71,18.66
2023-08-11,5913.35,18.3
2023-08-14,5916.8,18.32
2023-08-15,5879.78,18.25
2023-08-16,5833.22,18.12
2023-08-17,5874.36,18.24
2023-08-18,5777.8,17.96
2023-08-21,5710.78,17.76
2023-08-22,5741.06,17.83
2023-08-23,5629.5,17.5
2023-08-24,5652.67,17.55
2023-08-25,5581.21,17.37
2023-08-28,5644.14,17.56
2023-08-29,5770.32,17.92
2023-08-30,5775.15,17.91
2023-08-31,5739.4,17.81
2023-09-01,5750.8,17.85
2023-09-04,5829.78,18.08
2023-09-05,5788.71,17.96
2023-09-06,5790.38,17.96
2023-09-07,5702.7,17.71
2023-09-08,5708.62,17.73
2023-09-11,5774.73,17.93
2023-09-12,5770.93,17.92
2023-09-13,5715.4,17.76
2023-09-14,5702.1,17.73
2023-09-15,5704.66,17.75
2023-09-18,5719.69,17.79
2023-09-19,5687.9,17.71
2023-09-20,5651.01,17.6
2023-09-21,5611.92,17.47
2023-09-22,5698.82,17.72
2023-09-25,5666.66,17.63
2023-09-26,5646.65,17.56
2023-09-27,5674.35,17.65
2023-09-28,5690.77,17.7
2023-10-09,5658.08,17.6
2023-10-10,5630.37,17.48
2023-10-11,5629.79,17.45
2023-10-12,5671.64,17.54
2023-10-13,5633.38,17.42
2023-10-16,5580.67,17.28
2023-10-17,5595.34,17.34
2023-10-18,5524.6,17.11
2023-10-19,5464.03,16.91
2023-10-20,5423.67,16.8
2023-10-23,5290.33,16.41
2023-10-24,5352.01,16.61
2023-10-25,5376.0,16.67
2023-10-26,5398.93,16.74
2023-10-27,5492.03,17.03
2023-10-30,5546.39,17.15
2023-10-31,5528.24,17.11
2023-11-01,5509.97,17.06
2023-11-02,5459.45,16.9
2023-11-03,5510.36,17.03
2023-11-06,5605.06,17.31
2023-11-07,5611.1,17.29
2023-11-08,5608.02,17.27
2023-11-09,5592.06,17.23
2023-11-10,5573.1,17.17
2023-11-13,5605.57,17.26
2023-11-14,5630.55,17.33
2023-11-15,5664.62,17.43
2023-11-16,5609.36,17.26
2023-11-17,5631.42,17.32
2023-11-20,5659.77,17.39
2023-11-21,5641.08,17.35
2023-11-22,5572.9,17.15
2023-11-23,5622.99,17.31
2023-11-24,5570.42,17.17
2023-11-27,5566.51,17.15
2023-11-28,5591.5,17.23
2023-11-29,5553.33,17.13
2023-11-30,5545.05,17.13
2023-12-01,5566.87,17.18
2023-12-04,5559.07,17.15
2023-12-05,5460.41,16.87
2023-12-06,5481.82,16.92
2023-12-07,5481.14,16.91
2023-12-08,5497.99,16.96
2023-12-11,5564.85,16.86
2023-12-12,5566.18,16.88
2023-12-13,5507.51,16.7
2023-12-14,5489.33,16.66
2023-12-15,5449.79,16.55
2023-12-18,5385.27,16.37
2023-12-19,5379.87,16.34
2023-12-20,5309.29,16.15
2023-12-21,5338.76,16.25
2023-12-22,5311.69,16.19
2023-12-25,5315.37,16.2
2023-12-26,5258.28,16.04
2023-12-27,5285.53,16.13
2023-12-28,5382.8,16.39
2023-12-29,5429.23,16.51
2024-01-02,5409.46,16.49
2024-01-03,5401.4,16.48
2024-01-04,5355.32,16.35
2024-01-05,5281.87,16.15
2024-01-08,5167.7,15.81
2024-01-09,5180.65,15.86
2024-01-10,5158.08,15.8
2024-01-11,5223.86,15.99
2024-01-12,5206.18,15.96
2024-01-15,5193.3,15.91
2024-01-16,5190.4,15.91
2024-01-17,5061.54,15.53
2024-01-18,5066.96,15.53
2024-01-19,5018.43,15.38
2024-01-22,4780.97,14.65
2024-01-23,4865.74,14.91
2024-01-24,4933.7,15.14
2024-01-25,5073.18,15.58
2024-01-26,5027.09,15.46
2024-01-29,4927.91,15.19
2024-01-30,4814.99,14.84
2024-01-31,4696.98,14.53
2024-02-01,4678.73,14.46
2024-02-02,4563.22,14.12
2024-02-05,4460.26,13.84
2024-02-06,4805.9,14.86
2024-02-07,5109.57,15.77
2024-02-08,5150.23,15.86
2024-02-19,5141.6,15.81
2024-02-20,5140.96,15.83
2024-02-21,5139.04,15.83
2024-02-22,5176.34,15.93
2024-02-23,5197.71,15.99
2024-02-26,5195.46,15.96
2024-02-27,5307.8,16.27
2024-02-28,5184.05,15.94
2024-02-29,5346.79,16.43
2024-03-01,5379.05,16.5
2024-03-04,5388.82,16.53
2024-03-05,5351.83,16.43
2024-03-06,5350.1,16.43
2024-03-07,5277.3,16.24
2024-03-08,5349.6,16.45
2024-03-11,5441.05,16.7
2024-03-12,5423.72,16.64
2024-03-13,5415.11,16.6
2024-03-14,5392.93,16.55
2024-03-15,5454.15,16.72
2024-03-18,5528.45,16.92
2024-03-19,5478.22,16.77
2024-03-20,5493.41,16.8
2024-03-21,5465.83,16.71
2024-03-22,5384.57,16.47
2024-03-25,5294.75,16.24
2024-03-26,5284.42,16.23
2024-03-27,5156.68,15.87
2024-03-28,5223.81,16.07
2024-03-29,5286.16,16.27
2024-04-01,5401.22,16.59
2024-04-02,5381.23,16.56
2024-04-03,5374.6,16.56
2024-04-08,5298.59,16.34
2024-04-09,5342.9,16.47
2024-04-10,5275.47,16.29
2024-04-11,5301.81,16.38
2024-04-12,5277.22,16.31
2024-04-15,5339.72,16.55
2024-04-16,5191.55,16.14
2024-04-17,5339.75,16.56
2024-04-18,5349.84,16.58
2024-04-19,5314.87,16.5
2024-04-22,5267.58,16.36
2024-04-23,5208.27,16.15
2024-04-24,5263.04,16.31
2024-04-25,5259.34,16.3
2024-04-26,5372.12,16.6
2024-04-29,5478.49,16.89
2024-04-30,5441.14,16.78
2024-05-06,5528.6,20.01
2024-05-07,5527.08,20.0
2024-05-08,5458.76,19.77
2024-05-09,5556.77,20.13
2024-05-10,5535.4,20.08
2024-05-13,5505.26,20.02
2024-05-14,5500.74,20.0
2024-05-15,5446.66,19.8
2024-05-16,5424.67,19.71
2024-05-17,5491.89,19.92
2024-05-20,5523.5,20.0
2024-05-21,5478.91,19.84
2024-05-22,5468.61,19.7
2024-05-23,5362.31,19.34
2024-05-24,5313.45,19.18
2024-05-27,5371.37,19.4
2024-05-28,5316.13,19.2
2024-05-29,5328.31,19.24
2024-05-30,5308.66,19.14
2024-05-31,5308.54,19.14
2024-06-03,5274.07,19.01
2024-06-04,5341.95,19.27
2024-06-05,5277.94,19.04
2024-06-06,5228.8,18.89
2024-06-07,5208.98,18.81
2024-06-11,5217.47,18.77
2024-06-12,5232.95,18.83
2024-06-13,5194.59,18.7
2024-06-14,5213.09,18.74
2024-06-17,5207.13,18.98
2024-06-18,5230.89,19.04
2024-06-19,5168.82,18.81
2024-06-20,5094.57,18.56
2024-06-21,5102.33,18.59
2024-06-24,4992.91,18.21
2024-06-25,4948.63,18.08
2024-06-26,5020.43,18.29
2024-06-27,4928.05,17.95
2024-06-28,4942.78,18.03
2024-07-01,5003.16,18.28
2024-07-02,4949.48,18.05
2024-07-03,4910.92,17.89
2024-07-04,4834.5,17.62
2024-07-05,4866.26,17.72
2024-07-08,4783.62,17.43
2024-07-09,4876.9,17.75
2024-07-10,4844.16,17.6
2024-07-11,4939.73,17.92
2024-07-12,4919.36,17.84
2024-07-15,4883.9,17.73
2024-07-16,4898.36,17.75
2024-07-17,4856.58,17.59
2024-07-18,4877.69,17.68
2024-07-19,4872.05,17.65
2024-07-22,4865.98,17.61
2024-07-23,4722.8,17.11
2024-07-24,4668.06,16.95
2024-07-25,4665.45,16.95
2024-07-26,4736.38,17.18
2024-07-29,4708.84,17.09
2024-07-30,4699.28,17.04
2024-07-31,4886.41,17.68
2024-08-01,4852.97,17.55
2024-08-02,4788.62,17.34
2024-08-05,4693.85,17.02
2024-08-06,4750.78,17.21
2024-08-07,4751.94,17.22
2024-08-08,4755.81,17.21
2024-08-09,4720.31,17.09
2024-08-12,4714.16,17.09
2024-08-13,4731.84,17.14
2024-08-14,4667.07,16.92
2024-08-15,4698.38,17.04
2024-08-16,4670.38,16.93
2024-08-19,4682.96,16.99
2024-08-20,4602.01,16.7
2024-08-21,4587.12,16.64
2024-08-22,4533.37,16.46
2024-08-23,4537.09,16.48
2024-08-26,4544.36,16.48
2024-08-27,4495.29,16.32
2024-08-28,4500.01,16.35
2024-08-29,4557.9,16.52
2024-08-30,4639.11,16.79
2024-09-02,4546.88,16.89
2024-09-03,4596.48,17.04
2024-09-04,4582.08,17.0
2024-09-05,4601.09,17.06
2024-09-06,4537.45,16.83
2024-09-09,4507.19,16.7
2024-09-10,4507.71,16.69
2024-09-11,4514.92,16.68
2024-09-12,4496.59,16.63
2024-09-13,4450.96,16.47
2024-09-18,4462.87,16.55
2024-09-19,4520.39,16.73
2024-09-20,4498.39,16.65
2024-09-23,4494.69,16.63
2024-09-24,4689.6,17.34
2024-09-25,4731.48,17.48
2024-09-26,4938.18,18.22
2024-09-27,5201.67,19.13
2024-09-30,5743.22,21.06
2024-10-08,6155.58,22.41
2024-10-09,5735.64,20.85
2024-10-10,5690.88,20.79
2024-10-11,5470.81,20.04
2024-10-14,5608.15,20.51
2024-10-15,5472.56,20.0
2024-10-16,5461.09,19.94
2024-10-17,5418.99,19.76
2024-10-18,5640.02,20.5
2024-10-21,5704.23,20.7
2024-10-22,5753.85,20.88
2024-10-23,5776.38,20.97
2024-10-24,5726.7,20.79
2024-10-25,5809.69,21.07
2024-10-28,5883.72,21.31
2024-10-29,5812.53,21.03
2024-10-30,5837.93,21.07
2024-10-31,5901.29,21.25
2024-11-01,5831.82,21.14
2024-11-04,5928.91,21.51
2024-11-05,6111.97,22.11
2024-11-06,6125.79,22.12
2024-11-07,6239.56,22.53
2024-11-08,6222.45,22.43
2024-11-11,6330.62,22.74
2024-11-12,6263.88,22.5
2024-11-13,6259.84,22.5
2024-11-14,6078.31,21.92
2024-11-15,5924.48,21.42
2024-11-18,5833.04,21.17
2024-11-19,5936.6,21.5
2024-11-20,5992.39,21.67
2024-11-21,5985.31,21.62
2024-11-22,5750.25,20.8
2024-11-25,5735.65,20.75
2024-11-26,5690.48,20.62
2024-11-27,5804.94,21.01
2024-11-28,5757.6,20.86
2024-11-29,5851.94,21.18
2024-12-02,5943.62,21.47
2024-12-03,5932.12,21.45
2024-12-04,5879.27,21.25
2024-12-05,5901.99,21.3
2024-12-06,5979.2,21.6
2024-12-09,5947.11,21.51
2024-12-10,5992.09,21.65
2024-12-11,6047.11,21.84
2024-12-12,6100.39,22.03
2024-12-13,5988.29,21.63
2024-12-16,5912.6,22.53
2024-12-17,5848.16,22.35
2024-12-18,5888.62,22.49
2024-12-19,5901.92,22.52
2024-12-20,5917.18,22.57
2024-12-23,5818.55,22.27
2024-12-24,5895.26,22.58
2024-12-25,5840.29,22.4
2024-12-26,5887.06,22.53
2024-12-27,5899.17,22.59
2024-12-30,5898.88,22.59
2024-12-31,5725.73,22.0
2025-01-02,5545.82,21.32
2025-01-03,5427.8,20.94
2025-01-06,5427.1,20.95
2025-01-07,5484.68,21.12
2025-01-08,5461.59,21.05
2025-01-09,5456.59,20.99
2025-01-10,5369.28,20.72
2025-01-13,5381.7,20.75
2025-01-14,5572.27,21.43
2025-01-15,5522.46,21.25
2025-01-16,5545.63,21.34
2025-01-17,5587.29,21.52
2025-01-20,5614.33,21.63
2025-01-21,5633.92,21.69
2025-01-22,5607.06,21.59
2025-01-23,5584.25,21.52
2025-01-24,5649.95,22.01
2025-01-27,5589.34,21.83
2025-02-05,5614.39,21.82
2025-02-06,5747.9,22.27
2025-02-07,5833.99,22.56
2025-02-10,5888.55,22.72
2025-02-11,5858.28,22.63
2025-02-12,5940.53,22.91
2025-02-13,5898.26,22.74
2025-02-14,5947.8,22.91
2025-02-17,5948.72,22.56
2025-02-18,5840.71,22.19
2025-02-19,5943.88,22.53
2025-02-20,5957.55,22.55
2025-02-21,6057.06,22.89
2025-02-24,6044.97,22.86
2025-02-25,5979.97,22.59
2025-02-26,6051.74,22.85
2025-02-27,6028.99,22.78
2025-02-28,5859.87,22.2
2025-03-03,5885.77,22.31
2025-03-04,5937.63,22.44
2025-03-05,5950.7,22.46
2025-03-06,6047.77,22.77
2025-03-07,6013.77,22.67
2025-03-10,6013.62,22.71
2025-03-11,6044.97,22.82
2025-03-12,6040.5,22.8
2025-03-13,5993.97,22.65
2025-03-14,6099.98,23.05
2025-03-17,6108.02,23.07
2025-03-18,6133.3,23.15
2025-03-19,6101.44,23.06
2025-03-20,6059.49,22.88
2025-03-21,5971.93,22.61
2025-03-24,5969.08,22.64
2025-03-25,5946.95,22.6
2025-03-26,5948.5,22.59
2025-03-27,5957.6,22.62
2025-03-28,5916.03,22.47
2025-03-31,5857.77,22.24
2025-04-01,5892.85,22.4
2025-04-02,5899.09,22.44
2025-04-03,5845.5,22.23
2025-04-07,5287.03,20.13
2025-04-08,5326.91,20.31
2025-04-09,5439.77,20.7
2025-04-10,5544.06,21.1
2025-04-11,5581.32,21.2
2025-04-14,5627.14,21.35
2025-04-15,5602.53,21.28
2025-04-16,5556.86,21.1
2025-04-17,5557.01,21.09
2025-04-18,5560.72,21.11
2025-04-21,5642.38,21.4
2025-04-22,5624.21,21.35
2025-04-23,5634.95,21.39
2025-04-24,5605.88,21.32
2025-04-25,5627.18,21.4
2025-04-28,5598.3,21.26
2025-04-29,5604.91,21.27
2025-04-30,5631.82,21.33
2025-05-06,5740.33,21.15
2025-05-07,5750.29,21.2
2025-05-08,5773.81,21.27
2025-05-09,5721.72,21.14
2025-05-12,5793.67,21.37
2025-05-13,5781.67,21.33
2025-05-14,5799.12,21.4
2025-05-15,5715.3,21.15
2025-05-16,5715.85,21.13
2025-05-19,5720.79,21.17
2025-05-20,5747.37,21.26
2025-05-21,5757.92,21.29
2025-05-22,5703.28,21.08
2025-05-23,5653.04,20.91
2025-05-26,5669.46,20.96
2025-05-27,5652.15,20.9
2025-05-28,5637.24,20.89
2025-05-29,5719.91,21.15
2025-05-30,5671.07,20.99
2025-06-03,5694.84,21.08
2025-06-04,5739.01,21.22
2025-06-05,5769.97,21.28
2025-06-06,5762.08,21.23
2025-06-09,5805.65,21.36
2025-06-10,5757.99,21.22
2025-06-11,5792.95,21.34
2025-06-12,5799.93,21.36
2025-06-13,5740.24,21.13
2025-06-16,5767.81,21.73
2025-06-17,5750.91,21.66
2025-06-18,5745.87,21.63
2025-06-19,5676.83,21.32
2025-06-20,5639.51,21.19
2025-06-23,5674.17,21.29
2025-06-24,5765.84,21.62
2025-06-25,5862.55,21.97
2025-06-26,5838.25,21.89
2025-06-27,5863.73,21.98
2025-06-30,5915.39,22.15
2025-07-01,5934.67,22.23
2025-07-02,5892.95,22.11
2025-07-03,5922.66,22.18
2025-07-04,5911.44,22.16
2025-07-07,5900.41,22.16
2025-07-08,5977.74,22.43
2025-07-09,5953.49,22.35
2025-07-10,5983.05,22.48
2025-07-11,6027.08,22.62
2025-07-14,6020.86,22.61
2025-07-15,6018.76,22.56
2025-07-16,6017.19,22.55
2025-07-17,6082.46,22.78
2025-07-18,6099.61,22.86
2025-07-21,6161.31,23.12
2025-07-22,6213.41,23.37
2025-07-23,6196.76,23.3
2025-07-24,6293.6,23.64
2025-07-25,6299.59,23.6
2025-07-28,6323.42,23.65
2025-07-29,6356.13,23.75
2025-07-30,6314.69,23.61
2025-07-31,6226.34,23.25
2025-08-01,6213.2,23.21
2025-08-04,6261.73,23.37
2025-08-05,6303.24,23.53
2025-08-06,6357.38,23.71
2025-08-07,6337.54,23.64
2025-08-08,6323.5,23.63
2025-08-11,6391.76,23.86
2025-08-12,6418.16,23.95
2025-08-13,6508.1,24.26
2025-08-14,6429.85,23.97
2025-08-15,6568.57,24.49
2025-08-18,6668.17,24.85
2025-08-19,6655.31,24.79
2025-08-20,6728.07,24.97
2025-08-21,6704.17,24.9
2025-08-22,6822.85,25.27
2025-08-25,6951.9,25.74
2025-08-26,6964.07,25.78
2025-08-27,6862.56,25.39
2025-08-28,7011.16,25.88
2025-08-29,7043.94,25.98
2025-09-01,7110.29,26.06
2025-09-02,6961.69,25.58
2025-09-03,6868.46,25.24
2025-09-04,6698.45,24.7
2025-09-05,6913.95,25.45
2025-09-08,6992.12,25.72
2025-09-09,6928.97,25.51
2025-09-10,6932.11,25.5
2025-09-11,7122.71,26.18
2025-09-12,7147.75,26.18
2025-09-15,7137.36,26.11
2025-09-16,7190.99,26.29
2025-09-17,7260.04,26.58
2025-09-18,7199.88,26.34
2025-09-19,7170.35,26.25
2025-09-22,7225.13,26.37
2025-09-23,7180.71,26.24
2025-09-24,7323.71,26.75
2025-09-25,7341.32,26.79
2025-09-26,7240.91,26.5
2025-09-29,7350.56,26.89
2025-09-30,7412.37,27.09
2025-10-09,7548.92,27.54
2025-10-10,7398.22,27.13
2025-10-13,7376.56,26.97
2025-10-14,7194.85,26.39
2025-10-15,7294.0,26.73
2025-10-16,7231.53,26.49
2025-10-17,7016.07,25.75
2025-10-20,7069.64,25.94
2025-10-21,7185.62,26.37
2025-10-22,7128.48,26.16
2025-10-23,7142.95,26.22
2025-10-24,7258.53,26.59
2025-10-27,7379.39,27.0
2025-10-28,7341.03,26.89
2025-10-29,7480.97,27.39
2025-10-30,7385.71,27.01
2025-10-31,7331.0,26.81
2025-11-03,7333.6,26.81
2025-11-04,7210.83,26.41
2025-11-05,7229.34,26.52
2025-11-06,7345.72,26.94
2025-11-07,7327.91,26.89
2025-11-10,7343.8,26.96
2025-11-11,7291.61,26.77
2025-11-12,7243.25,26.62
2025-11-13,7355.29,26.96
2025-11-14,7235.46,26.57
2025-11-17,7235.35,26.46
2025-11-18,7151.02,26.16
2025-11-19,7122.75,26.09
2025-11-20,7061.95,25.88
2025-11-21,6817.41,25.05
2025-11-24,6868.97,25.2
2025-11-25,6954.6,25.48
2025-11-26,6965.05,25.49
2025-11-27,6951.28,25.46
2025-11-28,7031.55,25.72
2025-12-01,7101.83,25.98
2025-12-02,7040.3,25.79
2025-12-03,6996.36,25.69
2025-12-04,7012.81,25.73
2025-12-05,7097.84,26.04
2025-12-08,7172.37,26.25
2025-12-09,7121.33,26.08
2025-12-10,7155.99,26.18
2025-12-11,7082.89,25.91
2025-12-12,7169.79,26.23
2025-12-15,7113.96,25.63
2025-12-16,7001.32,25.26
2025-12-17,7137.83,25.73
2025-12-18,7100.84,25.4
2025-12-19,7169.55,25.63
2025-12-22,7255.66,25.94
2025-12-23,7256.79,25.94
2025-12-24,7352.04,26.27
2025-12-25,7410.71,26.46
2025-12-26,7458.84,26.64
2025-12-29,7430.61,26.53
2025-12-30,7458.94,26.6
2025-12-31,7465.57,26.6
2026-01-05,7651.2,27.17
2026-01-06,7814.14,27.74
2026-01-07,7875.08,27.94
2026-01-08,7894.54,27.96
2026-01-09,8056.69,28.5
2026-01-12,8249.13,29.14
2026-01-13,8143.28,28.79
2026-01-14,8227.7,29.04
2026-01-15,8223.27,29.1
2026-01-16,8232.67,29.16
2026-01-19,8287.95,29.42
2026-01-20,8247.8,29.31
2026-01-21,8340.11,29.61
2026-01-22,8387.6,29.79
2026-01-23,8590.17,30.43
2026-01-26,8506.69,30.16
2026-01-27,8548.93,30.26
2026-01-28,8601.16,30.48
2026-01-29,8517.84,30.19
2026-01-30,8370.52,29.66
2026-02-02,8037.05,28.51
2026-02-03,8286.7,29.32
2026-02-04,8299.06,29.46
2026-02-05,8146.11,28.95
2026-02-06,8146.41,28.94
2026-02-09,8311.28,29.44
2026-02-10,8306.44,29.45
2026-02-11,8325.81,29.57
2026-02-12,8423.57,29.88
2026-02-13,8299.59,29.43
2026-02-24,8392.91,29.83
2026-02-25,8527.56,30.3
2026-02-26,8557.22,30.43
2026-02-27,8658.45,30.77
2026-03-02,8658.33,30.86
2026-03-03,8281.61,29.63
2026-03-04,8248.95,29.5
2026-03-05,8309.17,29.66
2026-03-06,8360.33,29.84
2026-03-09,8279.48,29.54
2026-03-10,8410.3,29.98
2026-03-11,8403.33,29.99
2026-03-12,8359.47,29.9
2026-03-13,8239.8,29.49
2026-03-16,8185.15,29.23
2026-03-17,8016.03,28.64
2026-03-18,8096.43,28.87
2026-03-19,7877.09,28.13
2026-03-20,7760.04,27.76
2026-03-23,7440.75,26.66
2026-03-24,7597.37,27.23
2026-03-25,7767.67,27.81
2026-03-26,7642.13,27.39
2026-03-27,7737.61,27.68
2026-03-30,7753.72,27.74
2026-03-31,7617.33,27.24
2026-04-01,7750.09,27.68
2026-04-02,7605.29,27.22
2026-04-03,7534.94,26.95
2026-04-07,7571.11,27.08
2026-04-08,7945.15,28.32
2026-04-09,7898.63,28.13
2026-04-10,7969.36,28.37
2026-04-13,7967.7,28.34
2026-04-14,8088.57,28.71
2026-04-15,8044.08,28.57
2026-04-16,8180.08,28.99
2026-04-17,8214.19,29.13
2026-04-20,8290.02,29.35
2026-04-21,8270.33,29.34
2026-04-22,8376.18,29.65
2026-04-23,8295.21,29.44
2026-04-24,8247.88,29.25
2026-04-27,8299.05,29.39
2026-04-28,8203.96,29.09
2026-04-29,8342.42,29.59
2026-04-30,8349.51,29.52
2026-05-06,8588.44,29.14
2026-05-07,8696.8,29.47
2026-05-08,8694.17,29.43
2026-05-11,8839.74,29.82
2026-05-12,8785.98,29.7
2026-05-13,8918.24,30.13
2026-05-14,8670.16,29.3
2026-05-15,8536.34,28.86
2026-05-18,8554.24,28.91
2026-05-19,8627.95,29.11
2026-05-20,8656.31,29.15
2026-05-21,8419.84,28.43
2026-05-22,8576.94,28.93
2026-05-25,8703.89,29.31
2026-05-26,8658.62,29.17
2026-05-27,8530.98,28.77
2026-05-28,8563.22,28.83
2026-05-29,8359.56,28.29
2026-06-01,8274.21,28.05
2026-06-02,8321.43,28.18
2026-06-03,8362.16,28.29
2026-06-04,8356.74,28.2
2026-06-05,8251.14,27.74
2026-06-08,7963.45,26.81
2026-06-09,8176.18,27.44
2026-06-10,8063.86,27.03
