日期,收盘价
2002-01-04,99.7955
2002-01-07,99.7969
2002-01-08,100.3122
2002-01-09,100.5216
2002-01-10,100.5556
2002-01-11,100.6649
2002-01-14,100.9438
2002-01-15,100.7566
2002-01-16,100.7864
2002-01-17,100.9642
2002-01-18,100.3295
2002-01-21,100.4047
2002-01-22,100.4155
2002-01-23,100.3084
2002-01-24,100.4214
2002-01-25,100.3353
2002-01-28,100.3858
2002-01-29,100.7023
2002-01-30,100.4864
2002-01-31,100.426
2002-02-01,100.584
2002-02-04,100.5796
2002-02-05,100.6778
2002-02-06,100.6379
2002-02-07,100.6845
2002-02-08,100.6793
2002-02-09,100.6748
2002-02-10,100.5851
2002-02-11,100.5042
2002-02-19,100.6535
2002-02-20,101.1639
2002-02-21,100.8436
2002-02-22,100.8292
2002-02-25,100.9809
2002-02-26,101.0038
2002-02-27,101.0042
2002-02-28,101.0051
2002-03-01,101.1557
2002-03-04,101.1418
2002-03-05,101.1356
2002-03-06,101.1401
2002-03-07,101.1693
2002-03-08,101.1637
2002-03-11,101.3054
2002-03-12,101.3496
2002-03-13,101.2174
2002-03-14,101.2189
2002-03-15,101.2721
2002-03-18,101.2554
2002-03-19,101.3115
2002-03-20,101.1969
2002-03-21,101.4479
2002-03-22,101.4617
2002-03-25,101.6639
2002-03-26,101.3549
2002-03-27,101.6539
2002-03-28,101.6091
2002-03-29,101.6179
2002-04-01,101.6009
2002-04-02,101.9203
2002-04-03,101.7821
2002-04-04,101.8974
2002-04-05,101.7159
2002-04-08,102.0226
2002-04-09,102.7979
2002-04-10,101.7716
2002-04-11,101.8045
2002-04-12,101.8309
2002-04-15,101.8915
2002-04-16,101.9359
2002-04-17,101.9551
2002-04-18,102.0511
2002-04-19,101.858
2002-04-22,102.0553
2002-04-23,101.955
2002-04-24,101.9378
2002-04-25,101.9718
2002-04-26,101.9775
2002-04-27,102.0337
2002-04-28,102.0295
2002-04-29,102.2399
2002-04-30,102.0509
2002-05-08,102.1138
2002-05-09,102.1601
2002-05-10,102.2815
2002-05-13,102.0913
2002-05-14,102.1813
2002-05-15,102.0766
2002-05-16,102.1146
2002-05-17,102.1117
2002-05-20,102.3939
2002-05-21,102.3908
2002-05-22,102.3947
2002-05-23,102.2103
2002-05-24,102.2135
2002-05-27,102.4198
2002-05-28,102.4821
2002-05-29,102.37
2002-05-30,102.4091
2002-05-31,102.3782
2002-06-03,102.398
2002-06-04,102.548
2002-06-05,102.4897
2002-06-06,102.3968
2002-06-07,102.396
2002-06-10,102.426
2002-06-11,102.4584
2002-06-12,102.4619
2002-06-13,102.4767
2002-06-14,102.4923
2002-06-17,102.5211
2002-06-18,102.4809
2002-06-19,102.5446
2002-06-20,102.5231
2002-06-21,102.5277
2002-06-24,102.519
2002-06-25,102.701
2002-06-26,102.5723
2002-06-27,102.5347
2002-06-28,102.4962
2002-07-01,102.5257
2002-07-02,102.4991
2002-07-03,102.5637
2002-07-04,102.5744
2002-07-05,102.6166
2002-07-08,102.3198
2002-07-09,102.5998
2002-07-10,102.6803
2002-07-11,102.7022
2002-07-12,102.5237
2002-07-15,102.8512
2002-07-16,102.6921
2002-07-17,102.6043
2002-07-18,102.5296
2002-07-19,102.5313
2002-07-22,102.5812
2002-07-23,102.7013
2002-07-24,102.7014
2002-07-25,102.6175
2002-07-26,102.5431
2002-07-29,102.5995
2002-07-30,102.5947
2002-07-31,102.6173
2002-08-01,102.618
2002-08-02,102.6881
2002-08-05,102.6602
2002-08-06,102.7121
2002-08-07,102.7078
2002-08-08,102.714
2002-08-09,102.6932
2002-08-12,102.7869
2002-08-13,102.7778
2002-08-14,102.6563
2002-08-15,102.6514
2002-08-16,102.7202
2002-08-19,102.7922
2002-08-20,102.7408
2002-08-21,102.7309
2002-08-22,102.7019
2002-08-23,102.7094
2002-08-26,102.8101
2002-08-27,102.4973
2002-08-28,102.4334
2002-08-29,102.5532
2002-08-30,102.6165
2002-09-02,102.7021
2002-09-03,102.6534
2002-09-04,102.7906
2002-09-05,102.7937
2002-09-06,102.7723
2002-09-09,102.831
2002-09-10,102.7178
2002-09-11,102.6065
2002-09-12,102.5698
2002-09-13,102.7832
2002-09-16,102.2988
2002-09-17,102.6576
2002-09-18,102.4298
2002-09-19,102.7025
2002-09-20,102.4016
2002-09-23,102.3445
2002-09-24,102.3486
2002-09-25,102.5192
2002-09-26,102.8684
2002-09-27,102.3438
2002-09-28,102.4921
2002-09-29,102.2202
2002-09-30,103.3824
2002-10-08,102.4467
2002-10-09,102.4549
2002-10-10,102.5265
2002-10-11,102.5213
2002-10-14,102.5391
2002-10-15,102.823
2002-10-16,102.8256
2002-10-17,103.1831
2002-10-18,102.5968
2002-10-21,102.6038
2002-10-22,102.6076
2002-10-23,102.6198
2002-10-24,102.6596
2002-10-25,102.8352
2002-10-28,102.5807
2002-10-29,102.3962
2002-10-30,102.8018
2002-10-31,102.5403
2002-11-01,102.5501
2002-11-04,102.5508
2002-11-05,102.5843
2002-11-06,102.6104
2002-11-07,102.6222
2002-11-08,102.628
2002-11-11,102.6379
2002-11-12,102.6495
2002-11-13,102.6301
2002-11-14,102.9127
2002-11-15,102.9145
2002-11-18,102.9661
2002-11-19,103.2361
2002-11-20,102.9784
2002-11-21,102.9796
2002-11-22,102.9993
2002-11-25,102.7745
2002-11-26,102.8113
2002-11-27,102.9036
2002-11-28,102.99
2002-11-29,103.0695
2002-12-02,103.0407
2002-12-03,103.0486
2002-12-04,103.0473
2002-12-05,103.1039
2002-12-06,102.7615
2002-12-09,103.0186
2002-12-10,102.7858
2002-12-11,102.8571
2002-12-12,102.8166
2002-12-13,103.0646
2002-12-16,103.155
2002-12-17,103.1764
2002-12-18,103.0184
2002-12-19,102.7712
2002-12-20,102.8659
2002-12-23,102.8813
2002-12-24,102.9766
2002-12-25,102.962
2002-12-26,102.1899
2002-12-27,103.0875
2002-12-30,103.0197
2002-12-31,103.2405
2003-01-02,103.2805
2003-01-03,103.0082
2003-01-06,103.0284
2003-01-07,103.1842
2003-01-08,103.0391
2003-01-09,103.0511
2003-01-10,103.0955
2003-01-13,103.1373
2003-01-14,103.1385
2003-01-15,103.308
2003-01-16,103.229
2003-01-17,103.5046
2003-01-20,103.3645
2003-01-21,103.2607
2003-01-22,103.2974
2003-01-23,103.3188
2003-01-24,103.4544
2003-01-27,102.9132
2003-01-28,103.286
2003-01-29,103.3223
2003-01-30,103.5013
2003-01-31,103.4563
2003-02-08,103.4748
2003-02-09,103.4549
2003-02-10,103.1822
2003-02-11,103.4216
2003-02-12,103.5132
2003-02-13,103.5371
2003-02-14,103.6491
2003-02-17,103.584
2003-02-18,103.6693
2003-02-19,103.5778
2003-02-20,103.7382
2003-02-21,103.5494
2003-02-24,103.5932
2003-02-25,103.5688
2003-02-26,102.9478
2003-02-27,103.6223
2003-02-28,103.5861
2003-03-03,103.8004
2003-03-04,103.652
2003-03-05,103.6308
2003-03-06,103.6668
2003-03-07,103.6838
2003-03-10,103.6878
2003-03-11,103.6995
2003-03-12,103.6127
2003-03-13,103.666
2003-03-14,103.7604
2003-03-17,103.7294
2003-03-18,103.741
2003-03-19,103.7585
2003-03-20,103.7461
2003-03-21,103.7231
2003-03-24,103.848
2003-03-25,103.844
2003-03-26,103.8153
2003-03-27,103.8833
2003-03-28,103.8263
2003-03-31,103.9103
2003-04-01,103.8362
2003-04-02,103.9595
2003-04-03,103.9005
2003-04-04,103.8692
2003-04-07,104.0165
2003-04-08,103.9954
2003-04-09,104.0185
2003-04-10,103.994
2003-04-11,103.9398
2003-04-14,104.046
2003-04-15,104.0512
2003-04-16,104.126
2003-04-17,104.0244
2003-04-18,104.0269
2003-04-21,104.1822
2003-04-22,104.1335
2003-04-23,104.1039
2003-04-24,104.1768
2003-04-25,104.0613
2003-04-28,104.0218
2003-04-29,104.0895
2003-04-30,104.3205
2003-05-06,104.4164
2003-05-07,104.3051
2003-05-08,104.4129
2003-05-09,104.4297
2003-05-12,104.488
2003-05-13,104.441
2003-05-14,104.484
2003-05-15,104.4982
2003-05-16,104.4609
2003-05-19,104.5758
2003-05-20,104.6942
2003-05-21,104.5637
2003-05-22,104.5312
2003-05-23,104.4663
2003-05-26,104.5745
2003-05-27,104.5954
2003-05-28,104.6451
2003-05-29,104.6046
2003-05-30,104.5651
2003-06-02,104.6818
2003-06-03,104.5971
2003-06-04,104.613
2003-06-05,104.5986
2003-06-06,104.6402
2003-06-09,104.6018
2003-06-10,104.579
2003-06-11,104.5887
2003-06-12,104.5778
2003-06-13,104.5358
2003-06-16,104.8708
2003-06-17,104.8303
2003-06-18,104.8704
2003-06-19,104.8494
2003-06-20,104.8311
2003-06-23,104.8927
2003-06-24,104.8633
2003-06-25,104.3616
2003-06-26,104.9039
2003-06-27,104.7753
2003-06-30,104.9597
2003-07-01,104.9783
2003-07-02,104.8451
2003-07-03,104.8373
2003-07-04,104.846
2003-07-07,104.8854
2003-07-08,104.9462
2003-07-09,104.9254
2003-07-10,104.98
2003-07-11,105.009
2003-07-14,105.0638
2003-07-15,105.0916
2003-07-16,105.0308
2003-07-17,105.1124
2003-07-18,105.1248
2003-07-21,104.9975
2003-07-22,105.1529
2003-07-23,105.1474
2003-07-24,105.2206
2003-07-25,105.208
2003-07-28,105.1658
2003-07-29,105.1998
2003-07-30,105.2068
2003-07-31,105.2167
2003-08-01,105.1289
2003-08-04,105.2378
2003-08-05,105.2569
2003-08-06,105.2287
2003-08-07,105.2335
2003-08-08,105.2196
2003-08-11,105.257
2003-08-12,105.0092
2003-08-13,105.3036
2003-08-14,105.3004
2003-08-15,105.3566
2003-08-18,105.2889
2003-08-19,105.1073
2003-08-20,105.2793
2003-08-21,105.2312
2003-08-22,105.2316
2003-08-25,105.177
2003-08-26,105.2493
2003-08-27,104.9466
2003-08-28,104.925
2003-08-29,105.1973
2003-09-01,105.225
2003-09-02,105.1704
2003-09-03,105.1778
2003-09-04,105.0423
2003-09-05,105.1669
2003-09-08,105.2181
2003-09-09,105.1583
2003-09-10,105.1866
2003-09-11,105.0239
2003-09-12,104.9789
2003-09-15,105.8719
2003-09-16,104.9991
2003-09-17,105.1338
2003-09-18,105.1432
2003-09-19,105.0324
2003-09-22,104.9801
2003-09-23,104.9815
2003-09-24,104.6423
2003-09-25,104.934
2003-09-26,104.3932
2003-09-27,104.6333
2003-09-28,104.5779
2003-09-29,105.1782
2003-09-30,105.2604
2003-10-08,104.9714
2003-10-09,105.4113
2003-10-10,105.0368
2003-10-13,104.8746
2003-10-14,105.0534
2003-10-15,105.3697
2003-10-16,105.2422
2003-10-17,104.5069
2003-10-20,105.0376
2003-10-21,105.3316
2003-10-22,105.3583
2003-10-23,105.0326
2003-10-24,105.3085
2003-10-27,104.8627
2003-10-28,104.8724
2003-10-29,104.7165
2003-10-30,105.2962
2003-10-31,105.0249
2003-11-03,104.6703
2003-11-04,104.5457
2003-11-05,104.6259
2003-11-06,104.7479
2003-11-07,105.1015
2003-11-10,104.8187
2003-11-11,104.877
2003-11-12,105.2026
2003-11-13,104.812
2003-11-14,104.8386
2003-11-17,104.869
2003-11-18,104.8541
2003-11-19,104.8269
2003-11-20,104.4153
2003-11-21,105.0739
2003-11-24,104.9892
2003-11-25,104.8147
2003-11-26,105.0845
2003-11-27,105.5555
2003-11-28,105.2177
2003-12-01,105.4751
2003-12-02,105.1905
2003-12-03,105.1978
2003-12-04,105.1366
2003-12-05,105.0902
2003-12-08,105.178
2003-12-09,105.1389
2003-12-10,105.1674
2003-12-11,105.3372
2003-12-12,105.4371
2003-12-15,105.3384
2003-12-16,105.7679
2003-12-17,105.2896
2003-12-18,105.317
2003-12-19,105.2507
2003-12-22,105.2262
2003-12-23,105.4433
2003-12-24,105.4906
2003-12-25,105.3947
2003-12-26,105.2816
2003-12-29,105.4921
2003-12-30,105.5477
2003-12-31,105.8294
2004-01-02,106.3246
2004-01-05,105.5669
2004-01-06,105.6078
2004-01-07,105.4538
2004-01-08,105.6782
2004-01-09,105.4461
2004-01-12,105.7344
2004-01-13,105.7781
2004-01-14,105.6699
2004-01-15,105.9676
2004-01-16,105.6316
2004-01-17,105.565
2004-01-18,105.7644
2004-01-19,105.4446
2004-01-20,106.0318
2004-01-21,105.862
2004-01-29,105.8361
2004-01-30,105.9431
2004-02-02,105.4944
2004-02-03,105.7803
2004-02-04,105.8496
2004-02-05,105.8203
2004-02-06,105.957
2004-02-09,105.7617
2004-02-10,105.9271
2004-02-11,106.0713
2004-02-12,105.834
2004-02-13,105.9156
2004-02-16,105.8523
2004-02-17,106.0039
2004-02-18,105.9357
2004-02-19,105.9801
2004-02-20,106.1349
2004-02-23,106.0074
2004-02-24,106.3701
2004-02-25,106.3826
2004-02-26,106.1292
2004-02-27,106.2502
2004-03-01,106.4359
2004-03-02,106.3988
2004-03-03,106.4266
2004-03-04,106.1608
2004-03-05,106.1928
2004-03-08,106.1537
2004-03-09,106.1128
2004-03-10,106.0929
2004-03-11,106.1375
2004-03-12,106.2118
2004-03-15,106.287
2004-03-16,106.3576
2004-03-17,106.4431
2004-03-18,106.3298
2004-03-19,106.0893
2004-03-22,105.9855
2004-03-23,106.0958
2004-03-24,105.8872
2004-03-25,106.1466
2004-03-26,106.1116
2004-03-29,106.1707
2004-03-30,106.2487
2004-03-31,106.4363
2004-04-01,106.335
2004-04-02,106.3211
2004-04-05,106.3548
2004-04-06,106.4303
2004-04-07,106.1598
2004-04-08,106.0074
2004-04-09,106.2503
2004-04-12,106.0935
2004-04-13,106.0664
2004-04-14,106.013
2004-04-15,105.9538
2004-04-16,105.7195
2004-04-19,104.6778
2004-04-20,106.1096
2004-04-21,106.1428
2004-04-22,106.1604
2004-04-23,106.1959
2004-04-26,106.0457
2004-04-27,106.1949
2004-04-28,105.9937
2004-04-29,105.8598
2004-04-30,105.8234
2004-05-08,105.8429
2004-05-09,105.9047
2004-05-10,105.8257
2004-05-11,105.8695
2004-05-12,105.828
2004-05-13,105.8361
2004-05-14,105.8469
2004-05-17,105.961
2004-05-18,105.8601
2004-05-19,105.7694
2004-05-20,105.7587
2004-05-21,105.7007
2004-05-24,105.8638
2004-05-25,105.9038
2004-05-26,105.8415
2004-05-27,105.8137
2004-05-28,105.7193
2004-05-31,105.8322
2004-06-01,106.1279
2004-06-02,105.9458
2004-06-03,105.8691
2004-06-04,105.9285
2004-06-07,105.9663
2004-06-08,106.0553
2004-06-09,105.8616
2004-06-10,105.8598
2004-06-11,105.8141
2004-06-14,105.8749
2004-06-15,106.3287
2004-06-16,106.2261
2004-06-17,106.4062
2004-06-18,106.344
2004-06-21,106.125
2004-06-22,106.0878
2004-06-23,106.1756
2004-06-24,106.1784
2004-06-25,106.3025
2004-06-28,106.1316
2004-06-29,106.1643
2004-06-30,106.2041
2004-07-01,106.1393
2004-07-02,106.0883
2004-07-05,106.1817
2004-07-06,106.327
2004-07-07,106.1676
2004-07-08,106.2181
2004-07-09,106.2641
2004-07-12,106.2192
2004-07-13,106.2871
2004-07-14,106.2114
2004-07-15,106.1702
2004-07-16,106.245
2004-07-19,106.2797
2004-07-20,106.2572
2004-07-21,106.2271
2004-07-22,106.411
2004-07-23,106.3201
2004-07-26,106.333
2004-07-27,106.4559
2004-07-28,106.3885
2004-07-29,106.4016
2004-07-30,106.4717
2004-08-02,106.5845
2004-08-03,106.5062
2004-08-04,106.5201
2004-08-05,106.4793
2004-08-06,106.5233
2004-08-09,106.4961
2004-08-10,106.7135
2004-08-11,106.5622
2004-08-12,106.5726
2004-08-13,106.5444
2004-08-16,106.5577
2004-08-17,106.6335
2004-08-18,106.5999
2004-08-19,106.3735
2004-08-20,106.4015
2004-08-23,106.4232
2004-08-24,106.3247
2004-08-25,106.2715
2004-08-26,106.4365
2004-08-27,106.6092
2004-08-30,106.2831
2004-08-31,106.3769
2004-09-01,106.336
2004-09-02,106.5407
2004-09-03,106.4414
2004-09-06,106.5005
2004-09-07,106.5462
2004-09-08,106.3098
2004-09-09,106.4998
2004-09-10,106.4453
2004-09-13,106.2824
2004-09-14,106.5644
2004-09-15,106.4877
2004-09-16,106.4913
2004-09-17,106.5673
2004-09-20,106.4651
2004-09-21,106.6434
2004-09-22,106.7134
2004-09-23,106.6457
2004-09-24,106.634
2004-09-27,106.7904
2004-09-28,106.7548
2004-09-29,106.7723
2004-09-30,107.0541
2004-10-08,106.6602
2004-10-09,106.7457
2004-10-10,106.7057
2004-10-11,106.6681
2004-10-12,106.7592
2004-10-13,106.7294
2004-10-14,106.8031
2004-10-15,106.7457
2004-10-18,107.0063
2004-10-19,106.9008
2004-10-20,106.8979
2004-10-21,107.039
2004-10-22,106.9692
2004-10-25,106.4962
2004-10-26,106.5331
2004-10-27,106.5848
2004-10-28,106.5621
2004-10-29,106.2939
2004-11-01,106.3155
2004-11-02,106.3389
2004-11-03,106.3066
2004-11-04,106.3753
2004-11-05,106.3592
2004-11-08,106.3635
2004-11-09,106.4494
2004-11-10,106.4833
2004-11-11,106.4533
2004-11-12,106.4756
2004-11-15,106.327
2004-11-16,106.3851
2004-11-17,106.3755
2004-11-18,106.3616
2004-11-19,106.4208
2004-11-22,106.3606
2004-11-23,106.4623
2004-11-24,106.4293
2004-11-25,106.5095
2004-11-26,106.4441
2004-11-29,106.3962
2004-11-30,106.5563
2004-12-01,106.5169
2004-12-02,106.547
2004-12-03,106.7723
2004-12-06,106.717
2004-12-07,106.749
2004-12-08,106.8293
2004-12-09,106.9794
2004-12-10,107.6048
2004-12-13,107.1515
2004-12-14,107.0082
2004-12-15,107.0767
2004-12-16,106.9536
2004-12-17,107.2107
2004-12-20,107.2895
2004-12-21,106.9485
2004-12-22,106.9346
2004-12-23,106.9412
2004-12-24,107.068
2004-12-27,106.9691
2004-12-28,106.9169
2004-12-29,107.5289
2004-12-30,106.7178
2004-12-31,107.044
2005-01-04,107.0923
2005-01-05,107.6623
2005-01-06,107.2544
2005-01-07,107.2894
2005-01-10,107.3122
2005-01-11,107.3415
2005-01-12,107.3872
2005-01-13,107.462
2005-01-14,107.6314
2005-01-17,107.4777
2005-01-18,107.4619
2005-01-19,107.5158
2005-01-20,107.4752
2005-01-21,107.6078
2005-01-24,107.5801
2005-01-25,107.672
2005-01-26,107.7259
2005-01-27,107.7595
2005-01-28,107.8207
2005-01-31,107.8555
2005-02-01,107.9079
2005-02-02,107.9328
2005-02-03,107.8897
2005-02-04,108.0464
2005-02-05,107.9756
2005-02-06,108.0018
2005-02-07,108.0993
2005-02-08,108.1599
2005-02-16,108.1122
2005-02-17,108.1838
2005-02-18,108.2359
2005-02-21,108.3623
2005-02-22,108.3445
2005-02-23,108.1611
2005-02-24,108.3742
2005-02-25,108.3032
2005-02-28,108.5666
2005-03-01,108.6993
2005-03-02,108.7016
2005-03-03,108.5435
2005-03-04,108.6469
2005-03-07,108.657
2005-03-08,108.762
2005-03-09,108.8348
2005-03-10,108.8885
2005-03-11,108.9077
2005-03-14,109.0442
2005-03-15,109.1214
2005-03-16,109.0435
2005-03-17,109.3364
2005-03-18,109.4275
2005-03-21,109.5053
2005-03-22,109.504
2005-03-23,109.4995
2005-03-24,109.3142
2005-03-25,109.3713
2005-03-28,109.4618
2005-03-29,109.6019
2005-03-30,109.6043
2005-03-31,109.6092
2005-04-01,109.5896
2005-04-04,109.5874
2005-04-05,109.5915
2005-04-06,109.6663
2005-04-07,109.9574
2005-04-08,109.8956
2005-04-11,110.0624
2005-04-12,110.4764
2005-04-13,110.0302
2005-04-14,110.2466
2005-04-15,110.0779
2005-04-18,110.1727
2005-04-19,109.9831
2005-04-20,109.9034
2005-04-21,110.1231
2005-04-22,110.0041
2005-04-25,110.1815
2005-04-26,109.7939
2005-04-27,109.9315
2005-04-28,109.9955
2005-04-29,110.2655
2005-04-30,109.8697
2005-05-08,109.9145
2005-05-09,109.8477
2005-05-10,109.932
2005-05-11,109.8338
2005-05-12,109.9497
2005-05-13,110.049
2005-05-16,110.1686
2005-05-17,110.3467
2005-05-18,110.2605
2005-05-19,110.4824
2005-05-20,110.3196
2005-05-23,110.6378
2005-05-24,110.5407
2005-05-25,110.3789
2005-05-26,110.4974
2005-05-27,110.4975
2005-05-30,110.4425
2005-05-31,110.5158
2005-06-01,110.5341
2005-06-02,110.7317
2005-06-03,110.6848
2005-06-06,110.7843
2005-06-07,110.946
2005-06-08,110.9943
2005-06-09,110.8458
2005-06-10,111.016
2005-06-13,111.066
2005-06-14,111.0744
2005-06-15,111.2398
2005-06-16,111.3384
2005-06-17,111.4618
2005-06-20,111.2225
2005-06-21,111.3038
2005-06-22,111.4317
2005-06-23,111.5967
2005-06-24,111.5985
2005-06-27,111.5046
2005-06-28,111.4197
2005-06-29,111.4837
2005-06-30,111.3935
2005-07-01,111.6536
2005-07-04,111.5527
2005-07-05,111.6184
2005-07-06,111.7794
2005-07-07,111.8117
2005-07-08,112.0311
2005-07-11,111.9031
2005-07-12,111.9681
2005-07-13,112.1974
2005-07-14,112.1962
2005-07-15,112.1575
2005-07-18,112.3806
2005-07-19,112.1405
2005-07-20,112.1065
2005-07-21,112.1047
2005-07-22,112.0131
2005-07-25,112.1314
2005-07-26,112.3468
2005-07-27,112.2017
2005-07-28,112.605
2005-07-29,112.1831
2005-08-01,112.4128
2005-08-02,112.9004
2005-08-03,112.9157
2005-08-04,112.4213
2005-08-05,112.4561
2005-08-08,112.4963
2005-08-09,112.5292
2005-08-10,112.4039
2005-08-11,112.3885
2005-08-12,112.4417
2005-08-15,112.4597
2005-08-16,112.4707
2005-08-17,112.5035
2005-08-18,112.494
2005-08-19,112.5783
2005-08-22,112.48
2005-08-23,112.6006
2005-08-24,112.4363
2005-08-25,112.655
2005-08-26,112.7074
2005-08-29,112.736
2005-08-30,112.6545
2005-08-31,112.7513
2005-09-01,112.6684
2005-09-02,112.6955
2005-09-05,112.5342
2005-09-06,112.7273
2005-09-07,112.6937
2005-09-08,112.7782
2005-09-09,112.8583
2005-09-12,112.7823
2005-09-13,112.8164
2005-09-14,112.8004
2005-09-15,112.8888
2005-09-16,112.916
2005-09-19,113.0886
2005-09-20,113.0515
2005-09-21,113.0135
2005-09-22,113.0729
2005-09-23,113.039
2005-09-26,113.1597
2005-09-27,113.136
2005-09-28,113.2576
2005-09-29,113.1429
2005-09-30,113.2539
2005-10-08,113.241
2005-10-09,113.2295
2005-10-10,113.1376
2005-10-11,113.2897
2005-10-12,113.2734
2005-10-13,113.3227
2005-10-14,113.3458
2005-10-17,113.4702
2005-10-18,113.2646
2005-10-19,113.3662
2005-10-20,113.394
2005-10-21,113.4178
2005-10-24,113.6449
2005-10-25,113.1808
2005-10-26,113.2707
2005-10-27,113.2631
2005-10-28,113.2222
2005-10-31,113.2932
2005-11-01,113.2731
2005-11-02,113.0801
2005-11-03,113.1262
2005-11-04,112.9607
2005-11-07,113.0896
2005-11-08,113.0727
2005-11-09,112.9056
2005-11-10,112.8813
2005-11-11,113.0323
2005-11-14,113.0432
2005-11-15,112.8396
2005-11-16,112.8746
2005-11-17,112.8263
2005-11-18,112.6834
2005-11-21,112.7306
2005-11-22,112.6672
2005-11-23,112.7322
2005-11-24,112.6653
2005-11-25,112.7748
2005-11-28,112.7805
2005-11-29,112.6836
2005-11-30,112.9808
2005-12-01,112.8497
2005-12-02,112.8073
2005-12-05,112.7615
2005-12-06,112.8962
2005-12-07,112.95
2005-12-08,113.1164
2005-12-09,113.1003
2005-12-12,113.1019
2005-12-13,113.2099
2005-12-14,113.1734
2005-12-15,113.2716
2005-12-16,113.3627
2005-12-19,113.3978
2005-12-20,113.3677
2005-12-21,113.2308
2005-12-22,113.3329
2005-12-23,113.4577
2005-12-26,113.5199
2005-12-27,113.5351
2005-12-28,113.5079
2005-12-29,113.7041
2005-12-30,113.7048
2005-12-31,113.3735
2006-01-04,113.4798
2006-01-05,113.4919
2006-01-06,113.5539
2006-01-09,113.5607
2006-01-10,113.6808
2006-01-11,113.6614
2006-01-12,113.7558
2006-01-13,113.798
2006-01-16,113.6164
2006-01-17,113.6898
2006-01-18,113.7443
2006-01-19,113.8092
2006-01-20,113.7778
2006-01-23,113.7041
2006-01-24,113.7011
2006-01-25,113.7415
2006-01-26,113.7318
2006-01-27,113.7236
2006-01-28,113.7306
2006-02-05,113.7839
2006-02-06,113.863
2006-02-07,113.8823
2006-02-08,113.7548
2006-02-09,113.6415
2006-02-10,113.8595
2006-02-13,113.749
2006-02-14,113.7743
2006-02-15,113.9064
2006-02-16,113.7413
2006-02-17,113.8459
2006-02-20,113.7982
2006-02-21,114.019
2006-02-22,113.8007
2006-02-23,113.7126
2006-02-24,113.7594
2006-02-27,113.7148
2006-02-28,113.9679
2006-03-01,113.9969
2006-03-02,113.8788
2006-03-03,113.9358
2006-03-06,113.8458
2006-03-07,113.8566
2006-03-08,113.8811
2006-03-09,113.9044
2006-03-10,113.9
2006-03-13,113.9119
2006-03-14,113.9032
2006-03-15,113.8604
2006-03-16,113.9413
2006-03-17,113.9782
2006-03-20,113.9603
2006-03-21,113.8853
2006-03-22,114.0888
2006-03-23,113.8552
2006-03-24,113.79
2006-03-27,113.8381
2006-03-28,113.9278
2006-03-29,113.8823
2006-03-30,113.854
2006-03-31,113.9828
2006-04-03,114.0304
2006-04-04,114.0764
2006-04-05,113.9616
2006-04-06,113.9866
2006-04-07,114.0287
2006-04-10,114.0481
2006-04-11,113.9907
2006-04-12,114.0725
2006-04-13,113.978
2006-04-14,113.9615
2006-04-17,113.8445
2006-04-18,113.7059
2006-04-19,113.8947
2006-04-20,113.8229
2006-04-21,113.8192
2006-04-24,113.9421
2006-04-25,113.8061
2006-04-26,113.8612
2006-04-27,113.8892
2006-04-28,113.9756
2006-04-29,113.9863
2006-04-30,114.0677
2006-05-08,114.1597
2006-05-09,114.1767
2006-05-10,114.4018
2006-05-11,114.2584
2006-05-12,114.3853
2006-05-15,114.256
2006-05-16,114.3457
2006-05-17,114.252
2006-05-18,114.3181
2006-05-19,114.4046
2006-05-22,114.3933
2006-05-23,114.3897
2006-05-24,114.2434
2006-05-25,114.1488
2006-05-26,114.2231
2006-05-29,114.1517
2006-05-30,114.3688
2006-05-31,114.3017
2006-06-01,114.2557
2006-06-02,114.1977
2006-06-05,114.1408
2006-06-06,114.0392
2006-06-07,113.9675
2006-06-08,114.0834
2006-06-09,113.9617
2006-06-12,114.0306
2006-06-13,114.0978
2006-06-14,113.992
2006-06-15,113.9665
2006-06-16,114.2347
2006-06-19,113.9641
2006-06-20,113.9818
2006-06-21,113.8442
2006-06-22,114.0379
2006-06-23,114.0719
2006-06-26,114.134
2006-06-27,114.176
2006-06-28,114.1151
2006-06-29,114.2724
2006-06-30,114.3743
2006-07-03,114.2406
2006-07-04,114.2006
2006-07-05,114.2282
2006-07-06,114.2717
2006-07-07,114.2528
2006-07-10,114.2951
2006-07-11,114.3537
2006-07-12,114.4348
2006-07-13,114.3343
2006-07-14,114.2363
2006-07-17,114.263
2006-07-18,113.7914
2006-07-19,114.1922
2006-07-20,113.9602
2006-07-21,113.8991
2006-07-24,114.13
2006-07-25,114.077
2006-07-26,113.9768
2006-07-27,113.9973
2006-07-28,114.1026
2006-07-31,114.1385
2006-08-01,114.1441
2006-08-02,114.0525
2006-08-03,114.0945
2006-08-04,114.1533
2006-08-07,114.1132
2006-08-08,114.1738
2006-08-09,114.0971
2006-08-10,114.1346
2006-08-11,114.1894
2006-08-14,114.2392
2006-08-15,114.2623
2006-08-16,114.3322
2006-08-17,114.3956
2006-08-18,114.3882
2006-08-21,114.2331
2006-08-22,114.2788
2006-08-23,114.4408
2006-08-24,114.3748
2006-08-25,114.4114
2006-08-28,114.4869
2006-08-29,114.5113
2006-08-30,114.5083
2006-08-31,114.5351
2006-09-01,114.5148
2006-09-04,114.5418
2006-09-05,114.5349
2006-09-06,114.546
2006-09-07,114.5789
2006-09-08,114.5918
2006-09-11,114.6239
2006-09-12,114.6215
2006-09-13,114.6474
2006-09-14,114.7104
2006-09-15,114.7399
2006-09-18,114.7518
2006-09-19,114.7718
2006-09-20,114.8898
2006-09-21,114.8269
2006-09-22,114.9513
2006-09-25,114.887
2006-09-26,114.9406
2006-09-27,114.9651
2006-09-28,114.946
2006-09-29,114.9827
2006-09-30,115.0156
2006-10-08,115.0736
2006-10-09,115.1197
2006-10-10,115.1454
2006-10-11,115.116
2006-10-12,115.1618
2006-10-13,115.1502
2006-10-16,115.1655
2006-10-17,115.1612
2006-10-18,115.2286
2006-10-19,115.1885
2006-10-20,115.211
2006-10-23,115.2637
2006-10-24,115.2384
2006-10-25,115.2724
2006-10-26,115.2533
2006-10-27,115.2524
2006-10-30,115.2984
2006-10-31,115.2836
2006-11-01,115.2635
2006-11-02,115.3316
2006-11-03,115.2969
2006-11-06,115.252
2006-11-07,115.2586
2006-11-08,115.2778
2006-11-09,115.2953
2006-11-10,115.2964
2006-11-13,115.2892
2006-11-14,115.3246
2006-11-15,115.3353
2006-11-16,115.3669
2006-11-17,115.4679
2006-11-20,115.4257
2006-11-21,115.4928
2006-11-22,115.5226
2006-11-23,115.45
2006-11-24,115.4512
2006-11-27,115.4702
2006-11-28,115.5492
2006-11-29,115.5245
2006-11-30,115.5678
2006-12-01,115.6128
2006-12-04,115.5482
2006-12-05,115.5375
2006-12-06,115.5512
2006-12-07,115.5162
2006-12-08,115.3849
2006-12-11,115.4467
2006-12-12,115.522
2006-12-13,115.4843
2006-12-14,115.4911
2006-12-15,115.5685
2006-12-18,115.5678
2006-12-19,115.6129
2006-12-20,115.6125
2006-12-21,115.6095
2006-12-22,115.6249
2006-12-25,115.5208
2006-12-26,115.5457
2006-12-27,115.5933
2006-12-28,115.7157
2006-12-29,115.5905
2006-12-30,115.7107
2006-12-31,115.4689
2007-01-04,115.5544
2007-01-05,115.8026
2007-01-08,115.7947
2007-01-09,115.8306
2007-01-10,115.9171
2007-01-11,115.8821
2007-01-12,115.8849
2007-01-15,115.9231
2007-01-16,115.9598
2007-01-17,116.0262
2007-01-18,115.9434
2007-01-19,115.9868
2007-01-22,116.0084
2007-01-23,116.0203
2007-01-24,115.9546
2007-01-25,115.9953
2007-01-26,115.9563
2007-01-29,116.0301
2007-01-30,116.057
2007-01-31,115.9921
2007-02-01,116.0127
2007-02-02,116.0154
2007-02-05,116.0133
2007-02-06,115.9756
2007-02-07,115.9951
2007-02-08,115.9891
2007-02-09,116.0243
2007-02-12,115.9859
2007-02-13,116.013
2007-02-14,116.0211
2007-02-15,116.0535
2007-02-16,116.0583
2007-02-17,116.0105
2007-02-25,116.1009
2007-02-26,116.1336
2007-02-27,116.1273
2007-02-28,116.1279
2007-03-01,116.1378
2007-03-02,116.1602
2007-03-05,116.0962
2007-03-06,116.1473
2007-03-07,116.2444
2007-03-08,116.2221
2007-03-09,116.2039
2007-03-12,116.2622
2007-03-13,116.2402
2007-03-14,116.2885
2007-03-15,116.3009
2007-03-16,116.2802
2007-03-19,116.1943
2007-03-20,116.2276
2007-03-21,116.1544
2007-03-22,116.1408
2007-03-23,116.1677
2007-03-26,116.1011
2007-03-27,116.1183
2007-03-28,116.2179
2007-03-29,116.1275
2007-03-30,116.2402
2007-04-02,116.1839
2007-04-03,116.2576
2007-04-04,116.2517
2007-04-05,116.2533
2007-04-06,116.2352
2007-04-09,116.2381
2007-04-10,116.1694
2007-04-11,116.1486
2007-04-12,116.1438
2007-04-13,116.1516
2007-04-16,116.1568
2007-04-17,116.1177
2007-04-18,116.1256
2007-04-19,116.1045
2007-04-20,116.0763
2007-04-23,116.0877
2007-04-24,116.0554
2007-04-25,116.0405
2007-04-26,116.0613
2007-04-27,116.1413
2007-04-28,116.2072
2007-04-29,116.1873
2007-04-30,116.2489
2007-05-08,116.288
2007-05-09,116.3038
2007-05-10,116.2524
2007-05-11,116.2315
2007-05-14,116.2028
2007-05-15,116.1677
2007-05-16,116.176
2007-05-17,116.146
2007-05-18,116.0261
2007-05-21,116.0466
2007-05-22,115.7957
2007-05-23,115.8083
2007-05-24,115.7658
2007-05-25,115.7766
2007-05-28,115.8108
2007-05-29,115.9036
2007-05-30,115.8283
2007-05-31,115.8052
2007-06-01,115.814
2007-06-04,115.882
2007-06-05,116.0031
2007-06-06,115.9734
2007-06-07,115.9391
2007-06-08,115.9197
2007-06-11,115.9011
2007-06-12,115.8902
2007-06-13,115.7152
2007-06-14,115.6838
2007-06-15,115.6206
2007-06-18,115.6515
2007-06-19,115.6072
2007-06-20,115.7076
2007-06-21,115.6847
2007-06-22,115.7216
2007-06-25,115.6059
2007-06-26,115.6762
2007-06-27,115.636
2007-06-28,115.7263
2007-06-29,115.603
2007-07-02,115.7028
2007-07-03,115.6023
2007-07-04,115.6504
2007-07-05,115.6585
2007-07-06,115.6533
2007-07-09,115.6328
2007-07-10,115.6222
2007-07-11,115.617
2007-07-12,115.5627
2007-07-13,115.5366
2007-07-16,115.6287
2007-07-17,115.5619
2007-07-18,115.6247
2007-07-19,115.5709
2007-07-20,115.586
2007-07-23,115.7285
2007-07-24,115.5943
2007-07-25,115.7647
2007-07-26,115.7784
2007-07-27,115.8316
2007-07-30,115.8738
2007-07-31,115.9106
2007-08-01,115.9101
2007-08-02,115.8978
2007-08-03,115.9174
2007-08-06,115.9463
2007-08-07,115.9723
2007-08-08,115.9405
2007-08-09,115.9843
2007-08-10,115.9521
2007-08-13,115.9632
2007-08-14,115.9799
2007-08-15,116.0015
2007-08-16,116.0193
2007-08-17,116.0238
2007-08-20,116.0529
2007-08-21,116.0993
2007-08-22,116.1224
2007-08-23,116.0878
2007-08-24,116.1145
2007-08-27,116.2679
2007-08-28,116.2545
2007-08-29,116.2055
2007-08-30,116.2221
2007-08-31,116.2363
2007-09-03,116.2981
2007-09-04,116.2661
2007-09-05,116.2908
2007-09-06,116.3104
2007-09-07,116.2717
2007-09-10,116.2802
2007-09-11,116.2395
2007-09-12,116.286
2007-09-13,116.2007
2007-09-14,116.0824
2007-09-17,115.9617
2007-09-18,116.0302
2007-09-19,116.0185
2007-09-20,115.9679
2007-09-21,115.919
2007-09-24,116.0368
2007-09-25,115.9871
2007-09-26,116.0993
2007-09-27,116.2128
2007-09-28,116.2875
2007-09-29,116.2194
2007-09-30,116.2695
2007-10-08,116.3903
2007-10-09,116.3833
2007-10-10,116.464
2007-10-11,116.4083
2007-10-12,116.4333
2007-10-15,116.4279
2007-10-16,116.4124
2007-10-17,116.343
2007-10-18,116.3058
2007-10-19,116.2755
2007-10-22,116.1685
2007-10-23,116.1986
2007-10-24,116.2652
2007-10-25,116.3174
2007-10-26,116.257
2007-10-29,116.314
2007-10-30,116.3259
2007-10-31,116.379
2007-11-01,116.3247
2007-11-02,116.2977
2007-11-05,116.2476
2007-11-06,116.1648
2007-11-07,116.0761
2007-11-08,115.7997
2007-11-09,115.7629
2007-11-12,115.7086
2007-11-13,115.6599
2007-11-14,115.6367
2007-11-15,115.6546
2007-11-16,115.6374
2007-11-19,115.6718
2007-11-20,115.6959
2007-11-21,115.7323
2007-11-22,115.7951
2007-11-23,115.8211
2007-11-26,115.8947
2007-11-27,115.9086
2007-11-28,115.9367
2007-11-29,115.9844
2007-11-30,115.9801
2007-12-03,115.9836
2007-12-04,116.0199
2007-12-05,116.0427
2007-12-06,116.0918
2007-12-07,116.1416
2007-12-10,116.1382
2007-12-11,116.16
2007-12-12,116.1601
2007-12-13,116.1332
2007-12-14,116.1746
2007-12-17,116.2674
2007-12-18,116.3111
2007-12-19,116.2834
2007-12-20,116.2958
2007-12-21,116.3267
2007-12-24,116.391
2007-12-25,116.3814
2007-12-26,116.4113
2007-12-27,116.4078
2007-12-28,116.4457
2007-12-29,116.4513
2008-01-02,116.5296
2008-01-03,116.4987
2008-01-04,116.5608
2008-01-07,116.5808
2008-01-08,116.654
2008-01-09,116.6878
2008-01-10,116.7011
2008-01-11,116.7426
2008-01-14,116.7265
2008-01-15,116.7484
2008-01-16,116.7542
2008-01-17,116.7754
2008-01-18,116.858
2008-01-21,116.842
2008-01-22,116.8375
2008-01-23,116.8883
2008-01-24,116.9577
2008-01-25,117.0271
2008-01-28,117.0927
2008-01-29,117.1395
2008-01-30,117.1979
2008-01-31,117.1861
2008-02-01,117.3863
2008-02-02,117.497
2008-02-03,117.5222
2008-02-04,117.5225
2008-02-05,117.5188
2008-02-13,117.6546
2008-02-14,117.6537
2008-02-15,117.6953
2008-02-18,117.7042
2008-02-19,117.6542
2008-02-20,117.67
2008-02-21,117.6944
2008-02-22,117.7278
2008-02-25,117.7633
2008-02-26,117.7905
2008-02-27,117.8581
2008-02-28,117.8219
2008-02-29,117.8549
2008-03-03,117.8725
2008-03-04,117.8867
2008-03-05,117.889
2008-03-06,117.9022
2008-03-07,117.9555
2008-03-10,117.9918
2008-03-11,118.0061
2008-03-12,118.0322
2008-03-13,118.039
2008-03-14,118.0662
2008-03-17,118.1178
2008-03-18,118.1402
2008-03-19,118.1612
2008-03-20,118.1689
2008-03-21,118.2124
2008-03-24,118.2451
2008-03-25,118.2641
2008-03-26,118.3113
2008-03-27,118.3374
2008-03-28,118.3232
2008-03-31,118.4423
2008-04-01,118.3865
2008-04-02,118.3574
2008-04-03,118.4445
2008-04-07,118.4932
2008-04-08,118.5243
2008-04-09,118.5005
2008-04-10,118.4857
2008-04-11,118.4442
2008-04-14,118.5202
2008-04-15,118.5008
2008-04-16,118.538
2008-04-17,118.569
2008-04-18,118.5982
2008-04-21,118.6369
2008-04-22,118.6219
2008-04-23,118.624
2008-04-24,118.6631
2008-04-25,118.6466
2008-04-28,118.6694
2008-04-29,118.6807
2008-04-30,118.7057
2008-05-04,118.7443
2008-05-05,118.7573
2008-05-06,118.7635
2008-05-07,118.7657
2008-05-08,118.7787
2008-05-09,118.8007
2008-05-12,118.8377
2008-05-13,118.8391
2008-05-14,118.8534
2008-05-15,118.8612
2008-05-16,118.8614
2008-05-19,118.8769
2008-05-20,118.8904
2008-05-21,118.9058
2008-05-22,118.928
2008-05-23,118.923
2008-05-26,118.96
2008-05-27,118.9706
2008-05-28,119.0122
2008-05-29,119.0565
2008-05-30,119.0592
2008-06-02,119.0849
2008-06-03,119.0582
2008-06-04,119.0614
2008-06-05,119.0706
2008-06-06,119.0812
2008-06-10,118.9879
2008-06-11,119.0013
2008-06-12,118.9515
2008-06-13,118.9761
2008-06-16,119.0303
2008-06-17,119.0376
2008-06-18,119.0567
2008-06-19,119.0717
2008-06-20,119.0388
2008-06-23,119.0734
2008-06-24,119.1172
2008-06-25,119.0864
2008-06-26,119.0573
2008-06-27,119.0615
2008-06-30,118.9648
2008-07-01,119.0544
2008-07-02,119.0732
2008-07-03,119.007
2008-07-04,118.978
2008-07-07,119.0044
2008-07-08,119.0243
2008-07-09,119.0396
2008-07-10,119.0762
2008-07-11,119.107
2008-07-14,119.145
2008-07-15,119.1287
2008-07-16,119.1851
2008-07-17,119.1908
2008-07-18,119.1965
2008-07-21,119.2161
2008-07-22,119.2299
2008-07-23,119.2706
2008-07-24,119.2314
2008-07-25,119.2286
2008-07-28,119.2909
2008-07-29,119.299
2008-07-30,119.3177
2008-07-31,119.3294
2008-08-01,119.313
2008-08-04,119.3378
2008-08-05,119.3542
2008-08-06,119.373
2008-08-07,119.3688
2008-08-08,119.3897
2008-08-11,119.424
2008-08-12,119.4543
2008-08-13,119.4679
2008-08-14,119.5306
2008-08-15,119.5489
2008-08-18,119.6166
2008-08-19,119.6579
2008-08-20,119.6672
2008-08-21,119.6952
2008-08-22,119.7227
2008-08-25,119.8016
2008-08-26,119.8669
2008-08-27,119.8644
2008-08-28,119.9113
2008-08-29,119.9368
2008-09-01,120.0344
2008-09-02,120.1167
2008-09-03,120.1277
2008-09-04,120.1432
2008-09-05,120.1479
2008-09-08,120.2028
2008-09-09,120.2888
2008-09-10,120.3536
2008-09-11,120.4188
2008-09-12,120.4621
2008-09-16,120.8086
2008-09-17,121.0802
2008-09-18,121.0575
2008-09-19,121.0216
2008-09-22,120.9763
2008-09-23,120.9068
2008-09-24,120.9223
2008-09-25,120.9069
2008-09-26,120.9529
2008-09-27,120.9653
2008-09-28,120.9854
2008-10-06,121.0233
2008-10-07,121.1453
2008-10-08,121.3532
2008-10-09,121.9366
2008-10-10,122.25
2008-10-13,122.2328
2008-10-14,122.1182
2008-10-15,122.1649
2008-10-16,122.2104
2008-10-17,122.1967
2008-10-20,122.2196
2008-10-21,122.2531
2008-10-22,122.2225
2008-10-23,122.2292
2008-10-24,122.2683
2008-10-27,122.309
2008-10-28,122.4173
2008-10-29,122.4433
2008-10-30,122.6372
2008-10-31,122.6525
2008-11-03,122.7216
2008-11-04,122.7832
2008-11-05,122.8149
2008-11-06,122.9484
2008-11-07,123.1142
2008-11-10,123.2189
2008-11-11,123.2611
2008-11-12,123.283
2008-11-13,123.4454
2008-11-14,123.4709
2008-11-17,123.4379
2008-11-18,123.5244
2008-11-19,123.5209
2008-11-20,123.4587
2008-11-21,123.5385
2008-11-24,123.5201
2008-11-25,123.5233
2008-11-26,123.5677
2008-11-27,124.1301
2008-11-28,124.1894
2008-12-01,124.1444
2008-12-02,124.1964
2008-12-03,124.3182
2008-12-04,124.5412
2008-12-05,125.1007
2008-12-08,125.1204
2008-12-09,125.1545
2008-12-10,125.1593
2008-12-11,125.2117
2008-12-12,125.2467
2008-12-15,125.2735
2008-12-16,125.3738
2008-12-17,125.5446
2008-12-18,125.7555
2008-12-19,125.7301
2008-12-22,125.7702
2008-12-23,125.794
2008-12-24,125.8506
2008-12-25,125.832
2008-12-26,125.8669
2008-12-29,125.8562
2008-12-30,125.8873
2008-12-31,125.8759
2009-01-04,125.9219
2009-01-05,125.9161
2009-01-06,125.9444
2009-01-07,126.0144
2009-01-08,126.0645
2009-01-09,126.1203
2009-01-12,126.1316
2009-01-13,126.1328
2009-01-14,126.0908
2009-01-15,126.0112
2009-01-16,125.7807
2009-01-19,125.7912
2009-01-20,125.7627
2009-01-21,125.6868
2009-01-22,125.7423
2009-01-23,125.8357
2009-01-24,125.8205
2009-02-01,125.9022
2009-02-02,125.8361
2009-02-03,125.7814
2009-02-04,125.5793
2009-02-05,125.476
2009-02-06,125.4251
2009-02-09,125.5324
2009-02-10,125.5182
2009-02-11,125.5551
2009-02-12,125.6165
2009-02-13,125.6746
2009-02-16,125.7697
2009-02-17,125.7332
2009-02-18,125.7259
2009-02-19,125.76
2009-02-20,125.8037
2009-02-23,125.828
2009-02-24,125.8771
2009-02-25,125.9045
2009-02-26,125.9597
2009-02-27,125.9475
2009-03-02,125.9719
2009-03-03,126.0145
2009-03-04,126.0076
2009-03-05,126.0297
2009-03-06,126.0624
2009-03-09,126.102
2009-03-10,126.1252
2009-03-11,126.1351
2009-03-12,126.1528
2009-03-13,126.1303
2009-03-16,126.1794
2009-03-17,126.2207
2009-03-18,126.2477
2009-03-19,126.2494
2009-03-20,126.2475
2009-03-23,126.3315
2009-03-24,126.3406
2009-03-25,126.3558
2009-03-26,126.3245
2009-03-27,126.3184
2009-03-30,126.3773
2009-03-31,126.4378
2009-04-01,126.3839
2009-04-02,126.4217
2009-04-03,126.4091
2009-04-07,126.359
2009-04-08,126.3638
2009-04-09,126.3801
2009-04-10,126.3688
2009-04-13,126.3987
2009-04-14,126.4663
2009-04-15,126.3839
2009-04-16,126.3832
2009-04-17,126.4006
2009-04-20,126.4296
2009-04-21,126.4449
2009-04-22,126.4937
2009-04-23,126.4687
2009-04-24,126.4783
2009-04-27,126.5239
2009-04-28,126.5009
2009-04-29,126.5542
2009-04-30,126.5308
2009-05-04,126.5346
2009-05-05,126.5422
2009-05-06,126.5424
2009-05-07,126.5401
2009-05-08,126.5991
2009-05-11,126.7109
2009-05-12,126.7605
2009-05-13,126.8182
2009-05-14,126.8687
2009-05-15,126.8773
2009-05-18,126.9283
2009-05-19,126.9781
2009-05-20,126.9833
2009-05-21,126.9562
2009-05-22,126.9457
2009-05-25,126.9606
2009-05-26,126.9395
2009-05-27,126.8968
2009-05-31,126.9965
2009-06-01,126.9889
2009-06-02,126.9782
2009-06-03,126.9872
2009-06-04,126.9649
2009-06-05,126.9693
2009-06-08,126.9701
2009-06-09,126.9584
2009-06-10,126.9628
2009-06-11,126.9619
2009-06-12,126.9787
2009-06-15,126.9951
2009-06-16,126.9989
2009-06-17,127.0112
2009-06-18,126.9785
2009-06-19,126.9868
2009-06-22,127.0357
2009-06-23,126.9981
2009-06-24,127.0022
2009-06-25,126.9946
2009-06-26,126.968
2009-06-29,127.0137
2009-06-30,127.0629
2009-07-01,127.05
2009-07-02,127.0568
2009-07-03,127.0665
2009-07-06,127.0388
2009-07-07,127.003
2009-07-08,126.961
2009-07-09,126.7057
2009-07-10,126.404
2009-07-13,126.4062
2009-07-14,126.4155
2009-07-15,126.3198
2009-07-16,126.0744
2009-07-17,125.858
2009-07-20,125.7838
2009-07-21,125.8629
2009-07-22,125.8773
2009-07-23,125.9303
2009-07-24,125.8697
2009-07-27,125.9182
2009-07-28,125.9323
2009-07-29,125.9369
2009-07-30,125.9398
2009-07-31,125.9301
2009-08-03,125.9549
2009-08-04,125.9782
2009-08-05,126.0187
2009-08-06,126.013
2009-08-07,126.0524
2009-08-10,126.0641
2009-08-11,126.0738
2009-08-12,126.1026
2009-08-13,126.136
2009-08-14,126.1212
2009-08-17,126.1437
2009-08-18,126.1494
2009-08-19,126.183
2009-08-20,126.2244
2009-08-21,126.2412
2009-08-24,126.2625
2009-08-25,126.313
2009-08-26,126.2783
2009-08-27,126.2864
2009-08-28,126.3288
2009-08-31,126.3901
2009-09-01,126.3401
2009-09-02,126.4575
2009-09-03,126.4427
2009-09-04,126.4892
2009-09-07,126.5223
2009-09-08,126.5526
2009-09-09,126.567
2009-09-10,126.5685
2009-09-11,126.5741
2009-09-14,126.5913
2009-09-15,126.6043
2009-09-16,126.6386
2009-09-17,126.6136
2009-09-18,126.602
2009-09-21,126.6039
2009-09-22,126.6039
2009-09-23,126.6655
2009-09-24,126.6827
2009-09-25,126.668
2009-09-27,126.7012
2009-09-28,126.7254
2009-09-29,126.7182
2009-09-30,126.6938
2009-10-09,126.7815
2009-10-10,126.7594
2009-10-12,126.7863
2009-10-13,126.7188
2009-10-14,126.6858
2009-10-15,126.6209
2009-10-16,126.58
2009-10-19,126.6377
2009-10-20,126.6776
2009-10-21,126.7176
2009-10-22,126.7383
2009-10-23,126.7361
2009-10-26,126.7601
2009-10-27,126.7771
2009-10-28,126.7482
2009-10-29,126.7732
2009-10-30,126.7938
2009-11-02,126.8193
2009-11-03,126.782
2009-11-04,126.8452
2009-11-05,126.8473
2009-11-06,126.8608
2009-11-09,126.8836
2009-11-10,126.8699
2009-11-11,126.8772
2009-11-12,126.9149
2009-11-13,126.9057
2009-11-16,126.9302
2009-11-17,126.9601
2009-11-18,127.0183
2009-11-19,127.0187
2009-11-20,127.0208
2009-11-23,127.0561
2009-11-24,127.0719
2009-11-25,127.086
2009-11-26,127.1296
2009-11-27,127.14
2009-11-30,127.2003
2009-12-01,127.2069
2009-12-02,127.1859
2009-12-03,127.1942
2009-12-04,127.1617
2009-12-07,127.2786
2009-12-08,127.2363
2009-12-09,127.2592
2009-12-10,127.1982
2009-12-11,127.1975
2009-12-14,127.2679
2009-12-15,127.2381
2009-12-16,127.2887
2009-12-17,127.3309
2009-12-18,127.2464
2009-12-21,127.2994
2009-12-22,127.2803
2009-12-23,127.2468
2009-12-24,127.2726
2009-12-25,127.2754
2009-12-28,127.3207
2009-12-29,127.3326
2009-12-30,127.3199
2009-12-31,127.3376
2010-01-04,127.3509
2010-01-05,127.3415
2010-01-06,127.3566
2010-01-07,127.3189
2010-01-08,127.3232
2010-01-11,127.3661
2010-01-12,127.2644
2010-01-13,127.1655
2010-01-14,127.2143
2010-01-15,127.2133
2010-01-18,127.2735
2010-01-19,127.1991
2010-01-20,127.2765
2010-01-21,127.284
2010-01-22,127.2522
2010-01-25,127.2855
2010-01-26,127.2958
2010-01-27,127.3912
2010-01-28,127.3337
2010-01-29,127.361
2010-02-01,127.3449
2010-02-02,127.3806
2010-02-03,127.3673
2010-02-04,127.3673
2010-02-05,127.4111
2010-02-08,127.437
2010-02-09,127.4477
2010-02-10,127.4834
2010-02-11,127.4777
2010-02-12,127.4794
2010-02-20,127.5116
2010-02-21,127.4976
2010-02-22,127.523
2010-02-23,127.5335
2010-02-24,127.548
2010-02-25,127.5869
2010-02-26,127.6537
2010-03-01,127.7431
2010-03-02,127.8332
2010-03-03,127.8728
2010-03-04,127.8992
2010-03-05,127.886
2010-03-08,127.9713
2010-03-09,127.9585
2010-03-10,127.9611
2010-03-11,127.9608
2010-03-12,127.9816
2010-03-15,127.9924
2010-03-16,128.0886
2010-03-17,128.0934
2010-03-18,128.1521
2010-03-19,128.1538
2010-03-22,128.1764
2010-03-23,128.1771
2010-03-24,128.1543
2010-03-25,128.2008
2010-03-26,128.2125
2010-03-29,128.2152
2010-03-30,128.1931
2010-03-31,128.1931
2010-04-01,128.167
2010-04-02,128.1685
2010-04-06,128.198
2010-04-07,128.139
2010-04-08,128.0935
2010-04-09,128.0556
2010-04-12,128.0985
2010-04-13,128.1174
2010-04-14,128.1396
2010-04-15,128.1243
2010-04-16,128.1843
2010-04-19,128.2263
2010-04-20,128.2529
2010-04-21,128.282
2010-04-22,128.273
2010-04-23,128.373
2010-04-26,128.4214
2010-04-27,128.4371
2010-04-28,128.4744
2010-04-29,128.5042
2010-04-30,128.5133
2010-05-04,128.4785
2010-05-05,128.4687
2010-05-06,128.4866
2010-05-07,128.4618
2010-05-10,128.5197
2010-05-11,128.4957
2010-05-12,128.5158
2010-05-13,128.519
2010-05-14,128.5221
2010-05-17,128.5404
2010-05-18,128.5724
2010-05-19,128.5745
2010-05-20,128.6117
2010-05-21,128.5933
2010-05-24,128.5791
2010-05-25,128.5842
2010-05-26,128.5777
2010-05-27,128.5866
2010-05-28,128.581
2010-05-31,128.6082
2010-06-01,128.5431
2010-06-02,128.5661
2010-06-03,128.5841
2010-06-04,128.5494
2010-06-07,128.5691
2010-06-08,128.551
2010-06-09,128.5199
2010-06-10,128.5248
2010-06-11,128.4365
2010-06-12,128.4104
2010-06-13,128.4078
2010-06-17,128.4288
2010-06-18,128.2319
2010-06-21,128.2362
2010-06-22,128.2482
2010-06-23,128.2779
2010-06-24,128.2979
2010-06-25,128.3009
2010-06-28,128.3814
2010-06-29,128.3695
2010-06-30,128.4258
2010-07-01,128.4288
2010-07-02,128.433
2010-07-05,128.4812
2010-07-06,128.5276
2010-07-07,128.571
2010-07-08,128.5807
2010-07-09,128.6056
2010-07-12,128.653
2010-07-13,128.7096
2010-07-14,128.7683
2010-07-15,128.7719
2010-07-16,128.777
2010-07-19,128.7923
2010-07-20,128.8111
2010-07-21,128.834
2010-07-22,128.8089
2010-07-23,128.8393
2010-07-26,128.8311
2010-07-27,128.8539
2010-07-28,128.854
2010-07-29,128.8649
2010-07-30,128.8569
2010-08-02,128.8981
2010-08-03,128.9049
2010-08-04,128.9352
2010-08-05,128.9392
2010-08-06,128.9815
2010-08-09,129.0144
2010-08-10,129.04
2010-08-11,129.0338
2010-08-12,129.0537
2010-08-13,129.0501
2010-08-16,129.0895
2010-08-17,129.0979
2010-08-18,129.1196
2010-08-19,129.1117
2010-08-20,129.1361
2010-08-23,129.1714
2010-08-24,129.2119
2010-08-25,129.2212
2010-08-26,129.2115
2010-08-27,129.2126
2010-08-30,129.2356
2010-08-31,129.251
2010-09-01,129.2685
2010-09-02,129.3095
2010-09-03,129.3292
2010-09-06,129.3466
2010-09-07,129.3508
2010-09-08,129.3462
2010-09-09,129.333
2010-09-10,129.3461
2010-09-13,129.3601
2010-09-14,129.3644
2010-09-15,129.3532
2010-09-16,129.3682
2010-09-17,129.3793
2010-09-19,129.3739
2010-09-20,129.3884
2010-09-21,129.4111
2010-09-25,129.4426
2010-09-26,129.4422
2010-09-27,129.4545
2010-09-28,129.4641
2010-09-29,129.4967
2010-09-30,129.4705
2010-10-08,129.5815
2010-10-09,129.574
2010-10-11,129.5732
2010-10-12,129.5791
2010-10-13,129.5878
2010-10-14,129.601
2010-10-15,129.6108
2010-10-18,129.6227
2010-10-19,129.6318
2010-10-20,129.2502
2010-10-21,129.1856
2010-10-22,129.1851
2010-10-25,129.1901
2010-10-26,129.1887
2010-10-27,129.1402
2010-10-28,129.1916
2010-10-29,129.2145
2010-11-01,129.3058
2010-11-02,129.2503
2010-11-03,129.2097
2010-11-04,129.1576
2010-11-05,129.1489
2010-11-08,129.1728
2010-11-09,129.1503
2010-11-10,129.0309
2010-11-11,128.8041
2010-11-12,128.6977
2010-11-15,128.635
2010-11-16,128.5228
2010-11-17,128.5492
2010-11-18,128.5533
2010-11-19,128.5713
2010-11-22,128.3769
2010-11-23,128.2968
2010-11-24,128.16
2010-11-25,128.1377
2010-11-26,127.9849
2010-11-29,127.9942
2010-11-30,128.0005
2010-12-01,128.0467
2010-12-02,128.0983
2010-12-03,128.1025
2010-12-06,128.1565
2010-12-07,128.2069
2010-12-08,128.2025
2010-12-09,128.2168
2010-12-10,128.127
2010-12-13,128.1349
2010-12-14,128.1335
2010-12-15,128.0766
2010-12-16,128.062
2010-12-17,128.0273
2010-12-20,128.0318
2010-12-21,127.9963
2010-12-22,127.9421
2010-12-23,127.795
2010-12-24,127.7193
2010-12-27,127.5103
2010-12-28,127.5059
2010-12-29,127.5683
2010-12-30,127.5992
2010-12-31,127.6284
2011-01-04,127.7433
2011-01-05,127.8647
2011-01-06,127.9873
2011-01-07,128.0824
2011-01-10,128.175
2011-01-11,128.2061
2011-01-12,128.2892
2011-01-13,128.3246
2011-01-14,128.334
2011-01-17,128.2791
2011-01-18,128.2341
2011-01-19,128.2142
2011-01-20,128.1914
2011-01-21,128.1625
2011-01-24,128.1203
2011-01-25,128.069
2011-01-26,128.1013
2011-01-27,128.0759
2011-01-28,128.1119
2011-01-30,128.1414
2011-01-31,128.1847
2011-02-01,128.2256
2011-02-09,128.2113
2011-02-10,128.1922
2011-02-11,128.1823
2011-02-12,128.209
2011-02-14,128.2983
2011-02-15,128.3771
2011-02-16,128.3622
2011-02-17,128.395
2011-02-18,128.4208
2011-02-21,128.3548
2011-02-22,128.3789
2011-02-23,128.412
2011-02-24,128.524
2011-02-25,128.5396
2011-02-28,128.5907
2011-03-01,128.5761
2011-03-02,128.5873
2011-03-03,128.6237
2011-03-04,128.6554
2011-03-07,128.7045
2011-03-08,128.6935
2011-03-09,128.8512
2011-03-10,128.8491
2011-03-11,128.8743
2011-03-14,128.8974
2011-03-15,128.9303
2011-03-16,128.9404
2011-03-17,128.9855
2011-03-18,128.9799
2011-03-21,129.0001
2011-03-22,129.0127
2011-03-23,129.0738
2011-03-24,129.0908
2011-03-25,129.0901
2011-03-28,129.0926
2011-03-29,129.1102
2011-03-30,129.1195
2011-03-31,129.1104
2011-04-01,129.1707
2011-04-02,129.2136
2011-04-06,129.2324
2011-04-07,129.2319
2011-04-08,129.2525
2011-04-11,129.3149
2011-04-12,129.3279
2011-04-13,129.4177
2011-04-14,129.4623
2011-04-15,129.4891
2011-04-18,129.48
2011-04-19,129.5124
2011-04-20,129.5239
2011-04-21,129.5174
2011-04-22,129.5052
2011-04-25,129.5346
2011-04-26,129.5237
2011-04-27,129.5654
2011-04-28,129.5502
2011-04-29,129.5815
2011-05-03,129.6246
2011-05-04,129.6441
2011-05-05,129.647
2011-05-06,129.6305
2011-05-09,129.6796
2011-05-10,129.7132
2011-05-11,129.6934
2011-05-12,129.6988
2011-05-13,129.6389
2011-05-16,129.6344
2011-05-17,129.67
2011-05-18,129.659
2011-05-19,129.6625
2011-05-20,129.641
2011-05-23,129.6723
2011-05-24,129.6859
2011-05-25,129.6869
2011-05-26,129.7126
2011-05-27,129.7226
2011-05-30,129.7546
2011-05-31,129.7709
2011-06-01,129.7866
2011-06-02,129.76
2011-06-03,129.7784
2011-06-07,129.7963
2011-06-08,129.7813
2011-06-09,129.7671
2011-06-10,129.8019
2011-06-13,129.7762
2011-06-14,129.7254
2011-06-15,129.4254
2011-06-16,129.223
2011-06-17,129.2116
2011-06-20,129.2157
2011-06-21,129.2694
2011-06-22,129.1995
2011-06-23,129.1614
2011-06-24,129.1577
2011-06-27,129.3058
2011-06-28,129.3643
2011-06-29,129.4056
2011-06-30,129.4527
2011-07-01,129.5319
2011-07-04,129.589
2011-07-05,129.6554
2011-07-06,129.6297
2011-07-07,129.5893
2011-07-08,129.64
2011-07-11,129.6517
2011-07-12,129.6446
2011-07-13,129.5817
2011-07-14,129.5558
2011-07-15,129.5809
2011-07-18,129.6053
2011-07-19,129.5228
2011-07-20,129.3358
2011-07-21,129.0976
2011-07-22,129.0898
2011-07-25,129.1066
2011-07-26,129.0983
2011-07-27,129.1746
2011-07-28,129.1484
2011-07-29,129.1689
2011-08-01,129.2308
2011-08-02,129.2749
2011-08-03,129.2203
2011-08-04,129.2388
2011-08-05,129.2976
2011-08-08,129.4123
2011-08-09,129.4953
2011-08-10,129.504
2011-08-11,129.593
2011-08-12,129.6345
2011-08-15,129.6676
2011-08-16,129.6501
2011-08-17,129.6464
2011-08-18,129.6138
2011-08-19,129.6515
2011-08-22,129.676
2011-08-23,129.6864
2011-08-24,129.6852
2011-08-25,129.7099
2011-08-26,129.6707
2011-08-29,129.4285
2011-08-30,129.1991
2011-08-31,129.1925
2011-09-01,129.2771
2011-09-02,129.2936
2011-09-05,129.3248
2011-09-06,129.3404
2011-09-07,129.1935
2011-09-08,129.2221
2011-09-09,129.2386
2011-09-13,129.2916
2011-09-14,129.2507
2011-09-15,129.2328
2011-09-16,129.2428
2011-09-19,129.2381
2011-09-20,129.2617
2011-09-21,129.3236
2011-09-22,129.4346
2011-09-23,129.6961
2011-09-26,129.9831
2011-09-27,130.0093
2011-09-28,130.0124
2011-09-29,130.0845
2011-09-30,130.101
2011-10-08,130.2421
2011-10-09,130.3982
2011-10-10,130.6414
2011-10-11,130.8033
2011-10-12,130.928
2011-10-13,130.9217
2011-10-14,131.0139
2011-10-17,131.0038
2011-10-18,131.0558
2011-10-19,131.0921
2011-10-20,131.1444
2011-10-21,131.1241
2011-10-24,131.1276
2011-10-25,131.0367
2011-10-26,131.0833
2011-10-27,131.1048
2011-10-28,131.1417
2011-10-31,131.2083
2011-11-01,131.3688
2011-11-02,131.4288
2011-11-03,131.5325
2011-11-04,131.5829
2011-11-07,131.6686
2011-11-08,131.8473
2011-11-09,132.2176
2011-11-10,132.5299
2011-11-11,132.5251
2011-11-14,132.5613
2011-11-15,132.5615
2011-11-16,132.5476
2011-11-17,132.4518
2011-11-18,132.4448
2011-11-21,132.4411
2011-11-22,132.4522
2011-11-23,132.4853
2011-11-24,132.4822
2011-11-25,132.5436
2011-11-28,132.6262
2011-11-29,132.6381
2011-11-30,132.6614
2011-12-01,132.9674
2011-12-02,133.0655
2011-12-05,133.1019
2011-12-06,133.1303
2011-12-07,133.2033
2011-12-08,133.223
2011-12-09,133.2319
2011-12-12,133.236
2011-12-13,133.1852
2011-12-14,133.152
2011-12-15,133.1308
2011-12-16,133.1867
2011-12-19,133.2209
2011-12-20,133.2255
2011-12-21,133.2165
2011-12-22,133.2343
2011-12-23,133.241
2011-12-26,133.2665
2011-12-27,133.2866
2011-12-28,133.2974
2011-12-29,133.3375
2011-12-30,133.4141
2011-12-31,133.4435
2012-01-04,133.4639
2012-01-05,133.4544
2012-01-06,133.4766
2012-01-09,133.493
2012-01-10,133.5133
2012-01-11,133.4807
2012-01-12,133.5071
2012-01-13,133.5008
2012-01-16,133.4856
2012-01-17,133.5149
2012-01-18,133.5
2012-01-19,133.5066
2012-01-20,133.5503
2012-01-21,133.5688
2012-01-29,133.6858
2012-01-30,133.7152
2012-01-31,133.7165
2012-02-01,133.6883
2012-02-02,133.6815
2012-02-03,133.686
2012-02-06,133.6911
2012-02-07,133.7026
2012-02-08,133.5598
2012-02-09,133.4624
2012-02-10,133.427
2012-02-13,133.5296
2012-02-14,133.5185
2012-02-15,133.4882
2012-02-16,133.4663
2012-02-17,133.4356
2012-02-20,133.6002
2012-02-21,133.5592
2012-02-22,133.5613
2012-02-23,133.5673
2012-02-24,133.594
2012-02-27,133.606
2012-02-28,133.5951
2012-02-29,133.6037
2012-03-01,133.6472
2012-03-02,133.6574
2012-03-05,133.6821
2012-03-06,133.7117
2012-03-07,133.7338
2012-03-08,133.821
2012-03-09,133.8358
2012-03-12,133.9176
2012-03-13,133.9232
2012-03-14,133.9066
2012-03-15,133.8957
2012-03-16,133.9365
2012-03-19,133.9853
2012-03-20,133.9782
2012-03-21,133.9909
2012-03-22,133.9921
2012-03-23,134.0647
2012-03-26,134.1025
2012-03-27,134.1236
2012-03-28,134.1702
2012-03-29,134.2456
2012-03-30,134.2894
2012-03-31,134.3334
2012-04-01,134.2892
2012-04-05,134.3652
2012-04-06,134.3554
2012-04-09,134.3815
2012-04-10,134.3868
2012-04-11,134.3999
2012-04-12,134.3718
2012-04-13,134.3992
2012-04-16,134.4312
2012-04-17,134.4627
2012-04-18,134.4864
2012-04-19,134.4837
2012-04-20,134.5289
2012-04-23,134.5366
2012-04-24,134.5298
2012-04-25,134.5174
2012-04-26,134.5104
2012-04-27,134.5329
2012-04-28,134.5293
2012-05-02,134.5768
2012-05-03,134.5382
2012-05-04,134.5282
2012-05-07,134.5684
2012-05-08,134.5816
2012-05-09,134.6337
2012-05-10,134.7176
2012-05-11,134.7969
2012-05-14,135.101
2012-05-15,135.4819
2012-05-16,135.6497
2012-05-17,135.5675
2012-05-18,135.6422
2012-05-21,135.5991
2012-05-22,135.6485
2012-05-23,135.6734
2012-05-24,135.8897
2012-05-25,136.0191
2012-05-28,136.095
2012-05-29,136.114
2012-05-30,136.0717
2012-05-31,136.1331
2012-06-01,136.2703
2012-06-04,136.319
2012-06-05,136.285
2012-06-06,136.261
2012-06-07,136.2028
2012-06-08,136.415
2012-06-11,136.4149
2012-06-12,136.3396
2012-06-13,136.2886
2012-06-14,136.1995
2012-06-15,136.221
2012-06-18,136.1713
2012-06-19,136.1069
2012-06-20,136.053
2012-06-21,136.1294
2012-06-25,136.1842
2012-06-26,136.2396
2012-06-27,136.3269
2012-06-28,136.3942
2012-06-29,136.4287
2012-07-02,136.4452
2012-07-03,136.4476
2012-07-04,136.4781
2012-07-05,136.5184
2012-07-06,136.6538
2012-07-09,136.743
2012-07-10,136.7585
2012-07-11,136.8177
2012-07-12,136.8545
2012-07-13,136.833
2012-07-16,136.862
2012-07-17,136.8952
2012-07-18,136.8757
2012-07-19,136.8383
2012-07-20,136.852
2012-07-23,136.8581
2012-07-24,136.873
2012-07-25,136.7806
2012-07-26,136.7062
2012-07-27,136.655
2012-07-30,136.6977
2012-07-31,136.6609
2012-08-01,136.6847
2012-08-02,136.686
2012-08-03,136.6736
2012-08-06,136.6165
2012-08-07,136.4047
2012-08-08,136.3669
2012-08-09,136.3802
2012-08-10,136.4216
2012-08-13,136.4224
2012-08-14,136.3844
2012-08-15,136.2593
2012-08-16,136.2428
2012-08-17,136.2332
2012-08-20,136.0962
2012-08-21,136.0096
2012-08-22,135.9265
2012-08-23,135.937
2012-08-24,135.9482
2012-08-27,135.9419
2012-08-28,135.924
2012-08-29,135.8968
2012-08-30,135.8922
2012-08-31,135.9007
2012-09-03,135.9531
2012-09-04,136.0487
2012-09-05,136.0554
2012-09-06,136.0609
2012-09-07,136.0102
2012-09-10,135.97
2012-09-11,135.9018
2012-09-12,135.6953
2012-09-13,135.631
2012-09-14,135.5225
2012-09-17,135.4531
2012-09-18,135.6039
2012-09-19,135.607
2012-09-20,135.6303
2012-09-21,135.6788
2012-09-24,135.7495
2012-09-25,135.8503
2012-09-26,135.966
2012-09-27,136.0082
2012-09-28,136.0252
2012-09-29,136.027
2012-10-08,136.115
2012-10-09,136.1234
2012-10-10,136.1223
2012-10-11,136.1464
2012-10-12,136.1717
2012-10-15,136.2592
2012-10-16,136.2572
2012-10-17,136.1832
2012-10-18,136.1701
2012-10-19,136.1412
2012-10-22,136.216
2012-10-23,136.2053
2012-10-24,136.1637
2012-10-25,136.1579
2012-10-26,136.1637
2012-10-29,136.1678
2012-10-30,136.2252
2012-10-31,136.2239
2012-11-01,136.1591
2012-11-02,136.1165
2012-11-05,136.1549
2012-11-06,136.1757
2012-11-07,136.2012
2012-11-08,136.2469
2012-11-09,136.2952
2012-11-12,136.3179
2012-11-13,136.345
2012-11-14,136.3675
2012-11-15,136.3895
2012-11-16,136.4493
2012-11-19,136.5672
2012-11-20,136.6229
2012-11-21,136.6385
2012-11-22,136.6455
2012-11-23,136.6244
2012-11-26,136.6246
2012-11-27,136.6072
2012-11-28,136.6312
2012-11-29,136.612
2012-11-30,136.5831
2012-12-03,136.586
2012-12-04,136.5713
2012-12-05,136.5004
2012-12-06,136.4481
2012-12-07,136.4597
2012-12-10,136.4703
2012-12-11,136.4962
2012-12-12,136.5051
2012-12-13,136.5314
2012-12-14,136.5292
2012-12-17,136.5599
2012-12-18,136.568
2012-12-19,136.5745
2012-12-20,136.5829
2012-12-21,136.5875
2012-12-24,136.5874
2012-12-25,136.6327
2012-12-26,136.651
2012-12-27,136.7304
2012-12-28,136.8129
2012-12-31,136.85
2013-01-04,136.8118
2013-01-05,136.9439
2013-01-06,136.9724
2013-01-07,136.9893
2013-01-08,137.0529
2013-01-09,137.1002
2013-01-10,137.0493
2013-01-11,137.0214
2013-01-14,137.0541
2013-01-15,137.1187
2013-01-16,137.1153
2013-01-17,137.1388
2013-01-18,137.207
2013-01-21,137.211
2013-01-22,137.2169
2013-01-23,137.1905
2013-01-24,137.1828
2013-01-25,137.2108
2013-01-28,137.1944
2013-01-29,137.2557
2013-01-30,137.2332
2013-01-31,137.2657
2013-02-01,137.2766
2013-02-04,137.3198
2013-02-05,137.354
2013-02-06,137.3571
2013-02-07,137.3761
2013-02-08,137.4405
2013-02-16,137.5914
2013-02-17,137.6214
2013-02-18,137.5763
2013-02-19,137.6067
2013-02-20,137.6456
2013-02-21,137.6507
2013-02-22,137.6381
2013-02-25,137.605
2013-02-26,137.5636
2013-02-27,137.6155
2013-02-28,137.5994
2013-03-01,137.6101
2013-03-04,137.664
2013-03-05,137.6769
2013-03-06,137.7102
2013-03-07,137.7179
2013-03-08,137.718
2013-03-11,137.7436
2013-03-12,137.782
2013-03-13,137.794
2013-03-14,137.7867
2013-03-15,137.8214
2013-03-18,137.8385
2013-03-19,137.8712
2013-03-20,137.8634
2013-03-21,137.8753
2013-03-22,137.8814
2013-03-25,137.9216
2013-03-26,137.9331
2013-03-27,137.9708
2013-03-28,138.0091
2013-03-29,138.0338
2013-04-01,138.1021
2013-04-02,138.2251
2013-04-03,138.2496
2013-04-07,138.3189
2013-04-08,138.2801
2013-04-09,138.3331
2013-04-10,138.3876
2013-04-11,138.3573
2013-04-12,138.3809
2013-04-15,138.42
2013-04-16,138.4777
2013-04-17,138.4444
2013-04-18,138.3985
2013-04-19,138.3672
2013-04-22,138.3364
2013-04-23,138.4201
2013-04-24,138.4631
2013-04-25,138.4746
2013-04-26,138.4976
2013-04-27,138.534
2013-04-28,138.5622
2013-05-02,138.6329
2013-05-03,138.6465
2013-05-06,138.6221
2013-05-07,138.6467
2013-05-08,138.6264
2013-05-09,138.6281
2013-05-10,138.6118
2013-05-13,138.6322
2013-05-14,138.6416
2013-05-15,138.6456
2013-05-16,138.6397
2013-05-17,138.6302
2013-05-20,138.6122
2013-05-21,138.6121
2013-05-22,138.6368
2013-05-23,138.6653
2013-05-24,138.6775
2013-05-27,138.7264
2013-05-28,138.7479
2013-05-29,138.7521
2013-05-30,138.7453
2013-05-31,138.7357
2013-06-03,138.7226
2013-06-04,138.725
2013-06-05,138.7001
2013-06-06,138.6606
2013-06-07,138.5663
2013-06-08,138.5361
2013-06-09,138.6387
2013-06-13,138.6227
2013-06-14,138.4714
2013-06-17,138.4838
2013-06-18,138.3575
2013-06-19,138.1285
2013-06-20,137.4118
2013-06-21,137.4182
2013-06-24,137.4648
2013-06-25,137.7062
2013-06-26,138.017
2013-06-27,138.155
2013-06-28,138.5464
2013-07-01,138.5292
2013-07-02,138.6818
2013-07-03,138.7294
2013-07-04,138.776
2013-07-05,138.8266
2013-07-08,138.7814
2013-07-09,138.721
2013-07-10,138.5787
2013-07-11,138.4999
2013-07-12,138.4436
2013-07-15,138.4701
2013-07-16,138.4804
2013-07-17,138.4473
2013-07-18,138.3867
2013-07-19,138.3471
2013-07-22,138.1634
2013-07-23,137.8613
2013-07-24,137.8415
2013-07-25,138.0065
2013-07-26,138.0505
2013-07-29,138.034
2013-07-30,138.0776
2013-07-31,138.1563
2013-08-01,138.2863
2013-08-02,138.3108
2013-08-05,138.3216
2013-08-06,138.3059
2013-08-07,138.3094
2013-08-08,138.2616
2013-08-09,138.2075
2013-08-12,138.2062
2013-08-13,138.0713
2013-08-14,137.7924
2013-08-15,137.8211
2013-08-16,137.8282
2013-08-19,137.6892
2013-08-20,137.6387
2013-08-21,137.7254
2013-08-22,137.7444
2013-08-23,137.8314
2013-08-26,137.9744
2013-08-27,137.9359
2013-08-28,137.8816
2013-08-29,137.886
2013-08-30,137.9058
2013-09-02,137.9438
2013-09-03,137.8837
2013-09-04,137.8197
2013-09-05,137.7928
2013-09-06,137.8271
2013-09-09,137.8438
2013-09-10,137.8363
2013-09-11,137.769
2013-09-12,137.8419
2013-09-13,137.9198
2013-09-16,138.0218
2013-09-17,138.1148
2013-09-18,138.1606
2013-09-22,138.2895
2013-09-23,138.2137
2013-09-24,138.2114
2013-09-25,138.296
2013-09-26,138.3898
2013-09-27,138.3938
2013-09-29,138.4137
2013-09-30,138.4586
2013-10-08,138.5925
2013-10-09,138.5916
2013-10-10,138.6501
2013-10-11,138.732
2013-10-12,138.7398
2013-10-14,138.7411
2013-10-15,138.7796
2013-10-16,138.7696
2013-10-17,138.7667
2013-10-18,138.7147
2013-10-21,138.7316
2013-10-22,138.7038
2013-10-23,138.7181
2013-10-24,138.5762
2013-10-25,138.5398
2013-10-28,138.4978
2013-10-29,138.324
2013-10-30,138.183
2013-10-31,138.3098
2013-11-01,138.3789
2013-11-04,138.4102
2013-11-05,138.3296
2013-11-06,138.3048
2013-11-07,138.0517
2013-11-08,138.0416
2013-11-11,137.635
2013-11-12,137.7194
2013-11-13,137.71
2013-11-14,137.6989
2013-11-15,137.5664
2013-11-18,137.5674
2013-11-19,137.5895
2013-11-20,137.5944
2013-11-21,137.6752
2013-11-22,137.8356
2013-11-25,137.8827
2013-11-26,137.9539
2013-11-27,137.9946
2013-11-28,138.1062
2013-11-29,138.2299
2013-12-02,138.1119
2013-12-03,138.1368
2013-12-04,138.2253
2013-12-05,138.1712
2013-12-06,138.126
2013-12-09,138.0643
2013-12-10,138.0412
2013-12-11,138.0341
2013-12-12,138.1193
2013-12-13,138.2005
2013-12-16,138.2743
2013-12-17,138.2733
2013-12-18,138.2651
2013-12-19,138.1306
2013-12-20,138.1674
2013-12-23,138.2012
2013-12-24,138.1869
2013-12-25,138.1965
2013-12-26,138.2735
2013-12-27,138.3126
2013-12-30,138.3741
2013-12-31,138.35
2014-01-02,138.3481
2014-01-03,138.3289
2014-01-06,138.3943
2014-01-07,138.4498
2014-01-08,138.563
2014-01-09,138.6255
2014-01-10,138.6703
2014-01-13,138.7642
2014-01-14,138.8283
2014-01-15,138.9061
2014-01-16,138.9776
2014-01-17,139.0458
2014-01-20,139.1667
2014-01-21,139.3392
2014-01-22,139.5946
2014-01-23,139.8446
2014-01-24,140.009
2014-01-26,140.1299
2014-01-27,140.2366
2014-01-28,140.1487
2014-01-29,140.1466
2014-01-30,140.1101
2014-02-07,140.3651
2014-02-08,140.3687
2014-02-10,140.526
2014-02-11,140.5234
2014-02-12,140.5506
2014-02-13,140.6438
2014-02-14,140.7451
2014-02-17,140.8479
2014-02-18,140.8636
2014-02-19,140.882
2014-02-20,140.9255
2014-02-21,140.9597
2014-02-24,141.0191
2014-02-25,141.1549
2014-02-26,141.2539
2014-02-27,141.3035
2014-02-28,141.2896
2014-03-03,141.2774
2014-03-04,141.21
2014-03-05,141.2235
2014-03-06,141.1565
2014-03-07,141.2377
2014-03-10,141.4263
2014-03-11,141.4235
2014-03-12,141.5363
2014-03-13,141.5737
2014-03-14,141.632
2014-03-17,141.682
2014-03-18,141.6598
2014-03-19,141.6285
2014-03-20,141.5752
2014-03-21,141.5497
2014-03-24,141.6415
2014-03-25,141.6916
2014-03-26,141.8387
2014-03-27,141.8784
2014-03-28,141.8883
2014-03-31,141.953
2014-04-01,141.9522
2014-04-02,141.9432
2014-04-03,141.931
2014-04-04,141.9267
2014-04-08,141.9084
2014-04-09,141.708
2014-04-10,141.626
2014-04-11,141.5393
2014-04-14,141.5107
2014-04-15,141.5075
2014-04-16,141.5273
2014-04-17,141.6879
2014-04-18,141.6971
2014-04-21,141.6324
2014-04-22,141.6407
2014-04-23,141.5784
2014-04-24,141.5776
2014-04-25,141.6401
2014-04-28,141.6778
2014-04-29,141.6955
2014-04-30,141.7244
2014-05-04,141.7911
2014-05-05,141.7928
2014-05-06,141.8108
2014-05-07,141.8208
2014-05-08,141.9135
2014-05-09,142.0471
2014-05-12,142.0159
2014-05-13,142.0429
2014-05-14,142.0207
2014-05-15,142.0069
2014-05-16,142.0381
2014-05-19,142.0998
2014-05-20,142.0576
2014-05-21,142.0829
2014-05-22,142.1595
2014-05-23,142.1593
2014-05-26,142.1769
2014-05-27,142.23
2014-05-28,142.2886
2014-05-29,142.3592
2014-05-30,142.4246
2014-06-03,142.5942
2014-06-04,142.683
2014-06-05,142.7467
2014-06-06,142.7209
2014-06-09,142.8022
2014-06-10,142.8618
2014-06-11,142.8746
2014-06-12,142.8175
2014-06-13,142.7951
2014-06-16,142.8719
2014-06-17,142.8754
2014-06-18,142.8559
2014-06-19,142.843
2014-06-20,142.8848
2014-06-23,142.9412
2014-06-24,142.9576
2014-06-25,142.9781
2014-06-26,142.9953
2014-06-27,143.0254
2014-06-30,143.0264
2014-07-01,142.987
2014-07-02,142.9097
2014-07-03,142.8688
2014-07-04,142.8733
2014-07-07,142.9519
2014-07-08,143.0086
2014-07-09,143.0091
2014-07-10,142.9821
2014-07-11,142.9555
2014-07-14,142.9808
2014-07-15,142.9581
2014-07-16,142.7843
2014-07-17,142.6591
2014-07-18,142.4942
2014-07-21,142.6315
2014-07-22,142.6902
2014-07-23,142.7282
2014-07-24,142.7555
2014-07-25,142.8005
2014-07-28,142.828
2014-07-29,142.8637
2014-07-30,142.835
2014-07-31,142.8615
2014-08-01,142.9206
2014-08-04,142.9823
2014-08-05,143.0192
2014-08-06,143.0302
2014-08-07,143.0364
2014-08-08,143.0697
2014-08-11,143.1058
2014-08-12,143.0686
2014-08-13,143.0511
2014-08-14,143.1154
2014-08-15,143.1157
2014-08-18,143.1403
2014-08-19,143.1548
2014-08-20,143.1275
2014-08-21,143.1214
2014-08-22,143.1261
2014-08-25,143.1578
2014-08-26,143.1437
2014-08-27,143.2126
2014-08-28,143.2208
2014-08-29,143.2413
2014-09-01,143.2921
2014-09-02,143.319
2014-09-03,143.3053
2014-09-04,143.3108
2014-09-05,143.3306
2014-09-09,143.3605
2014-09-10,143.3029
2014-09-11,143.2963
2014-09-12,143.3074
2014-09-15,143.3991
2014-09-16,143.3945
2014-09-17,143.5191
2014-09-18,143.6709
2014-09-19,143.8372
2014-09-22,143.9192
2014-09-23,143.9509
2014-09-24,143.8762
2014-09-25,143.937
2014-09-26,143.9408
2014-09-28,144.0018
2014-09-29,144.0564
2014-09-30,144.1399
2014-10-08,144.2208
2014-10-09,144.2455
2014-10-10,144.2772
2014-10-11,144.2962
2014-10-13,144.3846
2014-10-14,144.5888
2014-10-15,144.7812
2014-10-16,144.9065
2014-10-17,145.0295
2014-10-20,145.2313
2014-10-21,145.3127
2014-10-22,145.2985
2014-10-23,145.3208
2014-10-24,145.3674
2014-10-27,145.4084
2014-10-28,145.5052
2014-10-29,145.6348
2014-10-30,145.6699
2014-10-31,145.7246
2014-11-03,145.9645
2014-11-04,146.1414
2014-11-05,146.1906
2014-11-06,146.1682
2014-11-07,146.3229
2014-11-10,146.4527
2014-11-11,146.551
2014-11-12,146.5727
2014-11-13,146.4968
2014-11-14,146.4662
2014-11-17,146.3814
2014-11-18,146.4142
2014-11-19,146.3597
2014-11-20,146.32
2014-11-21,146.2561
2014-11-24,146.5984
2014-11-25,146.655
2014-11-26,146.7205
2014-11-27,146.7329
2014-11-28,146.7297
2014-12-01,146.793
2014-12-02,146.7713
2014-12-03,146.7132
2014-12-04,146.6032
2014-12-05,146.4215
2014-12-08,146.4088
2014-12-09,146.149
2014-12-10,146.2948
2014-12-11,146.2691
2014-12-12,146.3479
2014-12-15,146.3629
2014-12-16,146.4418
2014-12-17,146.3579
2014-12-18,146.295
2014-12-19,146.2462
2014-12-22,146.3335
2014-12-23,146.4541
2014-12-24,146.5281
2014-12-25,146.6481
2014-12-26,146.6027
2014-12-29,146.7962
2014-12-30,146.8385
2014-12-31,146.8548
2015-01-04,146.8728
2015-01-05,146.9185
2015-01-06,146.9791
2015-01-07,147.0848
2015-01-08,147.1355
2015-01-09,147.1186
2015-01-12,147.188
2015-01-13,147.2696
2015-01-14,147.3442
2015-01-15,147.4059
2015-01-16,147.4323
2015-01-19,147.4886
2015-01-20,147.5318
2015-01-21,147.5369
2015-01-22,147.5926
2015-01-23,147.6207
2015-01-26,147.7577
2015-01-27,147.7869
2015-01-28,147.7884
2015-01-29,147.7717
2015-01-30,147.7342
2015-02-02,147.7832
2015-02-03,147.7981
2015-02-04,147.8876
2015-02-05,148.0761
2015-02-06,148.0173
2015-02-09,148.0264
2015-02-10,148.0528
2015-02-11,148.0804
2015-02-12,148.1336
2015-02-13,148.1866
2015-02-15,148.2549
2015-02-16,148.3082
2015-02-17,148.2602
2015-02-25,148.4062
2015-02-26,148.4197
2015-02-27,148.3472
2015-02-28,148.3281
2015-03-02,148.3246
2015-03-03,148.3433
2015-03-04,148.3454
2015-03-05,148.2406
2015-03-06,148.1135
2015-03-09,148.1385
2015-03-10,148.136
2015-03-11,148.2739
2015-03-12,148.3052
2015-03-13,148.2504
2015-03-16,148.2646
2015-03-17,148.2763
2015-03-18,148.2841
2015-03-19,148.3121
2015-03-20,148.3405
2015-03-23,148.3305
2015-03-24,148.346
2015-03-25,148.3536
2015-03-26,148.3294
2015-03-27,148.2991
2015-03-30,148.2781
2015-03-31,148.1951
2015-04-01,148.235
2015-04-02,148.3222
2015-04-03,148.3467
2015-04-07,148.3892
2015-04-08,148.3501
2015-04-09,148.4522
2015-04-10,148.4682
2015-04-13,148.4867
2015-04-14,148.6407
2015-04-15,148.7138
2015-04-16,148.7545
2015-04-17,148.6502
2015-04-20,148.8771
2015-04-21,149.0237
2015-04-22,148.9916
2015-04-23,148.944
2015-04-24,148.9767
2015-04-27,149.1259
2015-04-28,149.1992
2015-04-29,149.2449
2015-04-30,149.3604
2015-05-04,149.4587
2015-05-05,149.4531
2015-05-06,149.5057
2015-05-07,149.575
2015-05-08,149.6605
2015-05-11,149.802
2015-05-12,150.0146
2015-05-13,150.2426
2015-05-14,150.4828
2015-05-15,150.7126
2015-05-18,150.672
2015-05-19,150.5039
2015-05-20,150.5813
2015-05-21,150.5743
2015-05-22,150.6678
2015-05-25,150.8587
2015-05-26,150.9975
2015-05-27,151.2215
2015-05-28,151.147
2015-05-29,151.1498
2015-06-01,151.1122
2015-06-02,151.1955
2015-06-03,151.2472
2015-06-04,151.3214
2015-06-05,151.367
2015-06-08,151.455
2015-06-09,151.5482
2015-06-10,151.6103
2015-06-11,151.5735
2015-06-12,151.6145
2015-06-15,151.6643
2015-06-16,151.6853
2015-06-17,151.598
2015-06-18,151.6011
2015-06-19,151.7413
2015-06-23,151.7889
2015-06-24,151.776
2015-06-25,151.7935
2015-06-26,151.8118
2015-06-29,151.8541
2015-06-30,151.8236
2015-07-01,151.8197
2015-07-02,151.847
2015-07-03,151.8558
2015-07-06,151.9932
2015-07-07,151.9165
2015-07-08,151.5214
2015-07-09,151.5635
2015-07-10,151.4536
2015-07-13,151.3689
2015-07-14,151.3415
2015-07-15,151.3737
2015-07-16,151.3743
2015-07-17,151.3957
2015-07-20,151.4039
2015-07-21,151.4802
2015-07-22,151.4796
2015-07-23,151.5851
2015-07-24,151.6104
2015-07-27,151.6769
2015-07-28,151.7079
2015-07-29,151.8132
2015-07-30,151.7719
2015-07-31,151.7481
2015-08-03,151.7051
2015-08-04,151.7112
2015-08-05,151.7402
2015-08-06,151.8253
2015-08-07,151.8788
2015-08-10,151.9161
2015-08-11,151.7784
2015-08-12,151.6959
2015-08-13,151.7412
2015-08-14,151.7445
2015-08-17,151.8603
2015-08-18,151.8621
2015-08-19,151.8936
2015-08-20,151.9212
2015-08-21,151.9399
2015-08-24,151.9229
2015-08-25,151.9328
2015-08-26,151.9674
2015-08-27,151.9746
2015-08-28,152.0074
2015-08-31,152.0425
2015-09-01,152.0343
2015-09-02,152.03
2015-09-06,152.0969
2015-09-07,152.0822
2015-09-08,152.0605
2015-09-09,152.051
2015-09-10,152.0535
2015-09-11,152.0998
2015-09-14,152.0976
2015-09-15,152.0874
2015-09-16,152.0884
2015-09-17,152.0928
2015-09-18,152.1049
2015-09-21,152.1102
2015-09-22,152.1458
2015-09-23,152.097
2015-09-24,152.1222
2015-09-25,152.1191
2015-09-28,152.1329
2015-09-29,152.154
2015-09-30,152.2434
2015-10-08,152.368
2015-10-09,152.4324
2015-10-10,152.4719
2015-10-12,152.4819
2015-10-13,152.4766
2015-10-14,152.5402
2015-10-15,152.6178
2015-10-16,152.5655
2015-10-19,152.6325
2015-10-20,152.663
2015-10-21,152.6676
2015-10-22,152.7141
2015-10-23,152.7008
2015-10-26,152.8007
2015-10-27,152.8895
2015-10-28,152.9161
2015-10-29,152.9739
2015-10-30,152.9673
2015-11-02,152.9781
2015-11-03,152.9257
2015-11-04,152.8805
2015-11-05,152.8725
2015-11-06,152.8421
2015-11-09,152.7255
2015-11-10,152.6928
2015-11-11,152.6774
2015-11-12,152.7334
2015-11-13,152.7482
2015-11-16,152.7384
2015-11-17,152.7506
2015-11-18,152.7613
2015-11-19,152.731
2015-11-20,152.7675
2015-11-23,152.7843
2015-11-24,152.8319
2015-11-25,152.8099
2015-11-26,152.8288
2015-11-27,152.8778
2015-11-30,152.9213
2015-12-01,153.0049
2015-12-02,153.0388
2015-12-03,153.1298
2015-12-04,153.2124
2015-12-07,153.2472
2015-12-08,153.3256
2015-12-09,153.3476
2015-12-10,153.382
2015-12-11,153.3952
2015-12-14,153.4342
2015-12-15,153.4345
2015-12-16,153.4664
2015-12-17,153.5599
2015-12-18,153.6383
2015-12-21,153.7851
2015-12-22,153.9
2015-12-23,153.8965
2015-12-24,153.9321
2015-12-25,153.9795
2015-12-28,154.054
2015-12-29,154.1098
2015-12-30,154.1137
2015-12-31,154.1017
2016-01-04,154.0314
2016-01-05,153.9216
2016-01-06,153.9369
2016-01-07,153.9651
2016-01-08,154.0092
2016-01-11,154.0959
2016-01-12,154.1829
2016-01-13,154.2421
2016-01-14,154.2901
2016-01-15,154.2772
2016-01-18,154.313
2016-01-19,154.2853
2016-01-20,154.233
2016-01-21,154.238
2016-01-22,154.2912
2016-01-25,154.2843
2016-01-26,154.2791
2016-01-27,154.2218
2016-01-28,154.2326
2016-01-29,154.2963
2016-02-01,154.3828
2016-02-02,154.395
2016-02-03,154.3614
2016-02-04,154.4313
2016-02-05,154.4352
2016-02-06,154.4463
2016-02-14,154.5547
2016-02-15,154.507
2016-02-16,154.4848
2016-02-17,154.5877
2016-02-18,154.6322
2016-02-19,154.6767
2016-02-22,154.6443
2016-02-23,154.6802
2016-02-24,154.7088
2016-02-25,154.7092
2016-02-26,154.7115
2016-02-29,154.7202
2016-03-01,154.8642
2016-03-02,154.929
2016-03-03,154.9583
2016-03-04,155.0386
2016-03-07,155.0446
2016-03-08,155.0531
2016-03-09,155.0544
2016-03-10,155.0899
2016-03-11,155.1503
2016-03-14,155.2977
2016-03-15,155.3701
2016-03-16,155.4664
2016-03-17,155.5188
2016-03-18,155.5954
2016-03-21,155.5586
2016-03-22,155.5528
2016-03-23,155.6327
2016-03-24,155.6802
2016-03-25,155.7899
2016-03-28,155.6963
2016-03-29,155.7255
2016-03-30,155.7258
2016-03-31,155.7608
2016-04-01,155.747
2016-04-05,155.7562
2016-04-06,155.7431
2016-04-07,155.7178
2016-04-08,155.675
2016-04-11,155.6612
2016-04-12,155.6188
2016-04-13,155.5392
2016-04-14,155.532
2016-04-15,155.5174
2016-04-18,155.5598
2016-04-19,155.5993
2016-04-20,155.5889
2016-04-21,155.5641
2016-04-22,155.512
2016-04-25,155.4024
2016-04-26,155.3773
2016-04-27,155.4048
2016-04-28,155.4362
2016-04-29,155.3971
2016-05-03,155.4973
2016-05-04,155.4445
2016-05-05,155.4071
2016-05-06,155.3704
2016-05-09,155.4091
2016-05-10,155.4876
2016-05-11,155.5581
2016-05-12,155.6378
2016-05-13,155.6681
2016-05-16,155.6834
2016-05-17,155.702
2016-05-18,155.6591
2016-05-19,155.6513
2016-05-20,155.6689
2016-05-23,155.7164
2016-05-24,155.6876
2016-05-25,155.7026
2016-05-26,155.7006
2016-05-27,155.6795
2016-05-30,155.7078
2016-05-31,155.6835
2016-06-01,155.6401
2016-06-02,155.6449
2016-06-03,155.5773
2016-06-06,155.634
2016-06-07,155.6462
2016-06-08,155.6433
2016-06-12,155.673
2016-06-13,155.6977
2016-06-14,155.734
2016-06-15,155.7463
2016-06-16,155.7833
2016-06-17,155.7921
2016-06-20,155.8206
2016-06-21,155.8276
2016-06-22,155.8592
2016-06-23,155.8772
2016-06-24,155.8653
2016-06-27,155.9323
2016-06-28,155.9543
2016-06-29,155.9673
2016-06-30,156.009
2016-07-01,156.0692
2016-07-04,156.1249
2016-07-05,156.161
2016-07-06,156.1991
2016-07-07,156.2536
2016-07-08,156.2862
2016-07-11,156.3233
2016-07-12,156.3187
2016-07-13,156.2805
2016-07-14,156.3184
2016-07-15,156.3155
2016-07-18,156.3751
2016-07-19,156.3876
2016-07-20,156.4435
2016-07-21,156.5055
2016-07-22,156.5194
2016-07-25,156.555
2016-07-26,156.5576
2016-07-27,156.597
2016-07-28,156.6154
2016-07-29,156.6333
2016-08-01,156.667
2016-08-02,156.7002
2016-08-03,156.7563
2016-08-04,156.8082
2016-08-05,156.8759
2016-08-08,156.9218
2016-08-09,156.9756
2016-08-10,157.0043
2016-08-11,157.0224
2016-08-12,157.0651
2016-08-15,157.1219
2016-08-16,157.1705
2016-08-17,157.1892
2016-08-18,157.2163
2016-08-19,157.2178
2016-08-22,157.2377
2016-08-23,157.2421
2016-08-24,157.2279
2016-08-25,157.1976
2016-08-26,157.1821
2016-08-29,157.2155
2016-08-30,157.2232
2016-08-31,157.2316
2016-09-01,157.2355
2016-09-02,157.2521
2016-09-05,157.2929
2016-09-06,157.2741
2016-09-07,157.2718
2016-09-08,157.2767
2016-09-09,157.2809
2016-09-12,157.2783
2016-09-13,157.2714
2016-09-14,157.2445
2016-09-18,157.3354
2016-09-19,157.35
2016-09-20,157.3608
2016-09-21,157.4143
2016-09-22,157.4644
2016-09-23,157.4832
2016-09-26,157.5412
2016-09-27,157.5567
2016-09-28,157.5954
2016-09-29,157.6143
2016-09-30,157.5698
2016-10-08,157.6348
2016-10-09,157.6734
2016-10-10,157.7035
2016-10-11,157.7512
2016-10-12,157.7596
2016-10-13,157.71
2016-10-14,157.8038
2016-10-17,157.8232
2016-10-18,157.9264
2016-10-19,158.0624
2016-10-20,158.0595
2016-10-21,158.0693
2016-10-24,158.0895
2016-10-25,158.0814
2016-10-26,158.0367
2016-10-27,157.9822
2016-10-28,157.9457
2016-10-31,158.004
2016-11-01,158.0112
2016-11-02,158.0116
2016-11-03,158.0402
2016-11-04,158.0685
2016-11-07,158.0713
2016-11-08,158.0941
2016-11-09,158.0753
2016-11-10,158.0895
2016-11-11,158.0472
2016-11-14,158.0353
2016-11-15,158.0235
2016-11-16,158.0018
2016-11-17,157.9945
2016-11-18,157.9556
2016-11-21,157.8836
2016-11-22,157.9243
2016-11-23,157.9558
2016-11-24,157.9544
2016-11-25,157.9135
2016-11-28,157.9399
2016-11-29,157.8302
2016-11-30,157.6626
2016-12-01,157.5483
2016-12-02,157.5089
2016-12-05,157.5851
2016-12-06,157.504
2016-12-07,157.5023
2016-12-08,157.3728
2016-12-09,157.2486
2016-12-12,157.264
2016-12-13,157.1744
2016-12-14,157.0148
2016-12-15,156.5439
2016-12-16,156.296
2016-12-19,156.2062
2016-12-20,156.0661
2016-12-21,156.3265
2016-12-22,156.3721
2016-12-23,156.6215
2016-12-26,156.7323
2016-12-27,156.8609
2016-12-28,156.885
2016-12-29,157.1613
2016-12-30,157.3137
2016-12-31,157.3327
2017-01-03,157.1771
2017-01-04,157.1286
2017-01-05,157.1095
2017-01-06,157.1313
2017-01-09,157.1913
2017-01-10,157.254
2017-01-11,157.2302
2017-01-12,157.2882
2017-01-13,157.3342
2017-01-16,157.4585
2017-01-17,157.4149
2017-01-18,157.4539
2017-01-19,157.4477
2017-01-20,157.5122
2017-01-22,157.5823
2017-01-23,157.5819
2017-01-24,157.5739
2017-01-25,157.5151
2017-01-26,157.4492
2017-02-03,157.4832
2017-02-04,157.3792
2017-02-06,157.3039
2017-02-07,157.148
2017-02-08,157.1498
2017-02-09,157.2118
2017-02-10,157.2212
2017-02-13,157.2689
2017-02-14,157.2939
2017-02-15,157.3495
2017-02-16,157.3932
2017-02-17,157.4886
2017-02-20,157.596
2017-02-21,157.668
2017-02-22,157.7063
2017-02-23,157.744
2017-02-24,157.7365
2017-02-27,157.7401
2017-02-28,157.7145
2017-03-01,157.7246
2017-03-02,157.6925
2017-03-03,157.6762
2017-03-06,157.6908
2017-03-07,157.6764
2017-03-08,157.6181
2017-03-09,157.5971
2017-03-10,157.6293
2017-03-13,157.7604
2017-03-14,157.7937
2017-03-15,157.7512
2017-03-16,157.7371
2017-03-17,157.7315
2017-03-20,157.765
2017-03-21,157.6657
2017-03-22,157.631
2017-03-23,157.557
2017-03-24,157.6019
2017-03-27,157.6835
2017-03-28,157.7215
2017-03-29,157.7258
2017-03-30,157.7698
2017-03-31,157.8051
2017-04-01,157.779
2017-04-05,157.7553
2017-04-06,157.7594
2017-04-07,157.7299
2017-04-10,157.7655
2017-04-11,157.7657
2017-04-12,157.761
2017-04-13,157.7768
2017-04-14,157.7077
2017-04-17,157.6605
2017-04-18,157.5591
2017-04-19,157.5677
2017-04-20,157.5397
2017-04-21,157.5314
2017-04-24,157.5348
2017-04-25,157.5112
2017-04-26,157.3955
2017-04-27,157.4111
2017-04-28,157.4037
2017-05-02,157.2418
2017-05-03,157.1156
2017-05-04,156.8991
2017-05-05,156.9096
2017-05-08,156.764
2017-05-09,156.7197
2017-05-10,156.5932
2017-05-11,156.5791
2017-05-12,156.4359
2017-05-15,156.5714
2017-05-16,156.5942
2017-05-17,156.4522
2017-05-18,156.4868
2017-05-19,156.4565
2017-05-22,156.4163
2017-05-23,156.4543
2017-05-24,156.4993
2017-05-25,156.6286
2017-05-26,156.6481
2017-05-27,156.727
2017-05-31,156.8726
2017-06-01,156.908
2017-06-02,156.9055
2017-06-05,156.948
2017-06-06,156.9582
2017-06-07,156.9089
2017-06-08,156.855
2017-06-09,156.87
2017-06-12,157.0181
2017-06-13,157.0856
2017-06-14,157.0932
2017-06-15,157.1211
2017-06-16,157.1126
2017-06-19,157.2717
2017-06-20,157.3773
2017-06-21,157.4037
2017-06-22,157.3132
2017-06-23,157.3546
2017-06-26,157.4616
2017-06-27,157.5997
2017-06-28,157.6171
2017-06-29,157.6238
2017-06-30,157.6095
2017-07-03,157.6006
2017-07-04,157.6383
2017-07-05,157.6644
2017-07-06,157.7242
2017-07-07,157.7657
2017-07-10,157.7826
2017-07-11,157.8037
2017-07-12,157.8055
2017-07-13,157.8313
2017-07-14,157.8539
2017-07-17,157.8888
2017-07-18,157.9006
2017-07-19,157.8939
2017-07-20,157.9312
2017-07-21,157.9761
2017-07-24,158.0114
2017-07-25,158.0281
2017-07-26,158.0077
2017-07-27,158.0223
2017-07-28,158.0447
2017-07-31,158.1028
2017-08-01,158.1218
2017-08-02,158.1605
2017-08-03,158.1934
2017-08-04,158.3141
2017-08-07,158.3523
2017-08-08,158.327
2017-08-09,158.3234
2017-08-10,158.326
2017-08-11,158.3957
2017-08-14,158.4674
2017-08-15,158.4921
2017-08-16,158.4873
2017-08-17,158.4972
2017-08-18,158.505
2017-08-21,158.5372
2017-08-22,158.5485
2017-08-23,158.5549
2017-08-24,158.5218
2017-08-25,158.4925
2017-08-28,158.4733
2017-08-29,158.4683
2017-08-30,158.4596
2017-08-31,158.4513
2017-09-01,158.503
2017-09-04,158.5268
2017-09-05,158.5453
2017-09-06,158.4189
2017-09-07,158.4979
2017-09-08,158.5891
2017-09-11,158.6395
2017-09-12,158.6461
2017-09-13,158.655
2017-09-14,158.6587
2017-09-15,158.6871
2017-09-18,158.7263
2017-09-19,158.6953
2017-09-20,158.6772
2017-09-21,158.6546
2017-09-22,158.6773
2017-09-25,158.7363
2017-09-26,158.7756
2017-09-27,158.7874
2017-09-28,158.791
2017-09-29,158.8526
2017-09-30,158.8559
2017-10-09,158.9436
2017-10-10,158.9457
2017-10-11,159.0007
2017-10-12,158.9924
2017-10-13,159.0376
2017-10-16,159.0566
2017-10-17,159.0358
2017-10-18,159.0477
2017-10-19,159.0836
2017-10-20,159.0947
2017-10-23,159.1381
2017-10-24,159.147
2017-10-25,159.1107
2017-10-26,159.1124
2017-10-27,159.0986
2017-10-30,158.9896
2017-10-31,158.999
2017-11-01,159.0321
2017-11-02,159.0165
2017-11-03,159.0644
2017-11-06,159.1148
2017-11-07,159.1145
2017-11-08,159.0937
2017-11-09,159.1298
2017-11-10,159.1086
2017-11-13,159.1167
2017-11-14,159.1001
2017-11-15,159.1192
2017-11-16,159.1704
2017-11-17,159.1752
2017-11-20,159.2024
2017-11-21,159.1811
2017-11-22,159.1503
2017-11-23,159.1639
2017-11-24,159.1748
2017-11-27,159.1893
2017-11-28,159.1749
2017-11-29,159.19
2017-11-30,159.2477
2017-12-01,159.2879
2017-12-04,159.3632
2017-12-05,159.3716
2017-12-06,159.2962
2017-12-07,159.3286
2017-12-08,159.3184
2017-12-11,159.3417
2017-12-12,159.3312
2017-12-13,159.3015
2017-12-14,159.3393
2017-12-15,159.3571
2017-12-18,159.4263
2017-12-19,159.4606
2017-12-20,159.4012
2017-12-21,159.4007
2017-12-22,159.4165
2017-12-25,159.4617
2017-12-26,159.451
2017-12-27,159.4788
2017-12-28,159.4928
2017-12-29,159.537
2017-12-30,159.5535
2017-12-31,159.5698
2018-01-02,159.741
2018-01-03,159.8124
2018-01-04,159.9117
2018-01-05,160.0373
2018-01-08,160.1679
2018-01-09,160.245
2018-01-10,160.228
2018-01-11,160.238
2018-01-12,160.2321
2018-01-15,160.262
2018-01-16,160.275
2018-01-17,160.2926
2018-01-18,160.3077
2018-01-19,160.3044
2018-01-22,160.4089
2018-01-23,160.4609
2018-01-24,160.5181
2018-01-25,160.509
2018-01-26,160.5465
2018-01-29,160.6215
2018-01-30,160.6206
2018-01-31,160.7122
2018-02-01,160.8001
2018-02-02,160.7962
2018-02-05,160.8155
2018-02-06,160.8225
2018-02-07,160.8842
2018-02-08,160.8835
2018-02-09,160.9233
2018-02-11,160.9564
2018-02-12,160.9523
2018-02-13,160.9849
2018-02-14,161.0149
2018-02-22,161.1419
2018-02-23,161.1906
2018-02-24,161.218
2018-02-26,161.4544
2018-02-27,161.5519
2018-02-28,161.6383
2018-03-01,161.6144
2018-03-02,161.6331
2018-03-05,161.647
2018-03-06,161.614
2018-03-07,161.6492
2018-03-08,161.6754
2018-03-09,161.6841
2018-03-12,161.7033
2018-03-13,161.6576
2018-03-14,161.6487
2018-03-15,161.6207
2018-03-16,161.6643
2018-03-19,161.7094
2018-03-20,161.7287
2018-03-21,161.7683
2018-03-22,161.8086
2018-03-23,161.918
2018-03-26,161.9708
2018-03-27,161.9262
2018-03-28,161.9345
2018-03-29,161.9439
2018-03-30,161.9334
2018-04-02,162.0303
2018-04-03,162.04
2018-04-04,162.1039
2018-04-08,162.2136
2018-04-09,162.3322
2018-04-10,162.366
2018-04-11,162.3965
2018-04-12,162.4878
2018-04-13,162.6171
2018-04-16,162.7518
2018-04-17,162.8511
2018-04-18,163.4449
2018-04-19,163.3275
2018-04-20,163.3512
2018-04-23,163.1781
2018-04-24,163.3316
2018-04-25,163.3861
2018-04-26,163.3861
2018-04-27,163.3967
2018-04-28,163.4376
2018-05-02,163.3051
2018-05-03,163.3758
2018-05-04,163.4472
2018-05-07,163.5327
2018-05-08,163.5742
2018-05-09,163.6226
2018-05-10,163.6608
2018-05-11,163.6952
2018-05-14,163.7119
2018-05-15,163.6997
2018-05-16,163.671
2018-05-17,163.5161
2018-05-18,163.5734
2018-05-21,163.4937
2018-05-22,163.5284
2018-05-23,163.5346
2018-05-24,163.5242
2018-05-25,163.5515
2018-05-28,163.5742
2018-05-29,163.5732
2018-05-30,163.5675
2018-05-31,163.5618
2018-06-01,163.4499
2018-06-04,163.45
2018-06-05,163.4068
2018-06-06,163.3718
2018-06-07,163.3944
2018-06-08,163.4297
2018-06-11,163.4594
2018-06-12,163.414
2018-06-13,163.4416
2018-06-14,163.4381
2018-06-15,163.5002
2018-06-19,163.5822
2018-06-20,163.5604
2018-06-21,163.5434
2018-06-22,163.5107
2018-06-25,163.5475
2018-06-26,163.5786
2018-06-27,163.6057
2018-06-28,163.7016
2018-06-29,163.8725
2018-07-02,163.9953
2018-07-03,164.0926
2018-07-04,164.2105
2018-07-05,164.2626
2018-07-06,164.3008
2018-07-09,164.3484
2018-07-10,164.3375
2018-07-11,164.3376
2018-07-12,164.3731
2018-07-13,164.4043
2018-07-16,164.4817
2018-07-17,164.5493
2018-07-18,164.5599
2018-07-19,164.5728
2018-07-20,164.5765
2018-07-23,164.6083
2018-07-24,164.618
2018-07-25,164.669
2018-07-26,164.7961
2018-07-27,165.039
2018-07-30,165.1747
2018-07-31,165.2382
2018-08-01,165.2827
2018-08-02,165.3465
2018-08-03,165.4276
2018-08-06,165.6175
2018-08-07,165.7286
2018-08-08,165.7294
2018-08-09,165.4741
2018-08-10,165.4826
2018-08-13,165.298
2018-08-14,165.2843
2018-08-15,165.2732
2018-08-16,165.2065
2018-08-17,165.0436
2018-08-20,165.0864
2018-08-21,164.8311
2018-08-22,164.9734
2018-08-23,165.0728
2018-08-24,165.0997
2018-08-27,165.1524
2018-08-28,165.1272
2018-08-29,165.121
2018-08-30,165.1561
2018-08-31,165.2102
2018-09-03,165.1992
2018-09-04,165.1701
2018-09-05,165.1911
2018-09-06,165.1895
2018-09-07,165.2091
2018-09-10,165.2127
2018-09-11,165.1658
2018-09-12,165.1728
2018-09-13,165.2413
2018-09-14,165.2745
2018-09-17,165.3434
2018-09-18,165.366
2018-09-19,165.1616
2018-09-20,165.1514
2018-09-21,165.1562
2018-09-25,165.2521
2018-09-26,165.2903
2018-09-27,165.3616
2018-09-28,165.4199
2018-09-29,165.4829
2018-09-30,165.5836
2018-10-08,165.7061
2018-10-09,165.7437
2018-10-10,165.8101
2018-10-11,165.9036
2018-10-12,165.9672
2018-10-15,166.0597
2018-10-16,166.0848
2018-10-17,166.0786
2018-10-18,166.0919
2018-10-19,166.1227
2018-10-22,166.2082
2018-10-23,166.2358
2018-10-24,166.265
2018-10-25,166.3317
2018-10-26,166.3591
2018-10-29,166.4511
2018-10-30,166.5417
2018-10-31,166.5618
2018-11-01,166.5549
2018-11-02,166.5811
2018-11-05,166.618
2018-11-06,166.6678
2018-11-07,166.825
2018-11-08,166.9292
2018-11-09,166.9701
2018-11-12,167.1035
2018-11-13,167.1698
2018-11-14,167.3523
2018-11-15,167.4346
2018-11-16,167.4574
2018-11-19,167.5077
2018-11-20,167.4998
2018-11-21,167.5191
2018-11-22,167.534
2018-11-23,167.5356
2018-11-26,167.5884
2018-11-27,167.6073
2018-11-28,167.6569
2018-11-29,167.6881
2018-11-30,167.7107
2018-12-03,167.7258
2018-12-04,167.7743
2018-12-05,167.8908
2018-12-06,168.0082
2018-12-07,168.0494
2018-12-10,168.1066
2018-12-11,168.1224
2018-12-12,168.1518
2018-12-13,168.15
2018-12-14,168.1291
2018-12-17,168.1187
2018-12-18,168.0857
2018-12-19,167.7289
2018-12-20,167.8725
2018-12-21,167.9106
2018-12-24,167.923
2018-12-25,167.9317
2018-12-26,167.9506
2018-12-27,168.0369
2018-12-28,168.19
2018-12-29,168.3021
2018-12-30,168.2789
2018-12-31,168.2925
2019-01-02,168.5653
2019-01-03,168.6051
2019-01-04,168.633
2019-01-07,168.7467
2019-01-08,168.883
2019-01-09,168.8625
2019-01-10,168.9035
2019-01-11,168.8622
2019-01-14,168.8713
2019-01-15,168.8436
2019-01-16,168.996
2019-01-17,169.1419
2019-01-18,169.1234
2019-01-21,169.0549
2019-01-22,169.0959
2019-01-23,169.0745
2019-01-24,169.0978
2019-01-25,169.0973
2019-01-28,169.0149
2019-01-29,169.0598
2019-01-30,169.1288
2019-01-31,169.1478
2019-02-01,169.2341
2019-02-02,169.2585
2019-02-03,169.2649
2019-02-11,169.3883
2019-02-12,169.4406
2019-02-13,169.4967
2019-02-14,169.4956
2019-02-15,169.5197
2019-02-18,169.5508
2019-02-19,169.5425
2019-02-20,169.6035
2019-02-21,169.5907
2019-02-22,169.6018
2019-02-25,169.5835
2019-02-26,169.5202
2019-02-27,169.5194
2019-02-28,169.4838
2019-03-01,169.4531
2019-03-04,169.4606
2019-03-05,169.45
2019-03-06,169.4183
2019-03-07,169.4006
2019-03-08,169.4388
2019-03-11,169.4882
2019-03-12,169.4801
2019-03-13,169.4872
2019-03-14,169.4811
2019-03-15,169.5136
2019-03-18,169.5523
2019-03-19,169.5872
2019-03-20,169.6152
2019-03-21,169.6398
2019-03-22,169.6653
2019-03-25,169.7003
2019-03-26,169.7355
2019-03-27,169.7614
2019-03-28,169.7775
2019-03-29,169.8254
2019-04-01,169.8643
2019-04-02,169.8835
2019-04-03,169.8176
2019-04-04,169.7797
2019-04-08,169.6508
2019-04-09,169.56
2019-04-10,169.2892
2019-04-11,169.3166
2019-04-12,169.3428
2019-04-15,169.2893
2019-04-16,169.2447
2019-04-17,169.1855
2019-04-18,169.2513
2019-04-19,169.3085
2019-04-22,169.3442
2019-04-23,169.3257
2019-04-24,169.3057
2019-04-25,169.3151
2019-04-26,169.3351
2019-04-28,169.4125
2019-04-29,169.4085
2019-04-30,169.4317
2019-05-05,169.5318
2019-05-06,169.629
2019-05-07,169.5736
2019-05-08,169.6137
2019-05-09,169.6818
2019-05-10,169.674
2019-05-13,169.7661
2019-05-14,169.7785
2019-05-15,169.7668
2019-05-16,169.7781
2019-05-17,169.7744
2019-05-20,169.8246
2019-05-21,169.8302
2019-05-22,169.8427
2019-05-23,169.8608
2019-05-24,169.9281
2019-05-27,169.9212
2019-05-28,169.9631
2019-05-29,170.0362
2019-05-30,170.0857
2019-05-31,170.1316
2019-06-03,170.2101
2019-06-04,170.2421
2019-06-05,170.2715
2019-06-06,170.3047
2019-06-10,170.3417
2019-06-11,170.3216
2019-06-12,170.1385
2019-06-13,170.1488
2019-06-14,170.1659
2019-06-17,170.2342
2019-06-18,170.2861
2019-06-19,170.3286
2019-06-20,170.3831
2019-06-21,170.4345
2019-06-24,170.4892
2019-06-25,170.5037
2019-06-26,170.5151
2019-06-27,170.5284
2019-06-28,170.5534
2019-07-01,170.5867
2019-07-02,170.6468
2019-07-03,170.7576
2019-07-04,170.8048
2019-07-05,170.8292
2019-07-08,170.8506
2019-07-09,170.8541
2019-07-10,170.9036
2019-07-11,170.9419
2019-07-12,170.9595
2019-07-15,170.9898
2019-07-16,170.9768
2019-07-17,171.0061
2019-07-18,171.0197
2019-07-19,171.0436
2019-07-22,171.0892
2019-07-23,171.1164
2019-07-24,171.1118
2019-07-25,171.1442
2019-07-26,171.1607
2019-07-29,171.1887
2019-07-30,171.2093
2019-07-31,171.2316
2019-08-01,171.2627
2019-08-02,171.3266
2019-08-05,171.4223
2019-08-06,171.4677
2019-08-07,171.5607
2019-08-08,171.6161
2019-08-09,171.6186
2019-08-12,171.6478
2019-08-13,171.6689
2019-08-14,171.6933
2019-08-15,171.7006
2019-08-16,171.7271
2019-08-19,171.7772
2019-08-20,171.7729
2019-08-21,171.7894
2019-08-22,171.7873
2019-08-23,171.8059
2019-08-26,171.8681
2019-08-27,171.8576
2019-08-28,171.8666
2019-08-29,171.8485
2019-08-30,171.8849
2019-09-02,171.916
2019-09-03,171.8844
2019-09-04,171.8871
2019-09-05,171.9589
2019-09-06,172.0065
2019-09-09,172.054
2019-09-10,172.0572
2019-09-11,172.0802
2019-09-12,172.0973
2019-09-16,172.1486
2019-09-17,172.1765
2019-09-18,172.2087
2019-09-19,172.2544
2019-09-20,172.2527
2019-09-23,172.2977
2019-09-24,172.3077
2019-09-25,172.3275
2019-09-26,172.3362
2019-09-27,172.3441
2019-09-29,172.3567
2019-09-30,172.348
2019-10-08,172.4619
2019-10-09,172.5061
2019-10-10,172.5427
2019-10-11,172.5616
2019-10-12,172.5664
2019-10-14,172.583
2019-10-15,172.5822
2019-10-16,172.5542
2019-10-17,172.5719
2019-10-18,172.5915
2019-10-21,172.5878
2019-10-22,172.5811
2019-10-23,172.5946
2019-10-24,172.611
2019-10-25,172.6288
2019-10-28,172.6367
2019-10-29,172.6073
2019-10-30,172.4819
2019-10-31,172.485
2019-11-01,172.5317
2019-11-04,172.5402
2019-11-05,172.5816
2019-11-06,172.6216
2019-11-07,172.6411
2019-11-08,172.6464
2019-11-11,172.6844
2019-11-12,172.7076
2019-11-13,172.6983
2019-11-14,172.7031
2019-11-15,172.7159
2019-11-18,172.8043
2019-11-19,172.8838
2019-11-20,172.9434
2019-11-21,173.0
2019-11-22,173.0451
2019-11-25,173.0627
2019-11-26,173.0537
2019-11-27,173.0829
2019-11-28,173.0944
2019-11-29,173.1066
2019-12-02,173.1087
2019-12-03,173.12
2019-12-04,173.1786
2019-12-05,173.1806
2019-12-06,173.1737
2019-12-09,173.2155
2019-12-10,173.221
2019-12-11,173.2591
2019-12-12,173.3025
2019-12-13,173.3224
2019-12-16,173.3719
2019-12-17,173.3627
2019-12-18,173.3951
2019-12-19,173.469
2019-12-20,173.5167
2019-12-23,173.6395
2019-12-24,173.7252
2019-12-25,173.7898
2019-12-26,173.8502
2019-12-27,173.9298
2019-12-30,174.0003
2019-12-31,174.067
2020-01-02,174.0131
2020-01-03,174.008
2020-01-06,174.0717
2020-01-07,174.1212
2020-01-08,174.215
2020-01-09,174.2362
2020-01-10,174.2714
2020-01-13,174.3077
2020-01-14,174.2845
2020-01-15,174.309
2020-01-16,174.3256
2020-01-17,174.341
2020-01-19,174.4089
2020-01-20,174.5295
2020-01-21,174.5778
2020-01-22,174.6174
2020-01-23,174.6619
2020-02-03,175.2468
2020-02-04,175.1323
2020-02-05,175.2086
2020-02-06,175.2504
2020-02-07,175.2722
2020-02-10,175.3696
2020-02-11,175.4333
2020-02-12,175.4251
2020-02-13,175.4431
2020-02-14,175.4509
2020-02-17,175.4975
2020-02-18,175.545
2020-02-19,175.5401
2020-02-20,175.5124
2020-02-21,175.5496
2020-02-24,175.6569
2020-02-25,175.6995
2020-02-26,175.7023
2020-02-27,175.7222
2020-02-28,175.7627
2020-03-02,175.8381
2020-03-03,175.8271
2020-03-04,175.9305
2020-03-05,175.9922
2020-03-06,176.1037
2020-03-09,176.3679
2020-03-10,176.26
2020-03-11,176.2843
2020-03-12,176.2593
2020-03-13,176.2399
2020-03-16,176.2445
2020-03-17,176.2273
2020-03-18,176.2355
2020-03-19,176.3006
2020-03-20,176.363
2020-03-23,176.4997
2020-03-24,176.681
2020-03-25,176.7897
2020-03-26,176.9528
2020-03-27,176.9663
2020-03-30,177.0651
2020-03-31,177.2027
2020-04-01,177.2735
2020-04-02,177.3022
2020-04-03,177.3012
2020-04-07,178.1197
2020-04-08,178.4691
2020-04-09,178.418
2020-04-10,178.3337
2020-04-13,178.3264
2020-04-14,178.4584
2020-04-15,178.6019
2020-04-16,178.6659
2020-04-17,178.6911
2020-04-20,178.8029
2020-04-21,178.9803
2020-04-22,179.2057
2020-04-23,179.3476
2020-04-24,179.3492
2020-04-26,179.3704
2020-04-27,179.3638
2020-04-28,179.402
2020-04-29,179.4667
2020-04-30,179.4619
2020-05-06,179.3837
2020-05-07,179.3013
2020-05-08,179.2783
2020-05-09,179.2686
2020-05-11,179.129
2020-05-12,179.1396
2020-05-13,179.1088
2020-05-14,179.1261
2020-05-15,179.1355
2020-05-18,179.062
2020-05-19,178.9789
2020-05-20,178.9424
2020-05-21,178.9302
2020-05-22,178.9706
2020-05-25,178.8866
2020-05-26,178.6501
2020-05-27,178.2776
2020-05-28,178.2938
2020-05-29,178.2913
2020-06-01,178.3282
2020-06-02,177.8691
2020-06-03,177.4106
2020-06-04,177.219
2020-06-05,176.9989
2020-06-08,177.0464
2020-06-09,177.1129
2020-06-10,177.0553
2020-06-11,177.0654
2020-06-12,177.143
2020-06-15,177.1639
2020-06-16,177.0569
2020-06-17,176.9323
2020-06-18,176.9645
2020-06-19,176.95
2020-06-22,176.8517
2020-06-23,176.7693
2020-06-24,176.9376
2020-06-28,177.072
2020-06-29,177.1015
2020-06-30,177.1392
2020-07-01,177.145
2020-07-02,177.2113
2020-07-03,177.2039
2020-07-06,176.7562
2020-07-07,176.7497
2020-07-08,176.6324
2020-07-09,176.526
2020-07-10,176.5503
2020-07-13,176.4555
2020-07-14,176.5146
2020-07-15,176.6566
2020-07-16,176.7182
2020-07-17,176.7554
2020-07-20,176.818
2020-07-21,176.9009
2020-07-22,176.9976
2020-07-23,176.9661
2020-07-24,177.0045
2020-07-27,177.055
2020-07-28,177.0142
2020-07-29,176.9568
2020-07-30,176.9197
2020-07-31,176.8919
2020-08-03,176.8613
2020-08-04,176.8202
2020-08-05,176.7037
2020-08-06,176.6047
2020-08-07,176.5594
2020-08-10,176.6143
2020-08-11,176.6559
2020-08-12,176.5675
2020-08-13,176.5846
2020-08-14,176.6562
2020-08-17,176.7211
2020-08-18,176.7405
2020-08-19,176.6117
2020-08-20,176.5471
2020-08-21,176.5698
2020-08-24,176.5577
2020-08-25,176.3959
2020-08-26,176.3889
2020-08-27,176.3179
2020-08-28,176.272
2020-08-31,176.3279
2020-09-01,176.3268
2020-09-02,176.199
2020-09-03,176.1536
2020-09-04,176.1311
2020-09-07,176.082
2020-09-08,176.1045
2020-09-09,176.231
2020-09-10,176.3976
2020-09-11,176.405
2020-09-14,176.3951
2020-09-15,176.5035
2020-09-16,176.5995
2020-09-17,176.652
2020-09-18,176.695
2020-09-21,176.7863
2020-09-22,176.8184
2020-09-23,176.8066
2020-09-24,176.794
2020-09-25,176.7607
2020-09-27,176.7459
2020-09-28,176.7504
2020-09-29,176.7197
2020-09-30,176.6835
2020-10-09,176.5722
2020-10-10,176.539
2020-10-12,176.5914
2020-10-13,176.6334
2020-10-14,176.6191
2020-10-15,176.5921
2020-10-16,176.5892
2020-10-19,176.6484
2020-10-20,176.6921
2020-10-21,176.7325
2020-10-22,176.8506
2020-10-23,176.832
2020-10-26,176.835
2020-10-27,176.9031
2020-10-28,176.9042
2020-10-29,176.917
2020-10-30,176.9281
2020-11-02,176.9723
2020-11-03,177.0151
2020-11-04,177.0361
2020-11-05,177.0138
2020-11-06,176.9582
2020-11-09,176.9606
2020-11-10,176.9718
2020-11-11,176.9534
2020-11-12,176.9391
2020-11-13,176.8875
2020-11-16,176.8872
2020-11-17,176.8838
2020-11-18,176.7496
2020-11-19,176.611
2020-11-20,176.5573
2020-11-23,176.6463
2020-11-24,176.6407
2020-11-25,176.6925
2020-11-26,176.7432
2020-11-27,176.7527
2020-11-30,177.0272
2020-12-01,177.0559
2020-12-02,176.9514
2020-12-03,176.9545
2020-12-04,176.9914
2020-12-07,177.0188
2020-12-08,177.0762
2020-12-09,177.1249
2020-12-10,177.2399
2020-12-11,177.216
2020-12-14,177.2522
2020-12-15,177.3509
2020-12-16,177.4833
2020-12-17,177.4701
2020-12-18,177.4761
2020-12-21,177.5851
2020-12-22,177.7059
2020-12-23,177.7784
2020-12-24,177.7845
2020-12-25,177.8143
2020-12-28,177.9293
2020-12-29,177.992
2020-12-30,178.0967
2020-12-31,178.1337
2021-01-04,178.0719
2021-01-05,178.1595
2021-01-06,178.2542
2021-01-07,178.4245
2021-01-08,178.5109
2021-01-11,178.5348
2021-01-12,178.6277
2021-01-13,178.8016
2021-01-14,178.7623
2021-01-15,178.587
2021-01-18,178.4707
2021-01-19,178.4446
2021-01-20,178.5309
2021-01-21,178.649
2021-01-22,178.6843
2021-01-25,178.6897
2021-01-26,178.5177
2021-01-27,178.4633
2021-01-28,178.3212
2021-01-29,178.312
2021-02-01,178.4509
2021-02-02,178.5341
2021-02-03,178.3847
2021-02-04,178.3477
2021-02-05,178.3289
2021-02-07,178.3928
2021-02-08,178.4072
2021-02-09,178.4594
2021-02-10,178.5043
2021-02-18,178.4547
2021-02-19,178.5436
2021-02-20,178.5912
2021-02-22,178.6706
2021-02-23,178.7212
2021-02-24,178.7862
2021-02-25,178.7787
2021-02-26,178.7597
2021-03-01,178.8022
2021-03-02,178.8247
2021-03-03,178.7972
2021-03-04,178.749
2021-03-05,178.7436
2021-03-08,178.8184
2021-03-09,178.7954
2021-03-10,178.7926
2021-03-11,178.7857
2021-03-12,178.8021
2021-03-15,178.8153
2021-03-16,178.8392
2021-03-17,178.8983
2021-03-18,178.942
2021-03-19,178.9817
2021-03-22,179.0682
2021-03-23,179.1047
2021-03-24,179.174
2021-03-25,179.2267
2021-03-26,179.2452
2021-03-29,179.2742
2021-03-30,179.3208
2021-03-31,179.3749
2021-04-01,179.4231
2021-04-02,179.4312
2021-04-06,179.493
2021-04-07,179.4638
2021-04-08,179.4721
2021-04-09,179.4837
2021-04-12,179.5576
2021-04-13,179.6704
2021-04-14,179.7222
2021-04-15,179.7141
2021-04-16,179.7503
2021-04-19,179.8305
2021-04-20,179.9021
2021-04-21,179.9776
2021-04-22,180.0433
2021-04-23,180.0699
2021-04-25,180.0722
2021-04-26,180.0318
2021-04-27,180.0325
2021-04-28,180.0696
2021-04-29,180.135
2021-04-30,180.1675
2021-05-06,180.3152
2021-05-07,180.3859
2021-05-08,180.4291
2021-05-10,180.4702
2021-05-11,180.543
2021-05-12,180.5595
2021-05-13,180.5127
2021-05-14,180.4873
2021-05-17,180.481
2021-05-18,180.4786
2021-05-19,180.5411
2021-05-20,180.5997
2021-05-21,180.6725
2021-05-24,180.6998
2021-05-25,180.6877
2021-05-26,180.7207
2021-05-27,180.7061
2021-05-28,180.6492
2021-05-31,180.6669
2021-06-01,180.6947
2021-06-02,180.7032
2021-06-03,180.7176
2021-06-04,180.6856
2021-06-07,180.6463
2021-06-08,180.6343
2021-06-09,180.6123
2021-06-10,180.6492
2021-06-11,180.6457
2021-06-15,180.6905
2021-06-16,180.7053
2021-06-17,180.6868
2021-06-18,180.7135
2021-06-21,180.8043
2021-06-22,180.848
2021-06-23,180.9011
2021-06-24,180.9627
2021-06-25,181.0078
2021-06-28,181.0249
2021-06-29,181.0462
2021-06-30,181.0891
2021-07-01,181.1225
2021-07-02,181.144
2021-07-05,181.2084
2021-07-06,181.2306
2021-07-07,181.2642
2021-07-08,181.4626
2021-07-09,181.4409
2021-07-12,181.6059
2021-07-13,181.7011
2021-07-14,181.7444
2021-07-15,181.7304
2021-07-16,181.7745
2021-07-19,181.8499
2021-07-20,181.9291
2021-07-21,182.0016
2021-07-22,182.032
2021-07-23,182.0982
2021-07-26,182.2381
2021-07-27,182.1762
2021-07-28,182.0663
2021-07-29,182.1039
2021-07-30,182.2168
2021-08-02,182.3773
2021-08-03,182.3306
2021-08-04,182.2721
2021-08-05,182.2807
2021-08-06,182.3161
2021-08-09,182.2319
2021-08-10,182.1991
2021-08-11,182.1762
2021-08-12,182.2174
2021-08-13,182.2286
2021-08-16,182.2449
2021-08-17,182.2689
2021-08-18,182.3275
2021-08-19,182.4188
2021-08-20,182.3919
2021-08-23,182.3956
2021-08-24,182.4038
2021-08-25,182.4628
2021-08-26,182.4522
2021-08-27,182.4694
2021-08-30,182.5389
2021-08-31,182.5669
2021-09-01,182.6064
2021-09-02,182.6414
2021-09-03,182.6394
2021-09-06,182.6606
2021-09-07,182.6259
2021-09-08,182.5942
2021-09-09,182.5976
2021-09-10,182.6005
2021-09-13,182.6105
2021-09-14,182.5566
2021-09-15,182.5954
2021-09-16,182.5942
2021-09-17,182.6383
2021-09-18,182.6868
2021-09-22,182.7714
2021-09-23,182.8066
2021-09-24,182.8277
2021-09-26,182.8594
2021-09-27,182.8684
2021-09-28,182.8597
2021-09-29,182.8845
2021-09-30,182.9519
2021-10-08,183.0407
2021-10-09,182.9991
2021-10-11,182.9716
2021-10-12,182.9421
2021-10-13,182.9188
2021-10-14,182.9351
2021-10-15,182.9031
2021-10-18,182.7895
2021-10-19,182.7708
2021-10-20,182.8304
2021-10-21,182.9192
2021-10-22,182.9943
2021-10-25,183.03
2021-10-26,183.0347
2021-10-27,183.0687
2021-10-28,183.0829
2021-10-29,183.0933
2021-11-01,183.153
2021-11-02,183.2105
2021-11-03,183.2369
2021-11-04,183.2686
2021-11-05,183.341
2021-11-08,183.3925
2021-11-09,183.3922
2021-11-10,183.4113
2021-11-11,183.3875
2021-11-12,183.3996
2021-11-15,183.4685
2021-11-16,183.4892
2021-11-17,183.5025
2021-11-18,183.5183
2021-11-19,183.5197
2021-11-22,183.5821
2021-11-23,183.5923
2021-11-24,183.6265
2021-11-25,183.6689
2021-11-26,183.6962
2021-11-29,183.7502
2021-11-30,183.7367
2021-12-01,183.743
2021-12-02,183.7227
2021-12-03,183.7026
2021-12-06,183.822
2021-12-07,183.8228
2021-12-08,183.7804
2021-12-09,183.7772
2021-12-10,183.8041
2021-12-13,183.8607
2021-12-14,183.9127
2021-12-15,183.946
2021-12-16,183.9688
2021-12-17,183.9735
2021-12-20,183.9731
2021-12-21,183.922
2021-12-22,183.948
2021-12-23,184.0268
2021-12-24,184.0561
2021-12-27,184.1076
2021-12-28,184.1313
2021-12-29,184.2021
2021-12-30,184.3097
2021-12-31,184.4193
2022-01-04,184.4889
2022-01-05,184.5271
2022-01-06,184.5004
2022-01-07,184.4766
2022-01-10,184.571
2022-01-11,184.6502
2022-01-12,184.7143
2022-01-13,184.7234
2022-01-14,184.7357
2022-01-17,184.8252
2022-01-18,185.0065
2022-01-19,185.1984
2022-01-20,185.2456
2022-01-21,185.3447
2022-01-24,185.5105
2022-01-25,185.5189
2022-01-26,185.4282
2022-01-27,185.4197
2022-01-28,185.446
2022-01-29,185.5501
2022-01-30,185.5643
2022-02-07,185.6105
2022-02-08,185.6356
2022-02-09,185.6124
2022-02-10,185.6518
2022-02-11,185.5106
2022-02-14,185.5212
2022-02-15,185.5317
2022-02-16,185.5561
2022-02-17,185.6015
2022-02-18,185.6106
2022-02-21,185.5711
2022-02-22,185.4865
2022-02-23,185.4878
2022-02-24,185.5157
2022-02-25,185.5407
2022-02-28,185.6542
2022-03-01,185.6547
2022-03-02,185.6019
2022-03-03,185.5283
2022-03-04,185.5224
2022-03-07,185.5736
2022-03-08,185.6631
2022-03-09,185.6329
2022-03-10,185.6228
2022-03-11,185.6214
2022-03-14,185.8182
2022-03-15,185.7232
2022-03-16,185.6083
2022-03-17,185.6301
2022-03-18,185.6812
2022-03-21,185.7172
2022-03-22,185.6479
2022-03-23,185.6277
2022-03-24,185.6395
2022-03-25,185.6688
2022-03-28,185.7051
2022-03-29,185.6881
2022-03-30,185.7252
2022-03-31,185.7662
2022-04-01,185.8512
2022-04-02,185.9237
2022-04-06,185.9977
2022-04-07,186.0521
2022-04-08,186.0656
2022-04-11,186.0524
2022-04-12,186.0145
2022-04-13,186.0339
2022-04-14,186.1299
2022-04-15,186.1861
2022-04-18,186.1739
2022-04-19,186.1678
2022-04-20,186.131
2022-04-21,186.1585
2022-04-22,186.1822
2022-04-24,186.2093
2022-04-25,186.2561
2022-04-26,186.3092
2022-04-27,186.2785
2022-04-28,186.2121
2022-04-29,186.2092
2022-05-05,186.3036
2022-05-06,186.3086
2022-05-07,186.3202
2022-05-09,186.3659
2022-05-10,186.4442
2022-05-11,186.4536
2022-05-12,186.4833
2022-05-13,186.5357
2022-05-16,186.5852
2022-05-17,186.673
2022-05-18,186.7594
2022-05-19,186.7961
2022-05-20,186.7447
2022-05-23,186.8232
2022-05-24,186.8463
2022-05-25,186.8362
2022-05-26,186.9324
2022-05-27,186.9624
2022-05-30,186.9635
2022-05-31,186.8886
2022-06-01,186.8695
2022-06-02,186.8482
2022-06-06,186.8404
2022-06-07,186.8253
2022-06-08,186.8683
2022-06-09,186.9054
2022-06-10,186.9394
2022-06-13,186.9618
2022-06-14,186.9551
2022-06-15,186.9552
2022-06-16,186.9765
2022-06-17,187.0185
2022-06-20,187.0363
2022-06-21,187.0222
2022-06-22,187.0513
2022-06-23,187.0878
2022-06-24,187.0791
2022-06-27,186.9779
2022-06-28,186.9439
2022-06-29,186.9798
2022-06-30,187.0477
2022-07-01,187.1026
2022-07-04,187.0476
2022-07-05,186.9823
2022-07-06,187.0111
2022-07-07,187.026
2022-07-08,187.0465
2022-07-11,187.1469
2022-07-12,187.2407
2022-07-13,187.2997
2022-07-14,187.3701
2022-07-15,187.4168
2022-07-18,187.4965
2022-07-19,187.5239
2022-07-20,187.5582
2022-07-21,187.6117
2022-07-22,187.605
2022-07-25,187.6695
2022-07-26,187.7611
2022-07-27,187.8254
2022-07-28,187.7893
2022-07-29,187.8521
2022-08-01,188.021
2022-08-02,188.1187
2022-08-03,188.1794
2022-08-04,188.2883
2022-08-05,188.2702
2022-08-08,188.2647
2022-08-09,188.1762
2022-08-10,188.1373
2022-08-11,188.0845
2022-08-12,188.0967
2022-08-15,188.3738
2022-08-16,188.5011
2022-08-17,188.452
2022-08-18,188.5279
2022-08-19,188.5407
2022-08-22,188.5396
2022-08-23,188.4732
2022-08-24,188.491
2022-08-25,188.4345
2022-08-26,188.4126
2022-08-29,188.5227
2022-08-30,188.6215
2022-08-31,188.6609
2022-09-01,188.7033
2022-09-02,188.7571
2022-09-05,188.8519
2022-09-06,188.8658
2022-09-07,188.8728
2022-09-08,188.8752
2022-09-09,188.8825
2022-09-13,188.8945
2022-09-14,188.8757
2022-09-15,188.8795
2022-09-16,188.8181
2022-09-19,188.8128
2022-09-20,188.8339
2022-09-21,188.8724
2022-09-22,188.8962
2022-09-23,188.8833
2022-09-26,188.8437
2022-09-27,188.7894
2022-09-28,188.7608
2022-09-29,188.7344
2022-09-30,188.693
2022-10-08,188.8155
2022-10-09,188.9294
2022-10-10,189.0115
2022-10-11,189.0447
2022-10-12,189.0347
2022-10-13,189.074
2022-10-14,189.1195
2022-10-17,189.1857
2022-10-18,189.198
2022-10-19,189.2344
2022-10-20,189.2529
2022-10-21,189.2435
2022-10-24,189.277
2022-10-25,189.2614
2022-10-26,189.2907
2022-10-27,189.3612
2022-10-28,189.4091
2022-10-31,189.5011
2022-11-01,189.4634
2022-11-02,189.4291
2022-11-03,189.4614
2022-11-04,189.4233
2022-11-07,189.4408
2022-11-08,189.3867
2022-11-09,189.351
2022-11-10,189.3219
2022-11-11,189.2609
2022-11-14,188.8109
2022-11-15,188.7278
2022-11-16,188.6317
2022-11-17,188.6185
2022-11-18,188.7233
2022-11-21,188.8186
2022-11-22,188.8556
2022-11-23,188.9762
2022-11-24,189.1317
2022-11-25,189.0285
2022-11-28,189.0158
2022-11-29,188.8762
2022-11-30,188.8623
2022-12-01,188.8766
2022-12-02,188.916
2022-12-05,188.9388
2022-12-06,188.8697
2022-12-07,188.7718
2022-12-08,188.7829
2022-12-09,188.7246
2022-12-12,188.7112
2022-12-13,188.5725
2022-12-14,188.6677
2022-12-15,188.7224
2022-12-16,188.7073
2022-12-19,188.8333
2022-12-20,188.8579
2022-12-21,188.8657
2022-12-22,188.9202
2022-12-23,189.0057
2022-12-26,189.0497
2022-12-27,189.0014
2022-12-28,189.0004
2022-12-29,189.1493
2022-12-30,189.2513
2022-12-31,189.2669
2023-01-03,189.3339
2023-01-04,189.4076
2023-01-05,189.4385
2023-01-06,189.3659
2023-01-09,189.3789
2023-01-10,189.3221
2023-01-11,189.2897
2023-01-12,189.3808
2023-01-13,189.3734
2023-01-16,189.3335
2023-01-17,189.3145
2023-01-18,189.3421
2023-01-19,189.3196
2023-01-20,189.3499
2023-01-28,189.4368
2023-01-29,189.4735
2023-01-30,189.4852
2023-01-31,189.5109
2023-02-01,189.5233
2023-02-02,189.5371
2023-02-03,189.592
2023-02-06,189.6222
2023-02-07,189.6085
2023-02-08,189.6189
2023-02-09,189.6295
2023-02-10,189.6707
2023-02-13,189.6922
2023-02-14,189.7065
2023-02-15,189.7019
2023-02-16,189.7133
2023-02-17,189.701
2023-02-20,189.6922
2023-02-21,189.6225
2023-02-22,189.6376
2023-02-23,189.6382
2023-02-24,189.6221
2023-02-27,189.6397
2023-02-28,189.6509
2023-03-01,189.6747
2023-03-02,189.6956
2023-03-03,189.6951
2023-03-06,189.8003
2023-03-07,189.8433
2023-03-08,189.864
2023-03-09,189.8807
2023-03-10,189.9144
2023-03-13,189.9591
2023-03-14,189.9683
2023-03-15,189.9741
2023-03-16,189.9994
2023-03-17,190.0161
2023-03-20,190.1225
2023-03-21,190.1495
2023-03-22,190.1197
2023-03-23,190.1298
2023-03-24,190.1138
2023-03-27,190.1666
2023-03-28,190.1769
2023-03-29,190.1851
2023-03-30,190.2161
2023-03-31,190.2409
2023-04-03,190.305
2023-04-04,190.3088
2023-04-06,190.3246
2023-04-07,190.3308
2023-04-10,190.3936
2023-04-11,190.4387
2023-04-12,190.462
2023-04-13,190.4756
2023-04-14,190.4807
2023-04-17,190.4935
2023-04-18,190.5175
2023-04-19,190.5513
2023-04-20,190.5694
2023-04-21,190.5802
2023-04-23,190.6078
2023-04-24,190.6293
2023-04-25,190.6518
2023-04-26,190.6856
2023-04-27,190.7684
2023-04-28,190.8052
2023-05-04,190.9397
2023-05-05,191.0281
2023-05-06,191.0775
2023-05-08,191.0739
2023-05-09,191.0924
2023-05-10,191.1682
2023-05-11,191.289
2023-05-12,191.3012
2023-05-15,191.3233
2023-05-16,191.2994
2023-05-17,191.2924
2023-05-18,191.2733
2023-05-19,191.3256
2023-05-22,191.4383
2023-05-23,191.5679
2023-05-24,191.5706
2023-05-25,191.552
2023-05-26,191.5539
2023-05-29,191.6062
2023-05-30,191.681
2023-05-31,191.744
2023-06-01,191.841
2023-06-02,191.8444
2023-06-05,191.8873
2023-06-06,191.9834
2023-06-07,192.0569
2023-06-08,192.0329
2023-06-09,192.0492
2023-06-12,192.1004
2023-06-13,192.146
2023-06-14,192.2111
2023-06-15,192.1349
2023-06-16,192.0343
2023-06-19,191.9657
2023-06-20,191.9876
2023-06-21,192.0385
2023-06-25,192.1238
2023-06-26,192.1223
2023-06-27,192.0961
2023-06-28,192.1275
2023-06-29,192.1638
2023-06-30,192.2762
2023-07-03,192.3726
2023-07-04,192.3936
2023-07-05,192.42
2023-07-06,192.4457
2023-07-07,192.4751
2023-07-10,192.5086
2023-07-11,192.5316
2023-07-12,192.5218
2023-07-13,192.5258
2023-07-14,192.5245
2023-07-17,192.6051
2023-07-18,192.6755
2023-07-19,192.711
2023-07-20,192.7332
2023-07-21,192.7859
2023-07-24,192.843
2023-07-25,192.719
2023-07-26,192.7083
2023-07-27,192.7852
2023-07-28,192.7781
2023-07-31,192.7772
2023-08-01,192.8275
2023-08-02,192.8635
2023-08-03,192.9165
2023-08-04,192.9431
2023-08-07,192.97
2023-08-08,192.9737
2023-08-09,192.9821
2023-08-10,192.9658
2023-08-11,192.9644
2023-08-14,193.0394
2023-08-15,193.125
2023-08-16,193.1476
2023-08-17,193.1453
2023-08-18,193.1652
2023-08-21,193.2317
2023-08-22,193.2162
2023-08-23,193.2029
2023-08-24,193.222
2023-08-25,193.1926
2023-08-28,193.0948
2023-08-29,193.0453
2023-08-30,193.0891
2023-08-31,193.1933
2023-09-01,193.1424
2023-09-04,193.0632
2023-09-05,193.0795
2023-09-06,193.0015
2023-09-07,192.8816
2023-09-08,192.8544
2023-09-11,192.8272
2023-09-12,192.8798
2023-09-13,192.9497
2023-09-14,192.9692
2023-09-15,192.9586
2023-09-18,192.8844
2023-09-19,192.8466
2023-09-20,192.8319
2023-09-21,192.8746
2023-09-22,192.8905
2023-09-25,192.879
2023-09-26,192.8028
2023-09-27,192.7978
2023-09-28,192.9368
2023-10-07,193.0855
2023-10-08,193.1375
2023-10-09,193.1115
2023-10-10,193.0056
2023-10-11,192.8913
2023-10-12,192.8698
2023-10-13,192.9614
2023-10-16,193.0094
2023-10-17,192.9544
2023-10-18,192.9121
2023-10-19,192.8211
2023-10-20,192.8051
2023-10-23,192.9631
2023-10-24,192.9314
2023-10-25,193.0579
2023-10-26,193.1441
2023-10-27,193.1213
2023-10-30,193.2178
2023-10-31,193.2848
2023-11-01,193.2706
2023-11-02,193.3224
2023-11-03,193.3369
2023-11-06,193.3562
2023-11-07,193.3352
2023-11-08,193.3181
2023-11-09,193.3509
2023-11-10,193.3527
2023-11-13,193.4191
2023-11-14,193.4273
2023-11-15,193.4625
2023-11-16,193.5256
2023-11-17,193.5156
2023-11-20,193.528
2023-11-21,193.4713
2023-11-22,193.402
2023-11-23,193.3046
2023-11-24,193.2974
2023-11-27,193.2594
2023-11-28,193.2721
2023-11-29,193.3086
2023-11-30,193.3546
2023-12-01,193.3496
2023-12-04,193.3579
2023-12-05,193.3249
2023-12-06,193.314
2023-12-07,193.3224
2023-12-08,193.377
2023-12-11,193.4511
2023-12-12,193.4593
2023-12-13,193.5527
2023-12-14,193.625
2023-12-15,193.7199
2023-12-18,193.8111
2023-12-19,193.7911
2023-12-20,193.7796
2023-12-21,193.7948
2023-12-22,193.8875
2023-12-25,193.994
2023-12-26,194.1293
2023-12-27,194.2608
2023-12-28,194.3482
2023-12-29,194.3475
2023-12-31,194.4022
2024-01-02,194.356
2024-01-03,194.2794
2024-01-04,194.3168
2024-01-05,194.3766
2024-01-08,194.417
2024-01-09,194.4683
2024-01-10,194.4653
2024-01-11,194.4711
2024-01-12,194.4765
2024-01-15,194.5114
2024-01-16,194.4905
2024-01-17,194.5143
2024-01-18,194.5616
2024-01-19,194.6024
2024-01-22,194.6584
2024-01-23,194.6566
2024-01-24,194.6915
2024-01-25,194.8425
2024-01-26,194.8811
2024-01-29,194.9816
2024-01-30,195.1262
2024-01-31,195.1667
2024-02-01,195.1278
2024-02-02,195.1252
2024-02-04,195.2051
2024-02-05,195.2076
2024-02-06,195.1321
2024-02-07,195.1516
2024-02-08,195.2088
2024-02-09,195.2216
2024-02-18,195.336
2024-02-19,195.3486
2024-02-20,195.4141
2024-02-21,195.4675
2024-02-22,195.5643
2024-02-23,195.6609
2024-02-26,195.6729
2024-02-27,195.6981
2024-02-28,195.7045
2024-02-29,195.7655
2024-03-01,195.6794
2024-03-04,195.7217
2024-03-05,195.7607
2024-03-06,195.8607
2024-03-07,195.8629
2024-03-08,195.8848
2024-03-11,195.9026
2024-03-12,195.8184
2024-03-13,195.8067
2024-03-14,195.7796
2024-03-15,195.8205
2024-03-18,195.9577
2024-03-19,196.0463
2024-03-20,196.064
2024-03-21,196.0982
2024-03-22,196.1581
2024-03-25,196.1877
2024-03-26,196.2053
2024-03-27,196.2575
2024-03-28,196.3083
2024-03-29,196.3774
2024-04-01,196.3882
2024-04-02,196.4439
2024-04-03,196.4933
2024-04-07,196.5532
2024-04-08,196.615
2024-04-09,196.6882
2024-04-10,196.6996
2024-04-11,196.7329
2024-04-12,196.7749
2024-04-15,196.7925
2024-04-16,196.7432
2024-04-17,196.7793
2024-04-18,196.8365
2024-04-19,196.8912
2024-04-22,196.9501
2024-04-23,197.0271
2024-04-24,196.9963
2024-04-25,197.0395
2024-04-26,197.0074
2024-04-28,196.9298
2024-04-29,196.7224
2024-04-30,196.8508
2024-05-06,196.9816
2024-05-07,197.0841
2024-05-08,197.0861
2024-05-09,197.0517
2024-05-10,197.0664
2024-05-11,197.0464
2024-05-13,197.1745
2024-05-14,197.2568
2024-05-15,197.2852
2024-05-16,197.2766
2024-05-17,197.248
2024-05-20,197.3558
2024-05-21,197.3548
2024-05-22,197.3806
2024-05-23,197.4433
2024-05-24,197.4288
2024-05-27,197.4301
2024-05-28,197.4496
2024-05-29,197.4914
2024-05-30,197.5209
2024-05-31,197.5411
2024-06-03,197.6127
2024-06-04,197.6395
2024-06-05,197.6945
2024-06-06,197.7466
2024-06-07,197.7672
2024-06-11,197.8275
2024-06-12,197.8272
2024-06-13,197.8097
2024-06-14,197.8214
2024-06-17,197.8463
2024-06-18,197.8826
2024-06-19,197.9456
2024-06-20,198.0035
2024-06-21,197.9822
2024-06-24,198.0401
2024-06-25,198.1409
2024-06-26,198.2083
2024-06-27,198.2892
2024-06-28,198.3454
2024-07-01,198.3774
2024-07-02,198.3801
2024-07-03,198.4482
2024-07-04,198.4568
2024-07-05,198.4271
2024-07-08,198.3371
2024-07-09,198.4122
2024-07-10,198.4445
2024-07-11,198.4636
2024-07-12,198.5249
2024-07-15,198.5597
2024-07-16,198.5821
2024-07-17,198.6133
2024-07-18,198.6133
2024-07-19,198.6371
2024-07-22,198.7972
2024-07-23,198.8753
2024-07-24,198.9146
2024-07-25,198.9487
2024-07-26,198.9516
2024-07-29,198.9851
2024-07-30,199.0207
2024-07-31,199.0777
2024-08-01,199.1348
2024-08-02,199.1833
2024-08-05,199.2266
2024-08-06,199.2031
2024-08-07,199.2218
2024-08-08,199.1781
2024-08-09,199.0834
2024-08-12,198.9198
2024-08-13,198.9049
2024-08-14,198.9725
2024-08-15,198.9285
2024-08-16,198.9082
2024-08-19,198.9425
2024-08-20,198.9509
2024-08-21,198.9233
2024-08-22,199.0239
2024-08-23,199.1101
2024-08-26,199.244
2024-08-27,199.2336
2024-08-28,199.2626
2024-08-29,199.3101
2024-08-30,199.3182
2024-09-02,199.4593
2024-09-03,199.601
2024-09-04,199.6587
2024-09-05,199.6758
2024-09-06,199.6937
2024-09-09,199.7662
2024-09-10,199.8722
2024-09-11,200.0104
2024-09-12,200.0595
2024-09-13,200.0511
2024-09-14,200.0753
2024-09-18,200.0944
2024-09-19,200.0156
2024-09-20,199.971
2024-09-23,200.0153
2024-09-24,199.9969
2024-09-25,200.0013
2024-09-26,200.0111
2024-09-27,199.8262
2024-09-29,199.5756
2024-09-30,199.6769
2024-10-08,199.6566
2024-10-09,199.5856
2024-10-10,199.6813
2024-10-11,199.7612
2024-10-12,199.7587
2024-10-14,199.7966
2024-10-15,199.7854
2024-10-16,199.8091
2024-10-17,199.8973
2024-10-18,199.9536
2024-10-21,199.9198
2024-10-22,199.8646
2024-10-23,199.8079
2024-10-24,199.8356
2024-10-25,199.8874
2024-10-28,199.9628
2024-10-29,200.019
2024-10-30,200.0691
2024-10-31,200.1115
2024-11-01,200.1929
2024-11-04,200.2763
2024-11-05,200.317
2024-11-06,200.3614
2024-11-07,200.4281
2024-11-08,200.478
2024-11-11,200.5403
2024-11-12,200.5658
2024-11-13,200.5662
2024-11-14,200.5908
2024-11-15,200.6248
2024-11-18,200.6601
2024-11-19,200.6826
2024-11-20,200.7161
2024-11-21,200.7285
2024-11-22,200.7292
2024-11-25,200.7665
2024-11-26,200.7527
2024-11-27,200.7476
2024-11-28,200.7689
2024-11-29,200.8175
2024-12-02,200.9488
2024-12-03,200.9679
2024-12-04,200.9992
2024-12-05,201.0218
2024-12-06,201.0153
2024-12-09,201.0402
2024-12-10,201.1894
2024-12-11,201.2348
2024-12-12,201.3507
2024-12-13,201.5811
2024-12-16,201.778
2024-12-17,201.7654
2024-12-18,201.8045
2024-12-19,201.8695
2024-12-20,202.0422
2024-12-23,202.216
2024-12-24,202.2633
2024-12-25,202.2458
2024-12-26,202.1984
2024-12-27,202.1408
2024-12-30,202.0979
2024-12-31,202.0905
2025-01-02,202.17
2025-01-03,202.2851
2025-01-06,202.3539
2025-01-07,202.3053
2025-01-08,202.2014
2025-01-09,202.0054
2025-01-10,201.8301
2025-01-13,201.7291
2025-01-14,201.7121
2025-01-15,201.7758
2025-01-16,201.7299
2025-01-17,201.7334
2025-01-20,201.7113
2025-01-21,201.7339
2025-01-22,201.7951
2025-01-23,201.7557
2025-01-24,201.6977
2025-01-26,201.6729
2025-01-27,201.7418
2025-02-05,201.9031
2025-02-06,201.9533
2025-02-07,201.9971
2025-02-08,201.9854
2025-02-10,201.9364
2025-02-11,201.8773
2025-02-12,201.8907
2025-02-13,201.8461
2025-02-14,201.7331
2025-02-17,201.6476
2025-02-18,201.5184
2025-02-19,201.544
2025-02-20,201.4808
2025-02-21,201.3711
2025-02-24,201.3011
2025-02-25,201.2634
2025-02-26,201.317
2025-02-27,201.2881
2025-02-28,201.2372
2025-03-03,201.3681
2025-03-04,201.4017
2025-03-05,201.3736
2025-03-06,201.3224
2025-03-07,201.1802
2025-03-10,201.1044
2025-03-11,200.933
2025-03-12,200.9159
2025-03-13,200.9942
2025-03-14,200.9668
2025-03-17,200.9584
2025-03-18,200.966
2025-03-19,200.9814
2025-03-20,201.0619
2025-03-21,201.082
2025-03-24,201.0802
2025-03-25,201.1345
2025-03-26,201.1606
2025-03-27,201.2315
2025-03-28,201.2796
2025-03-31,201.291
2025-04-01,201.2578
2025-04-02,201.2929
2025-04-03,201.5084
2025-04-07,201.7717
2025-04-08,201.7168
2025-04-09,201.7709
2025-04-10,201.8346
2025-04-11,201.9141
2025-04-14,201.9043
2025-04-15,201.8978
2025-04-16,201.8894
2025-04-17,201.8839
2025-04-18,201.8391
2025-04-21,201.8251
2025-04-22,201.8292
2025-04-23,201.8008
2025-04-24,201.7869
2025-04-25,201.7674
2025-04-27,201.7852
2025-04-28,201.7938
2025-04-29,201.8311
2025-04-30,201.8702
2025-05-06,201.9301
2025-05-07,201.9613
2025-05-08,202.0414
2025-05-09,202.1014
2025-05-12,202.1333
2025-05-13,202.1508
2025-05-14,202.1323
2025-05-15,202.1079
2025-05-16,202.0414
2025-05-19,202.086
2025-05-20,202.0947
2025-05-21,202.0915
2025-05-22,202.1124
2025-05-23,202.098
2025-05-26,202.1469
2025-05-27,202.1505
2025-05-28,202.1352
2025-05-29,202.0905
2025-05-30,202.1456
2025-06-03,202.1843
2025-06-04,202.2077
2025-06-05,202.2698
2025-06-06,202.3228
2025-06-09,202.3727
2025-06-10,202.3764
2025-06-11,202.394
2025-06-12,202.4084
2025-06-13,202.4207
2025-06-16,202.4912
2025-06-17,202.5685
2025-06-18,202.609
2025-06-19,202.6238
2025-06-20,202.6196
2025-06-23,202.6563
2025-06-24,202.6339
2025-06-25,202.6445
2025-06-26,202.6534
2025-06-27,202.683
2025-06-30,202.7199
2025-07-01,202.7286
2025-07-02,202.7622
2025-07-03,202.8039
2025-07-04,202.8243
2025-07-07,202.8617
2025-07-08,202.8497
2025-07-09,202.8369
2025-07-10,202.8022
2025-07-11,202.7655
2025-07-14,202.7646
2025-07-15,202.7914
2025-07-16,202.8289
2025-07-17,202.846
2025-07-18,202.8608
2025-07-21,202.8688
2025-07-22,202.8832
2025-07-23,202.8236
2025-07-24,202.7488
2025-07-25,202.7404
2025-07-28,202.834
2025-07-29,202.7953
2025-07-30,202.8032
2025-07-31,202.8591
2025-08-01,202.8696
2025-08-04,202.9198
2025-08-05,202.9214
2025-08-06,202.9605
2025-08-07,203.0009
2025-08-08,203.0255
2025-08-11,203.0349
2025-08-12,203.0272
2025-08-13,203.0669
2025-08-14,203.0778
2025-08-15,203.082
2025-08-18,203.0348
2025-08-19,203.0184
2025-08-20,203.0298
2025-08-21,203.0249
2025-08-22,203.0384
2025-08-25,203.075
2025-08-26,203.0982
2025-08-27,203.0884
2025-08-28,203.1141
2025-08-29,203.1457
2025-09-01,203.1966
2025-09-02,203.2128
2025-09-03,203.2366
2025-09-04,203.2429
2025-09-05,203.2062
2025-09-08,203.1992
2025-09-09,203.2038
2025-09-10,203.1866
2025-09-11,203.2133
2025-09-12,203.2154
2025-09-15,203.2464
2025-09-16,203.2588
2025-09-17,203.2786
2025-09-18,203.2701
2025-09-19,203.2505
2025-09-22,203.2795
2025-09-23,203.2583
2025-09-24,203.2326
2025-09-25,203.1929
2025-09-26,203.2003
2025-09-28,203.2337
2025-09-29,203.2487
2025-09-30,203.2641
2025-10-09,203.3981
2025-10-10,203.4021
2025-10-11,203.4605
2025-10-13,203.4395
2025-10-14,203.4359
2025-10-15,203.4292
2025-10-16,203.4353
2025-10-17,203.4459
2025-10-20,203.4535
2025-10-21,203.4584
2025-10-22,203.4605
2025-10-23,203.4695
2025-10-24,203.4735
2025-10-27,203.5289
2025-10-28,203.6362
2025-10-29,203.7357
2025-10-30,203.8032
2025-10-31,203.8044
2025-11-03,203.812
2025-11-04,203.7924
2025-11-05,203.7952
2025-11-06,203.7971
2025-11-07,203.7887
2025-11-10,203.8196
2025-11-11,203.8355
2025-11-12,203.8499
2025-11-13,203.8571
2025-11-14,203.8603
2025-11-17,203.8969
2025-11-18,203.9056
2025-11-19,203.9071
2025-11-20,203.9223
2025-11-21,203.926
2025-11-24,203.958
2025-11-25,203.9684
2025-11-26,203.9642
2025-11-27,203.9566
2025-11-28,203.9704
2025-12-01,204.0094
2025-12-02,204.0263
2025-12-03,204.0377
2025-12-04,204.0341
2025-12-05,204.0602
2025-12-08,204.1145
2025-12-09,204.1362
2025-12-10,204.1604
2025-12-11,204.1844
2025-12-12,204.1937
2025-12-15,204.2141
2025-12-16,204.2218
2025-12-17,204.2401
2025-12-18,204.2638
2025-12-19,204.2913
2025-12-22,204.3328
2025-12-23,204.3572
2025-12-24,204.384
2025-12-25,204.4082
2025-12-26,204.4183
2025-12-29,204.4246
2025-12-30,204.3969
2025-12-31,204.3856
2026-01-04,204.4363
2026-01-05,204.3985
2026-01-06,204.3471
2026-01-07,204.2954
2026-01-08,204.3064
2026-01-09,204.3295
2026-01-12,204.366
2026-01-13,204.3787
2026-01-14,204.3896
2026-01-15,204.44
2026-01-16,204.4707
2026-01-19,204.5202
2026-01-20,204.5551
2026-01-21,204.576
2026-01-22,204.5786
2026-01-23,204.5911
2026-01-26,204.6237
2026-01-27,204.6139
2026-01-28,204.6354
2026-01-29,204.6637
2026-01-30,204.6895
2026-02-02,204.7153
2026-02-03,204.7317
2026-02-04,204.7472
2026-02-05,204.7719
2026-02-06,204.7972
2026-02-09,204.8598
2026-02-10,204.8693
2026-02-11,204.8866
2026-02-12,204.9037
2026-02-13,204.9145
2026-02-14,204.8973
2026-02-24,204.9991
2026-02-25,204.9853
2026-02-26,204.9666
2026-02-27,204.9926
2026-02-28,205.0053
2026-03-02,205.0499
2026-03-03,205.0806
2026-03-04,205.1186
2026-03-05,205.1344
2026-03-06,205.1321
2026-03-09,205.1209
2026-03-10,205.1441
2026-03-11,205.1275
2026-03-12,205.1458
2026-03-13,205.1529
2026-03-16,205.1586
2026-03-17,205.1996
2026-03-18,205.2506
2026-03-19,205.2797
2026-03-20,205.2914
2026-03-23,205.3132
2026-03-24,205.3148
2026-03-25,205.3292
2026-03-26,205.3521
2026-03-27,205.3804
2026-03-30,205.4829
2026-03-31,205.4916
2026-04-01,205.4709
2026-04-02,205.4708
2026-04-03,205.466
2026-04-07,205.5005
2026-04-08,205.4743
2026-04-09,205.4658
2026-04-10,205.457
2026-04-13,205.4896
2026-04-14,205.5046
2026-04-15,205.5311
2026-04-16,205.5599
2026-04-17,205.5857
2026-04-20,205.6481
2026-04-21,205.6783
2026-04-22,205.7277
2026-04-23,205.7568
2026-04-24,205.7905
2026-04-27,205.7933
2026-04-28,205.7971
2026-04-29,205.8041
2026-04-30,205.7973
2026-05-06,205.8195
2026-05-07,205.8078
2026-05-08,205.812
2026-05-09,205.8154
2026-05-11,205.8346
2026-05-12,205.8393
2026-05-13,205.8483
2026-05-14,205.8589
2026-05-15,205.8596
2026-05-18,205.9037
2026-05-19,205.9383
2026-05-20,205.9576
2026-05-21,205.9681
2026-05-22,205.9559
2026-05-25,205.9853
2026-05-26,206.0183
2026-05-27,206.0643
2026-05-28,206.1129
2026-05-29,206.1223
