日期,收盘价
2002-01-04,99.9868
2002-01-07,100.0286
2002-01-08,100.1741
2002-01-09,100.1507
2002-01-10,100.303
2002-01-11,100.6259
2002-01-14,100.5436
2002-01-15,100.6747
2002-01-16,100.8134
2002-01-17,100.6165
2002-01-18,100.5702
2002-01-21,100.7105
2002-01-22,100.7189
2002-01-23,100.5197
2002-01-24,100.9171
2002-01-25,100.879
2002-01-28,100.9574
2002-01-29,100.971
2002-01-30,101.0661
2002-01-31,101.0663
2002-02-01,101.1157
2002-02-04,101.2056
2002-02-05,101.2172
2002-02-06,101.2216
2002-02-07,101.152
2002-02-08,101.2241
2002-02-09,101.2254
2002-02-10,101.2048
2002-02-11,101.0848
2002-02-19,101.2456
2002-02-20,101.2766
2002-02-21,101.4669
2002-02-22,101.1753
2002-02-25,101.5355
2002-02-26,101.5621
2002-02-27,101.517
2002-02-28,101.5392
2002-03-01,101.4994
2002-03-04,101.5771
2002-03-05,101.5203
2002-03-06,101.717
2002-03-07,101.7808
2002-03-08,101.9021
2002-03-11,101.8431
2002-03-12,102.026
2002-03-13,102.0692
2002-03-14,101.9784
2002-03-15,101.8668
2002-03-18,101.9519
2002-03-19,101.9982
2002-03-20,101.9183
2002-03-21,102.2063
2002-03-22,102.3617
2002-03-25,102.2827
2002-03-26,102.384
2002-03-27,102.4388
2002-03-28,102.2687
2002-03-29,102.4313
2002-04-01,102.1149
2002-04-02,102.8188
2002-04-03,102.5537
2002-04-04,102.6256
2002-04-05,102.6391
2002-04-08,102.7246
2002-04-09,102.5285
2002-04-10,102.5728
2002-04-11,102.6358
2002-04-12,102.7601
2002-04-15,102.886
2002-04-16,102.9493
2002-04-17,102.9462
2002-04-18,102.8851
2002-04-19,102.8331
2002-04-22,102.8912
2002-04-23,102.4271
2002-04-24,102.9728
2002-04-25,102.2399
2002-04-26,103.1441
2002-04-27,103.2493
2002-04-28,102.9395
2002-04-29,103.2376
2002-04-30,103.1656
2002-05-08,103.246
2002-05-09,103.2296
2002-05-10,103.2724
2002-05-13,103.2634
2002-05-14,103.4003
2002-05-15,103.3892
2002-05-16,103.3671
2002-05-17,103.4119
2002-05-20,103.4448
2002-05-21,103.4962
2002-05-22,102.8341
2002-05-23,103.4505
2002-05-24,103.5249
2002-05-27,102.8038
2002-05-28,103.5771
2002-05-29,103.6878
2002-05-30,103.7328
2002-05-31,103.7586
2002-06-03,103.83
2002-06-04,103.9268
2002-06-05,103.8914
2002-06-06,103.9457
2002-06-07,103.5473
2002-06-10,103.8672
2002-06-11,103.8517
2002-06-12,103.8802
2002-06-13,103.9049
2002-06-14,103.9142
2002-06-17,103.8822
2002-06-18,103.9006
2002-06-19,103.9598
2002-06-20,103.6898
2002-06-21,103.8817
2002-06-24,103.942
2002-06-25,103.8131
2002-06-26,103.7807
2002-06-27,103.7379
2002-06-28,103.8412
2002-07-01,103.8398
2002-07-02,103.7267
2002-07-03,103.6087
2002-07-04,103.8624
2002-07-05,103.8445
2002-07-08,103.8599
2002-07-09,103.7208
2002-07-10,103.5949
2002-07-11,103.7096
2002-07-12,103.555
2002-07-15,103.1883
2002-07-16,103.5809
2002-07-17,103.5847
2002-07-18,103.5859
2002-07-19,103.2238
2002-07-22,103.3621
2002-07-23,103.5386
2002-07-24,103.4232
2002-07-25,103.4813
2002-07-26,103.4871
2002-07-29,103.8216
2002-07-30,103.4046
2002-07-31,103.3699
2002-08-01,103.4457
2002-08-02,103.3959
2002-08-05,103.5849
2002-08-06,103.461
2002-08-07,103.4912
2002-08-08,103.4544
2002-08-09,103.4549
2002-08-12,103.6407
2002-08-13,104.0316
2002-08-14,103.5251
2002-08-15,103.3888
2002-08-16,103.4784
2002-08-19,103.2258
2002-08-20,103.4215
2002-08-21,103.4224
2002-08-22,103.4662
2002-08-23,103.0746
2002-08-26,102.9554
2002-08-27,102.963
2002-08-28,103.1795
2002-08-29,103.1978
2002-08-30,103.3059
2002-09-02,103.3287
2002-09-03,103.3377
2002-09-04,103.3624
2002-09-05,103.1136
2002-09-06,102.952
2002-09-09,103.1881
2002-09-10,103.2695
2002-09-11,102.9812
2002-09-12,102.7751
2002-09-13,102.7634
2002-09-16,102.807
2002-09-17,102.751
2002-09-18,102.3521
2002-09-19,102.8226
2002-09-20,102.702
2002-09-23,102.5621
2002-09-24,102.7433
2002-09-25,102.1696
2002-09-26,102.8692
2002-09-27,102.6074
2002-09-28,102.5768
2002-09-29,102.5409
2002-09-30,103.3417
2002-10-08,102.7203
2002-10-09,102.7329
2002-10-10,102.8838
2002-10-11,102.7178
2002-10-14,102.8015
2002-10-15,102.8972
2002-10-16,102.8712
2002-10-17,103.062
2002-10-18,102.9094
2002-10-21,103.0123
2002-10-22,103.0766
2002-10-23,102.8691
2002-10-24,102.8572
2002-10-25,102.7406
2002-10-28,102.8324
2002-10-29,102.4706
2002-10-30,102.6141
2002-10-31,102.5774
2002-11-01,102.4555
2002-11-04,102.6009
2002-11-05,102.5777
2002-11-06,102.6277
2002-11-07,102.6323
2002-11-08,102.6505
2002-11-11,102.6853
2002-11-12,102.7117
2002-11-13,102.7021
2002-11-14,102.6751
2002-11-15,102.8919
2002-11-18,102.7909
2002-11-19,102.8665
2002-11-20,102.7311
2002-11-21,102.7276
2002-11-22,102.8688
2002-11-25,102.9196
2002-11-26,102.8272
2002-11-27,102.878
2002-11-28,102.8964
2002-11-29,102.8069
2002-12-02,102.8626
2002-12-03,102.8637
2002-12-04,102.9001
2002-12-05,102.9568
2002-12-06,102.9794
2002-12-09,103.0656
2002-12-10,103.0755
2002-12-11,103.0318
2002-12-12,103.0465
2002-12-13,103.0108
2002-12-16,102.9295
2002-12-17,102.9907
2002-12-18,103.5458
2002-12-19,103.0702
2002-12-20,103.1386
2002-12-23,103.1233
2002-12-24,103.2669
2002-12-25,103.4342
2002-12-26,103.2808
2002-12-27,102.8711
2002-12-30,102.7209
2002-12-31,103.5457
2003-01-02,103.69
2003-01-03,103.4349
2003-01-06,103.6799
2003-01-07,103.4625
2003-01-08,103.4892
2003-01-09,103.169
2003-01-10,103.6485
2003-01-13,103.7241
2003-01-14,103.5578
2003-01-15,103.5933
2003-01-16,103.5415
2003-01-17,103.7044
2003-01-20,103.6654
2003-01-21,103.6568
2003-01-22,103.711
2003-01-23,103.7506
2003-01-24,103.7774
2003-01-27,104.1288
2003-01-28,103.794
2003-01-29,104.1993
2003-01-30,103.957
2003-01-31,103.5617
2003-02-08,104.0285
2003-02-09,104.315
2003-02-10,104.1379
2003-02-11,103.8722
2003-02-12,103.9494
2003-02-13,103.9444
2003-02-14,103.9402
2003-02-17,104.1425
2003-02-18,103.8596
2003-02-19,104.0956
2003-02-20,103.8864
2003-02-21,104.1965
2003-02-24,104.2136
2003-02-25,104.0997
2003-02-26,104.0747
2003-02-27,104.0472
2003-02-28,104.1139
2003-03-03,104.1733
2003-03-04,104.2057
2003-03-05,104.2368
2003-03-06,104.2655
2003-03-07,104.3304
2003-03-10,104.4097
2003-03-11,104.2681
2003-03-12,104.4694
2003-03-13,104.4324
2003-03-14,104.3271
2003-03-17,104.6378
2003-03-18,104.4143
2003-03-19,104.5836
2003-03-20,104.353
2003-03-21,104.4826
2003-03-24,104.7108
2003-03-25,104.6369
2003-03-26,104.2956
2003-03-27,104.0047
2003-03-28,104.5826
2003-03-31,104.5146
2003-04-01,104.691
2003-04-02,104.6997
2003-04-03,104.4893
2003-04-04,104.3745
2003-04-07,104.6486
2003-04-08,104.8792
2003-04-09,104.6023
2003-04-10,104.7982
2003-04-11,103.8753
2003-04-14,104.6613
2003-04-15,104.9144
2003-04-16,104.8029
2003-04-17,104.5636
2003-04-18,104.652
2003-04-21,104.8051
2003-04-22,104.7477
2003-04-23,104.7761
2003-04-24,104.7962
2003-04-25,104.8864
2003-04-28,104.7515
2003-04-29,104.8468
2003-04-30,104.958
2003-05-06,105.2355
2003-05-07,105.0679
2003-05-08,105.0614
2003-05-09,104.6601
2003-05-12,105.0508
2003-05-13,105.1103
2003-05-14,104.9936
2003-05-15,105.084
2003-05-16,104.7909
2003-05-19,105.1862
2003-05-20,105.0238
2003-05-21,105.2085
2003-05-22,105.122
2003-05-23,104.9971
2003-05-26,105.2249
2003-05-27,105.0417
2003-05-28,105.281
2003-05-29,105.1877
2003-05-30,105.1031
2003-06-02,104.9932
2003-06-03,105.1362
2003-06-04,105.1777
2003-06-05,105.0936
2003-06-06,105.0787
2003-06-09,105.2204
2003-06-10,105.0266
2003-06-11,105.2078
2003-06-12,105.0664
2003-06-13,104.9257
2003-06-16,105.1218
2003-06-17,104.8632
2003-06-18,105.0624
2003-06-19,104.946
2003-06-20,104.8913
2003-06-23,105.0928
2003-06-24,104.879
2003-06-25,104.2067
2003-06-26,104.7371
2003-06-27,104.7776
2003-06-30,105.0825
2003-07-01,104.9654
2003-07-02,104.9118
2003-07-03,104.8441
2003-07-04,104.8819
2003-07-07,105.1544
2003-07-08,105.019
2003-07-09,105.0709
2003-07-10,105.0412
2003-07-11,105.1031
2003-07-14,105.2391
2003-07-15,105.0936
2003-07-16,105.3215
2003-07-17,105.1225
2003-07-18,105.0927
2003-07-21,105.2878
2003-07-22,105.1104
2003-07-23,105.336
2003-07-24,105.1627
2003-07-25,105.1894
2003-07-28,105.4166
2003-07-29,105.2134
2003-07-30,105.2177
2003-07-31,105.2062
2003-08-01,105.2852
2003-08-04,105.5126
2003-08-05,105.2905
2003-08-06,105.4437
2003-08-07,105.2089
2003-08-08,105.2752
2003-08-11,105.3711
2003-08-12,105.2458
2003-08-13,105.4411
2003-08-14,105.2827
2003-08-15,105.2994
2003-08-18,105.4819
2003-08-19,105.3159
2003-08-20,105.4567
2003-08-21,105.2331
2003-08-22,105.3472
2003-08-25,105.3563
2003-08-26,105.1653
2003-08-27,105.3089
2003-08-28,105.1091
2003-08-29,105.2191
2003-09-01,105.2522
2003-09-02,105.3475
2003-09-03,105.4023
2003-09-04,105.1443
2003-09-05,105.1426
2003-09-08,105.1783
2003-09-09,105.2851
2003-09-10,105.3091
2003-09-11,104.9536
2003-09-12,104.8345
2003-09-15,105.6724
2003-09-16,105.2354
2003-09-17,104.8703
2003-09-18,104.753
2003-09-19,104.8612
2003-09-22,104.9921
2003-09-23,105.0679
2003-09-24,104.0293
2003-09-25,104.0607
2003-09-26,104.0193
2003-09-27,103.512
2003-09-28,104.3548
2003-09-29,104.2228
2003-09-30,104.7519
2003-10-08,104.601
2003-10-09,104.9138
2003-10-10,104.0501
2003-10-13,103.1965
2003-10-14,103.8731
2003-10-15,104.5132
2003-10-16,103.8457
2003-10-17,103.3778
2003-10-20,103.2435
2003-10-21,104.0284
2003-10-22,104.1874
2003-10-23,103.7191
2003-10-24,104.1596
2003-10-27,103.9087
2003-10-28,103.4034
2003-10-29,103.5836
2003-10-30,103.586
2003-10-31,103.7409
2003-11-03,103.8091
2003-11-04,103.8016
2003-11-05,104.8136
2003-11-06,104.1132
2003-11-07,104.1886
2003-11-10,104.2567
2003-11-11,104.3851
2003-11-12,105.0372
2003-11-13,104.2584
2003-11-14,104.5441
2003-11-17,104.1685
2003-11-18,104.4578
2003-11-19,104.6573
2003-11-20,104.578
2003-11-21,104.1677
2003-11-24,104.8875
2003-11-25,104.4368
2003-11-26,105.0467
2003-11-27,104.4021
2003-11-28,104.4987
2003-12-01,104.5119
2003-12-02,104.6263
2003-12-03,104.83
2003-12-04,104.2597
2003-12-05,104.7824
2003-12-08,104.3148
2003-12-09,104.4933
2003-12-10,104.6801
2003-12-11,104.5713
2003-12-12,104.7353
2003-12-15,104.687
2003-12-16,104.8852
2003-12-17,105.0919
2003-12-18,105.214
2003-12-19,105.2135
2003-12-22,105.2963
2003-12-23,105.1725
2003-12-24,105.0679
2003-12-25,105.421
2003-12-26,105.2072
2003-12-29,105.7335
2003-12-30,105.2728
2003-12-31,105.5817
2004-01-02,105.6022
2004-01-05,105.2997
2004-01-06,105.0855
2004-01-07,105.6152
2004-01-08,105.226
2004-01-09,105.1671
2004-01-12,105.3012
2004-01-13,105.5227
2004-01-14,105.422
2004-01-15,105.4291
2004-01-16,105.3917
2004-01-17,105.3936
2004-01-18,105.5853
2004-01-19,105.6041
2004-01-20,105.6954
2004-01-21,105.5795
2004-01-29,105.4929
2004-01-30,105.4756
2004-02-02,105.3829
2004-02-03,105.3185
2004-02-04,105.1373
2004-02-05,105.1729
2004-02-06,105.2965
2004-02-09,105.2845
2004-02-10,105.3233
2004-02-11,105.2424
2004-02-12,105.2157
2004-02-13,105.5674
2004-02-16,105.3223
2004-02-17,105.4273
2004-02-18,105.312
2004-02-19,105.3306
2004-02-20,105.2313
2004-02-23,105.1917
2004-02-24,105.3086
2004-02-25,105.2266
2004-02-26,105.1733
2004-02-27,105.0167
2004-03-01,105.1
2004-03-02,105.0145
2004-03-03,104.9835
2004-03-04,105.3839
2004-03-05,105.3508
2004-03-08,105.169
2004-03-09,105.2736
2004-03-10,105.3324
2004-03-11,105.0859
2004-03-12,105.0702
2004-03-15,105.4114
2004-03-16,105.7095
2004-03-17,105.3434
2004-03-18,105.173
2004-03-19,104.8475
2004-03-22,104.9029
2004-03-23,105.0732
2004-03-24,104.4957
2004-03-25,104.7865
2004-03-26,104.6417
2004-03-29,104.9181
2004-03-30,105.2839
2004-03-31,105.1266
2004-04-01,104.9052
2004-04-02,105.0006
2004-04-05,105.0666
2004-04-06,105.0847
2004-04-07,104.4346
2004-04-08,104.4956
2004-04-09,104.3771
2004-04-12,103.9475
2004-04-13,104.5714
2004-04-14,104.0788
2004-04-15,103.5265
2004-04-16,103.366
2004-04-19,103.3575
2004-04-20,103.8564
2004-04-21,103.5675
2004-04-22,103.5784
2004-04-23,103.3886
2004-04-26,103.3568
2004-04-27,103.8541
2004-04-28,103.7905
2004-04-29,103.1326
2004-04-30,103.5361
2004-05-08,104.013
2004-05-09,104.2544
2004-05-10,103.6261
2004-05-11,103.7522
2004-05-12,103.8541
2004-05-13,103.7868
2004-05-14,103.2936
2004-05-17,104.0669
2004-05-18,104.1404
2004-05-19,104.3138
2004-05-20,104.5467
2004-05-21,103.5918
2004-05-24,103.8537
2004-05-25,104.1547
2004-05-26,104.1685
2004-05-27,103.872
2004-05-28,104.0115
2004-05-31,103.9084
2004-06-01,104.2544
2004-06-02,104.258
2004-06-03,103.8916
2004-06-04,104.0231
2004-06-07,104.1741
2004-06-08,105.9261
2004-06-09,105.1247
2004-06-10,103.9922
2004-06-11,105.1574
2004-06-14,102.7988
2004-06-15,104.1342
2004-06-16,104.3997
2004-06-17,104.1532
2004-06-18,104.4991
2004-06-21,104.2876
2004-06-22,104.2421
2004-06-23,104.711
2004-06-24,104.747
2004-06-25,104.7072
2004-06-28,104.5227
2004-06-29,104.7457
2004-06-30,104.469
2004-07-01,104.5518
2004-07-02,104.2278
2004-07-05,104.2827
2004-07-06,104.8798
2004-07-07,104.6833
2004-07-08,104.6289
2004-07-09,104.1877
2004-07-12,104.0498
2004-07-13,104.5708
2004-07-14,105.3272
2004-07-15,103.941
2004-07-16,104.1836
2004-07-19,104.3063
2004-07-20,104.0512
2004-07-21,104.1776
2004-07-22,104.1886
2004-07-23,104.1719
2004-07-26,104.2966
2004-07-27,104.2379
2004-07-28,104.4809
2004-07-29,104.4481
2004-07-30,104.5001
2004-08-02,104.416
2004-08-03,104.4523
2004-08-04,104.5663
2004-08-05,104.5141
2004-08-06,104.5633
2004-08-09,104.3605
2004-08-10,104.3748
2004-08-11,104.3477
2004-08-12,104.094
2004-08-13,104.3565
2004-08-16,104.1028
2004-08-17,104.0988
2004-08-18,104.467
2004-08-19,103.8577
2004-08-20,103.7621
2004-08-23,103.9867
2004-08-24,103.8069
2004-08-25,103.6141
2004-08-26,103.9423
2004-08-27,103.5851
2004-08-30,103.6648
2004-08-31,104.8405
2004-09-01,103.6774
2004-09-02,103.8231
2004-09-03,103.6557
2004-09-06,103.7456
2004-09-07,103.7305
2004-09-08,103.6029
2004-09-09,103.7431
2004-09-10,104.2188
2004-09-13,103.974
2004-09-14,103.1551
2004-09-15,103.5365
2004-09-16,104.0973
2004-09-17,103.69
2004-09-20,103.5353
2004-09-21,103.5479
2004-09-22,104.4343
2004-09-23,103.9499
2004-09-24,104.3044
2004-09-27,104.3235
2004-09-28,104.1892
2004-09-29,104.1574
2004-09-30,104.6551
2004-10-08,105.0759
2004-10-09,103.3763
2004-10-10,103.0786
2004-10-11,103.8306
2004-10-12,103.0606
2004-10-13,103.3712
2004-10-14,103.6075
2004-10-15,103.5748
2004-10-18,103.9025
2004-10-19,103.609
2004-10-20,103.7793
2004-10-21,103.8006
2004-10-22,103.9483
2004-10-25,103.6962
2004-10-26,103.2655
2004-10-27,103.7215
2004-10-28,103.7677
2004-10-29,103.485
2004-11-01,103.4997
2004-11-02,103.4184
2004-11-03,103.2721
2004-11-04,103.2153
2004-11-05,103.1843
2004-11-08,102.8761
2004-11-09,103.708
2004-11-10,103.0744
2004-11-11,103.1966
2004-11-12,103.3605
2004-11-15,103.1769
2004-11-16,103.5303
2004-11-17,103.3599
2004-11-18,103.2141
2004-11-19,103.602
2004-11-22,103.1878
2004-11-23,103.2527
2004-11-24,103.7743
2004-11-25,103.1754
2004-11-26,103.1826
2004-11-29,104.7322
2004-11-30,103.2821
2004-12-01,103.4148
2004-12-02,103.6062
2004-12-03,103.605
2004-12-06,103.8624
2004-12-07,104.0959
2004-12-08,103.4457
2004-12-09,103.6476
2004-12-10,104.3765
2004-12-13,103.6173
2004-12-14,103.5105
2004-12-15,104.3533
2004-12-16,104.6591
2004-12-17,104.3542
2004-12-20,104.1381
2004-12-21,103.5536
2004-12-22,103.3713
2004-12-23,103.9694
2004-12-24,103.9817
2004-12-27,104.1784
2004-12-28,103.5803
2004-12-29,104.6425
2004-12-30,104.2823
2004-12-31,104.962
2005-01-04,104.6127
2005-01-05,105.3801
2005-01-06,103.9313
2005-01-07,103.6937
2005-01-10,104.0194
2005-01-11,103.8653
2005-01-12,103.8918
2005-01-13,103.4937
2005-01-14,103.917
2005-01-17,104.6043
2005-01-18,103.8733
2005-01-19,104.2837
2005-01-20,104.2182
2005-01-21,104.7663
2005-01-24,104.4283
2005-01-25,104.2464
2005-01-26,104.1309
2005-01-27,104.1822
2005-01-28,104.5184
2005-01-31,104.3636
2005-02-01,104.5982
2005-02-02,104.7035
2005-02-03,104.4956
2005-02-04,104.5921
2005-02-05,105.0845
2005-02-06,105.0649
2005-02-07,105.7813
2005-02-08,105.9832
2005-02-16,105.7799
2005-02-17,105.4605
2005-02-18,105.6437
2005-02-21,104.9977
2005-02-22,105.1238
2005-02-23,105.342
2005-02-24,105.1279
2005-02-25,105.5162
2005-02-28,106.8819
2005-03-01,105.865
2005-03-02,105.4938
2005-03-03,105.2334
2005-03-04,105.2682
2005-03-07,105.5229
2005-03-08,105.5424
2005-03-09,105.4104
2005-03-10,105.9442
2005-03-11,105.8392
2005-03-14,106.0435
2005-03-15,106.1271
2005-03-16,105.8715
2005-03-17,106.8027
2005-03-18,107.1922
2005-03-21,107.2486
2005-03-22,107.1536
2005-03-23,106.8094
2005-03-24,106.9091
2005-03-25,107.2937
2005-03-28,106.964
2005-03-29,107.0408
2005-03-30,106.9439
2005-03-31,107.1102
2005-04-01,106.7644
2005-04-04,107.5089
2005-04-05,107.5645
2005-04-06,107.1284
2005-04-07,107.8411
2005-04-08,108.0062
2005-04-11,107.9667
2005-04-12,107.9578
2005-04-13,107.739
2005-04-14,108.7436
2005-04-15,108.4455
2005-04-18,108.4193
2005-04-19,108.5581
2005-04-20,108.4992
2005-04-21,108.6496
2005-04-22,108.3003
2005-04-25,108.7289
2005-04-26,108.5864
2005-04-27,108.3323
2005-04-28,108.4568
2005-04-29,108.0294
2005-04-30,108.6421
2005-05-08,108.6729
2005-05-09,108.5638
2005-05-10,109.0928
2005-05-11,109.0243
2005-05-12,108.9224
2005-05-13,109.0498
2005-05-16,109.2519
2005-05-17,108.9394
2005-05-18,109.3885
2005-05-19,109.3765
2005-05-20,109.5014
2005-05-23,109.8421
2005-05-24,109.7285
2005-05-25,109.9312
2005-05-26,109.8289
2005-05-27,109.8004
2005-05-30,109.618
2005-05-31,109.4809
2005-06-01,109.7177
2005-06-02,109.8208
2005-06-03,109.8398
2005-06-06,109.8647
2005-06-07,110.0832
2005-06-08,110.1134
2005-06-09,110.2294
2005-06-10,110.2571
2005-06-13,110.8668
2005-06-14,110.6675
2005-06-15,110.8619
2005-06-16,110.9177
2005-06-17,111.0031
2005-06-20,110.9612
2005-06-21,111.0142
2005-06-22,111.1144
2005-06-23,111.168
2005-06-24,111.1098
2005-06-27,110.9277
2005-06-28,110.8028
2005-06-29,111.0544
2005-06-30,110.9728
2005-07-01,111.0929
2005-07-04,111.3481
2005-07-05,111.1611
2005-07-06,111.6086
2005-07-07,111.6014
2005-07-08,111.6768
2005-07-11,111.685
2005-07-12,111.759
2005-07-13,111.9317
2005-07-14,112.0424
2005-07-15,112.0755
2005-07-18,112.0395
2005-07-19,111.9616
2005-07-20,112.0168
2005-07-21,112.0116
2005-07-22,111.9718
2005-07-25,112.1085
2005-07-26,112.165
2005-07-27,112.2301
2005-07-28,112.2397
2005-07-29,112.2865
2005-08-01,112.3207
2005-08-02,112.3872
2005-08-03,112.4848
2005-08-04,112.523
2005-08-05,112.4658
2005-08-08,112.3829
2005-08-09,112.4461
2005-08-10,112.4596
2005-08-11,112.3469
2005-08-12,112.4087
2005-08-15,112.4844
2005-08-16,112.7126
2005-08-17,112.4797
2005-08-18,112.6419
2005-08-19,112.6664
2005-08-22,112.644
2005-08-23,112.6787
2005-08-24,112.5673
2005-08-25,112.6572
2005-08-26,112.817
2005-08-29,112.8906
2005-08-30,112.7275
2005-08-31,112.6939
2005-09-01,112.7527
2005-09-02,112.838
2005-09-05,112.7438
2005-09-06,113.4682
2005-09-07,112.9289
2005-09-08,112.837
2005-09-09,112.7443
2005-09-12,113.077
2005-09-13,113.0559
2005-09-14,112.9811
2005-09-15,113.0092
2005-09-16,113.3893
2005-09-19,113.4152
2005-09-20,113.3545
2005-09-21,113.3078
2005-09-22,113.4806
2005-09-23,113.7008
2005-09-26,113.7942
2005-09-27,113.3942
2005-09-28,113.8268
2005-09-29,113.8613
2005-09-30,113.8008
2005-10-08,114.0969
2005-10-09,114.0446
2005-10-10,114.073
2005-10-11,114.2838
2005-10-12,114.1278
2005-10-13,114.1677
2005-10-14,114.3136
2005-10-17,114.5128
2005-10-18,114.4229
2005-10-19,114.6553
2005-10-20,114.6686
2005-10-21,114.7191
2005-10-24,114.7848
2005-10-25,114.1108
2005-10-26,114.4994
2005-10-27,114.4995
2005-10-28,114.2143
2005-10-31,113.8838
2005-11-01,114.1771
2005-11-02,114.1002
2005-11-03,114.0294
2005-11-04,113.7423
2005-11-07,113.9989
2005-11-08,113.492
2005-11-09,113.1781
2005-11-10,113.1499
2005-11-11,112.8388
2005-11-14,113.3182
2005-11-15,113.4232
2005-11-16,113.1593
2005-11-17,113.3181
2005-11-18,112.9084
2005-11-21,112.8208
2005-11-22,112.9561
2005-11-23,112.7549
2005-11-24,113.2489
2005-11-25,112.8796
2005-11-28,112.7736
2005-11-29,112.8618
2005-11-30,113.0233
2005-12-01,112.8614
2005-12-02,113.1186
2005-12-05,112.3107
2005-12-06,113.4963
2005-12-07,113.6686
2005-12-08,113.6348
2005-12-09,113.4297
2005-12-12,113.5414
2005-12-13,114.1018
2005-12-14,114.032
2005-12-15,114.1459
2005-12-16,113.965
2005-12-19,113.9337
2005-12-20,114.3422
2005-12-21,114.4165
2005-12-22,114.1929
2005-12-23,114.6351
2005-12-26,114.5858
2005-12-27,114.8989
2005-12-28,114.5545
2005-12-29,113.9688
2005-12-30,113.5856
2005-12-31,114.2912
2006-01-04,114.5235
2006-01-05,114.6402
2006-01-06,114.5103
2006-01-09,114.9068
2006-01-10,115.3679
2006-01-11,115.3568
2006-01-12,115.2557
2006-01-13,115.1497
2006-01-16,115.1992
2006-01-17,115.168
2006-01-18,115.1459
2006-01-19,115.0437
2006-01-20,114.7098
2006-01-23,115.231
2006-01-24,115.0797
2006-01-25,115.2364
2006-01-26,115.2622
2006-01-27,115.2936
2006-01-28,115.3069
2006-02-05,115.2973
2006-02-06,115.8645
2006-02-07,115.1012
2006-02-08,115.1206
2006-02-09,115.2385
2006-02-10,115.4539
2006-02-13,115.4678
2006-02-14,115.408
2006-02-15,115.3845
2006-02-16,115.4207
2006-02-17,115.4289
2006-02-20,115.4061
2006-02-21,115.0769
2006-02-22,115.2639
2006-02-23,115.2165
2006-02-24,115.0984
2006-02-27,115.0663
2006-02-28,115.493
2006-03-01,115.3966
2006-03-02,115.3129
2006-03-03,115.3487
2006-03-06,115.2869
2006-03-07,115.4033
2006-03-08,115.4541
2006-03-09,115.4331
2006-03-10,115.4103
2006-03-13,115.3989
2006-03-14,115.3611
2006-03-15,115.4304
2006-03-16,115.3718
2006-03-17,115.433
2006-03-20,115.2875
2006-03-21,115.45
2006-03-22,115.345
2006-03-23,115.162
2006-03-24,115.0896
2006-03-27,115.0907
2006-03-28,115.2099
2006-03-29,115.3108
2006-03-30,115.2825
2006-03-31,115.2098
2006-04-03,115.3553
2006-04-04,115.4417
2006-04-05,115.2467
2006-04-06,115.2941
2006-04-07,115.4132
2006-04-10,115.3941
2006-04-11,115.3418
2006-04-12,115.3521
2006-04-13,115.3043
2006-04-14,115.2459
2006-04-17,115.2105
2006-04-18,114.91
2006-04-19,114.6907
2006-04-20,114.5504
2006-04-21,115.1879
2006-04-24,115.1518
2006-04-25,115.3493
2006-04-26,115.1152
2006-04-27,115.1722
2006-04-28,115.2843
2006-04-29,115.4114
2006-04-30,115.5686
2006-05-08,115.5544
2006-05-09,115.5958
2006-05-10,115.7171
2006-05-11,115.8064
2006-05-12,115.8034
2006-05-15,115.7215
2006-05-16,115.8775
2006-05-17,115.7665
2006-05-18,115.6812
2006-05-19,115.6905
2006-05-22,115.7647
2006-05-23,115.2243
2006-05-24,115.7845
2006-05-25,115.6692
2006-05-26,115.7597
2006-05-29,115.7225
2006-05-30,115.4705
2006-05-31,115.345
2006-06-01,115.5618
2006-06-02,115.2584
2006-06-05,115.1373
2006-06-06,115.0917
2006-06-07,114.9649
2006-06-08,115.0562
2006-06-09,115.0164
2006-06-12,114.9654
2006-06-13,114.9107
2006-06-14,114.8264
2006-06-15,115.0154
2006-06-16,115.0679
2006-06-19,114.9649
2006-06-20,114.9402
2006-06-21,114.9388
2006-06-22,115.0265
2006-06-23,115.1798
2006-06-26,115.2409
2006-06-27,115.3173
2006-06-28,115.3111
2006-06-29,115.425
2006-06-30,115.4889
2006-07-03,115.5313
2006-07-04,115.3881
2006-07-05,115.4566
2006-07-06,115.5367
2006-07-07,115.311
2006-07-10,115.539
2006-07-11,115.6161
2006-07-12,115.6611
2006-07-13,115.6291
2006-07-14,115.3632
2006-07-17,115.4432
2006-07-18,114.9476
2006-07-19,115.4557
2006-07-20,115.4027
2006-07-21,115.4654
2006-07-24,115.2401
2006-07-25,115.1976
2006-07-26,115.2386
2006-07-27,115.1863
2006-07-28,115.0649
2006-07-31,115.241
2006-08-01,115.2543
2006-08-02,115.0672
2006-08-03,115.2935
2006-08-04,115.2794
2006-08-07,115.3207
2006-08-08,115.3179
2006-08-09,115.3438
2006-08-10,115.3362
2006-08-11,115.4254
2006-08-14,115.4468
2006-08-15,115.5324
2006-08-16,115.8179
2006-08-17,115.6431
2006-08-18,115.7056
2006-08-21,115.5739
2006-08-22,115.5577
2006-08-23,115.7779
2006-08-24,115.7175
2006-08-25,115.6791
2006-08-28,115.838
2006-08-29,115.7896
2006-08-30,115.8756
2006-08-31,115.8856
2006-09-01,115.9378
2006-09-04,115.9163
2006-09-05,115.9807
2006-09-06,115.9263
2006-09-07,115.9906
2006-09-08,116.0196
2006-09-11,116.0559
2006-09-12,116.0102
2006-09-13,116.1519
2006-09-14,116.1615
2006-09-15,116.1937
2006-09-18,116.2319
2006-09-19,116.2329
2006-09-20,116.3603
2006-09-21,116.4212
2006-09-22,116.5423
2006-09-25,116.5337
2006-09-26,116.5308
2006-09-27,116.5919
2006-09-28,116.6447
2006-09-29,116.6478
2006-09-30,116.7305
2006-10-08,116.7583
2006-10-09,116.7293
2006-10-10,116.7551
2006-10-11,116.7206
2006-10-12,116.8334
2006-10-13,116.8987
2006-10-16,116.9116
2006-10-17,116.9482
2006-10-18,116.9465
2006-10-19,116.9951
2006-10-20,117.1029
2006-10-23,117.0545
2006-10-24,117.1546
2006-10-25,117.1272
2006-10-26,117.1596
2006-10-27,117.126
2006-10-30,117.2131
2006-10-31,117.1986
2006-11-01,117.1839
2006-11-02,117.1918
2006-11-03,117.2116
2006-11-06,117.1327
2006-11-07,117.1186
2006-11-08,117.1331
2006-11-09,117.1583
2006-11-10,117.216
2006-11-13,117.2276
2006-11-14,117.2261
2006-11-15,117.2191
2006-11-16,117.2106
2006-11-17,117.2196
2006-11-20,117.1526
2006-11-21,117.1539
2006-11-22,117.1469
2006-11-23,116.9986
2006-11-24,117.0365
2006-11-27,117.054
2006-11-28,117.1554
2006-11-29,117.1811
2006-11-30,117.327
2006-12-01,117.3192
2006-12-04,117.3242
2006-12-05,117.3592
2006-12-06,117.4422
2006-12-07,117.3683
2006-12-08,117.1563
2006-12-11,117.1865
2006-12-12,117.1454
2006-12-13,117.2447
2006-12-14,117.2224
2006-12-15,117.3048
2006-12-18,117.1832
2006-12-19,117.1906
2006-12-20,117.2169
2006-12-21,117.2353
2006-12-22,117.229
2006-12-25,117.216
2006-12-26,117.1528
2006-12-27,117.222
2006-12-28,117.2691
2006-12-29,117.3041
2006-12-30,117.3198
2006-12-31,117.2625
2007-01-04,117.2405
2007-01-05,117.3211
2007-01-08,117.2857
2007-01-09,117.3516
2007-01-10,117.5576
2007-01-11,117.4913
2007-01-12,117.465
2007-01-15,117.511
2007-01-16,117.6057
2007-01-17,117.5775
2007-01-18,117.5688
2007-01-19,117.5885
2007-01-22,117.5852
2007-01-23,117.5529
2007-01-24,117.5824
2007-01-25,117.6229
2007-01-26,117.5605
2007-01-29,117.6617
2007-01-30,117.5271
2007-01-31,117.461
2007-02-01,117.5516
2007-02-02,117.5014
2007-02-05,117.4792
2007-02-06,117.3333
2007-02-07,117.3571
2007-02-08,117.3313
2007-02-09,117.3343
2007-02-12,117.3161
2007-02-13,117.2906
2007-02-14,117.3158
2007-02-15,117.336
2007-02-16,117.3793
2007-02-17,117.3783
2007-02-25,117.5099
2007-02-26,117.4698
2007-02-27,117.4977
2007-02-28,117.4651
2007-03-01,117.4498
2007-03-02,117.4823
2007-03-05,117.372
2007-03-06,117.5319
2007-03-07,117.6149
2007-03-08,117.531
2007-03-09,117.5499
2007-03-12,117.6432
2007-03-13,117.5805
2007-03-14,117.589
2007-03-15,117.5613
2007-03-16,117.4263
2007-03-19,117.4524
2007-03-20,117.5162
2007-03-21,117.4691
2007-03-22,117.3034
2007-03-23,117.3287
2007-03-26,117.3908
2007-03-27,117.4405
2007-03-28,117.4175
2007-03-29,117.399
2007-03-30,117.4452
2007-04-02,117.4933
2007-04-03,117.456
2007-04-04,117.4885
2007-04-05,117.4527
2007-04-06,117.4223
2007-04-09,117.3518
2007-04-10,117.1544
2007-04-11,117.1526
2007-04-12,117.103
2007-04-13,117.1167
2007-04-16,117.1384
2007-04-17,116.9113
2007-04-18,116.7283
2007-04-19,116.5695
2007-04-20,116.4868
2007-04-23,116.5813
2007-04-24,116.5292
2007-04-25,116.587
2007-04-26,116.6514
2007-04-27,116.6806
2007-04-28,116.7181
2007-04-29,116.7299
2007-04-30,116.8005
2007-05-08,116.8869
2007-05-09,116.8084
2007-05-10,116.7018
2007-05-11,116.4928
2007-05-14,116.5123
2007-05-15,116.4639
2007-05-16,116.4598
2007-05-17,116.2828
2007-05-18,116.2337
2007-05-21,115.9105
2007-05-22,115.8478
2007-05-23,115.9899
2007-05-24,116.0624
2007-05-25,115.9467
2007-05-28,115.9288
2007-05-29,115.9366
2007-05-30,115.9211
2007-05-31,115.9125
2007-06-01,115.89
2007-06-04,115.9156
2007-06-05,115.9236
2007-06-06,115.9186
2007-06-07,115.8776
2007-06-08,115.903
2007-06-11,115.819
2007-06-12,115.5606
2007-06-13,115.5263
2007-06-14,115.5965
2007-06-15,115.5286
2007-06-18,115.4635
2007-06-19,115.3028
2007-06-20,115.3731
2007-06-21,114.9877
2007-06-22,114.8898
2007-06-25,114.9848
2007-06-26,114.9924
2007-06-27,114.9649
2007-06-28,114.9123
2007-06-29,114.9134
2007-07-02,114.914
2007-07-03,115.0145
2007-07-04,114.977
2007-07-05,114.9993
2007-07-06,114.9617
2007-07-09,114.9274
2007-07-10,114.9657
2007-07-11,115.0877
2007-07-12,114.9695
2007-07-13,114.9597
2007-07-16,115.0493
2007-07-17,115.1243
2007-07-18,115.0192
2007-07-19,114.9544
2007-07-20,115.0195
2007-07-23,114.977
2007-07-24,115.0761
2007-07-25,115.273
2007-07-26,115.6098
2007-07-27,115.6374
2007-07-30,115.7277
2007-07-31,115.6623
2007-08-01,115.7435
2007-08-02,115.7607
2007-08-03,115.6972
2007-08-06,115.7355
2007-08-07,115.6489
2007-08-08,115.5106
2007-08-09,115.6805
2007-08-10,115.7455
2007-08-13,115.6803
2007-08-14,115.754
2007-08-15,115.7796
2007-08-16,115.7804
2007-08-17,115.8742
2007-08-20,115.9696
2007-08-21,116.0133
2007-08-22,116.0291
2007-08-23,116.1654
2007-08-24,116.1587
2007-08-27,115.6731
2007-08-28,115.7041
2007-08-29,115.6352
2007-08-30,115.6679
2007-08-31,115.6605
2007-09-03,115.6949
2007-09-04,115.7127
2007-09-05,115.7065
2007-09-06,115.7062
2007-09-07,115.5262
2007-09-10,115.6161
2007-09-11,115.4247
2007-09-12,115.3276
2007-09-13,115.287
2007-09-14,114.6971
2007-09-17,114.3922
2007-09-18,114.4814
2007-09-19,114.5336
2007-09-20,114.6759
2007-09-21,115.1841
2007-09-24,115.2495
2007-09-25,115.3611
2007-09-26,115.4927
2007-09-27,115.6538
2007-09-28,115.7043
2007-09-29,115.751
2007-09-30,115.8591
2007-10-08,115.8534
2007-10-09,115.8782
2007-10-10,115.9308
2007-10-11,115.9369
2007-10-12,115.8225
2007-10-15,115.8381
2007-10-16,115.7927
2007-10-17,115.7046
2007-10-18,115.6265
2007-10-19,115.4782
2007-10-22,115.5064
2007-10-23,115.4832
2007-10-24,115.5439
2007-10-25,115.4576
2007-10-26,115.4688
2007-10-29,115.5541
2007-10-30,115.5658
2007-10-31,115.5556
2007-11-01,115.5788
2007-11-02,115.5091
2007-11-05,115.4232
2007-11-06,115.3985
2007-11-07,115.2027
2007-11-08,115.0434
2007-11-09,114.9639
2007-11-12,114.8642
2007-11-13,114.7601
2007-11-14,114.7295
2007-11-15,114.5891
2007-11-16,114.6722
2007-11-19,114.6591
2007-11-20,114.6169
2007-11-21,114.6637
2007-11-22,114.6172
2007-11-23,114.7982
2007-11-26,114.8643
2007-11-27,114.9603
2007-11-28,114.9744
2007-11-29,114.9447
2007-11-30,114.9625
2007-12-03,114.9552
2007-12-04,114.987
2007-12-05,115.0133
2007-12-06,115.0672
2007-12-07,115.1114
2007-12-10,115.1205
2007-12-11,115.1787
2007-12-12,115.1889
2007-12-13,115.1083
2007-12-14,115.163
2007-12-17,115.1642
2007-12-18,115.1694
2007-12-19,115.1822
2007-12-20,115.2001
2007-12-21,115.1617
2007-12-24,115.3177
2007-12-25,115.328
2007-12-26,115.3841
2007-12-27,115.4921
2007-12-28,115.5687
2007-12-29,115.5372
2008-01-02,115.5976
2008-01-03,115.5452
2008-01-04,115.5499
2008-01-07,115.6655
2008-01-08,115.7278
2008-01-09,115.7584
2008-01-10,115.8289
2008-01-11,115.8249
2008-01-14,115.9032
2008-01-15,115.8693
2008-01-16,115.9226
2008-01-17,115.9828
2008-01-18,115.9895
2008-01-21,115.9969
2008-01-22,115.9842
2008-01-23,116.2609
2008-01-24,116.3647
2008-01-25,116.4693
2008-01-28,116.6392
2008-01-29,116.6778
2008-01-30,116.7424
2008-01-31,116.7958
2008-02-01,117.2373
2008-02-02,117.3541
2008-02-03,117.288
2008-02-04,117.3076
2008-02-05,117.3803
2008-02-13,117.4622
2008-02-14,117.4954
2008-02-15,117.5081
2008-02-18,117.527
2008-02-19,117.4649
2008-02-20,117.4687
2008-02-21,117.4707
2008-02-22,117.4963
2008-02-25,117.5567
2008-02-26,117.6541
2008-02-27,117.6791
2008-02-28,117.6707
2008-02-29,117.6077
2008-03-03,117.6239
2008-03-04,117.6654
2008-03-05,117.6312
2008-03-06,117.6271
2008-03-07,117.6128
2008-03-10,117.6715
2008-03-11,117.6674
2008-03-12,117.7428
2008-03-13,117.7352
2008-03-14,117.7821
2008-03-17,117.8142
2008-03-18,117.8319
2008-03-19,117.8831
2008-03-20,117.9562
2008-03-21,118.0301
2008-03-24,118.0424
2008-03-25,118.2426
2008-03-26,118.1899
2008-03-27,118.2558
2008-03-28,118.2826
2008-03-31,118.4022
2008-04-01,118.3589
2008-04-02,118.4006
2008-04-03,118.4777
2008-04-07,118.5502
2008-04-08,118.5963
2008-04-09,118.6293
2008-04-10,118.6693
2008-04-11,118.7544
2008-04-14,118.7728
2008-04-15,118.8016
2008-04-16,118.84
2008-04-17,118.8775
2008-04-18,118.9213
2008-04-21,118.8476
2008-04-22,118.802
2008-04-23,118.8595
2008-04-24,118.7508
2008-04-25,118.8405
2008-04-28,118.8529
2008-04-29,118.8402
2008-04-30,118.7631
2008-05-04,118.9367
2008-05-05,118.844
2008-05-06,118.8107
2008-05-07,118.6417
2008-05-08,118.7627
2008-05-09,118.7931
2008-05-12,118.8295
2008-05-13,118.8322
2008-05-14,118.8095
2008-05-15,118.8528
2008-05-16,118.819
2008-05-19,118.7946
2008-05-20,118.7942
2008-05-21,118.8625
2008-05-22,118.9049
2008-05-23,118.867
2008-05-26,118.8377
2008-05-27,118.8827
2008-05-28,118.8791
2008-05-29,118.8705
2008-05-30,118.8931
2008-06-02,118.8784
2008-06-03,118.92
2008-06-04,118.9263
2008-06-05,118.9194
2008-06-06,118.9536
2008-06-10,118.8523
2008-06-11,118.6252
2008-06-12,118.5643
2008-06-13,118.6013
2008-06-16,118.6652
2008-06-17,118.6891
2008-06-18,118.683
2008-06-19,118.6668
2008-06-20,118.5087
2008-06-23,118.5175
2008-06-24,118.6043
2008-06-25,118.5915
2008-06-26,118.3891
2008-06-27,118.2285
2008-06-30,118.0965
2008-07-01,118.0064
2008-07-02,118.1073
2008-07-03,118.0389
2008-07-04,117.9485
2008-07-07,118.0418
2008-07-08,118.0899
2008-07-09,118.2249
2008-07-10,118.3658
2008-07-11,118.5357
2008-07-14,118.3764
2008-07-15,118.4331
2008-07-16,118.45
2008-07-17,118.4333
2008-07-18,118.3446
2008-07-21,118.4277
2008-07-22,118.444
2008-07-23,118.4695
2008-07-24,118.5287
2008-07-25,118.5541
2008-07-28,118.5128
2008-07-29,118.509
2008-07-30,118.5985
2008-07-31,118.6286
2008-08-01,118.5249
2008-08-04,118.5884
2008-08-05,118.5927
2008-08-06,118.5755
2008-08-07,118.6743
2008-08-08,118.6929
2008-08-11,118.6961
2008-08-12,118.6962
2008-08-13,118.7726
2008-08-14,118.8449
2008-08-15,118.9487
2008-08-18,119.0372
2008-08-19,119.1766
2008-08-20,119.2073
2008-08-21,119.221
2008-08-22,119.2415
2008-08-25,119.4012
2008-08-26,119.477
2008-08-27,119.5404
2008-08-28,119.657
2008-08-29,119.8351
2008-09-01,119.9979
2008-09-02,120.0469
2008-09-03,120.0573
2008-09-04,120.02
2008-09-05,120.0087
2008-09-08,120.039
2008-09-09,120.1776
2008-09-10,120.4876
2008-09-11,120.5692
2008-09-12,120.8859
2008-09-16,121.8643
2008-09-17,122.2861
2008-09-18,122.098
2008-09-19,121.8102
2008-09-22,121.7471
2008-09-23,121.5366
2008-09-24,121.9451
2008-09-25,121.8862
2008-09-26,121.9581
2008-09-27,121.9497
2008-09-28,122.0176
2008-10-06,122.0725
2008-10-07,122.5867
2008-10-08,123.3819
2008-10-09,124.5413
2008-10-10,125.1428
2008-10-13,125.1695
2008-10-14,124.4676
2008-10-15,124.7461
2008-10-16,124.8426
2008-10-17,124.794
2008-10-20,124.7792
2008-10-21,124.8542
2008-10-22,124.752
2008-10-23,124.8605
2008-10-24,124.912
2008-10-27,124.9909
2008-10-28,125.2834
2008-10-29,125.5474
2008-10-30,125.7394
2008-10-31,125.8678
2008-11-03,125.9393
2008-11-04,125.7601
2008-11-05,125.9674
2008-11-06,126.1936
2008-11-07,126.7461
2008-11-10,127.0336
2008-11-11,127.0261
2008-11-12,127.207
2008-11-13,127.7154
2008-11-14,127.3669
2008-11-17,127.205
2008-11-18,127.2665
2008-11-19,126.9089
2008-11-20,127.0678
2008-11-21,126.9036
2008-11-24,127.1414
2008-11-25,127.0572
2008-11-26,127.505
2008-11-27,128.3532
2008-11-28,128.2021
2008-12-01,127.9579
2008-12-02,128.3772
2008-12-03,128.4638
2008-12-04,128.9073
2008-12-05,129.936
2008-12-08,129.9805
2008-12-09,129.9427
2008-12-10,130.1335
2008-12-11,130.1628
2008-12-12,130.4137
2008-12-15,130.4248
2008-12-16,130.8135
2008-12-17,131.3607
2008-12-18,131.6352
2008-12-19,131.6839
2008-12-22,131.574
2008-12-23,131.4833
2008-12-24,131.436
2008-12-25,131.4926
2008-12-26,131.6916
2008-12-29,131.7863
2008-12-30,131.7816
2008-12-31,131.6632
2009-01-04,131.8139
2009-01-05,131.7968
2009-01-06,131.8081
2009-01-07,131.8129
2009-01-08,131.9871
2009-01-09,132.1535
2009-01-12,132.0331
2009-01-13,131.9402
2009-01-14,131.7804
2009-01-15,131.1685
2009-01-16,130.6339
2009-01-19,130.4616
2009-01-20,129.9581
2009-01-21,129.8773
2009-01-22,130.4145
2009-01-23,130.4049
2009-01-24,130.5409
2009-02-01,130.5104
2009-02-02,130.2779
2009-02-03,129.7139
2009-02-04,128.9867
2009-02-05,128.5611
2009-02-06,128.7811
2009-02-09,129.1485
2009-02-10,129.1438
2009-02-11,129.3417
2009-02-12,129.6927
2009-02-13,129.7264
2009-02-16,129.7613
2009-02-17,129.5542
2009-02-18,129.7862
2009-02-19,129.8698
2009-02-20,129.9115
2009-02-23,129.8275
2009-02-24,129.8912
2009-02-25,130.0071
2009-02-26,130.0974
2009-02-27,130.0153
2009-03-02,129.9705
2009-03-03,129.9889
2009-03-04,129.8907
2009-03-05,129.8164
2009-03-06,129.9798
2009-03-09,130.072
2009-03-10,130.1395
2009-03-11,130.2114
2009-03-12,130.1827
2009-03-13,130.1539
2009-03-16,130.2355
2009-03-17,130.3496
2009-03-18,130.266
2009-03-19,130.3507
2009-03-20,130.4606
2009-03-23,130.5391
2009-03-24,130.5346
2009-03-25,130.5172
2009-03-26,130.4539
2009-03-27,130.4045
2009-03-30,130.3653
2009-03-31,130.4744
2009-04-01,130.5451
2009-04-02,130.4436
2009-04-03,130.3534
2009-04-07,130.2273
2009-04-08,130.0741
2009-04-09,130.0031
2009-04-10,130.0905
2009-04-13,129.9753
2009-04-14,129.994
2009-04-15,129.8742
2009-04-16,129.873
2009-04-17,130.0192
2009-04-20,130.0914
2009-04-21,130.1494
2009-04-22,130.129
2009-04-23,130.1705
2009-04-24,130.173
2009-04-27,130.2032
2009-04-28,130.2454
2009-04-29,130.4213
2009-04-30,130.3723
2009-05-04,130.4191
2009-05-05,130.4576
2009-05-06,130.5123
2009-05-07,130.5721
2009-05-08,130.5075
2009-05-11,130.6568
2009-05-12,130.6035
2009-05-13,130.7642
2009-05-14,130.7841
2009-05-15,130.9861
2009-05-18,131.0004
2009-05-19,131.1045
2009-05-20,131.1037
2009-05-21,131.0392
2009-05-22,131.0825
2009-05-25,131.0718
2009-05-26,131.0854
2009-05-27,131.1774
2009-05-31,131.1289
2009-06-01,131.1099
2009-06-02,131.1024
2009-06-03,131.0949
2009-06-04,131.0593
2009-06-05,131.0335
2009-06-08,131.0934
2009-06-09,131.0599
2009-06-10,131.0305
2009-06-11,130.9979
2009-06-12,130.9302
2009-06-15,130.9365
2009-06-16,130.984
2009-06-17,130.9678
2009-06-18,130.9843
2009-06-19,130.9039
2009-06-22,130.9445
2009-06-23,130.9942
2009-06-24,130.8818
2009-06-25,130.8809
2009-06-26,130.7866
2009-06-29,130.8391
2009-06-30,130.8535
2009-07-01,130.808
2009-07-02,130.7177
2009-07-03,130.601
2009-07-06,130.5445
2009-07-07,130.4845
2009-07-08,130.381
2009-07-09,129.8625
2009-07-10,129.8112
2009-07-13,129.4825
2009-07-14,129.3398
2009-07-15,129.1318
2009-07-16,128.6591
2009-07-17,128.3564
2009-07-20,128.2974
2009-07-21,128.302
2009-07-22,128.4889
2009-07-23,128.5266
2009-07-24,128.5452
2009-07-27,128.6248
2009-07-28,128.5398
2009-07-29,128.5537
2009-07-30,128.5851
2009-07-31,128.6379
2009-08-03,128.5925
2009-08-04,128.5295
2009-08-05,128.5117
2009-08-06,128.6158
2009-08-07,128.7462
2009-08-10,128.6698
2009-08-11,128.6521
2009-08-12,128.6877
2009-08-13,128.7744
2009-08-14,128.7366
2009-08-17,128.7277
2009-08-18,128.7112
2009-08-19,128.7611
2009-08-20,128.8185
2009-08-21,128.8783
2009-08-24,128.9322
2009-08-25,129.0184
2009-08-26,128.9215
2009-08-27,128.9725
2009-08-28,129.075
2009-08-31,129.1095
2009-09-01,129.0669
2009-09-02,129.2516
2009-09-03,129.3671
2009-09-04,129.4387
2009-09-07,129.5684
2009-09-08,129.7053
2009-09-09,129.9269
2009-09-10,129.8574
2009-09-11,129.6492
2009-09-14,129.6494
2009-09-15,129.726
2009-09-16,129.8222
2009-09-17,129.7123
2009-09-18,129.7225
2009-09-21,129.6265
2009-09-22,129.5273
2009-09-23,129.4793
2009-09-24,129.4965
2009-09-25,129.4516
2009-09-27,129.4991
2009-09-28,129.4761
2009-09-29,129.4758
2009-09-30,129.5813
2009-10-09,129.5202
2009-10-10,129.5035
2009-10-12,129.5321
2009-10-13,129.2481
2009-10-14,129.1249
2009-10-15,128.9978
2009-10-16,128.9493
2009-10-19,128.9976
2009-10-20,129.1702
2009-10-21,129.2558
2009-10-22,129.1687
2009-10-23,129.1553
2009-10-26,129.2544
2009-10-27,129.1602
2009-10-28,129.1145
2009-10-29,129.1906
2009-10-30,129.2825
2009-11-02,129.3114
2009-11-03,129.332
2009-11-04,129.2817
2009-11-05,129.1969
2009-11-06,129.2173
2009-11-09,129.237
2009-11-10,129.2364
2009-11-11,129.2564
2009-11-12,129.2924
2009-11-13,129.4005
2009-11-16,129.4341
2009-11-17,129.4276
2009-11-18,129.4777
2009-11-19,129.5853
2009-11-20,129.6219
2009-11-23,129.686
2009-11-24,129.8122
2009-11-25,129.8195
2009-11-26,129.7693
2009-11-27,130.0453
2009-11-30,130.0543
2009-12-01,130.0335
2009-12-02,130.13
2009-12-03,130.2635
2009-12-04,130.203
2009-12-07,130.241
2009-12-08,130.134
2009-12-09,130.1436
2009-12-10,130.0938
2009-12-11,130.0885
2009-12-14,130.178
2009-12-15,130.1174
2009-12-16,130.146
2009-12-17,130.2472
2009-12-18,130.1353
2009-12-21,130.2162
2009-12-22,130.2969
2009-12-23,130.3321
2009-12-24,130.287
2009-12-25,130.1986
2009-12-28,130.2893
2009-12-29,130.2924
2009-12-30,130.343
2009-12-31,130.379
2010-01-04,130.419
2010-01-05,130.4213
2010-01-06,130.4624
2010-01-07,130.3935
2010-01-08,130.1804
2010-01-11,130.2431
2010-01-12,130.1527
2010-01-13,130.0656
2010-01-14,130.2367
2010-01-15,130.1407
2010-01-18,130.1838
2010-01-19,130.2211
2010-01-20,130.2777
2010-01-21,130.2326
2010-01-22,130.3054
2010-01-25,130.303
2010-01-26,130.3789
2010-01-27,130.3648
2010-01-28,130.3851
2010-01-29,130.4197
2010-02-01,130.6512
2010-02-02,130.7128
2010-02-03,130.7407
2010-02-04,130.7549
2010-02-05,130.8195
2010-02-08,130.9648
2010-02-09,130.9838
2010-02-10,131.0345
2010-02-11,130.9874
2010-02-12,130.9181
2010-02-20,130.9312
2010-02-21,130.9293
2010-02-22,130.9191
2010-02-23,130.9283
2010-02-24,131.0542
2010-02-25,131.3092
2010-02-26,131.6059
2010-03-01,131.874
2010-03-02,131.9919
2010-03-03,132.2084
2010-03-04,132.2548
2010-03-05,132.3863
2010-03-08,132.4279
2010-03-09,132.4303
2010-03-10,132.3582
2010-03-11,132.3983
2010-03-12,132.3445
2010-03-15,132.487
2010-03-16,132.5496
2010-03-17,132.6357
2010-03-18,132.724
2010-03-19,132.7493
2010-03-22,132.7362
2010-03-23,132.7141
2010-03-24,132.7325
2010-03-25,132.7231
2010-03-26,132.728
2010-03-29,132.6235
2010-03-30,132.4892
2010-03-31,132.5112
2010-04-01,132.5734
2010-04-02,132.615
2010-04-06,132.6341
2010-04-07,132.3609
2010-04-08,132.1777
2010-04-09,132.1529
2010-04-12,132.2317
2010-04-13,132.277
2010-04-14,132.3205
2010-04-15,132.387
2010-04-16,132.394
2010-04-19,132.5152
2010-04-20,132.6574
2010-04-21,132.7437
2010-04-22,132.8053
2010-04-23,132.9792
2010-04-26,133.1801
2010-04-27,133.1631
2010-04-28,133.2624
2010-04-29,133.2706
2010-04-30,133.2664
2010-05-04,133.1957
2010-05-05,133.1708
2010-05-06,133.2372
2010-05-07,133.3627
2010-05-10,133.3935
2010-05-11,133.3809
2010-05-12,133.5197
2010-05-13,133.5232
2010-05-14,133.5724
2010-05-17,133.7468
2010-05-18,134.0151
2010-05-19,134.2804
2010-05-20,134.2385
2010-05-21,134.1541
2010-05-24,134.099
2010-05-25,134.1236
2010-05-26,134.1224
2010-05-27,134.1249
2010-05-28,133.9784
2010-05-31,134.0259
2010-06-01,133.9767
2010-06-02,133.8527
2010-06-03,133.899
2010-06-04,133.9599
2010-06-07,133.9788
2010-06-08,133.9572
2010-06-09,133.8956
2010-06-10,133.7984
2010-06-11,133.6837
2010-06-12,133.7077
2010-06-13,133.6859
2010-06-17,133.7655
2010-06-18,133.0603
2010-06-21,133.1093
2010-06-22,133.1913
2010-06-23,133.1228
2010-06-24,133.2105
2010-06-25,133.1219
2010-06-28,133.2943
2010-06-29,133.6045
2010-06-30,133.7851
2010-07-01,133.7934
2010-07-02,133.8071
2010-07-05,133.8817
2010-07-06,134.1035
2010-07-07,134.1387
2010-07-08,134.1415
2010-07-09,134.1205
2010-07-12,134.1429
2010-07-13,134.2251
2010-07-14,134.2641
2010-07-15,134.2669
2010-07-16,134.3082
2010-07-19,134.3522
2010-07-20,134.3802
2010-07-21,134.3931
2010-07-22,134.3451
2010-07-23,134.3161
2010-07-26,134.2486
2010-07-27,134.2072
2010-07-28,134.1947
2010-07-29,134.2584
2010-07-30,134.2362
2010-08-02,134.2087
2010-08-03,134.1379
2010-08-04,134.2436
2010-08-05,134.2553
2010-08-06,134.3128
2010-08-09,134.354
2010-08-10,134.3911
2010-08-11,134.4142
2010-08-12,134.465
2010-08-13,134.4811
2010-08-16,134.5294
2010-08-17,134.49
2010-08-18,134.5486
2010-08-19,134.5537
2010-08-20,134.5025
2010-08-23,134.5505
2010-08-24,134.5735
2010-08-25,134.5902
2010-08-26,134.5575
2010-08-27,134.6191
2010-08-30,134.5872
2010-08-31,134.6308
2010-09-01,134.6273
2010-09-02,134.6635
2010-09-03,134.6137
2010-09-06,134.6122
2010-09-07,134.5466
2010-09-08,134.5263
2010-09-09,134.5432
2010-09-10,134.5334
2010-09-13,134.4695
2010-09-14,134.4361
2010-09-15,134.4445
2010-09-16,134.4094
2010-09-17,134.402
2010-09-19,134.4247
2010-09-20,134.4105
2010-09-21,134.4432
2010-09-25,134.4734
2010-09-26,134.482
2010-09-27,134.5027
2010-09-28,134.4561
2010-09-29,134.436
2010-09-30,134.5357
2010-10-08,134.5949
2010-10-09,134.7024
2010-10-11,134.5981
2010-10-12,134.5234
2010-10-13,134.5465
2010-10-14,134.6284
2010-10-15,134.6373
2010-10-18,134.6603
2010-10-19,134.6285
2010-10-20,133.7245
2010-10-21,133.2256
2010-10-22,133.3332
2010-10-25,133.3239
2010-10-26,133.1893
2010-10-27,133.09
2010-10-28,133.1503
2010-10-29,133.2235
2010-11-01,133.1776
2010-11-02,132.9737
2010-11-03,132.5346
2010-11-04,132.2715
2010-11-05,132.1844
2010-11-08,132.211
2010-11-09,132.1482
2010-11-10,131.7637
2010-11-11,131.5396
2010-11-12,131.3003
2010-11-15,131.193
2010-11-16,131.2831
2010-11-17,131.3813
2010-11-18,131.5348
2010-11-19,131.426
2010-11-22,131.2367
2010-11-23,131.0907
2010-11-24,130.8811
2010-11-25,130.8141
2010-11-26,130.7211
2010-11-29,130.7208
2010-11-30,130.8212
2010-12-01,131.0718
2010-12-02,131.0898
2010-12-03,131.1628
2010-12-06,131.365
2010-12-07,131.48
2010-12-08,131.3627
2010-12-09,131.3384
2010-12-10,131.3502
2010-12-13,131.4324
2010-12-14,131.4505
2010-12-15,131.5146
2010-12-16,131.5247
2010-12-17,131.5166
2010-12-20,131.6749
2010-12-21,131.6969
2010-12-22,131.7547
2010-12-23,131.6967
2010-12-24,131.6917
2010-12-27,131.3444
2010-12-28,131.3246
2010-12-29,131.3655
2010-12-30,131.41
2010-12-31,131.5316
2011-01-04,131.8027
2011-01-05,132.0062
2011-01-06,131.9759
2011-01-07,132.1494
2011-01-10,132.2227
2011-01-11,132.2113
2011-01-12,132.2282
2011-01-13,132.2718
2011-01-14,132.0838
2011-01-17,131.9478
2011-01-18,131.6925
2011-01-19,131.6015
2011-01-20,131.6622
2011-01-21,131.641
2011-01-24,131.7565
2011-01-25,131.7695
2011-01-26,131.7632
2011-01-27,131.7748
2011-01-28,131.7701
2011-01-30,131.8078
2011-01-31,131.8556
2011-02-01,131.8834
2011-02-09,131.5925
2011-02-10,131.5169
2011-02-11,131.574
2011-02-12,131.5216
2011-02-14,131.8317
2011-02-15,131.897
2011-02-16,131.8097
2011-02-17,131.8503
2011-02-18,131.8747
2011-02-21,131.7443
2011-02-22,131.8106
2011-02-23,131.9332
2011-02-24,132.0701
2011-02-25,132.1537
2011-02-28,132.2482
2011-03-01,132.299
2011-03-02,132.336
2011-03-03,132.3891
2011-03-04,132.3813
2011-03-07,132.4326
2011-03-08,132.5392
2011-03-09,132.8474
2011-03-10,132.7868
2011-03-11,132.755
2011-03-14,132.8181
2011-03-15,132.8658
2011-03-16,132.9306
2011-03-17,132.9635
2011-03-18,132.9813
2011-03-21,133.0041
2011-03-22,132.9531
2011-03-23,132.9552
2011-03-24,132.9567
2011-03-25,132.9264
2011-03-28,133.0118
2011-03-29,132.9842
2011-03-30,133.0318
2011-03-31,133.0473
2011-04-01,133.0819
2011-04-02,133.1196
2011-04-06,133.0478
2011-04-07,133.0796
2011-04-08,133.1265
2011-04-11,133.1861
2011-04-12,133.2987
2011-04-13,133.4854
2011-04-14,133.5248
2011-04-15,133.5381
2011-04-18,133.502
2011-04-19,133.5358
2011-04-20,133.5772
2011-04-21,133.6039
2011-04-22,133.617
2011-04-25,133.6181
2011-04-26,133.6036
2011-04-27,133.6473
2011-04-28,133.6618
2011-04-29,133.6882
2011-05-03,133.7814
2011-05-04,133.7953
2011-05-05,133.7928
2011-05-06,133.8189
2011-05-09,133.8622
2011-05-10,133.876
2011-05-11,133.9016
2011-05-12,133.9028
2011-05-13,133.8753
2011-05-16,133.8977
2011-05-17,133.8992
2011-05-18,133.9035
2011-05-19,133.9489
2011-05-20,133.9505
2011-05-23,134.0206
2011-05-24,134.0276
2011-05-25,134.113
2011-05-26,134.2214
2011-05-27,134.2436
2011-05-30,134.2978
2011-05-31,134.2539
2011-06-01,134.197
2011-06-02,134.1359
2011-06-03,134.1395
2011-06-07,134.1514
2011-06-08,134.099
2011-06-09,134.0268
2011-06-10,133.9816
2011-06-13,133.9177
2011-06-14,133.6776
2011-06-15,133.4995
2011-06-16,133.4048
2011-06-17,133.3526
2011-06-20,133.4865
2011-06-21,133.564
2011-06-22,133.5279
2011-06-23,133.5583
2011-06-24,133.6072
2011-06-27,133.7804
2011-06-28,133.8314
2011-06-29,133.853
2011-06-30,133.8817
2011-07-01,133.9947
2011-07-04,134.0293
2011-07-05,134.0901
2011-07-06,134.0062
2011-07-07,133.9746
2011-07-08,134.005
2011-07-11,133.991
2011-07-12,134.0055
2011-07-13,133.9386
2011-07-14,133.9113
2011-07-15,133.9205
2011-07-18,133.8103
2011-07-19,133.5605
2011-07-20,133.1355
2011-07-21,132.9235
2011-07-22,132.877
2011-07-25,132.9013
2011-07-26,132.8837
2011-07-27,132.8852
2011-07-28,132.9481
2011-07-29,133.0152
2011-08-01,133.0667
2011-08-02,133.0846
2011-08-03,132.7928
2011-08-04,132.7388
2011-08-05,132.8595
2011-08-08,132.9761
2011-08-09,133.0912
2011-08-10,133.0987
2011-08-11,133.3066
2011-08-12,133.3428
2011-08-15,133.4066
2011-08-16,133.364
2011-08-17,133.3614
2011-08-18,133.3759
2011-08-19,133.4616
2011-08-22,133.5245
2011-08-23,133.466
2011-08-24,133.5466
2011-08-25,133.453
2011-08-26,133.3567
2011-08-29,132.7625
2011-08-30,132.4366
2011-08-31,132.5367
2011-09-01,132.6481
2011-09-02,132.7203
2011-09-05,132.9236
2011-09-06,133.033
2011-09-07,132.8095
2011-09-08,132.8145
2011-09-09,132.9094
2011-09-13,133.0427
2011-09-14,132.9913
2011-09-15,132.913
2011-09-16,132.8305
2011-09-19,132.8346
2011-09-20,132.8849
2011-09-21,132.8531
2011-09-22,133.0771
2011-09-23,133.5315
2011-09-26,133.9723
2011-09-27,133.792
2011-09-28,133.7746
2011-09-29,134.0203
2011-09-30,134.1359
2011-10-08,134.2484
2011-10-09,134.5657
2011-10-10,134.9586
2011-10-11,135.0523
2011-10-12,135.0171
2011-10-13,134.8927
2011-10-14,135.0152
2011-10-17,134.955
2011-10-18,135.1734
2011-10-19,135.1602
2011-10-20,135.2114
2011-10-21,135.1309
2011-10-24,135.1566
2011-10-25,135.0178
2011-10-26,135.1288
2011-10-27,135.0793
2011-10-28,135.1267
2011-10-31,135.2845
2011-11-01,135.5784
2011-11-02,135.7826
2011-11-03,135.7428
2011-11-04,135.8846
2011-11-07,135.914
2011-11-08,136.0669
2011-11-09,136.4885
2011-11-10,137.0374
2011-11-11,137.0039
2011-11-14,137.0865
2011-11-15,136.9392
2011-11-16,136.9078
2011-11-17,136.8456
2011-11-18,136.8752
2011-11-21,136.7872
2011-11-22,136.7225
2011-11-23,136.966
2011-11-24,137.0872
2011-11-25,137.1371
2011-11-28,137.0721
2011-11-29,137.0017
2011-11-30,137.203
2011-12-01,138.0818
2011-12-02,138.4153
2011-12-05,138.5687
2011-12-06,138.5204
2011-12-07,138.6125
2011-12-08,138.5776
2011-12-09,138.658
2011-12-12,138.6457
2011-12-13,138.5343
2011-12-14,138.4682
2011-12-15,138.4833
2011-12-16,138.5269
2011-12-19,138.6027
2011-12-20,138.6159
2011-12-21,138.5691
2011-12-22,138.6095
2011-12-23,138.6235
2011-12-26,138.6475
2011-12-27,138.6645
2011-12-28,138.6906
2011-12-29,138.774
2011-12-30,138.9701
2011-12-31,138.9811
2012-01-04,139.0554
2012-01-05,138.9979
2012-01-06,139.136
2012-01-09,139.1946
2012-01-10,139.209
2012-01-11,139.1925
2012-01-12,139.2256
2012-01-13,139.1682
2012-01-16,139.1331
2012-01-17,139.115
2012-01-18,139.1083
2012-01-19,139.2058
2012-01-20,139.2747
2012-01-21,139.2635
2012-01-29,139.3777
2012-01-30,139.3657
2012-01-31,139.3312
2012-02-01,139.2454
2012-02-02,139.2182
2012-02-03,139.2465
2012-02-06,139.1407
2012-02-07,139.1569
2012-02-08,139.0305
2012-02-09,138.8202
2012-02-10,138.8441
2012-02-13,139.0291
2012-02-14,139.0286
2012-02-15,138.8994
2012-02-16,138.8531
2012-02-17,138.7696
2012-02-20,139.0865
2012-02-21,139.0687
2012-02-22,138.9893
2012-02-23,138.9611
2012-02-24,138.965
2012-02-27,138.905
2012-02-28,138.8543
2012-02-29,138.9643
2012-03-01,138.9482
2012-03-02,138.9159
2012-03-05,138.9041
2012-03-06,138.9681
2012-03-07,138.9726
2012-03-08,139.0609
2012-03-09,139.0639
2012-03-12,139.1746
2012-03-13,139.2583
2012-03-14,139.1875
2012-03-15,139.1142
2012-03-16,139.1947
2012-03-19,139.1863
2012-03-20,139.2152
2012-03-21,139.2574
2012-03-22,139.2647
2012-03-23,139.3733
2012-03-26,139.4642
2012-03-27,139.4541
2012-03-28,139.4786
2012-03-29,139.6566
2012-03-30,139.596
2012-03-31,139.6626
2012-04-01,139.5946
2012-04-05,139.6825
2012-04-06,139.673
2012-04-09,139.6952
2012-04-10,139.8385
2012-04-11,139.8505
2012-04-12,139.8168
2012-04-13,139.7674
2012-04-16,139.8239
2012-04-17,139.8491
2012-04-18,139.827
2012-04-19,139.771
2012-04-20,139.8176
2012-04-23,139.9226
2012-04-24,139.9628
2012-04-25,139.894
2012-04-26,139.8684
2012-04-27,139.8953
2012-04-28,139.8852
2012-05-02,139.9303
2012-05-03,139.9517
2012-05-04,139.9317
2012-05-07,139.9849
2012-05-08,140.032
2012-05-09,140.1085
2012-05-10,140.2833
2012-05-11,140.5539
2012-05-14,141.2289
2012-05-15,141.8825
2012-05-16,142.1652
2012-05-17,141.8582
2012-05-18,142.0684
2012-05-21,142.0473
2012-05-22,142.0305
2012-05-23,142.0074
2012-05-24,142.4629
2012-05-25,142.864
2012-05-28,142.7924
2012-05-29,142.6454
2012-05-30,142.3817
2012-05-31,142.5154
2012-06-01,142.6659
2012-06-04,142.6727
2012-06-05,142.5785
2012-06-06,142.5439
2012-06-07,142.509
2012-06-08,142.7485
2012-06-11,142.6695
2012-06-12,142.4985
2012-06-13,142.3349
2012-06-14,142.2207
2012-06-15,142.3254
2012-06-18,142.0523
2012-06-19,141.9724
2012-06-20,141.8813
2012-06-21,142.011
2012-06-25,142.1107
2012-06-26,142.3011
2012-06-27,142.4293
2012-06-28,142.5647
2012-06-29,142.6298
2012-07-02,142.6012
2012-07-03,142.6099
2012-07-04,142.6534
2012-07-05,142.7224
2012-07-06,142.9568
2012-07-09,143.1392
2012-07-10,143.2327
2012-07-11,143.3063
2012-07-12,143.3697
2012-07-13,143.3454
2012-07-16,143.367
2012-07-17,143.3536
2012-07-18,143.3133
2012-07-19,143.2859
2012-07-20,143.3297
2012-07-23,143.3498
2012-07-24,143.3698
2012-07-25,143.2843
2012-07-26,143.2655
2012-07-27,143.1929
2012-07-30,143.2174
2012-07-31,143.1518
2012-08-01,143.1569
2012-08-02,143.1504
2012-08-03,143.1406
2012-08-06,143.0529
2012-08-07,142.9941
2012-08-08,142.8213
2012-08-09,142.8527
2012-08-10,142.8731
2012-08-13,142.9026
2012-08-14,142.7691
2012-08-15,142.5422
2012-08-16,142.4884
2012-08-17,142.3989
2012-08-20,142.1468
2012-08-21,142.0882
2012-08-22,141.7385
2012-08-23,141.7647
2012-08-24,141.8504
2012-08-27,141.8902
2012-08-28,141.8104
2012-08-29,141.7803
2012-08-30,141.7259
2012-08-31,141.7175
2012-09-03,141.8036
2012-09-04,141.9507
2012-09-05,141.9195
2012-09-06,141.9335
2012-09-07,141.6469
2012-09-10,141.417
2012-09-11,141.3053
2012-09-12,141.0015
2012-09-13,140.9426
2012-09-14,140.7096
2012-09-17,140.5219
2012-09-18,140.807
2012-09-19,140.768
2012-09-20,140.8659
2012-09-21,140.9118
2012-09-24,140.8992
2012-09-25,141.201
2012-09-26,141.4936
2012-09-27,141.6566
2012-09-28,141.6217
2012-09-29,141.6237
2012-10-08,141.5711
2012-10-09,141.5725
2012-10-10,141.5312
2012-10-11,141.5937
2012-10-12,141.7356
2012-10-15,141.8202
2012-10-16,141.7899
2012-10-17,141.7263
2012-10-18,141.7184
2012-10-19,141.6652
2012-10-22,141.7439
2012-10-23,141.7164
2012-10-24,141.6348
2012-10-25,141.6504
2012-10-26,141.6382
2012-10-29,141.757
2012-10-30,141.8223
2012-10-31,141.8509
2012-11-01,141.7427
2012-11-02,141.8582
2012-11-05,141.9451
2012-11-06,141.9952
2012-11-07,142.0066
2012-11-08,142.0133
2012-11-09,142.1482
2012-11-12,142.154
2012-11-13,142.2388
2012-11-14,142.2586
2012-11-15,142.2479
2012-11-16,142.366
2012-11-19,142.6105
2012-11-20,142.608
2012-11-21,142.5309
2012-11-22,142.4291
2012-11-23,142.4125
2012-11-26,142.3758
2012-11-27,142.3216
2012-11-28,142.2433
2012-11-29,142.196
2012-11-30,142.1429
2012-12-03,142.1589
2012-12-04,142.0941
2012-12-05,142.0494
2012-12-06,142.0599
2012-12-07,142.0534
2012-12-10,142.0415
2012-12-11,142.0747
2012-12-12,142.1156
2012-12-13,142.1319
2012-12-14,142.124
2012-12-17,142.1383
2012-12-18,142.1774
2012-12-19,142.1819
2012-12-20,142.1739
2012-12-21,142.1942
2012-12-24,142.2288
2012-12-25,142.2369
2012-12-26,142.2893
2012-12-27,142.5084
2012-12-28,142.6001
2012-12-31,142.6977
2013-01-04,142.5244
2013-01-05,142.6573
2013-01-06,142.7143
2013-01-07,142.7159
2013-01-08,142.8619
2013-01-09,142.8161
2013-01-10,142.7509
2013-01-11,142.5606
2013-01-14,142.5738
2013-01-15,142.6193
2013-01-16,142.6215
2013-01-17,142.6965
2013-01-18,142.8295
2013-01-21,142.9009
2013-01-22,142.9194
2013-01-23,142.8145
2013-01-24,142.7893
2013-01-25,142.8087
2013-01-28,142.7568
2013-01-29,142.7668
2013-01-30,142.7155
2013-01-31,142.7693
2013-02-01,142.7989
2013-02-04,142.8209
2013-02-05,142.8614
2013-02-06,142.8856
2013-02-07,142.9298
2013-02-08,142.9572
2013-02-16,143.0854
2013-02-17,143.1188
2013-02-18,143.0177
2013-02-19,142.9968
2013-02-20,143.0333
2013-02-21,142.9941
2013-02-22,142.9508
2013-02-25,142.8797
2013-02-26,142.8834
2013-02-27,142.9467
2013-02-28,142.9299
2013-03-01,142.914
2013-03-04,143.1246
2013-03-05,143.1529
2013-03-06,143.18
2013-03-07,143.1457
2013-03-08,143.1445
2013-03-11,143.0845
2013-03-12,143.159
2013-03-13,143.2131
2013-03-14,143.2071
2013-03-15,143.1558
2013-03-18,143.218
2013-03-19,143.2323
2013-03-20,143.2395
2013-03-21,143.2097
2013-03-22,143.2304
2013-03-25,143.2897
2013-03-26,143.3078
2013-03-27,143.307
2013-03-28,143.3602
2013-03-29,143.3882
2013-04-01,143.5473
2013-04-02,143.6861
2013-04-03,143.8095
2013-04-07,143.9397
2013-04-08,143.7992
2013-04-09,143.8973
2013-04-10,144.0093
2013-04-11,143.9512
2013-04-12,144.0169
2013-04-15,144.1204
2013-04-16,144.3286
2013-04-17,144.2167
2013-04-18,144.1185
2013-04-19,144.0889
2013-04-22,144.0623
2013-04-23,144.2532
2013-04-24,144.2564
2013-04-25,144.2443
2013-04-26,144.4516
2013-04-27,144.5147
2013-04-28,144.5769
2013-05-02,144.6453
2013-05-03,144.7188
2013-05-06,144.5945
2013-05-07,144.9284
2013-05-08,144.7784
2013-05-09,144.7416
2013-05-10,144.8415
2013-05-13,144.8793
2013-05-14,144.8644
2013-05-15,144.8609
2013-05-16,144.8539
2013-05-17,144.8346
2013-05-20,144.8326
2013-05-21,144.8252
2013-05-22,144.8357
2013-05-23,144.8678
2013-05-24,144.9166
2013-05-27,144.9791
2013-05-28,145.0773
2013-05-29,144.9142
2013-05-30,144.9237
2013-05-31,144.8499
2013-06-03,144.8391
2013-06-04,144.8243
2013-06-05,144.7887
2013-06-06,144.6967
2013-06-07,144.5484
2013-06-08,144.4978
2013-06-09,144.6595
2013-06-13,144.6044
2013-06-14,144.4845
2013-06-17,144.4321
2013-06-18,144.3266
2013-06-19,143.8528
2013-06-20,142.6569
2013-06-21,142.7965
2013-06-24,142.98
2013-06-25,143.2479
2013-06-26,144.0571
2013-06-27,144.2349
2013-06-28,144.4172
2013-07-01,144.4708
2013-07-02,144.5574
2013-07-03,144.6311
2013-07-04,144.6927
2013-07-05,144.7307
2013-07-08,144.5797
2013-07-09,144.4644
2013-07-10,144.3308
2013-07-11,144.091
2013-07-12,143.8203
2013-07-15,143.8181
2013-07-16,143.8026
2013-07-17,143.7143
2013-07-18,143.6484
2013-07-19,143.6391
2013-07-22,143.3817
2013-07-23,143.0253
2013-07-24,142.7382
2013-07-25,142.9164
2013-07-26,143.0216
2013-07-29,143.0041
2013-07-30,143.0238
2013-07-31,143.0981
2013-08-01,143.1723
2013-08-02,143.2693
2013-08-05,143.2345
2013-08-06,143.1911
2013-08-07,143.0344
2013-08-08,142.7364
2013-08-09,142.6508
2013-08-12,142.5883
2013-08-13,142.2357
2013-08-14,141.9791
2013-08-15,142.0056
2013-08-16,142.0916
2013-08-19,141.9739
2013-08-20,141.6819
2013-08-21,141.8069
2013-08-22,141.8472
2013-08-23,142.1251
2013-08-26,142.3211
2013-08-27,142.3137
2013-08-28,142.149
2013-08-29,142.1017
2013-08-30,142.1173
2013-09-02,142.1199
2013-09-03,142.0995
2013-09-04,141.9289
2013-09-05,141.9445
2013-09-06,141.9638
2013-09-09,141.9477
2013-09-10,141.8382
2013-09-11,141.7151
2013-09-12,141.7634
2013-09-13,141.7949
2013-09-16,141.8896
2013-09-17,142.002
2013-09-18,141.9902
2013-09-22,142.3638
2013-09-23,142.3213
2013-09-24,142.3443
2013-09-25,142.5733
2013-09-26,142.7853
2013-09-27,142.8321
2013-09-29,142.8071
2013-09-30,142.825
2013-10-08,143.049
2013-10-09,143.0051
2013-10-10,143.0512
2013-10-11,143.053
2013-10-12,143.0637
2013-10-14,143.0078
2013-10-15,142.9476
2013-10-16,142.8197
2013-10-17,142.9457
2013-10-18,142.8321
2013-10-21,142.8249
2013-10-22,142.7682
2013-10-23,142.7874
2013-10-24,142.5746
2013-10-25,142.4081
2013-10-28,142.4054
2013-10-29,142.2663
2013-10-30,142.1949
2013-10-31,142.2518
2013-11-01,142.4295
2013-11-04,142.4215
2013-11-05,142.2847
2013-11-06,141.8191
2013-11-07,141.6794
2013-11-08,141.4063
2013-11-11,140.7649
2013-11-12,140.8826
2013-11-13,140.6374
2013-11-14,140.7127
2013-11-15,140.3303
2013-11-18,140.2646
2013-11-19,140.2723
2013-11-20,140.1025
2013-11-21,140.2481
2013-11-22,140.4499
2013-11-25,140.5381
2013-11-26,140.62
2013-11-27,140.9689
2013-11-28,141.168
2013-11-29,141.4582
2013-12-02,141.1744
2013-12-03,141.2042
2013-12-04,141.2564
2013-12-05,141.0205
2013-12-06,140.9372
2013-12-09,140.8815
2013-12-10,140.6861
2013-12-11,140.8803
2013-12-12,141.0174
2013-12-13,141.2328
2013-12-16,141.149
2013-12-17,141.1344
2013-12-18,141.0122
2013-12-19,140.8825
2013-12-20,140.9216
2013-12-23,140.9961
2013-12-24,141.0461
2013-12-25,141.1223
2013-12-26,141.1487
2013-12-27,141.1672
2013-12-30,141.181
2013-12-31,141.1233
2014-01-02,141.0756
2014-01-03,141.0873
2014-01-06,141.1025
2014-01-07,141.163
2014-01-08,141.2604
2014-01-09,141.4053
2014-01-10,141.3907
2014-01-13,141.4547
2014-01-14,141.5488
2014-01-15,141.6414
2014-01-16,141.7039
2014-01-17,141.8157
2014-01-20,141.8703
2014-01-21,142.1933
2014-01-22,142.5642
2014-01-23,142.4745
2014-01-24,142.6204
2014-01-26,143.0139
2014-01-27,143.0285
2014-01-28,143.068
2014-01-29,143.1049
2014-01-30,143.0779
2014-02-07,143.4553
2014-02-08,143.4349
2014-02-10,143.3962
2014-02-11,143.4126
2014-02-12,143.5189
2014-02-13,143.6304
2014-02-14,143.7164
2014-02-17,143.7796
2014-02-18,143.7323
2014-02-19,143.7465
2014-02-20,143.7232
2014-02-21,143.8875
2014-02-24,144.0074
2014-02-25,144.3797
2014-02-26,144.2908
2014-02-27,144.7324
2014-02-28,144.5448
2014-03-03,144.4363
2014-03-04,144.3092
2014-03-05,144.179
2014-03-06,144.1637
2014-03-07,144.167
2014-03-10,144.4669
2014-03-11,144.503
2014-03-12,144.5873
2014-03-13,144.7601
2014-03-14,144.8298
2014-03-17,144.8814
2014-03-18,144.7695
2014-03-19,144.5842
2014-03-20,144.4527
2014-03-21,144.5551
2014-03-24,144.5741
2014-03-25,144.6147
2014-03-26,144.6347
2014-03-27,144.6553
2014-03-28,144.5645
2014-03-31,144.5909
2014-04-01,144.5854
2014-04-02,144.588
2014-04-03,144.5192
2014-04-04,144.5293
2014-04-08,144.5417
2014-04-09,144.4583
2014-04-10,144.3265
2014-04-11,144.5185
2014-04-14,144.6144
2014-04-15,144.6519
2014-04-16,144.6508
2014-04-17,145.1027
2014-04-18,145.1435
2014-04-21,145.1849
2014-04-22,145.2159
2014-04-23,145.1475
2014-04-24,145.0803
2014-04-25,145.1726
2014-04-28,145.2299
2014-04-29,145.22
2014-04-30,145.238
2014-05-04,145.3497
2014-05-05,145.3369
2014-05-06,145.4155
2014-05-07,145.4425
2014-05-08,145.6538
2014-05-09,145.844
2014-05-12,145.8642
2014-05-13,145.8295
2014-05-14,145.8148
2014-05-15,145.8362
2014-05-16,145.7863
2014-05-19,145.902
2014-05-20,145.856
2014-05-21,145.878
2014-05-22,145.9474
2014-05-23,145.9689
2014-05-26,146.0489
2014-05-27,146.1223
2014-05-28,146.2922
2014-05-29,146.3537
2014-05-30,146.4591
2014-06-03,146.9172
2014-06-04,147.0398
2014-06-05,147.0773
2014-06-06,147.0094
2014-06-09,147.0666
2014-06-10,147.2264
2014-06-11,147.2881
2014-06-12,147.3244
2014-06-13,147.2472
2014-06-16,147.4037
2014-06-17,147.3721
2014-06-18,147.3337
2014-06-19,147.4069
2014-06-20,147.4398
2014-06-23,147.4435
2014-06-24,147.4687
2014-06-25,147.525
2014-06-26,147.52
2014-06-27,147.5353
2014-06-30,147.4478
2014-07-01,147.389
2014-07-02,147.1647
2014-07-03,147.0024
2014-07-04,146.9326
2014-07-07,147.0996
2014-07-08,147.1157
2014-07-09,147.1508
2014-07-10,147.1676
2014-07-11,147.1536
2014-07-14,147.145
2014-07-15,147.125
2014-07-16,146.9824
2014-07-17,146.7862
2014-07-18,146.7146
2014-07-21,146.9291
2014-07-22,146.9564
2014-07-23,147.0584
2014-07-24,147.0733
2014-07-25,147.135
2014-07-28,147.2736
2014-07-29,147.1829
2014-07-30,147.1254
2014-07-31,147.2015
2014-08-01,147.239
2014-08-04,147.309
2014-08-05,147.3273
2014-08-06,147.3556
2014-08-07,147.3438
2014-08-08,147.4284
2014-08-11,147.4267
2014-08-12,147.4059
2014-08-13,147.4634
2014-08-14,147.6471
2014-08-15,147.5779
2014-08-18,147.6344
2014-08-19,147.5316
2014-08-20,147.4839
2014-08-21,147.5475
2014-08-22,147.5541
2014-08-25,147.597
2014-08-26,147.5002
2014-08-27,147.6512
2014-08-28,147.7046
2014-08-29,147.667
2014-09-01,147.7305
2014-09-02,147.7846
2014-09-03,147.7034
2014-09-04,147.7464
2014-09-05,147.7714
2014-09-09,147.8144
2014-09-10,147.5848
2014-09-11,147.5744
2014-09-12,147.6529
2014-09-15,147.7894
2014-09-16,147.7689
2014-09-17,147.9079
2014-09-18,148.1124
2014-09-19,148.3714
2014-09-22,148.4406
2014-09-23,148.6022
2014-09-24,148.3771
2014-09-25,148.4987
2014-09-26,148.5048
2014-09-28,148.5626
2014-09-29,148.633
2014-09-30,148.6968
2014-10-08,148.7676
2014-10-09,148.7518
2014-10-10,148.7843
2014-10-11,148.8937
2014-10-13,149.0146
2014-10-14,149.4332
2014-10-15,149.7519
2014-10-16,149.9087
2014-10-17,150.2739
2014-10-20,150.6162
2014-10-21,150.755
2014-10-22,150.8474
2014-10-23,150.8163
2014-10-24,150.8147
2014-10-27,150.8025
2014-10-28,150.9092
2014-10-29,151.0491
2014-10-30,151.1198
2014-10-31,151.1481
2014-11-03,151.4014
2014-11-04,151.6818
2014-11-05,151.749
2014-11-06,151.737
2014-11-07,151.9604
2014-11-10,152.3081
2014-11-11,152.5051
2014-11-12,152.3892
2014-11-13,152.1959
2014-11-14,152.0915
2014-11-17,151.8969
2014-11-18,151.8848
2014-11-19,151.878
2014-11-20,151.8746
2014-11-21,151.7413
2014-11-24,152.3289
2014-11-25,152.2991
2014-11-26,152.3331
2014-11-27,152.2375
2014-11-28,152.37
2014-12-01,152.4611
2014-12-02,152.2609
2014-12-03,151.9638
2014-12-04,151.7718
2014-12-05,151.3566
2014-12-08,151.1891
2014-12-09,151.1088
2014-12-10,151.5627
2014-12-11,151.6657
2014-12-12,151.5426
2014-12-15,151.3951
2014-12-16,151.5369
2014-12-17,151.6256
2014-12-18,151.6475
2014-12-19,151.6851
2014-12-22,151.7843
2014-12-23,151.8871
2014-12-24,152.1536
2014-12-25,152.2101
2014-12-26,152.0818
2014-12-29,152.2813
2014-12-30,152.3387
2014-12-31,152.3201
2015-01-04,152.3554
2015-01-05,152.3739
2015-01-06,152.4381
2015-01-07,152.597
2015-01-08,152.5037
2015-01-09,152.5101
2015-01-12,152.6917
2015-01-13,152.9377
2015-01-14,153.1023
2015-01-15,152.994
2015-01-16,153.2647
2015-01-19,153.298
2015-01-20,153.3589
2015-01-21,153.4128
2015-01-22,153.5227
2015-01-23,153.6463
2015-01-26,153.82
2015-01-27,153.8898
2015-01-28,153.7291
2015-01-29,153.6155
2015-01-30,153.4769
2015-02-02,153.6293
2015-02-03,153.6351
2015-02-04,153.6922
2015-02-05,153.9695
2015-02-06,153.9445
2015-02-09,154.0225
2015-02-10,154.0662
2015-02-11,154.1842
2015-02-12,154.3151
2015-02-13,154.5087
2015-02-15,154.7157
2015-02-16,154.7616
2015-02-17,154.7844
2015-02-25,154.8732
2015-02-26,154.8967
2015-02-27,154.7884
2015-02-28,154.748
2015-03-02,154.7351
2015-03-03,154.6805
2015-03-04,154.6342
2015-03-05,154.5049
2015-03-06,154.3236
2015-03-09,154.2498
2015-03-10,154.2153
2015-03-11,154.3187
2015-03-12,154.3774
2015-03-13,154.3856
2015-03-16,154.3531
2015-03-17,154.2946
2015-03-18,154.3601
2015-03-19,154.4038
2015-03-20,154.4292
2015-03-23,154.4864
2015-03-24,154.4677
2015-03-25,154.5061
2015-03-26,154.3443
2015-03-27,154.28
2015-03-30,154.179
2015-03-31,154.0073
2015-04-01,154.0902
2015-04-02,154.2175
2015-04-03,154.2951
2015-04-07,154.2886
2015-04-08,154.1669
2015-04-09,154.1725
2015-04-10,154.2971
2015-04-13,154.3108
2015-04-14,154.4806
2015-04-15,154.6416
2015-04-16,154.6475
2015-04-17,154.6381
2015-04-20,155.1432
2015-04-21,155.2784
2015-04-22,155.3375
2015-04-23,155.1658
2015-04-24,155.0776
2015-04-27,155.242
2015-04-28,155.2905
2015-04-29,155.3645
2015-04-30,155.441
2015-05-04,155.5297
2015-05-05,155.4975
2015-05-06,155.4343
2015-05-07,155.4835
2015-05-08,155.6112
2015-05-11,155.8336
2015-05-12,156.1614
2015-05-13,156.7122
2015-05-14,157.2456
2015-05-15,157.3422
2015-05-18,157.2095
2015-05-19,156.9582
2015-05-20,157.0288
2015-05-21,156.9981
2015-05-22,156.9722
2015-05-25,156.8732
2015-05-26,156.6352
2015-05-27,156.7034
2015-05-28,156.4412
2015-05-29,156.3957
2015-06-01,156.2588
2015-06-02,156.4241
2015-06-03,156.5137
2015-06-04,156.5665
2015-06-05,156.6061
2015-06-08,156.7558
2015-06-09,156.7784
2015-06-10,156.7168
2015-06-11,156.5841
2015-06-12,156.6598
2015-06-15,156.5697
2015-06-16,156.5612
2015-06-17,156.5564
2015-06-18,156.6568
2015-06-19,156.8897
2015-06-23,156.8789
2015-06-24,156.8676
2015-06-25,156.8938
2015-06-26,156.8362
2015-06-29,156.8967
2015-06-30,156.9117
2015-07-01,157.0153
2015-07-02,157.0571
2015-07-03,157.1425
2015-07-06,157.4677
2015-07-07,157.4453
2015-07-08,157.555
2015-07-09,157.7888
2015-07-10,157.7437
2015-07-13,157.6783
2015-07-14,157.6144
2015-07-15,157.6235
2015-07-16,157.6696
2015-07-17,157.7203
2015-07-20,157.7545
2015-07-21,157.7681
2015-07-22,157.7379
2015-07-23,157.7772
2015-07-24,157.857
2015-07-27,157.8921
2015-07-28,157.7651
2015-07-29,157.8975
2015-07-30,157.8058
2015-07-31,157.7688
2015-08-03,157.7202
2015-08-04,157.7581
2015-08-05,157.7319
2015-08-06,157.8541
2015-08-07,157.8541
2015-08-10,157.8919
2015-08-11,157.6801
2015-08-12,157.5679
2015-08-13,157.5674
2015-08-14,157.6807
2015-08-17,157.7077
2015-08-18,157.7257
2015-08-19,157.6951
2015-08-20,157.7114
2015-08-21,157.7944
2015-08-24,157.8238
2015-08-25,157.9729
2015-08-26,157.945
2015-08-27,158.0392
2015-08-28,158.1733
2015-08-31,158.242
2015-09-01,158.2822
2015-09-02,158.182
2015-09-06,158.2708
2015-09-07,158.1608
2015-09-08,158.1888
2015-09-09,158.0501
2015-09-10,158.0989
2015-09-11,158.1369
2015-09-14,158.1828
2015-09-15,158.2751
2015-09-16,158.3023
2015-09-17,158.3015
2015-09-18,158.3319
2015-09-21,158.3735
2015-09-22,158.4046
2015-09-23,158.4072
2015-09-24,158.4271
2015-09-25,158.5
2015-09-28,158.6027
2015-09-29,158.8808
2015-09-30,158.9599
2015-10-08,159.104
2015-10-09,159.37
2015-10-10,159.6076
2015-10-12,159.5625
2015-10-13,159.7476
2015-10-14,159.977
2015-10-15,159.9848
2015-10-16,159.8031
2015-10-19,159.8812
2015-10-20,160.0371
2015-10-21,160.0214
2015-10-22,160.1131
2015-10-23,160.2211
2015-10-26,160.3756
2015-10-27,160.5824
2015-10-28,160.6781
2015-10-29,160.5455
2015-10-30,160.4134
2015-11-02,160.5121
2015-11-03,160.4051
2015-11-04,160.264
2015-11-05,160.2725
2015-11-06,160.2258
2015-11-09,160.0332
2015-11-10,159.9257
2015-11-11,159.9535
2015-11-12,160.02
2015-11-13,160.1081
2015-11-16,160.1784
2015-11-17,160.148
2015-11-18,160.1167
2015-11-19,160.0918
2015-11-20,160.0801
2015-11-23,160.1649
2015-11-24,160.2769
2015-11-25,160.3701
2015-11-26,160.4981
2015-11-27,160.6032
2015-11-30,160.6387
2015-12-01,160.756
2015-12-02,160.82
2015-12-03,161.0163
2015-12-04,161.1372
2015-12-07,161.1022
2015-12-08,161.2384
2015-12-09,161.1994
2015-12-10,161.297
2015-12-11,161.4166
2015-12-14,161.3163
2015-12-15,161.3455
2015-12-16,161.3874
2015-12-17,161.6394
2015-12-18,161.8462
2015-12-21,162.1808
2015-12-22,162.4367
2015-12-23,162.4375
2015-12-24,162.4945
2015-12-25,162.5174
2015-12-28,162.6301
2015-12-29,162.7084
2015-12-30,162.6373
2015-12-31,162.6445
2016-01-04,162.4512
2016-01-05,162.2609
2016-01-06,162.2288
2016-01-07,162.2389
2016-01-08,162.3243
2016-01-11,162.5478
2016-01-12,162.628
2016-01-13,162.9914
2016-01-14,162.9768
2016-01-15,163.0109
2016-01-18,162.9904
2016-01-19,162.8488
2016-01-20,162.6557
2016-01-21,162.6663
2016-01-22,162.754
2016-01-25,162.5663
2016-01-26,162.4812
2016-01-27,162.3749
2016-01-28,162.3889
2016-01-29,162.5211
2016-02-01,162.6873
2016-02-02,162.6604
2016-02-03,162.6577
2016-02-04,162.7214
2016-02-05,162.7867
2016-02-06,162.7796
2016-02-14,162.9364
2016-02-15,163.0107
2016-02-16,162.9571
2016-02-17,162.9557
2016-02-18,163.0261
2016-02-19,163.0435
2016-02-22,163.1057
2016-02-23,163.1517
2016-02-24,163.256
2016-02-25,163.2123
2016-02-26,163.2753
2016-02-29,163.3005
2016-03-01,163.5816
2016-03-02,163.5983
2016-03-03,163.6058
2016-03-04,163.6489
2016-03-07,163.6308
2016-03-08,163.6043
2016-03-09,163.6792
2016-03-10,163.7886
2016-03-11,163.9068
2016-03-14,163.9771
2016-03-15,164.1308
2016-03-16,164.2103
2016-03-17,164.3763
2016-03-18,164.3761
2016-03-21,164.3711
2016-03-22,164.4559
2016-03-23,164.5351
2016-03-24,164.6597
2016-03-25,164.7283
2016-03-28,164.8129
2016-03-29,164.8311
2016-03-30,164.8977
2016-03-31,164.9891
2016-04-01,164.9067
2016-04-05,164.9692
2016-04-06,164.8874
2016-04-07,164.9357
2016-04-08,164.8802
2016-04-11,164.8525
2016-04-12,164.8455
2016-04-13,164.5476
2016-04-14,164.3767
2016-04-15,164.3034
2016-04-18,164.3786
2016-04-19,164.3928
2016-04-20,164.2291
2016-04-21,164.1102
2016-04-22,164.0689
2016-04-25,163.7787
2016-04-26,163.6096
2016-04-27,163.7161
2016-04-28,163.7571
2016-04-29,163.7475
2016-05-03,163.8524
2016-05-04,163.8055
2016-05-05,163.8658
2016-05-06,163.8525
2016-05-09,163.9714
2016-05-10,164.0533
2016-05-11,164.0744
2016-05-12,164.1618
2016-05-13,164.1985
2016-05-16,164.257
2016-05-17,164.2803
2016-05-18,164.2683
2016-05-19,164.1812
2016-05-20,164.1873
2016-05-23,164.2355
2016-05-24,164.2619
2016-05-25,164.2513
2016-05-26,164.2434
2016-05-27,164.1962
2016-05-30,164.2021
2016-05-31,164.1683
2016-06-01,164.1314
2016-06-02,164.1934
2016-06-03,164.1081
2016-06-06,164.1639
2016-06-07,164.1875
2016-06-08,164.1495
2016-06-12,164.2339
2016-06-13,164.1934
2016-06-14,164.1577
2016-06-15,164.2277
2016-06-16,164.2803
2016-06-17,164.3163
2016-06-20,164.4136
2016-06-21,164.3371
2016-06-22,164.3718
2016-06-23,164.4013
2016-06-24,164.4715
2016-06-27,164.6532
2016-06-28,164.8637
2016-06-29,164.8353
2016-06-30,164.8383
2016-07-01,165.0542
2016-07-04,165.0905
2016-07-05,165.0097
2016-07-06,165.0783
2016-07-07,165.2099
2016-07-08,165.2431
2016-07-11,165.2983
2016-07-12,165.2589
2016-07-13,165.2076
2016-07-14,165.2114
2016-07-15,165.1991
2016-07-18,165.2653
2016-07-19,165.293
2016-07-20,165.3632
2016-07-21,165.503
2016-07-22,165.5317
2016-07-25,165.5912
2016-07-26,165.6326
2016-07-27,165.6741
2016-07-28,165.6805
2016-07-29,165.6596
2016-08-01,165.7229
2016-08-02,165.7843
2016-08-03,165.8726
2016-08-04,165.914
2016-08-05,166.014
2016-08-08,166.0842
2016-08-09,166.2142
2016-08-10,166.3658
2016-08-11,166.451
2016-08-12,166.4569
2016-08-15,166.6502
2016-08-16,166.6316
2016-08-17,166.6368
2016-08-18,166.6451
2016-08-19,166.5972
2016-08-22,166.5722
2016-08-23,166.5363
2016-08-24,166.3673
2016-08-25,166.3876
2016-08-26,166.4034
2016-08-29,166.3512
2016-08-30,166.3232
2016-08-31,166.3569
2016-09-01,166.3508
2016-09-02,166.363
2016-09-05,166.3976
2016-09-06,166.4549
2016-09-07,166.4253
2016-09-08,166.4157
2016-09-09,166.4349
2016-09-12,166.4151
2016-09-13,166.4773
2016-09-14,166.5158
2016-09-18,166.5673
2016-09-19,166.5656
2016-09-20,166.5854
2016-09-21,166.6393
2016-09-22,166.7013
2016-09-23,166.7407
2016-09-26,166.7744
2016-09-27,166.8334
2016-09-28,166.8765
2016-09-29,166.9142
2016-09-30,166.8315
2016-10-08,166.9324
2016-10-09,166.9714
2016-10-10,167.1811
2016-10-11,167.1892
2016-10-12,167.1987
2016-10-13,167.2286
2016-10-14,167.2923
2016-10-17,167.4707
2016-10-18,167.5704
2016-10-19,167.8423
2016-10-20,168.024
2016-10-21,168.1336
2016-10-24,168.0447
2016-10-25,168.1169
2016-10-26,167.9821
2016-10-27,167.881
2016-10-28,167.8327
2016-10-31,167.8955
2016-11-01,167.8781
2016-11-02,167.9088
2016-11-03,167.9252
2016-11-04,167.9261
2016-11-07,167.7608
2016-11-08,167.7983
2016-11-09,167.7635
2016-11-10,167.7667
2016-11-11,167.7178
2016-11-14,167.5448
2016-11-15,167.3686
2016-11-16,167.2802
2016-11-17,167.1213
2016-11-18,167.1287
2016-11-21,166.992
2016-11-22,167.0252
2016-11-23,167.046
2016-11-24,167.0287
2016-11-25,166.9322
2016-11-28,166.9352
2016-11-29,166.6304
2016-11-30,166.4389
2016-12-01,166.1423
2016-12-02,166.0852
2016-12-05,166.1837
2016-12-06,165.7657
2016-12-07,165.7946
2016-12-08,165.8902
2016-12-09,165.9418
2016-12-12,165.7729
2016-12-13,165.5792
2016-12-14,165.5274
2016-12-15,164.6561
2016-12-16,164.5285
2016-12-19,164.1337
2016-12-20,163.7957
2016-12-21,164.1249
2016-12-22,164.3958
2016-12-23,164.8017
2016-12-26,165.2017
2016-12-27,165.2649
2016-12-28,165.3392
2016-12-29,165.8772
2016-12-30,165.964
2016-12-31,165.936
2017-01-03,165.7882
2017-01-04,165.5366
2017-01-05,165.5986
2017-01-06,165.633
2017-01-09,165.707
2017-01-10,165.8284
2017-01-11,165.6011
2017-01-12,165.718
2017-01-13,165.7663
2017-01-16,165.7915
2017-01-17,165.6507
2017-01-18,165.7405
2017-01-19,165.746
2017-01-20,165.8257
2017-01-22,165.9059
2017-01-23,165.9812
2017-01-24,165.8934
2017-01-25,165.6528
2017-01-26,165.6344
2017-02-03,165.5762
2017-02-04,165.4497
2017-02-06,165.4491
2017-02-07,165.2308
2017-02-08,165.2675
2017-02-09,165.3911
2017-02-10,165.4669
2017-02-13,165.58
2017-02-14,165.5496
2017-02-15,165.596
2017-02-16,165.6395
2017-02-17,165.8045
2017-02-20,165.9645
2017-02-21,166.0474
2017-02-22,165.988
2017-02-23,166.0474
2017-02-24,165.9735
2017-02-27,166.0555
2017-02-28,166.0314
2017-03-01,166.0138
2017-03-02,165.9571
2017-03-03,165.9695
2017-03-06,166.0167
2017-03-07,165.9324
2017-03-08,165.7606
2017-03-09,165.7751
2017-03-10,165.5895
2017-03-13,165.7731
2017-03-14,165.8297
2017-03-15,165.8581
2017-03-16,165.9167
2017-03-17,165.8815
2017-03-20,165.9071
2017-03-21,165.6989
2017-03-22,165.5716
2017-03-23,165.4128
2017-03-24,165.5865
2017-03-27,165.7544
2017-03-28,165.828
2017-03-29,165.8197
2017-03-30,165.84
2017-03-31,165.8723
2017-04-01,165.9153
2017-04-05,165.9522
2017-04-06,165.8886
2017-04-07,165.945
2017-04-10,165.9552
2017-04-11,165.9031
2017-04-12,165.8339
2017-04-13,165.8675
2017-04-14,165.7529
2017-04-17,165.4753
2017-04-18,165.2791
2017-04-19,165.24
2017-04-20,165.2488
2017-04-21,165.0691
2017-04-24,164.8667
2017-04-25,164.9821
2017-04-26,164.8507
2017-04-27,164.9131
2017-04-28,164.9255
2017-05-02,164.6594
2017-05-03,164.4358
2017-05-04,164.0691
2017-05-05,164.0394
2017-05-08,163.6783
2017-05-09,163.4538
2017-05-10,163.0269
2017-05-11,163.1387
2017-05-12,162.9411
2017-05-15,163.1876
2017-05-16,163.1698
2017-05-17,162.8697
2017-05-18,163.03
2017-05-19,162.895
2017-05-22,162.7148
2017-05-23,162.8296
2017-05-24,163.0668
2017-05-25,163.2195
2017-05-26,163.2096
2017-05-27,163.3179
2017-05-31,163.7421
2017-06-01,163.7559
2017-06-02,163.7369
2017-06-05,163.8397
2017-06-06,163.7429
2017-06-07,163.6451
2017-06-08,163.5436
2017-06-09,163.6645
2017-06-12,164.0144
2017-06-13,164.0294
2017-06-14,164.0587
2017-06-15,164.137
2017-06-16,164.0929
2017-06-19,164.5743
2017-06-20,164.6186
2017-06-21,164.4731
2017-06-22,164.2533
2017-06-23,164.412
2017-06-26,164.6766
2017-06-27,164.8107
2017-06-28,164.7583
2017-06-29,164.7892
2017-06-30,164.7012
2017-07-03,164.5273
2017-07-04,164.5937
2017-07-05,164.7341
2017-07-06,164.8823
2017-07-07,164.9136
2017-07-10,164.8898
2017-07-11,164.8889
2017-07-12,164.8768
2017-07-13,164.9115
2017-07-14,164.9318
2017-07-17,165.0052
2017-07-18,164.8813
2017-07-19,164.9277
2017-07-20,164.9874
2017-07-21,165.0139
2017-07-24,165.0563
2017-07-25,165.0268
2017-07-26,164.8849
2017-07-27,164.9165
2017-07-28,164.9209
2017-07-31,164.9392
2017-08-01,164.9324
2017-08-02,164.9917
2017-08-03,165.0334
2017-08-04,165.0715
2017-08-07,165.066
2017-08-08,164.9994
2017-08-09,164.9342
2017-08-10,164.9858
2017-08-11,165.0779
2017-08-14,165.2064
2017-08-15,165.2481
2017-08-16,165.2049
2017-08-17,165.1831
2017-08-18,165.1722
2017-08-21,165.194
2017-08-22,165.1632
2017-08-23,165.1765
2017-08-24,165.0257
2017-08-25,164.9852
2017-08-28,164.8414
2017-08-29,164.9512
2017-08-30,164.9505
2017-08-31,165.0331
2017-09-01,165.0455
2017-09-04,165.0504
2017-09-05,165.0154
2017-09-06,165.108
2017-09-07,165.2623
2017-09-08,165.4408
2017-09-11,165.4885
2017-09-12,165.5051
2017-09-13,165.3945
2017-09-14,165.4664
2017-09-15,165.5025
2017-09-18,165.434
2017-09-19,165.4354
2017-09-20,165.3399
2017-09-21,165.2635
2017-09-22,165.3859
2017-09-25,165.5212
2017-09-26,165.4903
2017-09-27,165.4775
2017-09-28,165.5296
2017-09-29,165.6183
2017-09-30,165.5931
2017-10-09,165.5765
2017-10-10,165.5904
2017-10-11,165.5987
2017-10-12,165.477
2017-10-13,165.5512
2017-10-16,165.3721
2017-10-17,165.1629
2017-10-18,165.2689
2017-10-19,165.391
2017-10-20,165.4636
2017-10-23,165.487
2017-10-24,165.5552
2017-10-25,165.2591
2017-10-26,165.2971
2017-10-27,165.0475
2017-10-30,164.5676
2017-10-31,164.723
2017-11-01,164.9763
2017-11-02,164.8842
2017-11-03,164.888
2017-11-06,164.9526
2017-11-07,164.8102
2017-11-08,164.8988
2017-11-09,164.9185
2017-11-10,164.8753
2017-11-13,164.7258
2017-11-14,164.6921
2017-11-15,164.8748
2017-11-16,165.0314
2017-11-17,165.0374
2017-11-20,165.0303
2017-11-21,164.9707
2017-11-22,164.8288
2017-11-23,164.8651
2017-11-24,164.9874
2017-11-27,165.0608
2017-11-28,165.058
2017-11-29,165.1209
2017-11-30,165.2452
2017-12-01,165.3801
2017-12-04,165.4808
2017-12-05,165.5143
2017-12-06,165.5868
2017-12-07,165.5108
2017-12-08,165.4619
2017-12-11,165.3247
2017-12-12,165.257
2017-12-13,165.2952
2017-12-14,165.3779
2017-12-15,165.5407
2017-12-18,165.6858
2017-12-19,165.7175
2017-12-20,165.6427
2017-12-21,165.6215
2017-12-22,165.6546
2017-12-25,165.7548
2017-12-26,165.6974
2017-12-27,165.6761
2017-12-28,165.7029
2017-12-29,165.7851
2017-12-30,165.8235
2017-12-31,165.8412
2018-01-02,165.919
2018-01-03,165.9347
2018-01-04,165.8112
2018-01-05,165.9969
2018-01-08,166.2573
2018-01-09,166.329
2018-01-10,166.2783
2018-01-11,166.1211
2018-01-12,166.1913
2018-01-15,166.1635
2018-01-16,166.2053
2018-01-17,166.1112
2018-01-18,166.1053
2018-01-19,166.1947
2018-01-22,166.4108
2018-01-23,166.5499
2018-01-24,166.6065
2018-01-25,166.5366
2018-01-26,166.649
2018-01-29,166.6988
2018-01-30,166.6436
2018-01-31,166.7142
2018-02-01,166.724
2018-02-02,166.7163
2018-02-05,166.7157
2018-02-06,166.7882
2018-02-07,166.8731
2018-02-08,166.8764
2018-02-09,166.9033
2018-02-11,167.0258
2018-02-12,167.0175
2018-02-13,167.062
2018-02-14,167.0932
2018-02-22,167.1632
2018-02-23,167.2071
2018-02-24,167.2669
2018-02-26,167.6019
2018-02-27,167.7724
2018-02-28,167.9147
2018-03-01,167.8942
2018-03-02,167.9043
2018-03-05,167.8719
2018-03-06,167.8427
2018-03-07,167.9133
2018-03-08,167.9661
2018-03-09,168.1343
2018-03-12,168.2061
2018-03-13,168.1791
2018-03-14,168.2102
2018-03-15,168.1936
2018-03-16,168.2153
2018-03-19,168.2492
2018-03-20,168.296
2018-03-21,168.3206
2018-03-22,168.4208
2018-03-23,168.6761
2018-03-26,168.6636
2018-03-27,168.6038
2018-03-28,168.5318
2018-03-29,168.4916
2018-03-30,168.5032
2018-04-02,168.5896
2018-04-03,168.6409
2018-04-04,168.7112
2018-04-08,168.814
2018-04-09,169.1289
2018-04-10,169.2269
2018-04-11,169.3209
2018-04-12,169.4907
2018-04-13,169.7853
2018-04-16,169.9561
2018-04-17,170.1928
2018-04-18,171.0864
2018-04-19,170.959
2018-04-20,171.116
2018-04-23,171.0867
2018-04-24,171.2457
2018-04-25,171.3172
2018-04-26,171.2778
2018-04-27,171.214
2018-04-28,171.2845
2018-05-02,171.1528
2018-05-03,171.3545
2018-05-04,171.3814
2018-05-07,171.3041
2018-05-08,171.1305
2018-05-09,170.9921
2018-05-10,171.0692
2018-05-11,171.1636
2018-05-14,171.1279
2018-05-15,171.1022
2018-05-16,171.0014
2018-05-17,170.9566
2018-05-18,170.9103
2018-05-21,171.0007
2018-05-22,171.1112
2018-05-23,171.1063
2018-05-24,171.1064
2018-05-25,171.1572
2018-05-28,171.1547
2018-05-29,171.1623
2018-05-30,171.1994
2018-05-31,171.1375
2018-06-01,170.9362
2018-06-04,170.9101
2018-06-05,170.8091
2018-06-06,170.708
2018-06-07,170.7254
2018-06-08,170.9692
2018-06-11,170.9776
2018-06-12,170.7181
2018-06-13,170.7982
2018-06-14,170.9353
2018-06-15,171.0288
2018-06-19,171.2525
2018-06-20,171.2432
2018-06-21,171.2668
2018-06-22,171.3386
2018-06-25,171.3529
2018-06-26,171.3408
2018-06-27,171.4188
2018-06-28,171.5912
2018-06-29,171.8767
2018-07-02,171.9745
2018-07-03,172.1116
2018-07-04,172.1484
2018-07-05,172.1926
2018-07-06,172.1947
2018-07-09,172.1979
2018-07-10,172.1177
2018-07-11,172.1484
2018-07-12,172.2631
2018-07-13,172.5236
2018-07-16,172.5839
2018-07-17,172.4832
2018-07-18,172.512
2018-07-19,172.5482
2018-07-20,172.5718
2018-07-23,172.617
2018-07-24,172.5905
2018-07-25,172.6207
2018-07-26,172.8121
2018-07-27,173.0299
2018-07-30,173.1875
2018-07-31,173.3845
2018-08-01,173.4988
2018-08-02,173.5494
2018-08-03,173.6321
2018-08-06,173.7144
2018-08-07,173.7963
2018-08-08,173.5053
2018-08-09,173.1909
2018-08-10,173.1386
2018-08-13,172.8838
2018-08-14,172.9115
2018-08-15,172.8909
2018-08-16,172.743
2018-08-17,172.4493
2018-08-20,172.466
2018-08-21,172.1185
2018-08-22,172.2369
2018-08-23,172.5557
2018-08-24,172.5412
2018-08-27,172.593
2018-08-28,172.568
2018-08-29,172.5996
2018-08-30,172.7011
2018-08-31,172.8773
2018-09-03,172.8314
2018-09-04,172.6923
2018-09-05,172.6441
2018-09-06,172.5835
2018-09-07,172.5583
2018-09-10,172.2799
2018-09-11,172.1691
2018-09-12,172.1579
2018-09-13,172.2408
2018-09-14,172.3202
2018-09-17,172.4592
2018-09-18,172.5151
2018-09-19,172.5197
2018-09-20,172.4643
2018-09-21,172.5107
2018-09-25,172.6727
2018-09-26,172.783
2018-09-27,172.9062
2018-09-28,173.0418
2018-09-29,173.0701
2018-09-30,173.0736
2018-10-08,173.2366
2018-10-09,173.2486
2018-10-10,173.3676
2018-10-11,173.5833
2018-10-12,173.6432
2018-10-15,173.6785
2018-10-16,173.7131
2018-10-17,173.7181
2018-10-18,173.8266
2018-10-19,173.9046
2018-10-22,173.9237
2018-10-23,173.9175
2018-10-24,173.9256
2018-10-25,173.9707
2018-10-26,174.039
2018-10-29,174.3414
2018-10-30,174.4223
2018-10-31,174.4216
2018-11-01,174.3748
2018-11-02,174.3364
2018-11-05,174.3824
2018-11-06,174.4065
2018-11-07,174.7083
2018-11-08,174.7924
2018-11-09,174.8478
2018-11-12,174.9333
2018-11-13,175.0469
2018-11-14,175.6771
2018-11-15,175.6864
2018-11-16,175.7555
2018-11-19,175.6818
2018-11-20,175.5729
2018-11-21,175.6265
2018-11-22,175.5778
2018-11-23,175.6304
2018-11-26,175.6855
2018-11-27,175.7
2018-11-28,175.7079
2018-11-29,175.8939
2018-11-30,175.997
2018-12-03,176.0042
2018-12-04,176.2972
2018-12-05,176.4588
2018-12-06,176.5534
2018-12-07,176.8237
2018-12-10,177.0524
2018-12-11,177.0609
2018-12-12,177.0607
2018-12-13,176.7985
2018-12-14,176.7698
2018-12-17,176.7201
2018-12-18,176.7531
2018-12-19,176.7806
2018-12-20,177.03
2018-12-21,177.0742
2018-12-24,176.9931
2018-12-25,177.0133
2018-12-26,177.0018
2018-12-27,177.1969
2018-12-28,177.4288
2018-12-29,177.3853
2018-12-30,177.3973
2018-12-31,177.4123
2019-01-02,177.7853
2019-01-03,178.0223
2019-01-04,178.0316
2019-01-07,177.9315
2019-01-08,178.1811
2019-01-09,178.2019
2019-01-10,178.1719
2019-01-11,178.0908
2019-01-14,178.032
2019-01-15,178.0595
2019-01-16,178.284
2019-01-17,178.4963
2019-01-18,178.3662
2019-01-21,178.3756
2019-01-22,178.3869
2019-01-23,178.3978
2019-01-24,178.4155
2019-01-25,178.3825
2019-01-28,178.3709
2019-01-29,178.5426
2019-01-30,178.6707
2019-01-31,178.7708
2019-02-01,178.7823
2019-02-02,178.8545
2019-02-03,178.8662
2019-02-11,179.0302
2019-02-12,179.1543
2019-02-13,179.16
2019-02-14,179.1574
2019-02-15,179.1795
2019-02-18,179.0806
2019-02-19,179.053
2019-02-20,179.0442
2019-02-21,179.0345
2019-02-22,179.0011
2019-02-25,178.7063
2019-02-26,178.4136
2019-02-27,178.4989
2019-02-28,178.5058
2019-03-01,178.4165
2019-03-04,178.3952
2019-03-05,178.2153
2019-03-06,178.2188
2019-03-07,178.3131
2019-03-08,178.5057
2019-03-11,178.5527
2019-03-12,178.5085
2019-03-13,178.5282
2019-03-14,178.4817
2019-03-15,178.5896
2019-03-18,178.6111
2019-03-19,178.663
2019-03-20,178.6574
2019-03-21,178.7022
2019-03-22,178.8297
2019-03-25,179.0288
2019-03-26,179.1086
2019-03-27,179.1835
2019-03-28,179.2924
2019-03-29,179.3756
2019-04-01,179.143
2019-04-02,179.0574
2019-04-03,178.5569
2019-04-04,178.2517
2019-04-08,178.3657
2019-04-09,178.1155
2019-04-10,178.2092
2019-04-11,178.2363
2019-04-12,178.2821
2019-04-15,178.0378
2019-04-16,177.7555
2019-04-17,177.7353
2019-04-18,177.9812
2019-04-19,178.1505
2019-04-22,178.0558
2019-04-23,178.0062
2019-04-24,177.9357
2019-04-25,178.0087
2019-04-26,178.1204
2019-04-28,178.0995
2019-04-29,178.1206
2019-04-30,178.1816
2019-05-05,178.2598
2019-05-06,178.6115
2019-05-07,178.304
2019-05-08,178.5182
2019-05-09,178.656
2019-05-10,178.6514
2019-05-13,178.7838
2019-05-14,178.6985
2019-05-15,178.7651
2019-05-16,178.9854
2019-05-17,178.9429
2019-05-20,179.0242
2019-05-21,178.959
2019-05-22,178.9459
2019-05-23,179.0178
2019-05-24,179.0557
2019-05-27,178.9119
2019-05-28,179.0287
2019-05-29,179.2288
2019-05-30,179.4185
2019-05-31,179.4203
2019-06-03,179.4985
2019-06-04,179.561
2019-06-05,179.5423
2019-06-06,179.5722
2019-06-10,179.4789
2019-06-11,179.2929
2019-06-12,179.4094
2019-06-13,179.5056
2019-06-14,179.6698
2019-06-17,179.8251
2019-06-18,179.8603
2019-06-19,179.8493
2019-06-20,179.9163
2019-06-21,180.0012
2019-06-24,179.9638
2019-06-25,180.0373
2019-06-26,180.0324
2019-06-27,179.9812
2019-06-28,179.9962
2019-07-01,180.0799
2019-07-02,180.3389
2019-07-03,180.4664
2019-07-04,180.5178
2019-07-05,180.43
2019-07-08,180.39
2019-07-09,180.4248
2019-07-10,180.3667
2019-07-11,180.4442
2019-07-12,180.5157
2019-07-15,180.5143
2019-07-16,180.5452
2019-07-17,180.5309
2019-07-18,180.5873
2019-07-19,180.6367
2019-07-22,180.7179
2019-07-23,180.7818
2019-07-24,180.7487
2019-07-25,180.7632
2019-07-26,180.7399
2019-07-29,180.7575
2019-07-30,180.764
2019-07-31,180.8195
2019-08-01,180.924
2019-08-02,181.1654
2019-08-05,181.3464
2019-08-06,181.3412
2019-08-07,181.5425
2019-08-08,181.597
2019-08-09,181.6351
2019-08-12,181.6595
2019-08-13,181.726
2019-08-14,181.734
2019-08-15,181.7533
2019-08-16,181.6815
2019-08-19,181.7831
2019-08-20,181.7609
2019-08-21,181.7396
2019-08-22,181.7232
2019-08-23,181.6989
2019-08-26,181.8101
2019-08-27,181.8411
2019-08-28,181.8351
2019-08-29,181.9572
2019-08-30,181.8363
2019-09-02,181.7842
2019-09-03,181.6182
2019-09-04,181.7259
2019-09-05,182.0645
2019-09-06,182.2173
2019-09-09,182.2083
2019-09-10,182.1649
2019-09-11,182.1737
2019-09-12,182.1243
2019-09-16,182.1481
2019-09-17,182.1723
2019-09-18,182.1955
2019-09-19,182.1908
2019-09-20,182.2154
2019-09-23,182.2756
2019-09-24,182.2659
2019-09-25,182.281
2019-09-26,182.2443
2019-09-27,182.206
2019-09-29,182.2803
2019-09-30,182.2419
2019-10-08,182.4344
2019-10-09,182.4371
2019-10-10,182.4294
2019-10-11,182.3574
2019-10-12,182.3153
2019-10-14,182.3423
2019-10-15,182.314
2019-10-16,182.4269
2019-10-17,182.4978
2019-10-18,182.5587
2019-10-21,182.3901
2019-10-22,182.3171
2019-10-23,182.3784
2019-10-24,182.4351
2019-10-25,182.4425
2019-10-28,182.2327
2019-10-29,182.1925
2019-10-30,181.8633
2019-10-31,181.9694
2019-11-01,182.1567
2019-11-04,182.048
2019-11-05,182.2436
2019-11-06,182.2544
2019-11-07,182.1976
2019-11-08,182.2024
2019-11-11,182.3311
2019-11-12,182.2765
2019-11-13,182.3297
2019-11-14,182.3156
2019-11-15,182.3868
2019-11-18,182.6379
2019-11-19,182.7623
2019-11-20,182.8482
2019-11-21,182.9745
2019-11-22,182.9864
2019-11-25,182.9135
2019-11-26,182.9308
2019-11-27,182.9714
2019-11-28,182.9857
2019-11-29,183.032
2019-12-02,182.9408
2019-12-03,182.9841
2019-12-04,183.117
2019-12-05,183.1029
2019-12-06,183.1259
2019-12-09,183.1026
2019-12-10,183.1531
2019-12-11,183.2108
2019-12-12,183.3397
2019-12-13,183.3424
2019-12-16,183.4046
2019-12-17,183.3423
2019-12-18,183.3867
2019-12-19,183.4742
2019-12-20,183.6782
2019-12-23,183.8879
2019-12-24,184.0513
2019-12-25,184.1578
2019-12-26,184.3813
2019-12-27,184.3505
2019-12-30,184.4111
2019-12-31,184.5038
2020-01-02,184.5072
2020-01-03,184.3857
2020-01-06,184.5283
2020-01-07,184.5506
2020-01-08,184.7073
2020-01-09,184.7346
2020-01-10,184.8124
2020-01-13,184.8452
2020-01-14,184.7617
2020-01-15,184.7533
2020-01-16,184.7684
2020-01-17,184.8021
2020-01-19,184.9554
2020-01-20,185.0937
2020-01-21,185.3131
2020-01-22,185.3552
2020-01-23,185.5527
2020-02-03,186.6687
2020-02-04,186.7266
2020-02-05,186.6652
2020-02-06,186.6499
2020-02-07,186.8342
2020-02-10,187.0926
2020-02-11,186.9811
2020-02-12,186.9414
2020-02-13,186.9516
2020-02-14,186.9353
2020-02-17,186.8107
2020-02-18,186.8286
2020-02-19,186.8411
2020-02-20,186.8413
2020-02-21,186.9725
2020-02-24,187.1566
2020-02-25,187.1903
2020-02-26,187.232
2020-02-27,187.3307
2020-02-28,187.5268
2020-03-02,187.5943
2020-03-03,187.5523
2020-03-04,187.9298
2020-03-05,188.0161
2020-03-06,188.2903
2020-03-09,188.8844
2020-03-10,188.5302
2020-03-11,188.4354
2020-03-12,188.3949
2020-03-13,188.1367
2020-03-16,188.2237
2020-03-17,188.1656
2020-03-18,188.1604
2020-03-19,188.2053
2020-03-20,188.2913
2020-03-23,188.5973
2020-03-24,188.7424
2020-03-25,188.8518
2020-03-26,189.2163
2020-03-27,189.1981
2020-03-30,189.366
2020-03-31,189.6359
2020-04-01,189.9372
2020-04-02,189.89
2020-04-03,190.022
2020-04-07,191.1741
2020-04-08,192.0315
2020-04-09,192.0225
2020-04-10,191.8939
2020-04-13,192.0546
2020-04-14,192.2252
2020-04-15,192.4592
2020-04-16,192.5861
2020-04-17,192.6303
2020-04-20,192.6843
2020-04-21,192.9055
2020-04-22,193.3869
2020-04-23,193.6545
2020-04-24,193.8665
2020-04-26,193.8834
2020-04-27,193.8198
2020-04-28,193.9148
2020-04-29,194.138
2020-04-30,194.1442
2020-05-06,193.8283
2020-05-07,193.5018
2020-05-08,193.4586
2020-05-09,193.3737
2020-05-11,193.002
2020-05-12,192.9823
2020-05-13,192.9865
2020-05-14,193.1015
2020-05-15,193.3235
2020-05-18,192.9833
2020-05-19,192.7628
2020-05-20,192.6385
2020-05-21,192.4757
2020-05-22,192.9246
2020-05-25,192.5353
2020-05-26,192.0803
2020-05-27,191.3363
2020-05-28,191.4379
2020-05-29,191.5489
2020-06-01,191.5421
2020-06-02,190.6626
2020-06-03,189.9794
2020-06-04,189.575
2020-06-05,189.2433
2020-06-08,189.4188
2020-06-09,189.4962
2020-06-10,189.4273
2020-06-11,189.5403
2020-06-12,189.7026
2020-06-15,189.6719
2020-06-16,189.1666
2020-06-17,188.9576
2020-06-18,189.0103
2020-06-19,188.9863
2020-06-22,188.6463
2020-06-23,188.6012
2020-06-24,189.0056
2020-06-28,189.1448
2020-06-29,189.2023
2020-06-30,189.3781
2020-07-01,189.1979
2020-07-02,189.3284
2020-07-03,189.2819
2020-07-06,188.2116
2020-07-07,187.9055
2020-07-08,187.5855
2020-07-09,187.2945
2020-07-10,187.5213
2020-07-13,187.2798
2020-07-14,187.5778
2020-07-15,188.0402
2020-07-16,188.2538
2020-07-17,188.366
2020-07-20,188.4759
2020-07-21,188.8225
2020-07-22,188.8623
2020-07-23,188.7774
2020-07-24,188.9988
2020-07-27,188.9963
2020-07-28,188.8091
2020-07-29,188.7429
2020-07-30,188.73
2020-07-31,188.6391
2020-08-03,188.6609
2020-08-04,188.56
2020-08-05,188.1102
2020-08-06,187.8653
2020-08-07,187.7395
2020-08-10,187.8035
2020-08-11,187.7646
2020-08-12,187.578
2020-08-13,187.6869
2020-08-14,187.868
2020-08-17,187.96
2020-08-18,187.8629
2020-08-19,187.6463
2020-08-20,187.4182
2020-08-21,187.5327
2020-08-24,187.4822
2020-08-25,187.1153
2020-08-26,186.9985
2020-08-27,186.9363
2020-08-28,186.8353
2020-08-31,187.049
2020-09-01,186.9397
2020-09-02,186.573
2020-09-03,186.418
2020-09-04,186.3241
2020-09-07,186.2419
2020-09-08,186.3269
2020-09-09,186.7061
2020-09-10,187.0031
2020-09-11,186.8887
2020-09-14,186.8446
2020-09-15,187.2139
2020-09-16,187.3549
2020-09-17,187.3634
2020-09-18,187.5859
2020-09-21,187.8043
2020-09-22,187.9377
2020-09-23,187.9419
2020-09-24,187.8913
2020-09-25,187.6971
2020-09-27,187.6099
2020-09-28,187.6833
2020-09-29,187.6765
2020-09-30,187.4065
2020-10-09,187.126
2020-10-10,187.1648
2020-10-12,187.2185
2020-10-13,187.214
2020-10-14,187.102
2020-10-15,187.0904
2020-10-16,187.1136
2020-10-19,187.337
2020-10-20,187.4223
2020-10-21,187.5772
2020-10-22,187.9072
2020-10-23,187.9089
2020-10-26,187.9135
2020-10-27,188.1396
2020-10-28,188.0555
2020-10-29,188.0985
2020-10-30,188.1545
2020-11-02,188.2326
2020-11-03,188.3635
2020-11-04,188.3388
2020-11-05,188.2609
2020-11-06,188.1112
2020-11-09,187.9959
2020-11-10,188.0882
2020-11-11,188.0646
2020-11-12,187.9456
2020-11-13,187.8564
2020-11-16,187.8701
2020-11-17,187.7459
2020-11-18,187.519
2020-11-19,187.159
2020-11-20,187.2302
2020-11-23,187.5367
2020-11-24,187.3605
2020-11-25,187.4908
2020-11-26,187.4713
2020-11-27,187.416
2020-11-30,187.9275
2020-12-01,187.829
2020-12-02,187.6123
2020-12-03,187.5819
2020-12-04,187.6599
2020-12-07,187.6419
2020-12-08,187.8234
2020-12-09,187.8093
2020-12-10,187.9556
2020-12-11,187.7355
2020-12-14,187.8561
2020-12-15,188.0134
2020-12-16,188.184
2020-12-17,188.1399
2020-12-18,188.0703
2020-12-21,188.2961
2020-12-22,188.5374
2020-12-23,188.6809
2020-12-24,188.5397
2020-12-25,188.7195
2020-12-28,188.9182
2020-12-29,188.9693
2020-12-30,189.2912
2020-12-31,189.2697
2021-01-04,189.009
2021-01-05,189.249
2021-01-06,189.4176
2021-01-07,189.5624
2021-01-08,189.5105
2021-01-11,189.4526
2021-01-12,189.6343
2021-01-13,189.9205
2021-01-14,189.9483
2021-01-15,189.5769
2021-01-18,189.3137
2021-01-19,189.3827
2021-01-20,189.568
2021-01-21,189.7891
2021-01-22,189.8189
2021-01-25,189.7574
2021-01-26,189.4437
2021-01-27,189.3984
2021-01-28,189.1851
2021-01-29,189.2916
2021-02-01,189.4983
2021-02-02,189.4882
2021-02-03,189.2728
2021-02-04,189.1077
2021-02-05,189.149
2021-02-07,189.2469
2021-02-08,189.153
2021-02-09,189.3026
2021-02-10,189.339
2021-02-18,189.1805
2021-02-19,189.3933
2021-02-20,189.4231
2021-02-22,189.4484
2021-02-23,189.4541
2021-02-24,189.5829
2021-02-25,189.6135
2021-02-26,189.5552
2021-03-01,189.6465
2021-03-02,189.6775
2021-03-03,189.672
2021-03-04,189.6091
2021-03-05,189.6362
2021-03-08,189.7348
2021-03-09,189.6983
2021-03-10,189.7123
2021-03-11,189.7358
2021-03-12,189.7084
2021-03-15,189.666
2021-03-16,189.6925
2021-03-17,189.7402
2021-03-18,189.802
2021-03-19,189.8446
2021-03-22,189.9898
2021-03-23,190.052
2021-03-24,190.1925
2021-03-25,190.2435
2021-03-26,190.235
2021-03-29,190.2873
2021-03-30,190.2841
2021-03-31,190.3997
2021-04-01,190.3935
2021-04-02,190.4165
2021-04-06,190.4199
2021-04-07,190.4022
2021-04-08,190.4343
2021-04-09,190.4824
2021-04-12,190.632
2021-04-13,190.8484
2021-04-14,190.9206
2021-04-15,190.9587
2021-04-16,191.002
2021-04-19,191.1024
2021-04-20,191.2383
2021-04-21,191.3587
2021-04-22,191.4042
2021-04-23,191.4109
2021-04-25,191.3508
2021-04-26,191.186
2021-04-27,191.1649
2021-04-28,191.1983
2021-04-29,191.3214
2021-04-30,191.3864
2021-05-06,191.6009
2021-05-07,191.7187
2021-05-08,191.7448
2021-05-10,191.8141
2021-05-11,191.9098
2021-05-12,191.917
2021-05-13,191.8127
2021-05-14,191.8093
2021-05-17,191.7331
2021-05-18,191.749
2021-05-19,191.8589
2021-05-20,192.0146
2021-05-21,192.1772
2021-05-24,192.1488
2021-05-25,192.1493
2021-05-26,192.1861
2021-05-27,192.1635
2021-05-28,192.0691
2021-05-31,192.0887
2021-06-01,192.195
2021-06-02,192.1493
2021-06-03,192.1494
2021-06-04,191.9309
2021-06-07,191.8179
2021-06-08,191.7916
2021-06-09,191.8041
2021-06-10,191.9044
2021-06-11,191.8687
2021-06-15,191.8779
2021-06-16,191.9164
2021-06-17,191.9002
2021-06-18,191.9856
2021-06-21,192.2521
2021-06-22,192.3498
2021-06-23,192.4123
2021-06-24,192.4953
2021-06-25,192.5338
2021-06-28,192.4924
2021-06-29,192.5077
2021-06-30,192.5944
2021-07-01,192.6171
2021-07-02,192.6485
2021-07-05,192.7595
2021-07-06,192.7471
2021-07-07,192.839
2021-07-08,193.2903
2021-07-09,193.2268
2021-07-12,193.7107
2021-07-13,193.8391
2021-07-14,193.9666
2021-07-15,193.8328
2021-07-16,193.9162
2021-07-19,194.0362
2021-07-20,194.1926
2021-07-21,194.3161
2021-07-22,194.3082
2021-07-23,194.4277
2021-07-26,194.7106
2021-07-27,194.5685
2021-07-28,194.3747
2021-07-29,194.5021
2021-07-30,194.7999
2021-08-02,195.1014
2021-08-03,195.0087
2021-08-04,194.898
2021-08-05,195.0625
2021-08-06,195.0057
2021-08-09,194.7665
2021-08-10,194.6845
2021-08-11,194.6332
2021-08-12,194.7312
2021-08-13,194.7044
2021-08-16,194.6824
2021-08-17,194.7664
2021-08-18,194.9175
2021-08-19,195.0246
2021-08-20,195.0068
2021-08-23,194.9454
2021-08-24,194.9635
2021-08-25,195.1087
2021-08-26,194.9931
2021-08-27,195.0394
2021-08-30,195.1538
2021-08-31,195.2455
2021-09-01,195.3742
2021-09-02,195.4274
2021-09-03,195.4493
2021-09-06,195.4898
2021-09-07,195.3628
2021-09-08,195.2852
2021-09-09,195.2713
2021-09-10,195.249
2021-09-13,195.2061
2021-09-14,195.0735
2021-09-15,195.1273
2021-09-16,195.1009
2021-09-17,195.2266
2021-09-18,195.2668
2021-09-22,195.4003
2021-09-23,195.5005
2021-09-24,195.5011
2021-09-26,195.5572
2021-09-27,195.5562
2021-09-28,195.5158
2021-09-29,195.5772
2021-09-30,195.688
2021-10-08,195.6639
2021-10-09,195.623
2021-10-11,195.4404
2021-10-12,195.3161
2021-10-13,195.2527
2021-10-14,195.2149
2021-10-15,195.1357
2021-10-18,194.6835
2021-10-19,194.7115
2021-10-20,194.8476
2021-10-21,195.0252
2021-10-22,195.0734
2021-10-25,195.1099
2021-10-26,195.1701
2021-10-27,195.2102
2021-10-28,195.2013
2021-10-29,195.2012
2021-11-01,195.3025
2021-11-02,195.5068
2021-11-03,195.5862
2021-11-04,195.6295
2021-11-05,195.9209
2021-11-08,196.0193
2021-11-09,195.9203
2021-11-10,195.9599
2021-11-11,195.8794
2021-11-12,195.9028
2021-11-15,195.981
2021-11-16,196.0412
2021-11-17,196.057
2021-11-18,196.1194
2021-11-19,196.1097
2021-11-22,196.2034
2021-11-23,196.2062
2021-11-24,196.3391
2021-11-25,196.4073
2021-11-26,196.5573
2021-11-29,196.6179
2021-11-30,196.5439
2021-12-01,196.5215
2021-12-02,196.415
2021-12-03,196.3416
2021-12-06,196.6481
2021-12-07,196.625
2021-12-08,196.5337
2021-12-09,196.5381
2021-12-10,196.6275
2021-12-13,196.6794
2021-12-14,196.7892
2021-12-15,196.8442
2021-12-16,196.8291
2021-12-17,196.877
2021-12-20,196.8096
2021-12-21,196.7535
2021-12-22,196.8641
2021-12-23,197.0822
2021-12-24,197.1398
2021-12-27,197.259
2021-12-28,197.2835
2021-12-29,197.431
2021-12-30,197.6317
2021-12-31,197.7309
2022-01-04,197.746
2022-01-05,197.7971
2022-01-06,197.6616
2022-01-07,197.6687
2022-01-10,197.8177
2022-01-11,197.969
2022-01-12,198.1067
2022-01-13,198.1117
2022-01-14,198.1303
2022-01-17,198.2569
2022-01-18,198.7481
2022-01-19,199.0012
2022-01-20,199.0672
2022-01-21,199.3233
2022-01-24,199.6695
2022-01-25,199.5447
2022-01-26,199.3915
2022-01-27,199.2826
2022-01-28,199.4258
2022-01-29,199.5481
2022-01-30,199.6026
2022-02-07,199.548
2022-02-08,199.6017
2022-02-09,199.4788
2022-02-10,199.5015
2022-02-11,199.0241
2022-02-14,198.9795
2022-02-15,198.9885
2022-02-16,199.0508
2022-02-17,199.1916
2022-02-18,199.1329
2022-02-21,198.8484
2022-02-22,198.6827
2022-02-23,198.7664
2022-02-24,198.9185
2022-02-25,198.9885
2022-02-28,199.1741
2022-03-01,199.0971
2022-03-02,198.9216
2022-03-03,198.7601
2022-03-04,198.7777
2022-03-07,198.8972
2022-03-08,199.0593
2022-03-09,198.9459
2022-03-10,198.9061
2022-03-11,199.1329
2022-03-14,199.4786
2022-03-15,199.0763
2022-03-16,198.9795
2022-03-17,199.0507
2022-03-18,199.1497
2022-03-21,199.063
2022-03-22,198.8437
2022-03-23,198.8406
2022-03-24,198.8793
2022-03-25,198.9899
2022-03-28,199.0303
2022-03-29,198.9919
2022-03-30,199.1041
2022-03-31,199.1394
2022-04-01,199.2932
2022-04-02,199.4074
2022-04-06,199.564
2022-04-07,199.6687
2022-04-08,199.6654
2022-04-11,199.5569
2022-04-12,199.5085
2022-04-13,199.5181
2022-04-14,199.6933
2022-04-15,199.7369
2022-04-18,199.5507
2022-04-19,199.5609
2022-04-20,199.4346
2022-04-21,199.4906
2022-04-22,199.4869
2022-04-24,199.4814
2022-04-25,199.5825
2022-04-26,199.6024
2022-04-27,199.5437
2022-04-28,199.4373
2022-04-29,199.5072
2022-05-05,199.6696
2022-05-06,199.6807
2022-05-07,199.6943
2022-05-09,199.7673
2022-05-10,199.9244
2022-05-11,199.9073
2022-05-12,199.99
2022-05-13,200.0499
2022-05-16,200.0558
2022-05-17,200.1771
2022-05-18,200.2966
2022-05-19,200.3691
2022-05-20,200.2937
2022-05-23,200.4567
2022-05-24,200.4994
2022-05-25,200.4936
2022-05-26,200.7756
2022-05-27,200.8242
2022-05-30,200.7756
2022-05-31,200.5752
2022-06-01,200.5148
2022-06-02,200.4843
2022-06-06,200.3946
2022-06-07,200.3556
2022-06-08,200.4289
2022-06-09,200.4909
2022-06-10,200.5543
2022-06-13,200.5294
2022-06-14,200.4832
2022-06-15,200.4661
2022-06-16,200.5285
2022-06-17,200.6174
2022-06-20,200.5358
2022-06-21,200.534
2022-06-22,200.5913
2022-06-23,200.6377
2022-06-24,200.5948
2022-06-27,200.3132
2022-06-28,200.2812
2022-06-29,200.2775
2022-06-30,200.3954
2022-07-01,200.4864
2022-07-04,200.2999
2022-07-05,200.1999
2022-07-06,200.3002
2022-07-07,200.3206
2022-07-08,200.3456
2022-07-11,200.538
2022-07-12,200.7542
2022-07-13,200.8701
2022-07-14,201.0132
2022-07-15,201.0703
2022-07-18,201.1875
2022-07-19,201.1884
2022-07-20,201.2825
2022-07-21,201.4304
2022-07-22,201.3624
2022-07-25,201.4678
2022-07-26,201.6044
2022-07-27,201.6773
2022-07-28,201.5652
2022-07-29,201.7754
2022-08-01,202.0143
2022-08-02,202.1235
2022-08-03,202.2185
2022-08-04,202.419
2022-08-05,202.297
2022-08-08,202.2838
2022-08-09,202.1817
2022-08-10,202.1812
2022-08-11,202.1283
2022-08-12,202.1718
2022-08-15,202.8299
2022-08-16,203.0307
2022-08-17,202.9878
2022-08-18,203.1079
2022-08-19,203.1111
2022-08-22,203.0789
2022-08-23,202.9431
2022-08-24,202.9368
2022-08-25,202.8228
2022-08-26,202.7803
2022-08-29,202.9986
2022-08-30,203.139
2022-08-31,203.164
2022-09-01,203.2341
2022-09-02,203.2955
2022-09-05,203.3953
2022-09-06,203.445
2022-09-07,203.4346
2022-09-08,203.3752
2022-09-09,203.3264
2022-09-13,203.2752
2022-09-14,203.1927
2022-09-15,203.1928
2022-09-16,203.0121
2022-09-19,203.0536
2022-09-20,203.1536
2022-09-21,203.2502
2022-09-22,203.2933
2022-09-23,203.1869
2022-09-26,202.9701
2022-09-27,202.9239
2022-09-28,202.852
2022-09-29,202.7287
2022-09-30,202.6246
2022-10-08,202.7063
2022-10-09,203.018
2022-10-10,203.096
2022-10-11,203.1656
2022-10-12,203.1371
2022-10-13,203.2373
2022-10-14,203.3694
2022-10-17,203.4119
2022-10-18,203.4313
2022-10-19,203.4952
2022-10-20,203.4748
2022-10-21,203.4517
2022-10-24,203.5213
2022-10-25,203.4798
2022-10-26,203.53
2022-10-27,203.6902
2022-10-28,203.8174
2022-10-31,203.98
2022-11-01,203.8666
2022-11-02,203.7974
2022-11-03,203.8065
2022-11-04,203.7105
2022-11-07,203.7099
2022-11-08,203.6503
2022-11-09,203.6593
2022-11-10,203.6513
2022-11-11,203.4893
2022-11-14,202.5897
2022-11-15,202.6206
2022-11-16,202.4594
2022-11-17,202.5824
2022-11-18,202.7359
2022-11-21,202.8933
2022-11-22,202.947
2022-11-23,203.1734
2022-11-24,203.3901
2022-11-25,203.1159
2022-11-28,202.9864
2022-11-29,202.642
2022-11-30,202.6194
2022-12-01,202.7102
2022-12-02,202.78
2022-12-05,202.7725
2022-12-06,202.5651
2022-12-07,202.4981
2022-12-08,202.5878
2022-12-09,202.523
2022-12-12,202.5136
2022-12-13,202.2992
2022-12-14,202.5697
2022-12-15,202.6209
2022-12-16,202.5672
2022-12-19,202.8563
2022-12-20,202.8275
2022-12-21,202.8307
2022-12-22,202.9604
2022-12-23,203.1249
2022-12-26,203.1155
2022-12-27,202.9709
2022-12-28,203.048
2022-12-29,203.2219
2022-12-30,203.2484
2022-12-31,203.3295
2023-01-03,203.4056
2023-01-04,203.5552
2023-01-05,203.5662
2023-01-06,203.4145
2023-01-09,203.4171
2023-01-10,203.209
2023-01-11,203.1878
2023-01-12,203.3044
2023-01-13,203.2899
2023-01-16,203.1009
2023-01-17,203.1353
2023-01-18,203.2088
2023-01-19,203.202
2023-01-20,203.2293
2023-01-28,203.2859
2023-01-29,203.369
2023-01-30,203.4095
2023-01-31,203.5042
2023-02-01,203.4906
2023-02-02,203.5257
2023-02-03,203.5634
2023-02-06,203.545
2023-02-07,203.5458
2023-02-08,203.5901
2023-02-09,203.5948
2023-02-10,203.6347
2023-02-13,203.6881
2023-02-14,203.6702
2023-02-15,203.676
2023-02-16,203.7053
2023-02-17,203.71
2023-02-20,203.6417
2023-02-21,203.5295
2023-02-22,203.5684
2023-02-23,203.5781
2023-02-24,203.5488
2023-02-27,203.5997
2023-02-28,203.587
2023-03-01,203.6229
2023-03-02,203.6285
2023-03-03,203.6065
2023-03-06,203.8291
2023-03-07,203.8801
2023-03-08,203.9131
2023-03-09,203.9386
2023-03-10,204.0059
2023-03-13,204.0511
2023-03-14,204.0835
2023-03-15,204.0952
2023-03-16,204.1552
2023-03-17,204.2077
2023-03-20,204.393
2023-03-21,204.4108
2023-03-22,204.3167
2023-03-23,204.3533
2023-03-24,204.3226
2023-03-27,204.4119
2023-03-28,204.44
2023-03-29,204.4434
2023-03-30,204.502
2023-03-31,204.5309
2023-04-03,204.5997
2023-04-04,204.58
2023-04-06,204.5947
2023-04-07,204.6193
2023-04-10,204.7177
2023-04-11,204.8139
2023-04-12,204.9049
2023-04-13,204.8913
2023-04-14,204.8982
2023-04-17,204.8941
2023-04-18,204.915
2023-04-19,204.9779
2023-04-20,204.9937
2023-04-21,205.0252
2023-04-23,205.0789
2023-04-24,205.1093
2023-04-25,205.1411
2023-04-26,205.2086
2023-04-27,205.3853
2023-04-28,205.4335
2023-05-04,205.6534
2023-05-05,205.8318
2023-05-06,205.9137
2023-05-08,205.8494
2023-05-09,205.8784
2023-05-10,206.0326
2023-05-11,206.26
2023-05-12,206.2588
2023-05-15,206.281
2023-05-16,206.224
2023-05-17,206.2266
2023-05-18,206.1868
2023-05-19,206.2999
2023-05-22,206.5265
2023-05-23,206.7468
2023-05-24,206.7915
2023-05-25,206.7403
2023-05-26,206.7022
2023-05-29,206.7493
2023-05-30,206.8602
2023-05-31,206.9486
2023-06-01,207.1119
2023-06-02,207.0446
2023-06-05,207.0632
2023-06-06,207.1604
2023-06-07,207.2748
2023-06-08,207.2355
2023-06-09,207.3137
2023-06-12,207.4195
2023-06-13,207.5747
2023-06-14,207.7219
2023-06-15,207.4989
2023-06-16,207.2765
2023-06-19,207.075
2023-06-20,207.1678
2023-06-21,207.3138
2023-06-25,207.4438
2023-06-26,207.467
2023-06-27,207.3857
2023-06-28,207.4498
2023-06-29,207.5195
2023-06-30,207.7549
2023-07-03,207.8038
2023-07-04,207.8358
2023-07-05,207.8355
2023-07-06,207.9091
2023-07-07,207.926
2023-07-10,207.9419
2023-07-11,208.015
2023-07-12,208.0092
2023-07-13,208.0186
2023-07-14,207.9908
2023-07-17,208.1363
2023-07-18,208.2557
2023-07-19,208.3078
2023-07-20,208.3445
2023-07-21,208.4368
2023-07-24,208.5297
2023-07-25,208.1417
2023-07-26,208.1954
2023-07-27,208.3481
2023-07-28,208.3184
2023-07-31,208.2419
2023-08-01,208.3024
2023-08-02,208.3347
2023-08-03,208.4393
2023-08-04,208.4941
2023-08-07,208.5305
2023-08-08,208.5547
2023-08-09,208.5667
2023-08-10,208.5272
2023-08-11,208.5473
2023-08-14,208.7116
2023-08-15,208.9006
2023-08-16,209.0418
2023-08-17,209.0178
2023-08-18,209.0688
2023-08-21,209.2197
2023-08-22,209.2126
2023-08-23,209.1652
2023-08-24,209.1942
2023-08-25,209.1297
2023-08-28,208.916
2023-08-29,208.8663
2023-08-30,208.9685
2023-08-31,209.0867
2023-09-01,208.9084
2023-09-04,208.6562
2023-09-05,208.6727
2023-09-06,208.5054
2023-09-07,208.3657
2023-09-08,208.4033
2023-09-11,208.3895
2023-09-12,208.5269
2023-09-13,208.6326
2023-09-14,208.6875
2023-09-15,208.6356
2023-09-18,208.4244
2023-09-19,208.3923
2023-09-20,208.3876
2023-09-21,208.4693
2023-09-22,208.4741
2023-09-25,208.3834
2023-09-26,208.2751
2023-09-27,208.2725
2023-09-28,208.4825
2023-10-07,208.6911
2023-10-08,208.7687
2023-10-09,208.7129
2023-10-10,208.5742
2023-10-11,208.3175
2023-10-12,208.2439
2023-10-13,208.422
2023-10-16,208.5146
2023-10-17,208.3916
2023-10-18,208.3356
2023-10-19,208.1335
2023-10-20,208.1932
2023-10-23,208.4195
2023-10-24,208.3525
2023-10-25,208.5701
2023-10-26,208.7018
2023-10-27,208.6603
2023-10-30,208.7616
2023-10-31,208.8975
2023-11-01,208.9068
2023-11-02,209.0433
2023-11-03,209.0395
2023-11-06,209.0597
2023-11-07,209.0673
2023-11-08,209.0232
2023-11-09,209.0964
2023-11-10,209.0956
2023-11-13,209.2394
2023-11-14,209.2349
2023-11-15,209.2517
2023-11-16,209.3341
2023-11-17,209.3571
2023-11-20,209.3403
2023-11-21,209.2609
2023-11-22,209.1691
2023-11-23,208.9927
2023-11-24,208.9673
2023-11-27,208.9107
2023-11-28,208.9559
2023-11-29,208.9895
2023-11-30,209.0736
2023-12-01,209.0977
2023-12-04,209.0845
2023-12-05,209.0289
2023-12-06,209.0188
2023-12-07,209.0374
2023-12-08,209.149
2023-12-11,209.3023
2023-12-12,209.307
2023-12-13,209.5079
2023-12-14,209.5938
2023-12-15,209.7322
2023-12-18,209.8531
2023-12-19,209.8151
2023-12-20,209.7891
2023-12-21,209.8832
2023-12-22,210.0811
2023-12-25,210.2707
2023-12-26,210.505
2023-12-27,210.6651
2023-12-28,210.706
2023-12-29,210.6432
2023-12-31,210.7128
2024-01-02,210.6116
2024-01-03,210.5188
2024-01-04,210.6069
2024-01-05,210.7933
2024-01-08,210.7989
2024-01-09,210.9203
2024-01-10,210.8689
2024-01-11,210.8962
2024-01-12,210.8656
2024-01-15,210.8867
2024-01-16,210.8099
2024-01-17,210.908
2024-01-18,210.9998
2024-01-19,211.0857
2024-01-22,211.2061
2024-01-23,211.1682
2024-01-24,211.191
2024-01-25,211.4921
2024-01-26,211.5181
2024-01-29,211.6227
2024-01-30,211.9273
2024-01-31,212.0362
2024-02-01,211.9502
2024-02-02,211.9822
2024-02-04,212.1381
2024-02-05,212.1003
2024-02-06,211.8705
2024-02-07,211.9546
2024-02-08,211.9988
2024-02-09,212.0
2024-02-18,212.1209
2024-02-19,212.0956
2024-02-20,212.2428
2024-02-21,212.2972
2024-02-22,212.4753
2024-02-23,212.6556
2024-02-26,212.6752
2024-02-27,212.7168
2024-02-28,212.7875
2024-02-29,212.9092
2024-03-01,212.6429
2024-03-04,212.7406
2024-03-05,212.8175
2024-03-06,213.1623
2024-03-07,213.1608
2024-03-08,213.1018
2024-03-11,213.0729
2024-03-12,212.8725
2024-03-13,212.7878
2024-03-14,212.7572
2024-03-15,212.8267
2024-03-18,213.0519
2024-03-19,213.173
2024-03-20,213.1522
2024-03-21,213.2254
2024-03-22,213.271
2024-03-25,213.2131
2024-03-26,213.1917
2024-03-27,213.3307
2024-03-28,213.423
2024-03-29,213.5167
2024-04-01,213.491
2024-04-02,213.5789
2024-04-03,213.7244
2024-04-07,213.7763
2024-04-08,213.9332
2024-04-09,214.0961
2024-04-10,214.132
2024-04-11,214.2339
2024-04-12,214.4202
2024-04-15,214.4896
2024-04-16,214.3954
2024-04-17,214.4588
2024-04-18,214.6087
2024-04-19,214.7045
2024-04-22,214.8007
2024-04-23,214.983
2024-04-24,214.7859
2024-04-25,214.85
2024-04-26,214.5776
2024-04-28,214.3613
2024-04-29,213.9953
2024-04-30,214.4263
2024-05-06,214.6015
2024-05-07,214.8101
2024-05-08,214.8209
2024-05-09,214.7185
2024-05-10,214.7017
2024-05-11,214.5634
2024-05-13,214.8833
2024-05-14,215.0099
2024-05-15,215.0156
2024-05-16,214.9376
2024-05-17,214.9103
2024-05-20,215.0597
2024-05-21,215.006
2024-05-22,215.0775
2024-05-23,215.205
2024-05-24,215.1805
2024-05-27,215.1785
2024-05-28,215.26
2024-05-29,215.4009
2024-05-30,215.4151
2024-05-31,215.4273
2024-06-03,215.5221
2024-06-04,215.5846
2024-06-05,215.7101
2024-06-06,215.7731
2024-06-07,215.7803
2024-06-11,215.8743
2024-06-12,215.866
2024-06-13,215.8587
2024-06-14,215.8609
2024-06-17,215.8695
2024-06-18,215.9397
2024-06-19,216.0582
2024-06-20,216.1766
2024-06-21,216.0965
2024-06-24,216.2144
2024-06-25,216.3958
2024-06-26,216.4898
2024-06-27,216.6402
2024-06-28,216.7453
2024-07-01,216.6043
2024-07-02,216.703
2024-07-03,216.9099
2024-07-04,216.9146
2024-07-05,216.7505
2024-07-08,216.4591
2024-07-09,216.6387
2024-07-10,216.6703
2024-07-11,216.739
2024-07-12,216.8566
2024-07-15,216.9426
2024-07-16,216.9729
2024-07-17,217.0059
2024-07-18,216.9975
2024-07-19,217.0681
2024-07-22,217.4213
2024-07-23,217.6278
2024-07-24,217.6847
2024-07-25,217.726
2024-07-26,217.7509
2024-07-29,217.8023
2024-07-30,217.8596
2024-07-31,218.0753
2024-08-01,218.2006
2024-08-02,218.3452
2024-08-05,218.4458
2024-08-06,218.3249
2024-08-07,218.5062
2024-08-08,218.3599
2024-08-09,218.0846
2024-08-12,217.6244
2024-08-13,217.7854
2024-08-14,218.0476
2024-08-15,217.974
2024-08-16,217.9693
2024-08-19,218.0164
2024-08-20,218.0554
2024-08-21,217.9737
2024-08-22,218.1606
2024-08-23,218.2934
2024-08-26,218.4965
2024-08-27,218.3703
2024-08-28,218.3701
2024-08-29,218.4076
2024-08-30,218.4046
2024-09-02,218.7658
2024-09-03,219.0065
2024-09-04,219.1504
2024-09-05,219.2252
2024-09-06,219.2443
2024-09-09,219.3683
2024-09-10,219.551
2024-09-11,219.7802
2024-09-12,219.8303
2024-09-13,219.8709
2024-09-14,219.9619
2024-09-18,219.9889
2024-09-19,219.8624
2024-09-20,219.8359
2024-09-23,219.8759
2024-09-24,219.8329
2024-09-25,219.9766
2024-09-26,220.001
2024-09-27,219.3214
2024-09-29,218.4511
2024-09-30,218.9834
2024-10-08,218.7263
2024-10-09,218.6284
2024-10-10,219.0232
2024-10-11,219.2667
2024-10-12,219.283
2024-10-14,219.3401
2024-10-15,219.3432
2024-10-16,219.3761
2024-10-17,219.5363
2024-10-18,219.6219
2024-10-21,219.5286
2024-10-22,219.3754
2024-10-23,219.1839
2024-10-24,219.1847
2024-10-25,219.1663
2024-10-28,219.2433
2024-10-29,219.331
2024-10-30,219.3981
2024-10-31,219.4597
2024-11-01,219.6717
2024-11-04,219.8096
2024-11-05,219.852
2024-11-06,219.9362
2024-11-07,220.0777
2024-11-08,220.1871
2024-11-11,220.2752
2024-11-12,220.4022
2024-11-13,220.4372
2024-11-14,220.4852
2024-11-15,220.5651
2024-11-18,220.5414
2024-11-19,220.5986
2024-11-20,220.6749
2024-11-21,220.7996
2024-11-22,220.7948
2024-11-25,220.8981
2024-11-26,220.9148
2024-11-27,220.9126
2024-11-28,220.9601
2024-11-29,221.0994
2024-12-02,221.4829
2024-12-03,221.5021
2024-12-04,221.6177
2024-12-05,221.6288
2024-12-06,221.6331
2024-12-09,221.7183
2024-12-10,222.1437
2024-12-11,222.1918
2024-12-12,222.4979
2024-12-13,223.0137
2024-12-16,223.3013
2024-12-17,223.1718
2024-12-18,223.1934
2024-12-19,223.2744
2024-12-20,223.6259
2024-12-23,223.7969
2024-12-24,223.7282
2024-12-25,223.5755
2024-12-26,223.4618
2024-12-27,223.6392
2024-12-30,223.5762
2024-12-31,223.667
2025-01-02,223.8325
2025-01-03,224.1694
2025-01-06,224.2699
2025-01-07,224.0943
2025-01-08,223.9857
2025-01-09,223.5929
2025-01-10,223.4322
2025-01-13,223.2343
2025-01-14,223.4084
2025-01-15,223.5695
2025-01-16,223.5025
2025-01-17,223.4812
2025-01-20,223.4455
2025-01-21,223.4986
2025-01-22,223.5612
2025-01-23,223.4432
2025-01-24,223.2446
2025-01-26,223.3087
2025-01-27,223.5886
2025-02-05,223.7695
2025-02-06,223.9003
2025-02-07,223.9351
2025-02-08,223.9162
2025-02-10,223.665
2025-02-11,223.5647
2025-02-12,223.6047
2025-02-13,223.4773
2025-02-14,223.2267
2025-02-17,223.0738
2025-02-18,222.7793
2025-02-19,222.8868
2025-02-20,222.7143
2025-02-21,222.4226
2025-02-24,222.1771
2025-02-25,222.1142
2025-02-26,222.2737
2025-02-27,222.1565
2025-02-28,222.1383
2025-03-03,222.4826
2025-03-04,222.552
2025-03-05,222.5296
2025-03-06,222.3291
2025-03-07,221.8572
2025-03-10,221.8007
2025-03-11,221.4168
2025-03-12,221.6642
2025-03-13,221.7857
2025-03-14,221.7625
2025-03-17,221.5243
2025-03-18,221.58
2025-03-19,221.552
2025-03-20,221.7799
2025-03-21,221.7668
2025-03-24,221.7395
2025-03-25,221.8986
2025-03-26,221.9458
2025-03-27,222.0714
2025-03-28,222.1656
2025-03-31,222.1729
2025-04-01,222.127
2025-04-02,222.2549
2025-04-03,222.8877
2025-04-07,223.4827
2025-04-08,223.291
2025-04-09,223.4133
2025-04-10,223.5542
2025-04-11,223.7258
2025-04-14,223.6667
2025-04-15,223.6398
2025-04-16,223.6898
2025-04-17,223.6752
2025-04-18,223.5804
2025-04-21,223.521
2025-04-22,223.5247
2025-04-23,223.4472
2025-04-24,223.3986
2025-04-25,223.3931
2025-04-27,223.3904
2025-04-28,223.4202
2025-04-29,223.5166
2025-04-30,223.6171
2025-05-06,223.6881
2025-05-07,223.7255
2025-05-08,223.883
2025-05-09,223.9359
2025-05-12,223.7914
2025-05-13,223.7878
2025-05-14,223.7052
2025-05-15,223.5924
2025-05-16,223.4163
2025-05-19,223.5297
2025-05-20,223.5864
2025-05-21,223.5482
2025-05-22,223.598
2025-05-23,223.6005
2025-05-26,223.6985
2025-05-27,223.6753
2025-05-28,223.6461
2025-05-29,223.5229
2025-05-30,223.6709
2025-06-03,223.7031
2025-06-04,223.7484
2025-06-05,223.8465
2025-06-06,223.9669
2025-06-09,224.0599
2025-06-10,224.0669
2025-06-11,224.0989
2025-06-12,224.1087
2025-06-13,224.1171
2025-06-16,224.2088
2025-06-17,224.3278
2025-06-18,224.3987
2025-06-19,224.4241
2025-06-20,224.4409
2025-06-23,224.4764
2025-06-24,224.4279
2025-06-25,224.4344
2025-06-26,224.4141
2025-06-27,224.4728
2025-06-30,224.4869
2025-07-01,224.5055
2025-07-02,224.6174
2025-07-03,224.6857
2025-07-04,224.7178
2025-07-07,224.7625
2025-07-08,224.6918
2025-07-09,224.6553
2025-07-10,224.5766
2025-07-11,224.4674
2025-07-14,224.4241
2025-07-15,224.5658
2025-07-16,224.6218
2025-07-17,224.6346
2025-07-18,224.6154
2025-07-21,224.5742
2025-07-22,224.5533
2025-07-23,224.3713
2025-07-24,224.2258
2025-07-25,224.1237
2025-07-28,224.2982
2025-07-29,224.1602
2025-07-30,224.2126
2025-07-31,224.4051
2025-08-01,224.4288
2025-08-04,224.4906
2025-08-05,224.488
2025-08-06,224.5647
2025-08-07,224.6816
2025-08-08,224.7207
2025-08-11,224.6813
2025-08-12,224.5929
2025-08-13,224.6391
2025-08-14,224.6341
2025-08-15,224.5914
2025-08-18,224.3425
2025-08-19,224.3035
2025-08-20,224.2947
2025-08-21,224.2567
2025-08-22,224.2966
2025-08-25,224.3505
2025-08-26,224.4302
2025-08-27,224.4027
2025-08-28,224.4065
2025-08-29,224.4307
2025-09-01,224.5178
2025-09-02,224.576
2025-09-03,224.7078
2025-09-04,224.8024
2025-09-05,224.6689
2025-09-08,224.5928
2025-09-09,224.5955
2025-09-10,224.5128
2025-09-11,224.5642
2025-09-12,224.6385
2025-09-15,224.7269
2025-09-16,224.7782
2025-09-17,224.9111
2025-09-18,224.8896
2025-09-19,224.8142
2025-09-22,224.8215
2025-09-23,224.7536
2025-09-24,224.6377
2025-09-25,224.501
2025-09-26,224.5513
2025-09-28,224.6122
2025-09-29,224.5755
2025-09-30,224.6551
2025-10-09,224.9122
2025-10-10,224.9482
2025-10-11,225.0868
2025-10-13,225.0284
2025-10-14,224.9905
2025-10-15,224.9965
2025-10-16,224.9705
2025-10-17,225.0236
2025-10-20,224.9584
2025-10-21,224.9692
2025-10-22,225.0011
2025-10-23,225.0186
2025-10-24,224.9702
2025-10-27,225.0408
2025-10-28,225.3538
2025-10-29,225.5441
2025-10-30,225.655
2025-10-31,225.7061
2025-11-03,225.6841
2025-11-04,225.6356
2025-11-05,225.6544
2025-11-06,225.6195
2025-11-07,225.6052
2025-11-10,225.6331
2025-11-11,225.6628
2025-11-12,225.6855
2025-11-13,225.6637
2025-11-14,225.6565
2025-11-17,225.6935
2025-11-18,225.7151
2025-11-19,225.7027
2025-11-20,225.7531
2025-11-21,225.7566
2025-11-24,225.7863
2025-11-25,225.7909
2025-11-26,225.7107
2025-11-27,225.6425
2025-11-28,225.6407
2025-12-01,225.726
2025-12-02,225.7646
2025-12-03,225.7766
2025-12-04,225.6852
2025-12-05,225.6981
2025-12-08,225.7535
2025-12-09,225.8112
2025-12-10,225.8439
2025-12-11,225.9381
2025-12-12,225.9253
2025-12-15,225.9048
2025-12-16,225.9073
2025-12-17,225.9678
2025-12-18,226.0233
2025-12-19,226.0875
2025-12-22,226.1316
2025-12-23,226.1824
2025-12-24,226.2491
2025-12-25,226.2714
2025-12-26,226.2871
2025-12-29,226.2085
2025-12-30,226.1177
2025-12-31,226.0759
2026-01-04,226.2054
2026-01-05,226.1369
2026-01-06,226.0316
2026-01-07,225.931
2026-01-08,225.9798
2026-01-09,226.0367
2026-01-12,226.1637
2026-01-13,226.2
2026-01-14,226.2803
2026-01-15,226.3989
2026-01-16,226.4834
2026-01-19,226.576
2026-01-20,226.6373
2026-01-21,226.684
2026-01-22,226.7022
2026-01-23,226.735
2026-01-26,226.8101
2026-01-27,226.8075
2026-01-28,226.8423
2026-01-29,226.9101
2026-01-30,226.9081
2026-02-02,226.957
2026-02-03,226.9634
2026-02-04,226.9883
2026-02-05,227.0258
2026-02-06,227.1106
2026-02-09,227.2093
2026-02-10,227.2788
2026-02-11,227.3551
2026-02-12,227.4066
2026-02-13,227.4328
2026-02-14,227.4244
2026-02-24,227.5487
2026-02-25,227.5016
2026-02-26,227.4025
2026-02-27,227.4174
2026-02-28,227.4658
2026-03-02,227.5127
2026-03-03,227.5715
2026-03-04,227.6236
2026-03-05,227.6674
2026-03-06,227.6765
2026-03-09,227.6103
2026-03-10,227.5917
2026-03-11,227.6001
2026-03-12,227.6221
2026-03-13,227.6457
2026-03-16,227.5981
2026-03-17,227.6227
2026-03-18,227.7228
2026-03-19,227.7906
2026-03-20,227.805
2026-03-23,227.7845
2026-03-24,227.7753
2026-03-25,227.7862
2026-03-26,227.8335
2026-03-27,227.8863
2026-03-30,228.0594
2026-03-31,228.0862
2026-04-01,228.0119
2026-04-02,227.9813
2026-04-03,228.0211
2026-04-07,228.07
2026-04-08,228.0403
2026-04-09,228.0265
2026-04-10,228.03
2026-04-13,228.0868
2026-04-14,228.1301
2026-04-15,228.2112
2026-04-16,228.3123
2026-04-17,228.3781
2026-04-20,228.477
2026-04-21,228.4872
2026-04-22,228.5775
2026-04-23,228.6196
2026-04-24,228.6623
2026-04-27,228.5955
2026-04-28,228.6127
2026-04-29,228.6699
2026-04-30,228.6518
2026-05-06,228.6344
2026-05-07,228.6443
2026-05-08,228.6905
2026-05-09,228.6932
2026-05-11,228.7177
2026-05-12,228.7737
2026-05-13,228.8112
2026-05-14,228.8338
2026-05-15,228.8641
2026-05-18,228.9472
2026-05-19,229.055
2026-05-20,229.1176
2026-05-21,229.1261
2026-05-22,229.0545
2026-05-25,229.0846
2026-05-26,229.1283
2026-05-27,229.2196
2026-05-28,229.3316
2026-05-29,229.3934
