日期,收盘价,市盈率
2004-01-01,1204.61,nan
2004-01-02,1204.61,nan
2004-01-05,1240.47,nan
2004-01-06,1251.14,nan
2004-01-07,1266.27,nan
2004-01-08,1284.34,nan
2004-01-09,1266.41,nan
2004-01-12,1294.68,nan
2004-01-13,1293.18,nan
2004-01-14,1277.96,nan
2004-01-15,1273.62,nan
2004-01-16,1284.3,nan
2004-01-29,1311.95,nan
2004-01-30,1281.33,nan
2004-02-02,1307.27,nan
2004-02-03,1321.0,nan
2004-02-04,1348.86,nan
2004-02-05,1353.85,nan
2004-02-06,1347.22,nan
2004-02-09,1368.84,nan
2004-02-10,1363.06,nan
2004-02-11,1354.75,nan
2004-02-12,1345.66,nan
2004-02-13,1342.34,nan
2004-02-16,1373.3,nan
2004-02-17,1380.37,nan
2004-02-18,1391.36,nan
2004-02-19,1385.98,nan
2004-02-20,1391.1,nan
2004-02-23,1359.24,nan
2004-02-24,1356.31,nan
2004-02-25,1329.44,nan
2004-02-26,1335.86,nan
2004-02-27,1351.61,nan
2004-03-01,1366.91,nan
2004-03-02,1363.19,nan
2004-03-03,1341.22,nan
2004-03-04,1349.85,nan
2004-03-05,1341.76,nan
2004-03-08,1317.3,nan
2004-03-09,1314.17,nan
2004-03-10,1344.99,nan
2004-03-11,1357.84,nan
2004-03-12,1358.51,nan
2004-03-15,1389.68,nan
2004-03-16,1395.37,nan
2004-03-17,1398.02,nan
2004-03-18,1372.16,nan
2004-03-19,1393.57,nan
2004-03-22,1399.55,nan
2004-03-23,1389.52,nan
2004-03-24,1385.37,nan
2004-03-25,1385.86,nan
2004-03-26,1386.48,nan
2004-03-29,1371.7,nan
2004-03-30,1372.05,nan
2004-03-31,1384.95,nan
2004-04-01,1396.63,nan
2004-04-02,1405.92,nan
2004-04-05,1401.97,nan
2004-04-06,1410.43,nan
2004-04-07,1408.77,nan
2004-04-08,1402.77,nan
2004-04-09,1370.28,nan
2004-04-12,1364.68,nan
2004-04-13,1353.83,nan
2004-04-14,1332.08,nan
2004-04-15,1318.85,nan
2004-04-16,1331.08,nan
2004-04-19,1312.0,nan
2004-04-20,1301.09,nan
2004-04-21,1289.65,nan
2004-04-22,1296.44,nan
2004-04-23,1276.31,nan
2004-04-26,1276.95,nan
2004-04-27,1264.34,nan
2004-04-28,1258.11,nan
2004-04-29,1233.6,nan
2004-04-30,1239.72,nan
2004-05-10,1206.59,nan
2004-05-11,1212.58,nan
2004-05-12,1240.02,nan
2004-05-13,1234.58,nan
2004-05-14,1207.26,nan
2004-05-17,1195.19,nan
2004-05-18,1209.61,nan
2004-05-19,1209.58,nan
2004-05-20,1201.71,nan
2004-05-21,1209.21,nan
2004-05-24,1200.79,nan
2004-05-25,1177.71,nan
2004-05-26,1183.01,nan
2004-05-27,1208.68,nan
2004-05-28,1201.72,nan
2004-05-31,1206.84,nan
2004-06-01,1224.11,nan
2004-06-02,1211.93,nan
2004-06-03,1193.55,nan
2004-06-04,1192.78,nan
2004-06-07,1176.26,nan
2004-06-08,1160.33,nan
2004-06-09,1137.55,nan
2004-06-10,1139.51,nan
2004-06-11,1140.53,nan
2004-06-14,1115.41,nan
2004-06-15,1134.9,nan
2004-06-16,1141.09,nan
2004-06-17,1116.5,nan
2004-06-18,1103.4,nan
2004-06-21,1109.39,nan
2004-06-22,1119.88,nan
2004-06-23,1110.32,nan
2004-06-24,1099.9,nan
2004-06-25,1081.96,nan
2004-06-28,1069.51,nan
2004-06-29,1084.62,nan
2004-06-30,1078.49,nan
2004-07-01,1112.39,nan
2004-07-02,1114.95,nan
2004-07-05,1116.42,nan
2004-07-06,1121.28,nan
2004-07-07,1110.62,nan
2004-07-08,1113.03,nan
2004-07-09,1106.92,nan
2004-07-12,1083.18,nan
2004-07-13,1086.82,nan
2004-07-14,1088.78,nan
2004-07-15,1104.01,nan
2004-07-16,1132.8,nan
2004-07-19,1134.5,nan
2004-07-20,1125.88,nan
2004-07-21,1125.66,nan
2004-07-22,1097.86,nan
2004-07-23,1101.6,nan
2004-07-26,1087.27,nan
2004-07-27,1083.4,nan
2004-07-28,1089.52,nan
2004-07-29,1104.17,nan
2004-07-30,1088.68,nan
2004-08-02,1080.55,nan
2004-08-03,1073.58,nan
2004-08-04,1103.55,nan
2004-08-05,1088.81,nan
2004-08-06,1088.24,nan
2004-08-09,1093.48,nan
2004-08-10,1098.59,nan
2004-08-11,1086.08,nan
2004-08-12,1074.82,nan
2004-08-13,1077.25,nan
2004-08-16,1067.6,nan
2004-08-17,1072.51,nan
2004-08-18,1071.83,nan
2004-08-19,1059.2,nan
2004-08-20,1060.23,nan
2004-08-23,1047.21,nan
2004-08-24,1059.42,nan
2004-08-25,1055.53,nan
2004-08-26,1051.0,nan
2004-08-27,1039.24,nan
2004-08-30,1038.34,nan
2004-08-31,1055.97,nan
2004-09-01,1040.06,nan
2004-09-02,1045.37,nan
2004-09-03,1043.54,nan
2004-09-06,1039.67,nan
2004-09-07,1041.49,nan
2004-09-08,1031.61,nan
2004-09-09,1012.56,nan
2004-09-10,1015.15,nan
2004-09-13,993.26,nan
2004-09-14,1023.41,nan
2004-09-15,1066.28,nan
2004-09-16,1077.92,nan
2004-09-17,1112.77,nan
2004-09-20,1152.13,nan
2004-09-21,1143.46,nan
2004-09-22,1120.11,nan
2004-09-23,1157.93,nan
2004-09-24,1135.97,nan
2004-09-27,1128.05,nan
2004-09-28,1136.34,nan
2004-09-29,1124.01,nan
2004-09-30,1109.32,nan
2004-10-08,1131.92,nan
2004-10-11,1126.33,nan
2004-10-12,1103.55,nan
2004-10-13,1104.18,nan
2004-10-14,1060.13,nan
2004-10-15,1061.64,nan
2004-10-18,1063.47,nan
2004-10-19,1066.64,nan
2004-10-20,1062.9,nan
2004-10-21,1049.97,nan
2004-10-22,1063.14,nan
2004-10-25,1049.19,nan
2004-10-26,1059.25,nan
2004-10-27,1069.69,nan
2004-10-28,1068.68,nan
2004-10-29,1050.3,nan
2004-11-01,1038.43,nan
2004-11-02,1035.73,nan
2004-11-03,1054.69,nan
2004-11-04,1032.72,nan
2004-11-05,1033.8,nan
2004-11-08,1034.81,nan
2004-11-09,1037.21,nan
2004-11-10,1076.28,nan
2004-11-11,1070.27,nan
2004-11-12,1072.62,nan
2004-11-15,1084.71,nan
2004-11-16,1084.65,nan
2004-11-17,1074.39,nan
2004-11-18,1085.03,nan
2004-11-19,1091.37,nan
2004-11-22,1094.35,nan
2004-11-23,1084.88,nan
2004-11-24,1077.67,nan
2004-11-25,1076.34,nan
2004-11-26,1074.99,nan
2004-11-29,1061.35,nan
2004-11-30,1062.81,nan
2004-12-01,1058.15,nan
2004-12-02,1056.06,nan
2004-12-03,1058.33,nan
2004-12-06,1060.25,nan
2004-12-07,1048.18,nan
2004-12-08,1049.18,nan
2004-12-09,1059.53,nan
2004-12-10,1043.55,nan
2004-12-13,1037.45,nan
2004-12-14,1034.29,nan
2004-12-15,1037.88,nan
2004-12-16,1033.27,nan
2004-12-17,1023.0,nan
2004-12-20,1009.37,nan
2004-12-21,1008.12,nan
2004-12-22,1034.03,nan
2004-12-23,1015.51,nan
2004-12-24,1016.4,nan
2004-12-27,1012.45,nan
2004-12-28,1010.7,nan
2004-12-29,1005.53,nan
2004-12-30,1003.99,nan
2004-12-31,1000.0,nan
2005-01-04,982.79,nan
2005-01-05,992.56,nan
2005-01-06,983.17,nan
2005-01-07,983.96,nan
2005-01-10,993.88,nan
2005-01-11,997.14,nan
2005-01-12,996.75,nan
2005-01-13,996.88,nan
2005-01-14,988.31,nan
2005-01-17,967.45,nan
2005-01-18,974.69,nan
2005-01-19,967.21,nan
2005-01-20,956.25,nan
2005-01-21,982.6,nan
2005-01-24,998.13,nan
2005-01-25,997.78,nan
2005-01-26,989.93,nan
2005-01-27,974.63,nan
2005-01-28,969.21,nan
2005-01-31,954.88,nan
2005-02-01,955.95,nan
2005-02-02,1006.91,nan
2005-02-03,993.22,nan
2005-02-04,1016.86,nan
2005-02-16,1023.58,nan
2005-02-17,1020.61,nan
2005-02-18,1006.06,nan
2005-02-21,1025.63,nan
2005-02-22,1046.74,nan
2005-02-23,1043.94,nan
2005-02-24,1045.46,nan
2005-02-25,1046.76,nan
2005-02-28,1039.99,nan
2005-03-01,1035.93,nan
2005-03-02,1021.32,nan
2005-03-03,1027.71,nan
2005-03-04,1023.67,nan
2005-03-07,1029.87,nan
2005-03-08,1048.99,nan
2005-03-09,1046.54,nan
2005-03-10,1022.41,nan
2005-03-11,1027.43,nan
2005-03-14,1031.03,nan
2005-03-15,1013.52,nan
2005-03-16,1003.07,nan
2005-03-17,992.86,nan
2005-03-18,978.67,nan
2005-03-21,981.89,nan
2005-03-22,964.02,nan
2005-03-23,959.01,nan
2005-03-24,964.8,nan
2005-03-25,962.96,nan
2005-03-28,960.7,nan
2005-03-29,955.19,nan
2005-03-30,937.03,nan
2005-03-31,942.2,nan
2005-04-01,978.15,nan
2005-04-04,962.17,nan
2005-04-05,955.6,nan
2005-04-06,973.67,nan
2005-04-07,984.73,nan
2005-04-08,1003.45,nan
2005-04-11,995.42,nan
2005-04-12,978.7,nan
2005-04-13,1000.9,nan
2005-04-14,986.98,nan
2005-04-15,974.08,nan
2005-04-18,963.77,nan
2005-04-19,965.89,nan
2005-04-20,950.87,nan
2005-04-21,943.98,nan
2005-04-22,939.1,nan
2005-04-25,930.07,nan
2005-04-26,937.08,nan
2005-04-27,926.6,nan
2005-04-28,942.07,nan
2005-04-29,932.4,nan
2005-05-09,909.17,nan
2005-05-10,913.08,nan
2005-05-11,901.85,nan
2005-05-12,885.82,nan
2005-05-13,887.54,nan
2005-05-16,875.27,nan
2005-05-17,881.46,nan
2005-05-18,883.2,nan
2005-05-19,884.17,nan
2005-05-20,882.76,nan
2005-05-23,863.34,nan
2005-05-24,868.46,nan
2005-05-25,868.45,nan
2005-05-26,857.33,nan
2005-05-27,849.51,nan
2005-05-30,855.61,nan
2005-05-31,855.95,nan
2005-06-01,837.53,nan
2005-06-02,818.38,nan
2005-06-03,818.03,nan
2005-06-06,839.0,nan
2005-06-07,837.28,nan
2005-06-08,905.77,nan
2005-06-09,912.6,nan
2005-06-10,894.56,nan
2005-06-13,892.96,nan
2005-06-14,883.54,nan
2005-06-15,866.83,nan
2005-06-16,879.24,nan
2005-06-17,880.35,nan
2005-06-20,906.26,nan
2005-06-21,896.17,nan
2005-06-22,900.65,nan
2005-06-23,893.57,nan
2005-06-24,898.3,nan
2005-06-27,916.04,nan
2005-06-28,903.72,nan
2005-06-29,898.9,nan
2005-06-30,878.69,nan
2005-07-01,859.49,nan
2005-07-04,855.93,nan
2005-07-05,849.68,nan
2005-07-06,842.56,nan
2005-07-07,844.73,nan
2005-07-08,829.49,nan
2005-07-11,824.1,nan
2005-07-12,851.82,nan
2005-07-13,846.23,nan
2005-07-14,849.59,nan
2005-07-15,841.0,nan
2005-07-18,833.0,nan
2005-07-19,835.61,nan
2005-07-20,842.64,nan
2005-07-21,843.99,nan
2005-07-22,859.69,nan
2005-07-25,856.86,nan
2005-07-26,876.48,nan
2005-07-27,894.01,nan
2005-07-28,890.89,nan
2005-07-29,888.16,nan
2005-08-01,891.61,nan
2005-08-02,903.6,nan
2005-08-03,909.57,nan
2005-08-04,904.15,nan
2005-08-05,923.8,nan
2005-08-08,927.47,nan
2005-08-09,933.09,nan
2005-08-10,940.37,nan
2005-08-11,953.99,nan
2005-08-12,938.32,nan
2005-08-15,954.5,nan
2005-08-16,945.06,nan
2005-08-17,953.01,nan
2005-08-18,920.67,nan
2005-08-19,923.04,nan
2005-08-22,931.67,nan
2005-08-23,923.41,nan
2005-08-24,930.65,nan
2005-08-25,930.12,nan
2005-08-26,928.26,nan
2005-08-29,917.37,nan
2005-08-30,914.88,nan
2005-08-31,927.92,nan
2005-09-01,944.56,nan
2005-09-02,947.87,nan
2005-09-05,952.72,nan
2005-09-06,936.61,nan
2005-09-07,952.76,nan
2005-09-08,955.28,nan
2005-09-09,949.07,nan
2005-09-12,949.51,nan
2005-09-13,963.77,nan
2005-09-14,970.19,nan
2005-09-15,969.6,nan
2005-09-16,967.5,nan
2005-09-19,971.14,nan
2005-09-20,961.92,nan
2005-09-21,944.41,nan
2005-09-22,923.27,nan
2005-09-23,916.15,nan
2005-09-26,918.49,nan
2005-09-27,904.21,nan
2005-09-28,903.72,nan
2005-09-29,915.98,nan
2005-09-30,917.39,nan
2005-10-10,907.32,nan
2005-10-11,919.72,nan
2005-10-12,923.49,nan
2005-10-13,916.5,nan
2005-10-14,904.83,nan
2005-10-17,897.62,nan
2005-10-18,902.37,nan
2005-10-19,898.74,nan
2005-10-20,899.92,nan
2005-10-21,904.41,nan
2005-10-24,906.65,nan
2005-10-25,894.27,nan
2005-10-26,875.82,nan
2005-10-27,875.85,nan
2005-10-28,867.73,nan
2005-10-31,876.28,nan
2005-11-01,872.87,nan
2005-11-02,882.48,nan
2005-11-03,874.58,nan
2005-11-04,878.36,nan
2005-11-07,877.28,nan
2005-11-08,881.52,nan
2005-11-09,879.25,nan
2005-11-10,862.97,nan
2005-11-11,864.79,nan
2005-11-14,862.15,nan
2005-11-15,856.64,nan
2005-11-16,863.12,nan
2005-11-17,862.66,nan
2005-11-18,882.24,nan
2005-11-21,883.87,nan
2005-11-22,869.62,nan
2005-11-23,876.23,nan
2005-11-24,881.49,nan
2005-11-25,884.11,nan
2005-11-28,880.17,nan
2005-11-29,871.31,nan
2005-11-30,873.83,nan
2005-12-01,873.07,nan
2005-12-02,869.94,nan
2005-12-05,859.61,nan
2005-12-06,866.08,nan
2005-12-07,873.84,nan
2005-12-08,874.06,nan
2005-12-09,887.36,nan
2005-12-12,888.52,nan
2005-12-13,889.1,nan
2005-12-14,898.15,nan
2005-12-15,896.43,nan
2005-12-16,902.56,nan
2005-12-19,902.91,nan
2005-12-20,907.32,nan
2005-12-21,903.14,nan
2005-12-22,908.75,nan
2005-12-23,915.89,nan
2005-12-26,922.38,nan
2005-12-27,919.36,nan
2005-12-28,920.92,nan
2005-12-29,932.03,nan
2005-12-30,923.45,nan
2006-01-04,941.43,nan
2006-01-05,959.13,nan
2006-01-06,970.03,nan
2006-01-09,975.25,nan
2006-01-10,978.15,nan
2006-01-11,973.48,nan
2006-01-12,983.72,nan
2006-01-13,978.81,nan
2006-01-16,961.44,nan
2006-01-17,964.29,nan
2006-01-18,983.62,nan
2006-01-19,991.22,nan
2006-01-20,993.34,nan
2006-01-23,996.16,nan
2006-01-24,999.09,nan
2006-01-25,1009.6,nan
2006-02-06,1033.23,nan
2006-02-07,1029.94,nan
2006-02-08,1033.07,nan
2006-02-09,1019.6,nan
2006-02-10,1032.34,nan
2006-02-13,1031.61,nan
2006-02-14,1038.53,nan
2006-02-15,1041.66,nan
2006-02-16,1020.12,nan
2006-02-17,1020.37,nan
2006-02-20,1021.64,nan
2006-02-21,1038.82,nan
2006-02-22,1037.89,nan
2006-02-23,1041.37,nan
2006-02-24,1049.44,nan
2006-02-27,1047.85,nan
2006-02-28,1053.01,nan
2006-03-01,1056.62,nan
2006-03-02,1038.67,nan
2006-03-03,1041.68,nan
2006-03-06,1038.87,nan
2006-03-07,1014.97,nan
2006-03-08,1009.27,nan
2006-03-09,1004.34,nan
2006-03-10,1008.9,nan
2006-03-13,1019.86,nan
2006-03-14,1018.27,nan
2006-03-15,1028.96,nan
2006-03-16,1027.62,nan
2006-03-17,1024.02,nan
2006-03-20,1037.66,nan
2006-03-21,1040.76,nan
2006-03-22,1047.67,nan
2006-03-23,1048.54,nan
2006-03-24,1042.6,nan
2006-03-27,1050.71,nan
2006-03-28,1055.98,nan
2006-03-29,1065.29,nan
2006-03-30,1055.63,nan
2006-03-31,1061.09,nan
2006-04-03,1079.32,nan
2006-04-04,1089.37,nan
2006-04-05,1099.97,nan
2006-04-06,1103.24,nan
2006-04-07,1103.15,nan
2006-04-10,1117.91,nan
2006-04-11,1123.31,nan
2006-04-12,1117.07,nan
2006-04-13,1093.93,nan
2006-04-14,1118.61,nan
2006-04-17,1124.41,nan
2006-04-18,1131.28,nan
2006-04-19,1138.24,nan
2006-04-20,1134.38,nan
2006-04-21,1149.16,nan
2006-04-24,1142.7,nan
2006-04-25,1141.93,nan
2006-04-26,1155.73,nan
2006-04-27,1155.27,nan
2006-04-28,1172.35,nan
2006-05-08,1218.45,nan
2006-05-09,1251.61,nan
2006-05-10,1265.93,nan
2006-05-11,1255.04,nan
2006-05-12,1296.26,nan
2006-05-15,1352.16,nan
2006-05-16,1331.13,nan
2006-05-17,1335.52,nan
2006-05-18,1331.2,nan
2006-05-19,1366.1,nan
2006-05-22,1373.67,nan
2006-05-23,1317.65,nan
2006-05-24,1308.24,nan
2006-05-25,1307.7,nan
2006-05-26,1331.02,nan
2006-05-29,1366.29,nan
2006-05-30,1378.76,nan
2006-05-31,1365.45,nan
2006-06-01,1402.88,nan
2006-06-02,1390.12,nan
2006-06-05,1403.16,nan
2006-06-06,1399.14,nan
2006-06-07,1320.23,nan
2006-06-08,1325.98,nan
2006-06-09,1294.19,nan
2006-06-12,1297.67,nan
2006-06-13,1298.28,nan
2006-06-14,1283.88,nan
2006-06-15,1285.39,nan
2006-06-16,1318.01,nan
2006-06-19,1334.89,nan
2006-06-20,1338.22,nan
2006-06-21,1333.53,nan
2006-06-22,1331.55,nan
2006-06-23,1339.45,nan
2006-06-26,1363.41,nan
2006-06-27,1363.9,nan
2006-06-28,1362.89,nan
2006-06-29,1395.12,nan
2006-06-30,1393.96,nan
2006-07-03,1420.33,nan
2006-07-04,1411.01,nan
2006-07-05,1393.01,nan
2006-07-06,1418.68,nan
2006-07-07,1410.43,nan
2006-07-10,1412.12,nan
2006-07-11,1418.58,nan
2006-07-12,1419.2,nan
2006-07-13,1346.09,nan
2006-07-14,1357.13,nan
2006-07-17,1372.25,nan
2006-07-18,1373.42,nan
2006-07-19,1336.64,nan
2006-07-20,1345.19,nan
2006-07-21,1356.03,nan
2006-07-24,1358.12,nan
2006-07-25,1374.17,nan
2006-07-26,1371.3,nan
2006-07-27,1355.55,nan
2006-07-28,1341.39,nan
2006-07-31,1294.33,nan
2006-08-01,1282.06,nan
2006-08-02,1275.09,nan
2006-08-03,1271.74,nan
2006-08-04,1241.91,nan
2006-08-07,1224.1,nan
2006-08-08,1252.39,nan
2006-08-09,1251.3,nan
2006-08-10,1271.47,nan
2006-08-11,1275.65,nan
2006-08-14,1245.72,nan
2006-08-15,1265.86,nan
2006-08-16,1283.57,nan
2006-08-17,1271.63,nan
2006-08-18,1267.87,nan
2006-08-21,1270.56,nan
2006-08-22,1285.27,nan
2006-08-23,1285.68,nan
2006-08-24,1292.4,nan
2006-08-25,1295.44,nan
2006-08-28,1325.89,nan
2006-08-29,1330.16,nan
2006-08-30,1334.67,nan
2006-08-31,1338.69,nan
2006-09-01,1318.1,nan
2006-09-04,1337.24,nan
2006-09-05,1340.68,nan
2006-09-06,1346.37,nan
2006-09-07,1328.38,nan
2006-09-08,1332.15,nan
2006-09-11,1338.76,nan
2006-09-12,1347.64,nan
2006-09-13,1338.39,nan
2006-09-14,1338.28,nan
2006-09-15,1362.32,nan
2006-09-18,1375.56,nan
2006-09-19,1378.31,nan
2006-09-20,1378.46,nan
2006-09-21,1387.37,nan
2006-09-22,1374.85,nan
2006-09-25,1372.4,nan
2006-09-26,1357.65,nan
2006-09-27,1371.12,nan
2006-09-28,1387.0,nan
2006-09-29,1403.27,nan
2006-10-09,1436.07,nan
2006-10-10,1437.25,nan
2006-10-11,1435.91,nan
2006-10-12,1426.5,nan
2006-10-13,1430.88,nan
2006-10-16,1418.52,nan
2006-10-17,1414.45,nan
2006-10-18,1437.59,nan
2006-10-19,1439.38,nan
2006-10-20,1440.18,nan
2006-10-23,1408.72,nan
2006-10-24,1440.05,nan
2006-10-25,1446.83,nan
2006-10-26,1456.1,nan
2006-10-27,1439.05,nan
2006-10-30,1446.24,nan
2006-10-31,1464.47,nan
2006-11-01,1479.41,nan
2006-11-02,1479.66,nan
2006-11-03,1488.29,nan
2006-11-06,1507.89,nan
2006-11-07,1516.1,nan
2006-11-08,1498.17,nan
2006-11-09,1524.71,nan
2006-11-10,1504.06,nan
2006-11-13,1475.78,nan
2006-11-14,1493.78,nan
2006-11-15,1534.76,nan
2006-11-16,1533.29,nan
2006-11-17,1562.08,nan
2006-11-20,1593.16,nan
2006-11-21,1612.25,nan
2006-11-22,1624.03,nan
2006-11-23,1634.91,nan
2006-11-24,1636.58,nan
2006-11-27,1651.8,nan
2006-11-28,1644.01,nan
2006-11-29,1667.14,nan
2006-11-30,1714.36,nan
2006-12-01,1729.22,nan
2006-12-04,1780.74,nan
2006-12-05,1794.23,nan
2006-12-06,1779.41,nan
2006-12-07,1775.71,nan
2006-12-08,1711.58,nan
2006-12-11,1789.92,nan
2006-12-12,1802.79,nan
2006-12-13,1803.86,nan
2006-12-14,1836.14,nan
2006-12-15,1867.64,nan
2006-12-18,1916.11,nan
2006-12-19,1921.44,nan
2006-12-20,1936.55,nan
2006-12-21,1908.99,nan
2006-12-22,1895.64,nan
2006-12-25,1939.1,nan
2006-12-26,1938.24,nan
2006-12-27,1982.88,nan
2006-12-28,1979.93,nan
2006-12-29,2041.05,nan
2007-01-04,2067.09,nan
2007-01-05,2072.88,nan
2007-01-08,2131.56,nan
2007-01-09,2200.09,nan
2007-01-10,2255.97,nan
2007-01-11,2231.63,nan
2007-01-12,2173.75,nan
2007-01-15,2287.34,nan
2007-01-16,2353.87,nan
2007-01-17,2308.93,nan
2007-01-18,2317.1,nan
2007-01-19,2396.09,nan
2007-01-22,2491.31,nan
2007-01-23,2508.13,nan
2007-01-24,2536.43,nan
2007-01-25,2452.83,nan
2007-01-26,2512.92,nan
2007-01-29,2576.92,nan
2007-01-30,2551.88,nan
2007-01-31,2385.34,nan
2007-02-01,2395.17,nan
2007-02-02,2298.0,nan
2007-02-05,2271.8,nan
2007-02-06,2316.04,nan
2007-02-07,2369.79,nan
2007-02-08,2410.6,nan
2007-02-09,2397.25,nan
2007-02-12,2485.39,nan
2007-02-13,2522.63,nan
2007-02-14,2588.35,nan
2007-02-15,2668.63,nan
2007-02-16,2676.74,nan
2007-02-26,2707.68,nan
2007-02-27,2457.49,nan
2007-02-28,2544.57,nan
2007-03-01,2473.54,nan
2007-03-02,2508.73,nan
2007-03-05,2475.61,nan
2007-03-06,2520.29,nan
2007-03-07,2589.44,nan
2007-03-08,2627.63,nan
2007-03-09,2611.39,nan
2007-03-12,2616.17,nan
2007-03-13,2640.17,nan
2007-03-14,2597.36,nan
2007-03-15,2645.55,nan
2007-03-16,2604.23,nan
2007-03-19,2659.41,nan
2007-03-20,2672.77,nan
2007-03-21,2702.6,nan
2007-03-22,2711.32,nan
2007-03-23,2716.27,nan
2007-03-26,2764.03,nan
2007-03-27,2784.02,nan
2007-03-28,2797.65,nan
2007-03-29,2783.31,nan
2007-03-30,2781.78,nan
2007-04-02,2850.11,nan
2007-04-03,2888.12,nan
2007-04-04,2911.82,nan
2007-04-05,2945.05,nan
2007-04-06,2972.01,nan
2007-04-09,3038.17,nan
2007-04-10,3081.57,nan
2007-04-11,3121.32,nan
2007-04-12,3176.44,nan
2007-04-13,3169.23,nan
2007-04-16,3256.0,nan
2007-04-17,3283.6,nan
2007-04-18,3304.5,nan
2007-04-19,3150.3,nan
2007-04-20,3289.28,nan
2007-04-23,3431.32,nan
2007-04-24,3445.2,nan
2007-04-25,3448.28,nan
2007-04-26,3493.58,nan
2007-04-27,3470.52,nan
2007-04-30,3558.71,nan
2007-05-08,3686.03,nan
2007-05-09,3701.28,nan
2007-05-10,3724.51,nan
2007-05-11,3702.61,nan
2007-05-14,3734.42,nan
2007-05-15,3604.64,nan
2007-05-16,3700.29,nan
2007-05-17,3778.61,nan
2007-05-18,3776.63,nan
2007-05-21,3831.44,nan
2007-05-22,3870.49,nan
2007-05-23,3938.95,nan
2007-05-24,3919.75,nan
2007-05-25,3985.25,nan
2007-05-28,4072.58,nan
2007-05-29,4168.29,nan
2007-05-30,3886.46,nan
2007-05-31,3927.95,nan
2007-06-01,3803.95,nan
2007-06-04,3511.43,nan
2007-06-05,3634.63,nan
2007-06-06,3677.58,nan
2007-06-07,3802.3,nan
2007-06-08,3837.87,nan
2007-06-11,3931.86,nan
2007-06-12,4036.11,nan
2007-06-13,4118.27,nan
2007-06-14,4075.82,nan
2007-06-15,4099.38,nan
2007-06-18,4227.57,nan
2007-06-19,4253.0,nan
2007-06-20,4157.6,nan
2007-06-21,4197.28,nan
2007-06-22,4051.43,nan
2007-06-25,3877.59,nan
2007-06-26,3928.21,nan
2007-06-27,4040.48,nan
2007-06-28,3858.52,nan
2007-06-29,3764.08,nan
2007-07-02,3757.66,nan
2007-07-03,3832.23,nan
2007-07-04,3743.58,nan
2007-07-05,3537.44,nan
2007-07-06,3710.28,nan
2007-07-09,3821.3,nan
2007-07-10,3775.62,nan
2007-07-11,3789.87,nan
2007-07-12,3816.92,nan
2007-07-13,3820.12,nan
2007-07-16,3697.97,nan
2007-07-17,3789.65,nan
2007-07-18,3807.57,nan
2007-07-19,3807.0,nan
2007-07-20,3971.88,nan
2007-07-23,4156.72,nan
2007-07-24,4161.35,nan
2007-07-25,4255.46,nan
2007-07-26,4303.19,nan
2007-07-27,4307.14,nan
2007-07-30,4410.3,nan
2007-07-31,4460.56,nan
2007-08-01,4290.48,nan
2007-08-02,4436.19,nan
2007-08-03,4598.38,nan
2007-08-06,4703.98,nan
2007-08-07,4724.55,nan
2007-08-08,4668.09,nan
2007-08-09,4777.29,nan
2007-08-10,4726.68,nan
2007-08-13,4721.19,nan
2007-08-14,4795.57,nan
2007-08-15,4798.75,nan
2007-08-16,4721.94,nan
2007-08-17,4626.58,nan
2007-08-20,4885.43,nan
2007-08-21,4972.71,nan
2007-08-22,5051.69,nan
2007-08-23,5135.93,nan
2007-08-24,5217.58,nan
2007-08-27,5243.15,nan
2007-08-28,5251.77,nan
2007-08-29,5171.82,nan
2007-08-30,5241.23,nan
2007-08-31,5296.81,nan
2007-09-03,5419.17,nan
2007-09-04,5360.33,nan
2007-09-05,5363.25,nan
2007-09-06,5412.04,nan
2007-09-07,5294.8,nan
2007-09-10,5377.22,nan
2007-09-11,5124.09,nan
2007-09-12,5202.86,nan
2007-09-13,5349.97,nan
2007-09-14,5397.28,nan
2007-09-17,5498.91,nan
2007-09-18,5476.84,nan
2007-09-19,5419.27,nan
2007-09-20,5494.92,nan
2007-09-21,5468.1,nan
2007-09-24,5513.9,nan
2007-09-25,5454.62,nan
2007-09-26,5361.02,nan
2007-09-27,5427.66,nan
2007-09-28,5580.81,nan
2007-10-08,5653.14,nan
2007-10-09,5675.93,nan
2007-10-10,5685.76,nan
2007-10-11,5760.08,nan
2007-10-12,5737.22,nan
2007-10-15,5821.45,nan
2007-10-16,5877.2,nan
2007-10-17,5824.12,nan
2007-10-18,5615.75,nan
2007-10-19,5614.06,nan
2007-10-22,5472.68,nan
2007-10-23,5540.09,nan
2007-10-24,5588.01,nan
2007-10-25,5333.79,nan
2007-10-26,5394.81,nan
2007-10-29,5508.36,nan
2007-10-30,5596.07,nan
2007-10-31,5688.54,nan
2007-11-01,5605.23,nan
2007-11-02,5472.93,nan
2007-11-05,5360.31,nan
2007-11-06,5317.55,nan
2007-11-07,5350.63,nan
2007-11-08,5093.67,nan
2007-11-09,5040.53,nan
2007-11-12,4978.25,nan
2007-11-13,4939.24,nan
2007-11-14,5145.89,nan
2007-11-15,5081.11,nan
2007-11-16,5007.66,nan
2007-11-19,4994.42,nan
2007-11-20,5069.38,nan
2007-11-21,4997.62,nan
2007-11-22,4772.62,nan
2007-11-23,4856.16,nan
2007-11-26,4800.08,nan
2007-11-27,4711.15,nan
2007-11-28,4648.75,nan
2007-11-29,4842.07,nan
2007-11-30,4737.41,nan
2007-12-03,4772.67,nan
2007-12-04,4829.21,nan
2007-12-05,4965.95,nan
2007-12-06,4971.06,nan
2007-12-07,5041.35,nan
2007-12-10,5133.56,nan
2007-12-11,5140.0,nan
2007-12-12,5077.39,nan
2007-12-13,4884.3,nan
2007-12-14,4977.65,nan
2007-12-17,4857.29,nan
2007-12-18,4829.91,nan
2007-12-19,4946.29,nan
2007-12-20,5037.2,nan
2007-12-21,5101.85,nan
2007-12-24,5207.13,nan
2007-12-25,5216.81,nan
2007-12-26,5265.03,nan
2007-12-27,5367.53,nan
2007-12-28,5338.28,nan
2008-01-02,5385.1,nan
2008-01-03,5422.03,nan
2008-01-04,5483.65,nan
2008-01-07,5556.59,nan
2008-01-08,5528.05,nan
2008-01-09,5613.76,nan
2008-01-10,5672.15,nan
2008-01-11,5699.15,nan
2008-01-14,5731.76,nan
2008-01-15,5696.45,nan
2008-01-16,5505.72,nan
2008-01-17,5365.62,nan
2008-01-18,5414.47,nan
2008-01-21,5145.73,nan
2008-01-22,4753.87,nan
2008-01-23,4975.11,nan
2008-01-24,5027.21,nan
2008-01-25,5077.43,nan
2008-01-28,4731.88,nan
2008-01-29,4762.08,nan
2008-01-30,4710.65,nan
2008-01-31,4620.4,nan
2008-02-01,4571.95,nan
2008-02-04,4950.12,nan
2008-02-05,4921.83,nan
2008-02-13,4816.08,nan
2008-02-14,4880.25,nan
2008-02-15,4813.31,nan
2008-02-18,4910.99,nan
2008-02-19,5020.75,nan
2008-02-20,4908.72,nan
2008-02-21,4876.03,nan
2008-02-22,4702.24,nan
2008-02-25,4519.78,nan
2008-02-26,4515.53,nan
2008-02-27,4639.77,nan
2008-02-28,4622.06,nan
2008-02-29,4674.55,nan
2008-03-03,4790.74,nan
2008-03-04,4671.15,nan
2008-03-05,4628.72,nan
2008-03-06,4685.03,nan
2008-03-07,4621.69,nan
2008-03-10,4431.59,nan
2008-03-11,4441.18,nan
2008-03-12,4309.65,nan
2008-03-13,4198.96,nan
2008-03-14,4157.87,nan
2008-03-17,3965.28,nan
2008-03-18,3763.95,nan
2008-03-19,3888.86,nan
2008-03-20,4001.83,nan
2008-03-21,4037.83,nan
2008-03-24,3857.09,nan
2008-03-25,3905.77,nan
2008-03-26,3914.37,nan
2008-03-27,3748.92,nan
2008-03-28,3918.16,nan
2008-03-31,3790.53,nan
2008-04-01,3582.86,nan
2008-04-02,3547.98,nan
2008-04-03,3650.7,nan
2008-04-07,3845.82,nan
2008-04-08,3891.06,nan
2008-04-09,3688.13,nan
2008-04-10,3754.72,nan
2008-04-11,3783.73,nan
2008-04-14,3536.33,nan
2008-04-15,3583.3,nan
2008-04-16,3494.02,nan
2008-04-17,3386.63,nan
2008-04-18,3272.5,nan
2008-04-21,3267.55,nan
2008-04-22,3296.28,nan
2008-04-23,3453.73,nan
2008-04-24,3774.5,nan
2008-04-25,3803.07,nan
2008-04-28,3729.15,nan
2008-04-29,3776.94,nan
2008-04-30,3959.12,nan
2008-05-05,4055.78,nan
2008-05-06,4010.89,nan
2008-05-07,3821.32,nan
2008-05-08,3925.04,nan
2008-05-09,3878.92,nan
2008-05-12,3904.92,nan
2008-05-13,3851.69,nan
2008-05-14,3975.78,nan
2008-05-15,3948.09,nan
2008-05-16,3936.12,nan
2008-05-19,3914.07,nan
2008-05-20,3710.82,nan
2008-05-21,3783.05,nan
2008-05-22,3711.44,nan
2008-05-23,3675.15,nan
2008-05-26,3559.22,nan
2008-05-27,3576.2,nan
2008-05-28,3676.23,nan
2008-05-29,3580.87,nan
2008-05-30,3611.33,nan
2008-06-02,3625.83,nan
2008-06-03,3614.11,nan
2008-06-04,3546.92,nan
2008-06-05,3512.14,nan
2008-06-06,3489.5,nan
2008-06-10,3206.56,nan
2008-06-11,3140.3,nan
2008-06-12,3084.63,nan
2008-06-13,2979.12,nan
2008-06-16,2952.24,nan
2008-06-17,2842.68,nan
2008-06-18,2991.27,nan
2008-06-19,2773.08,nan
2008-06-20,2849.67,nan
2008-06-23,2789.94,nan
2008-06-24,2851.92,nan
2008-06-25,2969.54,nan
2008-06-26,2980.91,nan
2008-06-27,2816.02,nan
2008-06-30,2791.82,nan
2008-07-01,2698.35,nan
2008-07-02,2699.6,nan
2008-07-03,2760.61,nan
2008-07-04,2741.85,nan
2008-07-07,2882.76,nan
2008-07-08,2901.84,nan
2008-07-09,3015.13,nan
2008-07-10,2973.73,nan
2008-07-11,2953.5,nan
2008-07-14,2975.87,nan
2008-07-15,2852.98,nan
2008-07-16,2745.6,nan
2008-07-17,2718.07,nan
2008-07-18,2815.46,nan
2008-07-21,2911.05,nan
2008-07-22,2904.74,nan
2008-07-23,2883.32,nan
2008-07-24,2977.36,nan
2008-07-25,2939.2,nan
2008-07-28,2960.85,nan
2008-07-29,2905.63,nan
2008-07-30,2884.38,nan
2008-07-31,2805.21,nan
2008-08-01,2840.79,nan
2008-08-04,2773.15,nan
2008-08-05,2703.08,nan
2008-08-06,2721.69,nan
2008-08-07,2720.44,nan
2008-08-08,2591.46,nan
2008-08-11,2456.81,nan
2008-08-12,2444.16,nan
2008-08-13,2444.67,nan
2008-08-14,2443.51,nan
2008-08-15,2447.62,nan
2008-08-18,2313.4,nan
2008-08-19,2348.47,nan
2008-08-20,2532.94,nan
2008-08-21,2443.98,nan
2008-08-22,2404.93,nan
2008-08-25,2400.55,nan
2008-08-26,2331.53,nan
2008-08-27,2325.29,nan
2008-08-28,2335.87,nan
2008-08-29,2391.64,nan
2008-09-01,2309.17,nan
2008-09-02,2285.41,nan
2008-09-03,2245.96,nan
2008-09-04,2251.15,nan
2008-09-05,2183.43,nan
2008-09-08,2126.52,nan
2008-09-09,2139.15,nan
2008-09-10,2143.18,nan
2008-09-11,2072.13,nan
2008-09-12,2077.85,nan
2008-09-16,2000.65,nan
2008-09-17,1929.14,nan
2008-09-18,1895.99,nan
2008-09-19,2073.11,nan
2008-09-22,2207.61,nan
2008-09-23,2123.48,nan
2008-09-24,2138.85,nan
2008-09-25,2223.53,nan
2008-09-26,2243.66,nan
2008-10-06,2128.7,nan
2008-10-07,2102.45,nan
2008-10-08,2022.88,nan
2008-10-09,1995.3,nan
2008-10-10,1906.96,nan
2008-10-13,1985.49,nan
2008-10-14,1934.62,nan
2008-10-15,1914.36,nan
2008-10-16,1820.9,nan
2008-10-17,1833.26,nan
2008-10-20,1896.73,nan
2008-10-21,1881.41,nan
2008-10-22,1833.32,nan
2008-10-23,1834.78,nan
2008-10-24,1781.6,nan
2008-10-27,1654.67,nan
2008-10-28,1705.82,nan
2008-10-29,1658.22,nan
2008-10-30,1697.66,nan
2008-10-31,1663.66,nan
2008-11-03,1653.54,nan
2008-11-04,1627.76,nan
2008-11-05,1691.42,nan
2008-11-06,1649.78,nan
2008-11-07,1677.83,nan
2008-11-10,1801.67,nan
2008-11-11,1781.36,nan
2008-11-12,1801.82,nan
2008-11-13,1874.08,nan
2008-11-14,1943.65,nan
2008-11-17,1987.23,nan
2008-11-18,1839.82,nan
2008-11-19,1953.16,nan
2008-11-20,1932.43,nan
2008-11-21,1920.74,nan
2008-11-24,1837.64,nan
2008-11-25,1834.29,nan
2008-11-26,1843.5,nan
2008-11-27,1870.47,nan
2008-11-28,1829.92,nan
2008-12-01,1864.21,nan
2008-12-02,1868.63,nan
2008-12-03,1952.67,nan
2008-12-04,1982.93,nan
2008-12-05,2013.18,nan
2008-12-08,2095.04,nan
2008-12-09,2040.85,nan
2008-12-10,2096.39,nan
2008-12-11,2046.34,nan
2008-12-12,1960.38,nan
2008-12-15,1975.03,nan
2008-12-16,1994.45,nan
2008-12-17,2001.42,nan
2008-12-18,2045.1,nan
2008-12-19,2052.11,nan
2008-12-22,2017.55,nan
2008-12-23,1918.96,nan
2008-12-24,1887.08,nan
2008-12-25,1870.77,nan
2008-12-26,1862.1,nan
2008-12-29,1854.76,nan
2008-12-30,1833.44,nan
2008-12-31,1817.72,nan
2009-01-05,1882.96,nan
2009-01-06,1942.8,nan
2009-01-07,1931.18,nan
2009-01-08,1887.99,nan
2009-01-09,1918.37,nan
2009-01-12,1920.69,nan
2009-01-13,1876.19,nan
2009-01-14,1955.24,nan
2009-01-15,1954.87,nan
2009-01-16,1990.21,nan
2009-01-19,2012.47,nan
2009-01-20,2025.19,nan
2009-01-21,2021.71,nan
2009-01-22,2044.55,nan
2009-01-23,2032.68,nan
2009-02-02,2057.06,nan
2009-02-03,2108.91,nan
2009-02-04,2166.41,nan
2009-02-05,2150.97,nan
2009-02-06,2237.28,nan
2009-02-09,2296.67,nan
2009-02-10,2326.76,nan
2009-02-11,2331.14,nan
2009-02-12,2318.34,nan
2009-02-13,2399.07,nan
2009-02-16,2462.25,nan
2009-02-17,2385.29,nan
2009-02-18,2275.84,nan
2009-02-19,2298.41,nan
2009-02-20,2344.32,nan
2009-02-23,2410.48,nan
2009-02-24,2301.85,nan
2009-02-25,2304.25,nan
2009-02-26,2190.19,nan
2009-02-27,2140.49,nan
2009-03-02,2164.67,nan
2009-03-03,2142.15,nan
2009-03-04,2285.15,nan
2009-03-05,2304.92,nan
2009-03-06,2286.58,nan
2009-03-09,2202.53,nan
2009-03-10,2240.78,nan
2009-03-11,2220.38,nan
2009-03-12,2215.7,nan
2009-03-13,2205.42,nan
2009-03-16,2241.61,nan
2009-03-17,2322.4,nan
2009-03-18,2332.65,nan
2009-03-19,2382.56,nan
2009-03-20,2379.84,nan
2009-03-23,2439.4,nan
2009-03-24,2451.78,nan
2009-03-25,2401.33,nan
2009-03-26,2479.79,nan
2009-03-27,2498.93,nan
2009-03-30,2484.49,nan
2009-03-31,2507.79,nan
2009-04-01,2548.22,nan
2009-04-02,2576.4,nan
2009-04-03,2570.5,nan
2009-04-07,2576.95,nan
2009-04-08,2479.35,nan
2009-04-09,2517.67,nan
2009-04-10,2595.53,nan
2009-04-13,2656.52,nan
2009-04-14,2676.87,nan
2009-04-15,2686.99,nan
2009-04-16,2687.11,nan
2009-04-17,2650.69,nan
2009-04-20,2707.67,nan
2009-04-21,2675.44,nan
2009-04-22,2576.28,nan
2009-04-23,2593.56,nan
2009-04-24,2572.89,nan
2009-04-27,2513.29,nan
2009-04-28,2518.53,nan
2009-04-29,2605.37,nan
2009-04-30,2622.93,nan
2009-05-04,2714.3,nan
2009-05-05,2727.01,nan
2009-05-06,2764.98,nan
2009-05-07,2767.08,nan
2009-05-08,2789.22,nan
2009-05-11,2725.32,nan
2009-05-12,2788.56,nan
2009-05-13,2814.01,nan
2009-05-14,2792.6,nan
2009-05-15,2796.12,nan
2009-05-18,2810.57,nan
2009-05-19,2840.08,nan
2009-05-20,2812.87,nan
2009-05-21,2750.01,nan
2009-05-22,2740.68,nan
2009-05-25,2752.72,nan
2009-05-26,2719.76,nan
2009-05-27,2759.71,nan
2009-06-01,2858.34,nan
2009-06-02,2865.1,nan
2009-06-03,2939.39,nan
2009-06-04,2953.75,nan
2009-06-05,2939.31,nan
2009-06-08,2948.48,nan
2009-06-09,2960.56,nan
2009-06-10,2989.6,nan
2009-06-11,2961.63,nan
2009-06-12,2906.29,nan
2009-06-15,2966.19,nan
2009-06-16,2961.22,nan
2009-06-17,3010.59,nan
2009-06-18,3057.43,nan
2009-06-19,3080.0,nan
2009-06-22,3082.56,nan
2009-06-23,3083.9,nan
2009-06-24,3120.73,nan
2009-06-25,3117.92,nan
2009-06-26,3128.42,nan
2009-06-29,3179.97,nan
2009-06-30,3166.47,nan
2009-07-01,3237.9,nan
2009-07-02,3282.36,nan
2009-07-03,3327.14,nan
2009-07-06,3374.75,nan
2009-07-07,3340.49,nan
2009-07-08,3352.27,nan
2009-07-09,3396.3,nan
2009-07-10,3398.31,nan
2009-07-13,3361.01,nan
2009-07-14,3454.75,nan
2009-07-15,3493.31,nan
2009-07-16,3501.24,nan
2009-07-17,3519.81,nan
2009-07-20,3591.12,nan
2009-07-21,3539.83,nan
2009-07-22,3606.92,nan
2009-07-23,3651.97,nan
2009-07-24,3667.56,nan
2009-07-27,3743.63,nan
2009-07-28,3755.82,nan
2009-07-29,3558.51,nan
2009-07-30,3634.82,nan
2009-07-31,3734.62,nan
2009-08-03,3787.03,nan
2009-08-04,3786.62,nan
2009-08-05,3740.94,nan
2009-08-06,3663.12,nan
2009-08-07,3555.1,nan
2009-08-10,3544.54,nan
2009-08-11,3556.38,nan
2009-08-12,3397.4,nan
2009-08-13,3440.82,nan
2009-08-14,3344.46,nan
2009-08-17,3140.27,nan
2009-08-18,3171.99,nan
2009-08-19,3014.57,nan
2009-08-20,3144.39,nan
2009-08-21,3203.62,nan
2009-08-24,3229.6,nan
2009-08-25,3109.83,nan
2009-08-26,3172.39,nan
2009-08-27,3156.3,nan
2009-08-28,3046.78,nan
2009-08-31,2830.27,nan
2009-09-01,2843.7,nan
2009-09-02,2890.93,nan
2009-09-03,3051.96,nan
2009-09-04,3077.14,nan
2009-09-07,3104.21,nan
2009-09-08,3170.97,nan
2009-09-09,3194.91,nan
2009-09-10,3162.91,nan
2009-09-11,3238.13,nan
2009-09-14,3293.39,nan
2009-09-15,3302.64,nan
2009-09-16,3258.24,nan
2009-09-17,3320.1,nan
2009-09-18,3199.69,nan
2009-09-21,3208.6,nan
2009-09-22,3131.03,nan
2009-09-23,3060.07,nan
2009-09-24,3080.93,nan
2009-09-25,3058.53,nan
2009-09-28,2972.64,nan
2009-09-29,2972.29,nan
2009-09-30,3004.81,nan
2009-10-09,3163.71,nan
2009-10-12,3151.63,nan
2009-10-13,3198.52,nan
2009-10-14,3227.4,nan
2009-10-15,3239.64,nan
2009-10-16,3241.71,nan
2009-10-19,3329.16,nan
2009-10-20,3377.57,nan
2009-10-21,3369.29,nan
2009-10-22,3347.32,nan
2009-10-23,3413.25,nan
2009-10-26,3414.24,nan
2009-10-27,3314.72,nan
2009-10-28,3329.33,nan
2009-10-29,3247.05,nan
2009-10-30,3280.37,nan
2009-11-02,3392.8,nan
2009-11-03,3435.43,nan
2009-11-04,3453.89,nan
2009-11-05,3464.32,nan
2009-11-06,3483.02,nan
2009-11-09,3495.79,nan
2009-11-10,3503.78,nan
2009-11-11,3495.67,nan
2009-11-12,3499.99,nan
2009-11-13,3518.72,nan
2009-11-16,3625.8,nan
2009-11-17,3628.35,nan
2009-11-18,3630.23,nan
2009-11-19,3642.44,nan
2009-11-20,3631.01,nan
2009-11-23,3665.51,nan
2009-11-24,3548.08,nan
2009-11-25,3629.63,nan
2009-11-26,3485.77,nan
2009-11-27,3382.51,nan
2009-11-30,3511.67,nan
2009-12-01,3560.83,nan
2009-12-02,3597.33,nan
2009-12-03,3590.88,nan
2009-12-04,3643.49,nan
2009-12-07,3668.83,nan
2009-12-08,3624.02,nan
2009-12-09,3554.48,nan
2009-12-10,3577.24,nan
2009-12-11,3575.02,nan
2009-12-14,3612.75,nan
2009-12-15,3583.34,nan
2009-12-16,3560.72,nan
2009-12-17,3480.15,nan
2009-12-18,3391.74,nan
2009-12-21,3396.62,nan
2009-12-22,3305.54,nan
2009-12-23,3336.48,nan
2009-12-24,3438.82,nan
2009-12-25,3424.78,nan
2009-12-28,3478.43,nan
2009-12-29,3500.74,nan
2009-12-30,3558.86,nan
2009-12-31,3575.68,nan
2010-01-04,3535.23,nan
2010-01-05,3564.04,nan
2010-01-06,3541.73,nan
2010-01-07,3471.46,nan
2010-01-08,3480.13,nan
2010-01-11,3482.05,nan
2010-01-12,3534.92,nan
2010-01-13,3421.14,nan
2010-01-14,3469.05,nan
2010-01-15,3482.74,nan
2010-01-18,3500.68,nan
2010-01-19,3507.48,nan
2010-01-20,3394.43,nan
2010-01-21,3408.57,nan
2010-01-22,3366.2,nan
2010-01-25,3328.01,nan
2010-01-26,3242.8,nan
2010-01-27,3198.57,nan
2010-01-28,3206.57,nan
2010-01-29,3204.16,nan
2010-02-01,3152.71,nan
2010-02-02,3146.19,nan
2010-02-03,3230.72,nan
2010-02-04,3218.8,nan
2010-02-05,3153.09,nan
2010-02-08,3150.99,nan
2010-02-09,3169.19,nan
2010-02-10,3214.13,nan
2010-02-11,3220.4,nan
2010-02-12,3251.28,nan
2010-02-22,3233.35,nan
2010-02-23,3198.63,nan
2010-02-24,3244.48,nan
2010-02-25,3292.13,nan
2010-02-26,3281.67,nan
2010-03-01,3324.42,nan
2010-03-02,3311.24,nan
2010-03-03,3335.08,nan
2010-03-04,3250.57,nan
2010-03-05,3259.76,nan
2010-03-08,3286.18,nan
2010-03-09,3305.86,nan
2010-03-10,3279.69,nan
2010-03-11,3276.71,nan
2010-03-12,3233.13,nan
2010-03-15,3183.18,nan
2010-03-16,3203.97,nan
2010-03-17,3273.92,nan
2010-03-18,3267.56,nan
2010-03-19,3293.87,nan
2010-03-22,3302.63,nan
2010-03-23,3275.57,nan
2010-03-24,3276.67,nan
2010-03-25,3229.13,nan
2010-03-26,3275.0,nan
2010-03-29,3358.54,nan
2010-03-30,3366.71,nan
2010-03-31,3345.61,nan
2010-04-01,3391.94,nan
2010-04-02,3407.35,nan
2010-04-06,3405.15,nan
2010-04-07,3386.95,nan
2010-04-08,3346.74,nan
2010-04-09,3379.17,nan
2010-04-12,3351.48,nan
2010-04-13,3391.72,nan
2010-04-14,3403.71,nan
2010-04-15,3394.57,nan
2010-04-16,3356.33,nan
2010-04-19,3176.42,nan
2010-04-20,3173.37,nan
2010-04-21,3236.68,nan
2010-04-22,3201.54,nan
2010-04-23,3190.0,nan
2010-04-26,3172.0,nan
2010-04-27,3108.41,nan
2010-04-28,3097.35,nan
2010-04-29,3060.06,nan
2010-04-30,3067.37,nan
2010-05-04,3019.45,nan
2010-05-05,3036.39,nan
2010-05-06,2896.86,nan
2010-05-07,2836.79,nan
2010-05-10,2858.23,nan
2010-05-11,2800.82,nan
2010-05-12,2818.16,nan
2010-05-13,2886.91,nan
2010-05-14,2868.02,nan
2010-05-17,2714.72,nan
2010-05-18,2771.35,nan
2010-05-19,2762.17,nan
2010-05-20,2726.02,nan
2010-05-21,2768.79,nan
2010-05-24,2873.47,nan
2010-05-25,2813.94,nan
2010-05-26,2813.94,nan
2010-05-27,2859.98,nan
2010-05-28,2850.3,nan
2010-05-31,2773.26,nan
2010-06-01,2744.16,nan
2010-06-02,2757.53,nan
2010-06-03,2736.08,nan
2010-06-04,2744.39,nan
2010-06-07,2695.72,nan
2010-06-08,2699.34,nan
2010-06-09,2782.13,nan
2010-06-10,2750.02,nan
2010-06-11,2758.87,nan
2010-06-17,2742.73,nan
2010-06-18,2696.17,nan
2010-06-21,2780.66,nan
2010-06-22,2783.72,nan
2010-06-23,2758.5,nan
2010-06-24,2757.5,nan
2010-06-25,2736.29,nan
2010-06-28,2716.78,nan
2010-06-29,2592.02,nan
2010-06-30,2563.07,nan
2010-07-01,2526.07,nan
2010-07-02,2534.11,nan
2010-07-05,2512.65,nan
2010-07-06,2562.9,nan
2010-07-07,2580.48,nan
2010-07-08,2575.92,nan
2010-07-09,2647.1,nan
2010-07-12,2676.22,nan
2010-07-13,2634.59,nan
2010-07-14,2653.61,nan
2010-07-15,2608.52,nan
2010-07-16,2616.13,nan
2010-07-19,2682.47,nan
2010-07-20,2741.5,nan
2010-07-21,2747.34,nan
2010-07-22,2781.29,nan
2010-07-23,2793.08,nan
2010-07-26,2811.06,nan
2010-07-27,2795.72,nan
2010-07-28,2863.72,nan
2010-07-29,2877.98,nan
2010-07-30,2868.85,nan
2010-08-02,2917.28,nan
2010-08-03,2865.97,nan
2010-08-04,2876.43,nan
2010-08-05,2850.83,nan
2010-08-06,2897.66,nan
2010-08-09,2918.24,nan
2010-08-10,2832.64,nan
2010-08-11,2850.21,nan
2010-08-12,2816.39,nan
2010-08-13,2855.55,nan
2010-08-16,2922.08,nan
2010-08-17,2942.29,nan
2010-08-18,2937.36,nan
2010-08-19,2955.4,nan
2010-08-20,2898.33,nan
2010-08-23,2896.19,nan
2010-08-24,2911.83,nan
2010-08-25,2843.02,nan
2010-08-26,2850.09,nan
2010-08-27,2858.57,nan
2010-08-30,2915.01,nan
2010-08-31,2903.19,nan
2010-09-01,2884.04,nan
2010-09-02,2921.39,nan
2010-09-03,2920.21,nan
2010-09-06,2975.09,nan
2010-09-07,2983.11,nan
2010-09-08,2980.97,nan
2010-09-09,2926.46,nan
2010-09-10,2932.55,nan
2010-09-13,2962.32,nan
2010-09-14,2965.01,nan
2010-09-15,2913.19,nan
2010-09-16,2857.79,nan
2010-09-17,2861.37,nan
2010-09-20,2849.83,nan
2010-09-21,2857.48,nan
2010-09-27,2905.03,nan
2010-09-28,2880.91,nan
2010-09-29,2874.81,nan
2010-09-30,2935.57,nan
2010-10-08,3044.23,nan
2010-10-11,3132.9,nan
2010-10-12,3172.73,nan
2010-10-13,3217.58,nan
2010-10-14,3224.14,nan
2010-10-15,3327.68,nan
2010-10-18,3306.16,nan
2010-10-19,3375.67,nan
2010-10-20,3396.88,nan
2010-10-21,3374.69,nan
2010-10-22,3378.66,nan
2010-10-25,3481.08,nan
2010-10-26,3466.08,nan
2010-10-27,3403.87,nan
2010-10-28,3397.69,nan
2010-10-29,3379.98,nan
2010-11-01,3473.0,nan
2010-11-02,3463.13,nan
2010-11-03,3420.34,nan
2010-11-04,3480.51,nan
2010-11-05,3520.8,nan
2010-11-08,3548.57,nan
2010-11-09,3523.95,nan
2010-11-10,3499.11,nan
2010-11-11,3509.98,nan
2010-11-12,3291.83,nan
2010-11-15,3314.89,nan
2010-11-16,3169.54,nan
2010-11-17,3103.91,nan
2010-11-18,3147.96,nan
2010-11-19,3178.85,nan
2010-11-22,3171.94,nan
2010-11-23,3107.18,nan
2010-11-24,3177.04,nan
2010-11-25,3223.48,nan
2010-11-26,3194.85,nan
2010-11-29,3190.05,nan
2010-11-30,3136.99,nan
2010-12-01,3136.02,nan
2010-12-02,3155.06,nan
2010-12-03,3158.16,nan
2010-12-06,3165.57,nan
2010-12-07,3200.34,nan
2010-12-08,3171.88,nan
2010-12-09,3123.37,nan
2010-12-10,3161.98,nan
2010-12-13,3261.06,nan
2010-12-14,3269.47,nan
2010-12-15,3247.64,nan
2010-12-16,3230.67,nan
2010-12-17,3225.66,nan
2010-12-20,3178.66,nan
2010-12-21,3249.51,nan
2010-12-22,3215.45,nan
2010-12-23,3188.61,nan
2010-12-24,3162.96,nan
2010-12-27,3099.71,nan
2010-12-28,3044.93,nan
2010-12-29,3061.83,nan
2010-12-30,3064.1,nan
2010-12-31,3128.26,nan
2011-01-04,3189.68,nan
2011-01-05,3175.66,nan
2011-01-06,3159.64,nan
2011-01-07,3166.62,nan
2011-01-10,3108.19,nan
2011-01-11,3124.92,nan
2011-01-12,3142.34,nan
2011-01-13,3141.28,nan
2011-01-14,3091.86,nan
2011-01-17,2974.35,nan
2011-01-18,2977.65,nan
2011-01-19,3044.85,nan
2011-01-20,2944.71,nan
2011-01-21,2983.46,nan
2011-01-24,2954.23,nan
2011-01-25,2938.65,nan
2011-01-26,2978.43,nan
2011-01-27,3026.47,nan
2011-01-28,3036.74,nan
2011-01-31,3076.51,nan
2011-02-01,3077.28,nan
2011-02-09,3040.95,nan
2011-02-10,3104.16,nan
2011-02-11,3120.96,nan
2011-02-14,3219.14,nan
2011-02-15,3217.67,nan
2011-02-16,3248.53,nan
2011-02-17,3245.91,nan
2011-02-18,3211.88,nan
2011-02-21,3257.91,nan
2011-02-22,3163.58,nan
2011-02-23,3174.74,nan
2011-02-24,3190.94,nan
2011-02-25,3197.62,nan
2011-02-28,3239.56,nan
2011-03-01,3254.89,nan
2011-03-02,3243.3,nan
2011-03-03,3221.72,nan
2011-03-04,3270.67,nan
2011-03-07,3334.51,nan
2011-03-08,3337.46,nan
2011-03-09,3338.86,nan
2011-03-10,3280.26,nan
2011-03-11,3247.38,nan
2011-03-14,3262.92,nan
2011-03-15,3203.96,nan
2011-03-16,3248.2,nan
2011-03-17,3197.1,nan
2011-03-18,3215.69,nan
2011-03-21,3207.11,nan
2011-03-22,3222.96,nan
2011-03-23,3264.93,nan
2011-03-24,3251.36,nan
2011-03-25,3294.48,nan
2011-03-28,3290.57,nan
2011-03-29,3257.98,nan
2011-03-30,3256.08,nan
2011-03-31,3223.29,nan
2011-04-01,3272.73,nan
2011-04-06,3311.07,nan
2011-04-07,3324.42,nan
2011-04-08,3353.36,nan
2011-04-11,3333.43,nan
2011-04-12,3326.77,nan
2011-04-13,3372.03,nan
2011-04-14,3353.56,nan
2011-04-15,3358.94,nan
2011-04-18,3359.44,nan
2011-04-19,3295.81,nan
2011-04-20,3295.76,nan
2011-04-21,3317.37,nan
2011-04-22,3299.94,nan
2011-04-25,3249.57,nan
2011-04-26,3230.96,nan
2011-04-27,3209.5,nan
2011-04-28,3161.78,nan
2011-04-29,3192.72,nan
2011-05-03,3211.13,nan
2011-05-04,3129.03,nan
2011-05-05,3126.12,nan
2011-05-06,3121.4,nan
2011-05-09,3129.76,nan
2011-05-10,3153.22,nan
2011-05-11,3145.09,nan
2011-05-12,3101.6,nan
2011-05-13,3128.09,nan
2011-05-16,3100.46,nan
2011-05-17,3116.03,nan
2011-05-18,3139.38,nan
2011-05-19,3120.64,nan
2011-05-20,3121.6,nan
2011-05-23,3022.98,nan
2011-05-24,3026.22,nan
2011-05-25,2990.34,nan
2011-05-26,2978.38,nan
2011-05-27,2963.31,nan
2011-05-30,2954.51,nan
2011-05-31,3001.56,nan
2011-06-01,3004.17,nan
2011-06-02,2955.71,nan
2011-06-03,2986.35,nan
2011-06-07,3004.26,nan
2011-06-08,3008.65,nan
2011-06-09,2951.89,nan
2011-06-10,2961.93,nan
2011-06-13,2950.35,nan
2011-06-14,2993.56,nan
2011-06-15,2963.12,nan
2011-06-16,2917.58,nan
2011-06-17,2892.16,nan
2011-06-20,2874.9,nan
2011-06-21,2909.07,nan
2011-06-22,2908.58,nan
2011-06-23,2957.63,nan
2011-06-24,3027.47,nan
2011-06-27,3036.49,nan
2011-06-28,3041.73,14.32
2011-06-29,3000.17,nan
2011-06-30,3044.09,nan
2011-07-01,3049.75,nan
2011-07-04,3121.98,nan
2011-07-05,3122.5,nan
2011-07-06,3113.71,nan
2011-07-07,3101.68,nan
2011-07-08,3109.18,nan
2011-07-11,3113.21,nan
2011-07-12,3056.91,nan
2011-07-13,3106.25,nan
2011-07-14,3115.75,nan
2011-07-15,3128.89,14.75
2011-07-18,3122.6,14.69
2011-07-19,3095.13,16.53
2011-07-20,3091.57,16.55
2011-07-21,3059.14,16.4
2011-07-22,3067.99,16.43
2011-07-25,2968.29,15.97
2011-07-26,2977.77,16.06
2011-07-27,3000.05,16.16
2011-07-28,2981.0,16.08
2011-07-29,2972.08,16.06
2011-08-01,2977.72,16.06
2011-08-02,2956.38,16.06
2011-08-03,2954.87,15.92
2011-08-04,2960.31,15.92
2011-08-05,2897.42,15.64
2011-08-08,2793.9,15.1
2011-08-09,2798.19,15.12
2011-08-10,2824.12,15.24
2011-08-11,2866.92,15.43
2011-08-12,2875.37,15.48
2011-08-15,2917.88,15.67
2011-08-16,2897.58,15.56
2011-08-17,2886.01,15.52
2011-08-18,2834.25,15.26
2011-08-19,2807.66,15.12
2011-08-22,2777.79,14.99
2011-08-23,2821.0,15.21
2011-08-24,2810.02,15.14
2011-08-25,2903.84,15.62
2011-08-26,2901.22,15.6
2011-08-29,2852.81,15.37
2011-08-30,2841.74,15.33
2011-08-31,2846.78,15.35
2011-09-01,2834.54,15.29
2011-09-02,2803.85,15.13
2011-09-05,2743.82,14.84
2011-09-06,2723.3,14.78
2011-09-07,2779.09,15.04
2011-09-08,2756.11,14.95
2011-09-09,2751.1,14.95
2011-09-13,2720.28,14.8
2011-09-14,2733.11,14.86
2011-09-15,2729.05,14.83
2011-09-16,2733.99,14.85
2011-09-19,2679.27,14.59
2011-09-20,2689.85,14.64
2011-09-21,2771.01,15.03
2011-09-22,2685.69,14.61
2011-09-23,2669.48,14.55
2011-09-26,2610.92,14.3
2011-09-27,2637.88,14.44
2011-09-28,2610.59,14.33
2011-09-29,2588.19,14.25
2011-09-30,2581.35,nan
2011-10-10,2557.08,14.12
2011-10-11,2551.99,14.13
2011-10-12,2644.76,14.55
2011-10-13,2662.6,14.65
2011-10-14,2653.78,14.61
2011-10-17,2666.95,14.68
2011-10-18,2592.21,14.35
2011-10-19,2583.08,14.31
2011-10-20,2520.53,14.03
2011-10-21,2507.88,13.97
2011-10-24,2576.67,14.3
2011-10-25,2625.43,14.53
2011-10-26,2651.65,14.64
2011-10-27,2657.48,14.69
2011-10-28,2709.02,14.91
2011-10-31,2695.31,14.85
2011-11-01,2697.53,14.84
2011-11-02,2742.39,15.04
2011-11-03,2744.3,15.08
2011-11-04,2763.75,15.21
2011-11-07,2736.25,15.08
2011-11-08,2727.71,15.07
2011-11-09,2751.65,15.18
2011-11-10,2699.59,14.91
2011-11-11,2695.0,14.91
2011-11-14,2750.2,15.19
2011-11-15,2744.68,15.16
2011-11-16,2670.12,14.78
2011-11-17,2662.02,14.75
2011-11-18,2606.5,14.49
2011-11-21,2609.69,14.49
2011-11-22,2609.48,14.48
2011-11-23,2584.01,14.37
2011-11-24,2588.92,14.39
2011-11-25,2569.97,11.56
2011-11-28,2573.32,11.58
2011-11-29,2608.57,11.72
2011-11-30,2521.52,11.36
2011-12-01,2583.61,11.64
2011-12-02,2557.31,11.54
2011-12-05,2521.39,11.44
2011-12-06,2516.34,11.41
2011-12-07,2528.23,11.44
2011-12-08,2525.0,11.42
2011-12-09,2503.46,11.36
2011-12-12,2477.69,11.24
2011-12-13,2421.93,11.06
2011-12-14,2397.48,10.98
2011-12-15,2340.79,10.75
2011-12-16,2390.13,10.96
2011-12-19,2384.41,10.92
2011-12-20,2377.07,10.91
2011-12-21,2339.11,10.8
2011-12-22,2341.34,10.82
2011-12-23,2359.16,10.9
2011-12-26,2335.7,10.81
2011-12-27,2305.04,10.71
2011-12-28,2307.93,10.74
2011-12-29,2311.36,10.77
2011-12-30,2345.74,10.89
2012-01-04,2298.75,nan
2012-01-05,2276.39,nan
2012-01-06,2290.6,nan
2012-01-09,2368.57,nan
2012-01-10,2447.35,nan
2012-01-11,2435.61,nan
2012-01-12,2435.22,nan
2012-01-13,2394.33,nan
2012-01-16,2345.65,nan
2012-01-17,2460.6,nan
2012-01-18,2422.19,nan
2012-01-19,2468.35,nan
2012-01-20,2504.09,nan
2012-01-30,2460.72,nan
2012-01-31,2464.26,nan
2012-02-01,2428.99,nan
2012-02-02,2486.24,nan
2012-02-03,2506.09,nan
2012-02-06,2504.32,nan
2012-02-07,2457.95,nan
2012-02-08,2528.24,nan
2012-02-09,2529.23,nan
2012-02-10,2533.62,nan
2012-02-13,2531.98,nan
2012-02-14,2522.11,nan
2012-02-15,2549.61,nan
2012-02-16,2536.07,nan
2012-02-17,2537.09,nan
2012-02-20,2540.71,nan
2012-02-21,2562.45,nan
2012-02-22,2597.48,nan
2012-02-23,2606.26,nan
2012-02-24,2648.02,nan
2012-02-27,2656.57,nan
2012-02-28,2662.46,nan
2012-02-29,2634.14,nan
2012-03-01,2633.35,nan
2012-03-02,2679.93,nan
2012-03-05,2662.7,nan
2012-03-06,2621.05,nan
2012-03-07,2603.01,nan
2012-03-08,2635.79,12.09
2012-03-09,2664.3,12.19
2012-03-12,2654.4,12.14
2012-03-13,2681.07,12.24
2012-03-14,2605.11,11.96
2012-03-15,2585.55,11.89
2012-03-16,2623.52,11.94
2012-03-19,2630.01,11.93
2012-03-20,2584.45,11.73
2012-03-21,2587.79,11.73
2012-03-22,2583.75,11.72
2012-03-23,2552.94,11.61
2012-03-26,2555.44,nan
2012-03-27,2547.14,nan
2012-03-28,2474.9,nan
2012-03-29,2443.12,nan
2012-03-30,2454.9,nan
2012-04-05,2512.83,11.44
2012-04-06,2519.83,11.61
2012-04-09,2495.15,11.51
2012-04-10,2519.79,11.6
2012-04-11,2520.04,11.85
2012-04-12,2570.44,11.82
2012-04-13,2580.45,11.85
2012-04-16,2574.04,11.83
2012-04-17,2541.88,11.72
2012-04-18,2599.91,11.95
2012-04-19,2596.06,11.92
2012-04-20,2626.84,12.06
2012-04-23,2606.04,11.94
2012-04-24,2604.87,nan
2012-04-25,2625.99,nan
2012-04-26,2631.49,12.04
2012-04-27,2626.16,12.03
2012-05-02,2683.49,12.27
2012-05-03,2691.52,12.32
2012-05-04,2715.88,12.36
2012-05-07,2717.78,12.36
2012-05-08,2709.12,12.33
2012-05-09,2657.51,12.11
2012-05-10,2657.21,12.11
2012-05-11,2636.92,12.03
2012-05-14,2615.53,11.94
2012-05-15,2617.37,11.92
2012-05-16,2574.65,11.92
2012-05-17,2613.94,11.92
2012-05-18,2573.98,11.74
2012-05-21,2587.23,11.79
2012-05-22,2627.53,11.88
2012-05-23,2616.87,11.81
2012-05-24,2595.26,11.81
2012-05-25,2573.1,11.73
2012-05-28,2614.69,11.87
2012-05-29,2650.85,12.0
2012-05-30,2642.26,11.98
2012-05-31,2632.04,11.92
2012-06-01,2633.0,11.92
2012-06-04,2559.03,11.61
2012-06-05,2558.84,nan
2012-06-06,2557.4,nan
2012-06-07,2542.18,nan
2012-06-08,2524.33,13.5
2012-06-11,2558.27,11.6
2012-06-12,2540.18,11.51
2012-06-13,2580.64,11.64
2012-06-14,2560.42,11.52
2012-06-15,2568.05,11.59
2012-06-18,2581.21,11.62
2012-06-19,2558.62,11.5
2012-06-20,2552.61,11.5
2012-06-21,2512.19,11.33
2012-06-25,2456.52,11.16
2012-06-26,2454.92,11.15
2012-06-27,2447.2,11.13
2012-06-28,2425.73,11.04
2012-06-29,2461.61,11.19
2012-07-02,2465.24,11.35
2012-07-03,2468.72,11.37
2012-07-04,2464.92,11.41
2012-07-05,2430.37,11.24
2012-07-06,2472.61,11.37
2012-07-09,2416.04,11.11
2012-07-10,2406.71,11.09
2012-07-11,2425.57,11.15
2012-07-12,2449.18,11.21
2012-07-13,2450.63,11.23
2012-07-16,2399.73,11.06
2012-07-17,2414.2,11.12
2012-07-18,2414.34,11.14
2012-07-19,2424.32,11.19
2012-07-20,2398.46,11.19
2012-07-23,2365.43,10.95
2012-07-24,2375.99,10.98
2012-07-25,2360.08,nan
2012-07-26,2347.49,10.88
2012-07-27,2349.11,10.9
2012-07-30,2335.79,10.84
2012-07-31,2332.92,10.86
2012-08-01,2358.65,10.96
2012-08-02,2334.88,10.88
2012-08-03,2353.74,10.97
2012-08-06,2385.61,11.07
2012-08-07,2388.87,11.07
2012-08-08,2389.8,11.09
2012-08-09,2411.7,11.17
2012-08-10,2399.75,11.12
2012-08-13,2351.93,10.96
2012-08-14,2357.02,10.98
2012-08-15,2331.62,10.87
2012-08-16,2319.67,10.84
2012-08-17,2313.48,10.83
2012-08-20,2301.79,10.78
2012-08-21,2313.7,10.82
2012-08-22,2295.59,10.76
2012-08-23,2302.2,10.77
2012-08-24,2275.68,10.67
2012-08-27,2228.2,10.51
2012-08-28,2238.41,10.57
2012-08-29,2214.81,10.48
2012-08-30,2211.37,10.49
2012-08-31,2204.87,10.2
2012-09-03,2228.37,nan
2012-09-04,2204.41,10.18
2012-09-05,2199.88,10.14
2012-09-06,2217.82,10.2
2012-09-07,2317.18,10.6
2012-09-10,2326.67,10.63
2012-09-11,2311.89,10.56
2012-09-12,2320.07,10.58
2012-09-13,2298.46,10.5
2012-09-14,2315.54,10.58
2012-09-17,2258.71,10.37
2012-09-18,2235.24,10.26
2012-09-19,2246.24,10.29
2012-09-20,2195.95,10.09
2012-09-21,2199.06,10.11
2012-09-24,2215.52,10.15
2012-09-25,2210.15,10.14
2012-09-26,2184.89,10.03
2012-09-27,2251.72,10.31
2012-09-28,2293.11,10.47
2012-10-08,2270.05,10.39
2012-10-09,2320.16,10.59
2012-10-10,2324.12,10.6
2012-10-11,2302.53,10.52
2012-10-12,2304.53,10.54
2012-10-15,2294.86,10.51
2012-10-16,2298.16,10.51
2012-10-17,2300.8,10.54
2012-10-18,2336.08,10.67
2012-10-19,2332.47,10.65
2012-10-22,2341.59,10.68
2012-10-23,2312.08,10.57
2012-10-24,2307.78,10.56
2012-10-25,2291.24,10.49
2012-10-26,2247.91,10.32
2012-10-29,2235.85,10.29
2012-10-30,2239.88,10.31
2012-10-31,2254.82,10.23
2012-11-01,2297.88,10.41
2012-11-02,2306.77,10.46
2012-11-05,2301.88,10.44
2012-11-06,2292.21,10.41
2012-11-07,2287.51,10.4
2012-11-08,2245.41,10.25
2012-11-09,2240.92,10.23
2012-11-12,2251.85,10.27
2012-11-13,2212.44,10.12
2012-11-14,2223.11,10.16
2012-11-15,2193.62,10.05
2012-11-16,2177.24,9.97
2012-11-19,2174.99,9.96
2012-11-20,2164.88,9.92
2012-11-21,2194.9,10.03
2012-11-22,2177.55,9.96
2012-11-23,2192.68,10.02
2012-11-26,2175.6,9.96
2012-11-27,2150.64,9.89
2012-11-28,2129.16,9.83
2012-11-29,2115.68,9.78
2012-11-30,2139.66,9.85
2012-12-03,2108.85,9.75
2012-12-04,2131.47,9.83
2012-12-05,2207.88,10.11
2012-12-06,2203.6,10.09
2012-12-07,2246.76,10.24
2012-12-10,2271.05,10.34
2012-12-11,2258.5,10.3
2012-12-12,2267.77,10.34
2012-12-13,2242.64,10.24
2012-12-14,2355.87,10.7
2012-12-17,2366.7,10.73
2012-12-18,2368.12,10.75
2012-12-19,2371.11,10.75
2012-12-20,2384.82,10.79
2012-12-21,2372.0,10.71
2012-12-24,2381.22,10.73
2012-12-25,2448.4,11.01
2012-12-26,2457.62,11.03
2012-12-27,2444.59,10.97
2012-12-28,2480.05,11.11
2012-12-31,2522.95,11.3
2013-01-04,2524.41,11.38
2013-01-07,2535.99,11.4
2013-01-08,2525.33,11.34
2013-01-09,2526.13,11.34
2013-01-10,2530.57,11.35
2013-01-11,2483.23,11.22
2013-01-14,2577.73,11.58
2013-01-15,2595.86,11.63
2013-01-16,2577.09,11.54
2013-01-17,2552.76,11.42
2013-01-18,2595.44,11.58
2013-01-21,2610.9,11.62
2013-01-22,2596.9,11.57
2013-01-23,2607.46,11.6
2013-01-24,2582.76,11.53
2013-01-25,2571.67,11.46
2013-01-28,2651.86,11.75
2013-01-29,2675.87,11.81
2013-01-30,2688.71,11.94
2013-01-31,2686.88,11.95
2013-02-01,2743.32,12.15
2013-02-04,2748.03,12.19
2013-02-05,2771.68,12.22
2013-02-06,2775.84,12.23
2013-02-07,2759.87,12.14
2013-02-08,2771.73,12.21
2013-02-18,2737.47,12.11
2013-02-19,2685.61,11.9
2013-02-20,2702.64,11.96
2013-02-21,2610.55,11.58
2013-02-22,2596.6,11.52
2013-02-25,2604.96,11.57
2013-02-26,2567.6,11.41
2013-02-27,2594.68,11.52
2013-02-28,2673.33,11.79
2013-03-01,2668.84,11.76
2013-03-04,2545.72,11.31
2013-03-05,2622.81,11.59
2013-03-06,2650.2,11.67
2013-03-07,2619.48,11.55
2013-03-08,2606.93,11.52
2013-03-11,2592.37,11.48
2013-03-12,2555.62,11.37
2013-03-13,2527.49,11.26
2013-03-14,2534.27,11.3
2013-03-15,2539.87,11.35
2013-03-18,2502.49,11.15
2013-03-19,2525.1,11.24
2013-03-20,2610.17,11.56
2013-03-21,2614.99,11.58
2013-03-22,2618.31,11.59
2013-03-25,2613.1,11.58
2013-03-26,2575.05,11.43
2013-03-27,2583.53,11.44
2013-03-28,2499.3,11.12
2013-03-29,2495.08,11.11
2013-04-01,2493.19,11.1
2013-04-02,2486.39,11.07
2013-04-03,2483.55,11.07
2013-04-08,2472.3,11.01
2013-04-09,2489.43,11.07
2013-04-10,2485.31,11.07
2013-04-11,2477.88,11.04
2013-04-12,2462.11,10.98
2013-04-15,2436.82,10.86
2013-04-16,2459.59,10.93
2013-04-17,2458.47,10.92
2013-04-18,2464.85,10.95
2013-04-19,2533.83,11.19
2013-04-22,2530.67,11.17
2013-04-23,2449.47,10.87
2013-04-24,2495.58,11.04
2013-04-25,2467.88,10.95
2013-04-26,2447.31,10.86
2013-05-02,2449.64,10.44
2013-05-03,2492.91,10.56
2013-05-06,2525.98,10.6
2013-05-07,2529.94,10.61
2013-05-08,2542.8,10.66
2013-05-09,2527.79,10.6
2013-05-10,2540.84,10.64
2013-05-13,2530.77,10.6
2013-05-14,2493.34,10.46
2013-05-15,2506.93,10.49
2013-05-16,2552.71,10.64
2013-05-17,2592.05,10.8
2013-05-20,2609.61,10.86
2013-05-21,2614.85,10.87
2013-05-22,2618.03,10.84
2013-05-23,2582.85,10.71
2013-05-24,2597.23,10.76
2013-05-27,2599.59,10.75
2013-05-28,2644.36,10.9
2013-05-29,2642.56,10.9
2013-05-30,2634.32,10.86
2013-05-31,2606.43,10.76
2013-06-03,2602.62,10.76
2013-06-04,2565.67,10.64
2013-06-05,2560.54,10.63
2013-06-06,2527.85,10.5
2013-06-07,2484.16,10.33
2013-06-13,2399.94,10.03
2013-06-14,2416.77,10.09
2013-06-17,2403.84,10.04
2013-06-18,2418.75,10.06
2013-06-19,2400.77,9.87
2013-06-20,2321.47,9.53
2013-06-21,2317.39,9.49
2013-06-24,2171.21,8.97
2013-06-25,2165.42,8.96
2013-06-26,2168.3,8.91
2013-06-27,2160.74,8.92
2013-06-28,2200.64,9.09
2013-07-01,2213.32,9.52
2013-07-02,2221.98,9.57
2013-07-03,2203.83,9.37
2013-07-04,2221.98,9.42
2013-07-05,2226.85,9.44
2013-07-08,2163.62,9.23
2013-07-09,2162.67,9.25
2013-07-10,2224.07,9.43
2013-07-11,2326.69,9.76
2013-07-12,2275.37,9.59
2013-07-15,2307.3,9.68
2013-07-16,2317.85,9.7
2013-07-17,2282.84,9.59
2013-07-18,2245.33,9.46
2013-07-19,2190.48,9.32
2013-07-22,2202.19,9.36
2013-07-23,2265.85,9.56
2013-07-24,2249.15,9.47
2013-07-25,2237.68,9.43
2013-07-26,2224.01,9.37
2013-07-29,2175.97,9.2
2013-07-30,2189.39,9.28
2013-07-31,2193.02,9.28
2013-08-01,2245.36,9.64
2013-08-02,2247.26,9.63
2013-08-05,2278.33,9.73
2013-08-06,2293.64,9.78
2013-08-07,2280.62,9.71
2013-08-08,2276.78,9.7
2013-08-09,2286.01,9.73
2013-08-12,2352.79,9.98
2013-08-13,2359.07,9.99
2013-08-14,2349.08,9.96
2013-08-15,2321.58,9.86
2013-08-16,2304.14,9.82
2013-08-19,2331.43,9.89
2013-08-20,2312.47,9.81
2013-08-21,2308.59,9.8
2013-08-22,2303.93,9.77
2013-08-23,2286.93,9.71
2013-08-26,2335.62,9.89
2013-08-27,2340.88,9.89
2013-08-28,2328.06,9.85
2013-08-29,2318.31,9.82
2013-08-30,2313.91,9.8
2013-09-02,2320.34,9.51
2013-09-03,2354.5,9.63
2013-09-04,2350.7,9.63
2013-09-05,2341.74,9.56
2013-09-06,2357.78,9.61
2013-09-09,2440.61,9.97
2013-09-10,2474.89,10.06
2013-09-11,2482.89,10.08
2013-09-12,2507.46,10.15
2013-09-13,2488.9,10.08
2013-09-16,2478.39,10.05
2013-09-17,2427.32,9.85
2013-09-18,2432.51,9.85
2013-09-23,2472.29,10.04
2013-09-24,2443.89,9.95
2013-09-25,2429.03,9.9
2013-09-26,2384.44,9.74
2013-09-27,2394.97,9.77
2013-09-30,2409.04,9.81
2013-10-08,2441.81,9.92
2013-10-09,2453.58,9.94
2013-10-10,2429.32,9.84
2013-10-11,2468.51,9.98
2013-10-14,2472.54,10.01
2013-10-15,2467.52,9.98
2013-10-16,2421.37,9.83
2013-10-17,2413.33,9.82
2013-10-18,2426.05,9.85
2013-10-21,2471.32,10.0
2013-10-22,2445.89,9.91
2013-10-23,2418.49,9.82
2013-10-24,2400.51,9.74
2013-10-25,2368.56,9.61
2013-10-28,2365.95,9.61
2013-10-29,2372.05,9.65
2013-10-30,2407.47,9.79
2013-10-31,2373.72,9.71
2013-11-01,2384.96,9.41
2013-11-04,2380.45,9.4
2013-11-05,2383.77,9.41
2013-11-06,2353.57,9.32
2013-11-07,2340.55,9.29
2013-11-08,2307.95,9.2
2013-11-11,2315.89,9.22
2013-11-12,2340.0,9.3
2013-11-13,2288.12,9.12
2013-11-14,2304.5,9.17
2013-11-15,2350.73,9.31
2013-11-18,2428.9,9.58
2013-11-19,2412.16,9.54
2013-11-20,2424.85,9.59
2013-11-21,2409.99,9.57
2013-11-22,2397.96,9.54
2013-11-25,2388.63,9.48
2013-11-26,2387.42,9.46
2013-11-27,2414.48,9.54
2013-11-28,2439.53,9.64
2013-11-29,2438.94,9.62
2013-12-02,2418.79,9.64
2013-12-03,2442.78,9.69
2013-12-04,2475.14,9.78
2013-12-05,2468.2,9.75
2013-12-06,2452.29,9.71
2013-12-09,2450.87,9.71
2013-12-10,2453.32,9.7
2013-12-11,2412.76,9.55
2013-12-12,2410.02,9.54
2013-12-13,2406.64,9.5
2013-12-16,2367.92,9.55
2013-12-17,2356.38,9.5
2013-12-18,2357.23,9.5
2013-12-19,2332.41,9.45
2013-12-20,2278.14,9.24
2013-12-23,2284.6,9.28
2013-12-24,2288.25,9.29
2013-12-25,2305.11,9.35
2013-12-26,2265.33,9.2
2013-12-27,2303.48,9.33
2013-12-30,2299.46,9.3
2013-12-31,2330.03,9.4
2014-01-02,2321.98,9.39
2014-01-03,2290.78,9.28
2014-01-06,2238.64,9.13
2014-01-07,2238.0,9.12
2014-01-08,2241.91,9.11
2014-01-09,2222.22,9.04
2014-01-10,2204.85,8.98
2014-01-13,2193.68,8.96
2014-01-14,2212.85,9.03
2014-01-15,2208.94,9.01
2014-01-16,2211.84,9.0
2014-01-17,2178.49,8.94
2014-01-20,2165.99,8.87
2014-01-21,2187.41,8.94
2014-01-22,2243.8,9.13
2014-01-23,2231.89,9.07
2014-01-24,2245.68,9.12
2014-01-27,2215.92,9.0
2014-01-28,2219.86,9.03
2014-01-29,2227.78,9.07
2014-01-30,2202.45,8.98
2014-02-07,2212.48,9.0
2014-02-10,2267.53,9.19
2014-02-11,2285.56,9.26
2014-02-12,2291.25,9.27
2014-02-13,2279.55,9.25
2014-02-14,2295.58,9.3
2014-02-17,2311.65,9.36
2014-02-18,2282.44,9.26
2014-02-19,2308.66,9.39
2014-02-20,2287.44,9.38
2014-02-21,2264.29,9.26
2014-02-24,2214.51,9.06
2014-02-25,2157.91,8.89
2014-02-26,2163.41,8.92
2014-02-27,2154.11,8.94
2014-02-28,2178.97,9.0
2014-03-03,2190.37,9.04
2014-03-04,2184.27,9.01
2014-03-05,2163.98,8.92
2014-03-06,2173.63,8.96
2014-03-07,2168.36,8.96
2014-03-10,2097.79,8.72
2014-03-11,2108.66,8.74
2014-03-12,2114.13,8.73
2014-03-13,2140.33,8.83
2014-03-14,2122.84,8.76
2014-03-17,2143.04,8.83
2014-03-18,2138.13,8.82
2014-03-19,2120.87,8.78
2014-03-20,2086.97,8.67
2014-03-21,2158.8,8.93
2014-03-24,2176.55,9.0
2014-03-25,2174.44,8.99
2014-03-26,2171.05,8.97
2014-03-27,2155.71,8.9
2014-03-28,2151.97,8.91
2014-03-31,2146.31,8.9
2014-04-01,2163.12,8.95
2014-04-02,2180.73,9.01
2014-04-03,2165.01,8.95
2014-04-04,2185.47,9.01
2014-04-08,2237.32,9.24
2014-04-09,2238.62,9.25
2014-04-10,2273.76,9.39
2014-04-11,2270.67,9.38
2014-04-14,2268.61,9.37
2014-04-15,2229.46,9.22
2014-04-16,2232.53,9.23
2014-04-17,2224.8,9.21
2014-04-18,2224.48,9.19
2014-04-21,2187.25,9.06
2014-04-22,2196.8,9.1
2014-04-23,2194.67,9.09
2014-04-24,2190.47,9.06
2014-04-25,2167.83,8.98
2014-04-28,2134.97,8.88
2014-04-29,2158.47,8.95
2014-04-30,2158.66,8.91
2014-05-05,2156.47,8.65
2014-05-06,2157.33,8.64
2014-05-07,2137.32,8.58
2014-05-08,2135.5,8.58
2014-05-09,2133.91,8.58
2014-05-12,2180.05,8.75
2014-05-13,2174.85,8.74
2014-05-14,2172.37,8.74
2014-05-15,2144.08,8.65
2014-05-16,2145.95,8.65
2014-05-19,2115.14,8.55
2014-05-20,2115.77,8.56
2014-05-21,2135.91,8.64
2014-05-22,2130.87,8.62
2014-05-23,2148.41,8.68
2014-05-26,2155.98,8.7
2014-05-27,2147.28,8.67
2014-05-28,2169.35,8.74
2014-05-29,2155.16,8.71
2014-05-30,2156.46,8.71
2014-06-03,2149.92,8.71
2014-06-04,2128.27,8.64
2014-06-05,2150.6,8.71
2014-06-06,2134.72,8.65
2014-06-09,2134.28,8.66
2014-06-10,2161.27,8.76
2014-06-11,2160.77,8.76
2014-06-12,2153.41,8.74
2014-06-13,2176.24,8.83
2014-06-16,2191.86,9.05
2014-06-17,2169.67,8.97
2014-06-18,2160.24,8.92
2014-06-19,2126.91,8.8
2014-06-20,2136.73,8.8
2014-06-23,2134.11,8.78
2014-06-24,2144.82,8.82
2014-06-25,2133.37,8.78
2014-06-26,2149.08,8.83
2014-06-27,2150.26,8.81
2014-06-30,2165.12,8.86
2014-07-01,2164.56,8.85
2014-07-02,2170.87,8.88
2014-07-03,2180.19,8.9
2014-07-04,2178.7,8.89
2014-07-07,2176.29,8.89
2014-07-08,2180.47,8.9
2014-07-09,2148.71,8.78
2014-07-10,2142.85,8.77
2014-07-11,2148.01,8.79
2014-07-14,2171.76,8.87
2014-07-15,2174.98,8.89
2014-07-16,2170.87,8.88
2014-07-17,2157.07,8.82
2014-07-18,2164.14,8.84
2014-07-21,2166.3,8.84
2014-07-22,2192.7,8.93
2014-07-23,2197.83,8.95
2014-07-24,2237.02,9.09
2014-07-25,2260.45,9.19
2014-07-28,2323.9,9.43
2014-07-29,2331.37,9.45
2014-07-30,2322.01,9.43
2014-07-31,2350.25,9.53
2014-08-01,2329.4,9.46
2014-08-04,2375.62,9.63
2014-08-05,2369.35,9.6
2014-08-06,2363.22,9.58
2014-08-07,2327.46,9.43
2014-08-08,2331.13,9.45
2014-08-11,2365.35,9.58
2014-08-12,2357.05,9.55
2014-08-13,2358.9,9.56
2014-08-14,2335.95,9.48
2014-08-15,2360.64,9.57
2014-08-18,2374.56,9.61
2014-08-19,2374.77,9.63
2014-08-20,2366.14,9.6
2014-08-21,2354.24,9.54
2014-08-22,2365.36,9.58
2014-08-25,2342.86,9.53
2014-08-26,2324.09,9.45
2014-08-27,2327.6,9.46
2014-08-28,2311.28,9.41
2014-08-29,2338.29,9.5
2014-09-01,2355.32,9.27
2014-09-02,2386.46,9.38
2014-09-03,2408.84,9.48
2014-09-04,2426.22,9.55
2014-09-05,2449.26,9.64
2014-09-09,2445.22,9.62
2014-09-10,2432.43,9.56
2014-09-11,2423.45,9.52
2014-09-12,2438.36,9.59
2014-09-15,2437.19,9.58
2014-09-16,2388.77,9.43
2014-09-17,2401.33,9.46
2014-09-18,2408.66,9.49
2014-09-19,2425.21,9.53
2014-09-22,2378.92,9.35
2014-09-23,2399.46,9.42
2014-09-24,2441.86,9.56
2014-09-25,2436.97,9.56
2014-09-26,2437.2,9.55
2014-09-29,2447.8,9.59
2014-09-30,2450.99,9.6
2014-10-08,2478.38,9.68
2014-10-09,2481.96,9.7
2014-10-10,2466.79,9.64
2014-10-13,2454.95,9.59
2014-10-14,2446.56,9.56
2014-10-15,2463.87,9.62
2014-10-16,2444.4,9.58
2014-10-17,2441.73,9.55
2014-10-20,2454.71,9.59
2014-10-21,2433.39,9.53
2014-10-22,2418.64,9.49
2014-10-23,2395.94,9.41
2014-10-24,2390.71,9.38
2014-10-27,2368.83,9.3
2014-10-28,2416.65,9.47
2014-10-29,2451.38,9.6
2014-10-30,2468.93,9.68
2014-10-31,2508.33,9.84
2014-11-03,2512.55,9.61
2014-11-04,2513.17,9.61
2014-11-05,2503.45,9.56
2014-11-06,2506.07,9.57
2014-11-07,2502.15,9.55
2014-11-10,2565.73,9.79
2014-11-11,2558.61,9.84
2014-11-12,2594.32,9.91
2014-11-13,2579.75,9.88
2014-11-14,2581.09,9.87
2014-11-17,2567.1,9.82
2014-11-18,2541.42,9.71
2014-11-19,2537.22,9.69
2014-11-20,2537.1,9.69
2014-11-21,2583.46,9.84
2014-11-24,2649.26,10.05
2014-11-25,2685.56,10.19
2014-11-26,2723.02,10.35
2014-11-27,2754.49,10.46
2014-11-28,2808.82,10.72
2014-12-01,2819.81,10.75
2014-12-02,2923.94,11.13
2014-12-03,2967.55,11.22
2014-12-04,3104.35,11.78
2014-12-05,3124.89,12.03
2014-12-08,3252.88,12.42
2014-12-09,3106.91,11.73
2014-12-10,3221.55,12.08
2014-12-11,3183.01,11.95
2014-12-12,3193.23,11.99
2014-12-15,3217.23,12.23
2014-12-16,3303.4,12.56
2014-12-17,3360.6,12.78
2014-12-18,3345.93,12.73
2014-12-19,3383.17,12.95
2014-12-22,3394.48,13.15
2014-12-23,3324.92,12.77
2014-12-24,3230.39,12.4
2014-12-25,3335.42,12.84
2014-12-26,3445.84,13.26
2014-12-29,3455.46,13.33
2014-12-30,3457.55,13.38
2014-12-31,3533.71,13.71
2015-01-05,3641.54,14.28
2015-01-06,3641.06,14.29
2015-01-07,3643.79,14.37
2015-01-08,3559.26,14.01
2015-01-09,3546.72,13.99
2015-01-12,3513.58,13.8
2015-01-13,3514.04,13.81
2015-01-14,3502.42,13.82
2015-01-15,3604.12,14.33
2015-01-16,3635.15,14.5
2015-01-19,3355.16,13.32
2015-01-20,3396.22,13.52
2015-01-21,3548.89,14.2
2015-01-22,3567.61,14.25
2015-01-23,3571.73,14.3
2015-01-26,3607.99,14.5
2015-01-27,3574.93,14.32
2015-01-28,3525.32,14.08
2015-01-29,3481.8,13.88
2015-01-30,3434.39,13.65
2015-02-02,3353.96,13.26
2015-02-03,3437.45,13.62
2015-02-04,3401.77,13.46
2015-02-05,3366.95,13.3
2015-02-06,3312.42,13.04
2015-02-09,3345.92,13.17
2015-02-10,3406.94,13.4
2015-02-11,3434.12,13.47
2015-02-12,3442.87,13.54
2015-02-13,3469.83,13.64
2015-02-16,3499.48,13.72
2015-02-17,3522.32,13.82
2015-02-25,3478.73,13.72
2015-02-26,3566.3,14.06
2015-02-27,3572.84,14.09
2015-03-02,3601.27,14.17
2015-03-03,3507.9,13.78
2015-03-04,3530.82,13.84
2015-03-05,3496.34,13.67
2015-03-06,3478.52,13.63
2015-03-09,3537.75,13.9
2015-03-10,3520.61,13.79
2015-03-11,3524.65,13.78
2015-03-12,3592.84,14.07
2015-03-13,3617.66,14.15
2015-03-16,3705.67,14.44
2015-03-17,3757.12,14.65
2015-03-18,3846.06,14.99
2015-03-19,3839.74,14.97
2015-03-20,3892.57,15.13
2015-03-23,3972.06,15.42
2015-03-24,3973.05,15.44
2015-03-25,3940.41,15.26
2015-03-26,3950.0,15.37
2015-03-27,3971.7,15.4
2015-03-30,4088.18,15.85
2015-03-31,4051.2,15.69
2015-04-01,4123.9,15.94
2015-04-02,4124.78,15.94
2015-04-03,4170.54,16.06
2015-04-07,4260.04,16.45
2015-04-08,4295.8,16.62
2015-04-09,4262.14,16.47
2015-04-10,4344.42,16.76
2015-04-13,4421.07,17.11
2015-04-14,4438.18,17.14
2015-04-15,4380.51,16.99
2015-04-16,4513.55,17.49
2015-04-17,4596.14,17.87
2015-04-20,4521.92,17.57
2015-04-21,4619.16,17.86
2015-04-22,4739.81,18.3
2015-04-23,4740.89,18.33
2015-04-24,4702.64,18.21
2015-04-27,4807.59,18.78
2015-04-28,4741.86,18.6
2015-04-29,4774.33,18.54
2015-04-30,4749.89,18.37
2015-05-04,4787.74,18.57
2015-05-05,4596.84,17.71
2015-05-06,4553.33,17.47
2015-05-07,4470.09,17.07
2015-05-08,4558.4,17.42
2015-05-11,4690.53,17.88
2015-05-12,4747.42,18.08
2015-05-13,4718.44,17.99
2015-05-14,4700.78,17.93
2015-05-15,4617.47,17.6
2015-05-18,4575.14,17.4
2015-05-19,4731.22,17.97
2015-05-20,4754.92,17.99
2015-05-21,4840.98,18.41
2015-05-22,4951.34,18.86
2015-05-25,5099.5,19.44
2015-05-26,5198.92,19.74
2015-05-27,5181.43,19.72
2015-05-28,4834.01,18.35
2015-05-29,4840.83,18.36
2015-06-01,5076.18,19.24
2015-06-02,5161.87,19.49
2015-06-03,5143.59,19.42
2015-06-04,5181.42,19.6
2015-06-05,5230.55,19.81
2015-06-08,5353.75,20.38
2015-06-09,5317.46,20.25
2015-06-10,5309.11,20.06
2015-06-11,5306.59,20.0
2015-06-12,5335.12,20.1
2015-06-15,5221.17,20.14
2015-06-16,5064.82,19.49
2015-06-17,5138.83,19.79
2015-06-18,4930.55,18.97
2015-06-19,4637.05,17.85
2015-06-23,4786.09,18.42
2015-06-24,4880.13,18.81
2015-06-25,4706.52,18.14
2015-06-26,4336.19,16.77
2015-06-29,4191.55,16.35
2015-06-30,4473.0,17.37
2015-07-01,4253.02,16.53
2015-07-02,4108.0,16.18
2015-07-03,3885.92,15.23
2015-07-06,3998.54,15.88
2015-07-07,3928.0,15.88
2015-07-08,3663.04,14.91
2015-07-09,3897.63,15.79
2015-07-10,4106.56,16.48
2015-07-13,4211.81,16.66
2015-07-14,4112.15,16.25
2015-07-15,3966.76,15.9
2015-07-16,3997.36,15.91
2015-07-17,4151.5,16.33
2015-07-20,4160.61,16.41
2015-07-21,4166.01,16.41
2015-07-22,4157.16,16.35
2015-07-23,4250.81,16.66
2015-07-24,4176.28,16.4
2015-07-27,3818.73,14.8
2015-07-28,3811.09,14.7
2015-07-29,3930.38,15.1
2015-07-30,3815.41,14.71
2015-07-31,3816.7,14.66
2015-08-03,3829.24,14.68
2015-08-04,3948.16,15.09
2015-08-05,3866.9,14.77
2015-08-06,3831.85,14.63
2015-08-07,3906.94,14.89
2015-08-10,4084.36,15.55
2015-08-11,4066.67,15.49
2015-08-12,4016.13,15.31
2015-08-13,4075.46,15.51
2015-08-14,4073.54,15.49
2015-08-17,4077.87,15.46
2015-08-18,3825.41,14.64
2015-08-19,3886.14,14.77
2015-08-20,3761.45,14.28
2015-08-21,3589.54,13.7
2015-08-24,3275.53,12.54
2015-08-25,3042.93,11.62
2015-08-26,3025.69,11.58
2015-08-27,3205.64,12.23
2015-08-28,3342.29,12.73
2015-08-31,3366.54,12.79
2015-09-01,3362.08,12.96
2015-09-02,3365.83,13.09
2015-09-07,3250.49,12.56
2015-09-08,3334.02,12.83
2015-09-09,3399.31,13.07
2015-09-10,3357.56,12.9
2015-09-11,3347.19,12.83
2015-09-14,3281.13,12.61
2015-09-15,3152.23,12.21
2015-09-16,3309.25,12.72
2015-09-17,3237.0,12.45
2015-09-18,3251.27,12.46
2015-09-21,3308.25,12.64
2015-09-22,3339.03,12.75
2015-09-23,3263.03,12.46
2015-09-24,3285.0,12.53
2015-09-25,3231.95,12.38
2015-09-28,3242.75,12.39
2015-09-29,3178.85,12.12
2015-09-30,3202.95,12.19
2015-10-08,3296.48,12.53
2015-10-09,3340.12,12.67
2015-10-12,3447.69,13.06
2015-10-13,3445.04,12.94
2015-10-14,3406.11,12.81
2015-10-15,3486.82,13.08
2015-10-16,3534.07,13.26
2015-10-19,3534.18,13.25
2015-10-20,3577.7,13.41
2015-10-21,3473.25,13.12
2015-10-22,3524.53,13.24
2015-10-23,3571.24,13.37
2015-10-26,3589.26,13.43
2015-10-27,3592.88,13.41
2015-10-28,3524.92,13.2
2015-10-29,3533.31,13.22
2015-10-30,3534.08,13.21
2015-11-02,3475.96,13.26
2015-11-03,3465.49,13.21
2015-11-04,3628.54,13.79
2015-11-05,3705.97,14.1
2015-11-06,3793.37,14.39
2015-11-09,3840.35,14.61
2015-11-10,3833.24,14.57
2015-11-11,3833.65,14.55
2015-11-12,3795.32,14.41
2015-11-13,3746.24,14.22
2015-11-16,3764.13,14.28
2015-11-17,3758.39,14.29
2015-11-18,3715.58,14.16
2015-11-19,3774.97,14.34
2015-11-20,3774.38,14.32
2015-11-23,3753.34,14.26
2015-11-24,3753.89,14.25
2015-11-25,3781.61,14.35
2015-11-26,3759.43,14.27
2015-11-27,3556.99,13.52
2015-11-30,3566.41,13.57
2015-12-01,3591.7,13.62
2015-12-02,3721.95,14.1
2015-12-03,3749.3,14.26
2015-12-04,3677.59,13.97
2015-12-07,3687.61,13.98
2015-12-08,3623.02,13.74
2015-12-09,3635.94,13.78
2015-12-10,3623.08,13.72
2015-12-11,3608.06,13.66
2015-12-14,3711.32,14.28
2015-12-15,3694.39,14.2
2015-12-16,3685.44,14.19
2015-12-17,3755.89,14.42
2015-12-18,3767.91,14.45
2015-12-21,3865.96,14.75
2015-12-22,3876.73,14.77
2015-12-23,3866.38,14.74
2015-12-24,3829.4,14.61
2015-12-25,3838.2,14.63
2015-12-28,3727.63,14.25
2015-12-29,3761.87,14.37
2015-12-30,3765.18,14.36
2015-12-31,3731.0,14.24
2016-01-04,3469.07,13.32
2016-01-05,3478.78,13.34
2016-01-06,3539.81,13.59
2016-01-07,3294.38,12.7
2016-01-08,3361.56,12.97
2016-01-11,3192.45,12.37
2016-01-12,3215.71,12.46
2016-01-13,3155.88,12.22
2016-01-14,3221.57,12.44
2016-01-15,3118.73,12.04
2016-01-18,3130.73,12.06
2016-01-19,3223.13,12.41
2016-01-20,3174.38,12.26
2016-01-21,3081.35,11.91
2016-01-22,3113.46,12.03
2016-01-25,3128.89,12.08
2016-01-26,2940.51,11.36
2016-01-27,2930.35,11.34
2016-01-28,2853.76,11.09
2016-01-29,2946.09,11.42
2016-02-01,2901.05,11.24
2016-02-02,2961.33,11.44
2016-02-03,2948.64,11.37
2016-02-04,2984.76,11.51
2016-02-05,2963.79,11.44
2016-02-15,2946.71,11.35
2016-02-16,3037.04,11.69
2016-02-17,3063.32,11.79
2016-02-18,3053.7,11.75
2016-02-19,3051.59,11.73
2016-02-22,3118.87,12.0
2016-02-23,3089.36,11.88
2016-02-24,3109.55,11.96
2016-02-25,2918.75,11.27
2016-02-26,2948.03,11.39
2016-02-29,2877.47,11.16
2016-03-01,2930.69,11.34
2016-03-02,3051.33,11.78
2016-03-03,3058.42,11.81
2016-03-04,3093.89,11.99
2016-03-07,3104.84,12.02
2016-03-08,3107.67,12.03
2016-03-09,3071.91,11.93
2016-03-10,3013.15,11.7
2016-03-11,3018.28,11.74
2016-03-14,3065.69,11.9
2016-03-15,3074.78,11.94
2016-03-16,3090.03,12.01
2016-03-17,3124.2,12.11
2016-03-18,3171.96,12.26
2016-03-21,3249.44,12.51
2016-03-22,3225.79,12.41
2016-03-23,3236.09,12.46
2016-03-24,3181.85,12.25
2016-03-25,3197.82,12.31
2016-03-28,3169.73,12.22
2016-03-29,3135.41,12.1
2016-03-30,3216.28,12.4
2016-03-31,3218.09,12.41
2016-04-01,3221.89,12.43
2016-04-05,3264.49,12.57
2016-04-06,3257.53,12.54
2016-04-07,3209.29,12.36
2016-04-08,3185.73,12.27
2016-04-11,3230.1,12.43
2016-04-12,3218.45,12.39
2016-04-13,3261.38,12.56
2016-04-14,3275.83,12.6
2016-04-15,3272.21,12.57
2016-04-18,3228.45,12.43
2016-04-19,3238.3,12.46
2016-04-20,3181.03,12.26
2016-04-21,3160.6,12.18
2016-04-22,3174.9,12.23
2016-04-25,3162.03,12.18
2016-04-26,3179.16,12.24
2016-04-27,3165.92,12.18
2016-04-28,3160.58,12.16
2016-04-29,3156.75,12.13
2016-05-03,3213.54,12.59
2016-05-04,3209.46,12.57
2016-05-05,3213.92,12.59
2016-05-06,3130.35,12.23
2016-05-09,3065.62,11.98
2016-05-10,3069.11,11.99
2016-05-11,3082.81,12.04
2016-05-12,3090.14,12.05
2016-05-13,3074.94,12.0
2016-05-16,3095.31,12.05
2016-05-17,3086.02,12.03
2016-05-18,3068.04,11.94
2016-05-19,3062.5,11.91
2016-05-20,3078.22,11.97
2016-05-23,3087.22,12.0
2016-05-24,3063.56,11.92
2016-05-25,3059.23,11.9
2016-05-26,3064.21,11.92
2016-05-27,3062.5,11.91
2016-05-30,3066.71,11.94
2016-05-31,3169.56,12.29
2016-06-01,3160.55,12.25
2016-06-02,3167.1,12.26
2016-06-03,3189.33,12.33
2016-06-06,3178.79,12.31
2016-06-07,3177.05,12.26
2016-06-08,3163.99,12.22
2016-06-13,3066.34,11.99
2016-06-14,3075.98,12.03
2016-06-15,3116.37,12.15
2016-06-16,3094.67,12.03
2016-06-17,3110.36,12.08
2016-06-20,3112.67,12.09
2016-06-21,3106.32,12.07
2016-06-22,3133.96,12.17
2016-06-23,3117.32,12.06
2016-06-24,3077.16,11.9
2016-06-27,3120.54,12.04
2016-06-28,3136.4,12.09
2016-06-29,3151.39,12.14
2016-06-30,3153.92,12.13
2016-07-01,3154.2,12.14
2016-07-04,3204.7,12.34
2016-07-05,3207.38,12.36
2016-07-06,3216.8,12.36
2016-07-07,3209.95,12.32
2016-07-08,3192.28,12.21
2016-07-11,3203.33,12.22
2016-07-12,3273.18,12.48
2016-07-13,3282.87,12.52
2016-07-14,3276.76,12.48
2016-07-15,3276.28,12.49
2016-07-18,3262.02,12.45
2016-07-19,3248.23,12.39
2016-07-20,3237.61,12.35
2016-07-21,3252.52,12.39
2016-07-22,3225.16,12.3
2016-07-25,3230.89,12.31
2016-07-26,3269.59,12.45
2016-07-27,3218.24,12.28
2016-07-28,3221.14,12.29
2016-07-29,3203.93,12.24
2016-08-01,3176.81,12.16
2016-08-02,3189.05,12.2
2016-08-03,3193.51,12.21
2016-08-04,3201.29,12.23
2016-08-05,3205.11,12.23
2016-08-08,3234.18,12.33
2016-08-09,3256.98,12.41
2016-08-10,3243.34,12.36
2016-08-11,3233.36,12.35
2016-08-12,3294.23,12.58
2016-08-15,3393.42,12.93
2016-08-16,3378.25,12.83
2016-08-17,3373.05,12.81
2016-08-18,3364.49,12.78
2016-08-19,3365.02,12.8
2016-08-22,3336.79,12.71
2016-08-23,3341.83,12.73
2016-08-24,3329.86,12.7
2016-08-25,3308.97,12.62
2016-08-26,3307.09,12.62
2016-08-29,3307.78,12.62
2016-08-30,3311.99,12.65
2016-08-31,3327.79,12.7
2016-09-01,3301.58,13.02
2016-09-02,3314.11,13.62
2016-09-05,3319.68,13.63
2016-09-06,3342.63,13.69
2016-09-07,3340.82,13.69
2016-09-08,3339.56,13.68
2016-09-09,3318.04,13.6
2016-09-12,3262.6,13.39
2016-09-13,3260.33,13.37
2016-09-14,3238.73,13.28
2016-09-19,3263.12,13.36
2016-09-20,3257.4,13.34
2016-09-21,3266.64,13.37
2016-09-22,3291.12,13.46
2016-09-23,3275.67,13.41
2016-09-26,3220.28,13.2
2016-09-27,3240.75,13.28
2016-09-28,3230.89,13.23
2016-09-29,3244.39,13.28
2016-09-30,3253.28,13.31
2016-10-10,3293.87,13.47
2016-10-11,3306.56,13.51
2016-10-12,3300.01,13.49
2016-10-13,3302.65,13.49
2016-10-14,3305.85,13.51
2016-10-17,3277.88,13.41
2016-10-18,3321.33,13.58
2016-10-19,3316.24,13.57
2016-10-20,3318.6,13.58
2016-10-21,3327.74,13.63
2016-10-24,3367.58,13.79
2016-10-25,3367.45,13.78
2016-10-26,3354.8,13.72
2016-10-27,3345.7,13.69
2016-10-28,3340.13,13.68
2016-10-31,3336.28,13.66
2016-11-01,3359.05,13.45
2016-11-02,3333.35,13.35
2016-11-03,3365.09,13.47
2016-11-04,3354.17,13.43
2016-11-07,3356.59,13.44
2016-11-08,3371.12,13.5
2016-11-09,3353.05,13.42
2016-11-10,3390.61,13.56
2016-11-11,3417.22,13.66
2016-11-14,3430.25,13.72
2016-11-15,3429.87,13.71
2016-11-16,3429.59,13.71
2016-11-17,3436.54,13.72
2016-11-18,3417.46,13.65
2016-11-21,3441.11,13.76
2016-11-22,3468.36,13.89
2016-11-23,3474.73,13.91
2016-11-24,3488.74,13.94
2016-11-25,3521.3,14.06
2016-11-28,3535.08,14.14
2016-11-29,3564.04,14.26
2016-11-30,3538.0,14.12
2016-12-01,3565.04,14.22
2016-12-02,3528.95,14.12
2016-12-05,3469.41,13.9
2016-12-06,3459.15,13.85
2016-12-07,3475.75,13.91
2016-12-08,3470.14,13.88
2016-12-09,3493.7,14.0
2016-12-12,3409.18,13.97
2016-12-13,3405.04,13.95
2016-12-14,3378.95,13.86
2016-12-15,3340.43,13.68
2016-12-16,3346.03,13.69
2016-12-19,3328.98,13.64
2016-12-20,3309.06,13.57
2016-12-21,3338.54,13.71
2016-12-22,3335.67,13.73
2016-12-23,3307.6,13.63
2016-12-26,3322.4,13.68
2016-12-27,3316.39,13.63
2016-12-28,3301.89,13.58
2016-12-29,3297.76,13.55
2016-12-30,3310.08,13.6
2017-01-03,3342.23,13.74
2017-01-04,3368.31,13.84
2017-01-05,3367.79,13.86
2017-01-06,3347.67,13.82
2017-01-09,3363.9,13.88
2017-01-10,3358.27,13.85
2017-01-11,3334.5,13.76
2017-01-12,3317.62,13.7
2017-01-13,3319.91,13.73
2017-01-16,3319.45,13.77
2017-01-17,3326.36,13.79
2017-01-18,3339.37,13.84
2017-01-19,3329.29,13.79
2017-01-20,3354.89,13.87
2017-01-23,3364.08,13.9
2017-01-24,3364.45,13.94
2017-01-25,3375.9,13.98
2017-01-26,3387.96,14.01
2017-02-03,3364.49,13.92
2017-02-06,3373.21,13.95
2017-02-07,3365.68,13.92
2017-02-08,3383.29,13.97
2017-02-09,3396.29,14.03
2017-02-10,3413.49,14.1
2017-02-13,3436.28,14.18
2017-02-14,3435.8,14.18
2017-02-15,3421.71,14.16
2017-02-16,3440.93,14.21
2017-02-17,3421.44,14.12
2017-02-20,3471.39,14.31
2017-02-21,3482.82,14.35
2017-02-22,3489.76,14.38
2017-02-23,3473.32,14.31
2017-02-24,3473.85,14.31
2017-02-27,3446.22,14.21
2017-02-28,3452.81,14.24
2017-03-01,3458.44,14.26
2017-03-02,3435.1,14.17
2017-03-03,3427.86,14.12
2017-03-06,3446.48,14.14
2017-03-07,3453.96,14.18
2017-03-08,3448.73,14.16
2017-03-09,3426.94,14.07
2017-03-10,3427.89,14.06
2017-03-13,3458.1,14.18
2017-03-14,3456.69,14.18
2017-03-15,3463.64,14.2
2017-03-16,3481.51,14.27
2017-03-17,3445.81,14.13
2017-03-20,3449.61,14.18
2017-03-21,3466.35,14.24
2017-03-22,3450.05,14.16
2017-03-23,3461.98,14.19
2017-03-24,3489.6,14.3
2017-03-27,3478.04,14.27
2017-03-28,3469.81,14.23
2017-03-29,3465.19,14.22
2017-03-30,3436.76,14.14
2017-03-31,3456.05,14.22
2017-04-05,3503.89,14.41
2017-04-06,3514.05,14.45
2017-04-07,3517.46,14.48
2017-04-10,3505.14,14.44
2017-04-11,3517.33,14.49
2017-04-12,3509.44,14.44
2017-04-13,3514.57,14.45
2017-04-14,3486.5,14.34
2017-04-17,3479.94,14.31
2017-04-18,3462.74,14.23
2017-04-19,3445.88,14.13
2017-04-20,3461.55,14.18
2017-04-21,3466.79,14.22
2017-04-24,3431.26,14.12
2017-04-25,3440.97,14.12
2017-04-26,3445.18,14.14
2017-04-27,3446.72,14.17
2017-04-28,3439.75,14.13
2017-05-02,3426.58,13.64
2017-05-03,3413.13,13.58
2017-05-04,3404.39,13.56
2017-05-05,3382.55,13.5
2017-05-08,3358.81,13.44
2017-05-09,3352.53,13.41
2017-05-10,3337.7,13.36
2017-05-11,3356.65,13.44
2017-05-12,3385.38,13.56
2017-05-15,3399.19,13.61
2017-05-16,3428.65,13.64
2017-05-17,3409.97,13.56
2017-05-18,3398.11,13.52
2017-05-19,3403.85,13.53
2017-05-22,3411.24,13.57
2017-05-23,3424.19,13.66
2017-05-24,3424.17,13.63
2017-05-25,3485.66,13.72
2017-05-26,3480.43,13.72
2017-05-31,3492.88,13.77
2017-06-01,3497.74,13.82
2017-06-02,3486.51,13.77
2017-06-05,3468.75,13.65
2017-06-06,3492.88,13.72
2017-06-07,3533.87,13.86
2017-06-08,3560.98,13.92
2017-06-09,3576.17,13.97
2017-06-12,3574.39,14.12
2017-06-13,3582.27,14.14
2017-06-14,3535.3,13.98
2017-06-15,3528.79,13.94
2017-06-16,3518.76,13.88
2017-06-19,3553.67,13.96
2017-06-20,3546.49,13.94
2017-06-21,3587.96,14.07
2017-06-22,3590.34,14.1
2017-06-23,3622.88,14.19
2017-06-26,3668.09,14.32
2017-06-27,3674.72,14.34
2017-06-28,3646.17,14.25
2017-06-29,3668.83,14.29
2017-06-30,3666.8,14.31
2017-07-03,3650.85,14.27
2017-07-04,3619.98,14.19
2017-07-05,3659.68,14.3
2017-07-06,3660.1,14.29
2017-07-07,3655.93,14.28
2017-07-10,3653.69,14.26
2017-07-11,3670.81,14.28
2017-07-12,3658.82,14.22
2017-07-13,3686.92,14.32
2017-07-14,3703.09,14.36
2017-07-17,3663.56,14.3
2017-07-18,3667.18,14.26
2017-07-19,3729.75,14.45
2017-07-20,3747.88,14.47
2017-07-21,3728.6,14.4
2017-07-24,3743.47,14.43
2017-07-25,3719.56,14.39
2017-07-26,3705.39,14.38
2017-07-27,3712.19,14.4
2017-07-28,3721.89,14.43
2017-07-31,3737.87,14.47
2017-08-01,3770.38,14.59
2017-08-02,3760.85,14.57
2017-08-03,3727.83,14.46
2017-08-04,3707.58,14.4
2017-08-07,3726.79,14.45
2017-08-08,3732.21,14.47
2017-08-09,3731.04,14.42
2017-08-10,3715.92,14.39
2017-08-11,3647.35,14.17
2017-08-14,3694.68,14.29
2017-08-15,3706.06,14.36
2017-08-16,3701.42,14.33
2017-08-17,3721.28,14.41
2017-08-18,3724.67,14.41
2017-08-21,3740.99,14.47
2017-08-22,3752.3,14.5
2017-08-23,3756.09,14.54
2017-08-24,3734.65,14.47
2017-08-25,3795.75,14.73
2017-08-28,3842.71,14.88
2017-08-29,3834.54,14.86
2017-08-30,3834.3,14.84
2017-08-31,3822.09,14.78
2017-09-01,3830.54,14.97
2017-09-04,3845.62,15.05
2017-09-05,3857.05,15.09
2017-09-06,3849.45,15.07
2017-09-07,3829.87,14.99
2017-09-08,3825.99,14.97
2017-09-11,3825.65,14.98
2017-09-12,3837.93,15.01
2017-09-13,3842.61,15.02
2017-09-14,3829.96,14.97
2017-09-15,3831.3,14.93
2017-09-18,3843.14,14.97
2017-09-19,3832.12,14.95
2017-09-20,3842.44,14.98
2017-09-21,3837.82,14.99
2017-09-22,3837.73,14.99
2017-09-25,3817.79,14.96
2017-09-26,3820.78,14.96
2017-09-27,3821.2,14.95
2017-09-28,3822.54,14.95
2017-09-29,3836.5,14.98
2017-10-09,3882.21,15.12
2017-10-10,3889.86,15.15
2017-10-11,3902.69,15.21
2017-10-12,3912.95,15.22
2017-10-13,3921.0,15.23
2017-10-16,3913.45,15.23
2017-10-17,3913.07,15.21
2017-10-18,3944.16,15.34
2017-10-19,3931.25,15.33
2017-10-20,3926.85,15.3
2017-10-23,3930.8,15.3
2017-10-24,3959.4,15.4
2017-10-25,3976.95,15.43
2017-10-26,3993.58,15.46
2017-10-27,4021.97,15.55
2017-10-30,4009.72,15.53
2017-10-31,4006.72,15.51
2017-11-01,3996.62,14.99
2017-11-02,3997.13,14.99
2017-11-03,3992.7,14.99
2017-11-06,4020.89,15.06
2017-11-07,4054.25,15.18
2017-11-08,4048.01,15.16
2017-11-09,4075.9,15.22
2017-11-10,4111.91,15.27
2017-11-13,4128.07,15.34
2017-11-14,4099.35,15.24
2017-11-15,4073.67,15.13
2017-11-16,4105.01,15.17
2017-11-17,4120.85,15.25
2017-11-20,4143.83,15.33
2017-11-21,4217.7,15.52
2017-11-22,4227.57,15.62
2017-11-23,4102.4,15.21
2017-11-24,4104.2,15.21
2017-11-27,4049.95,15.03
2017-11-28,4055.82,15.03
2017-11-29,4053.75,15.03
2017-11-30,4006.1,14.9
2017-12-01,3998.14,14.88
2017-12-04,4018.86,14.93
2017-12-05,4040.17,15.02
2017-12-06,4015.82,14.93
2017-12-07,3971.06,14.78
2017-12-08,4003.38,14.85
2017-12-11,4069.5,15.22
2017-12-12,4016.02,15.03
2017-12-13,4050.09,15.14
2017-12-14,4026.15,15.06
2017-12-15,3980.86,14.91
2017-12-18,3985.29,14.93
2017-12-19,4035.33,15.09
2017-12-20,4030.49,15.08
2017-12-21,4067.85,15.18
2017-12-22,4054.6,15.15
2017-12-25,4041.54,15.1
2017-12-26,4053.62,15.18
2017-12-27,3991.21,15.0
2017-12-28,4018.9,15.11
2017-12-29,4030.85,15.18
2018-01-02,4087.4,15.37
2018-01-03,4111.39,15.45
2018-01-04,4128.81,15.54
2018-01-05,4138.75,15.58
2018-01-08,4160.16,15.66
2018-01-09,4189.3,15.72
2018-01-10,4207.81,15.82
2018-01-11,4205.59,15.83
2018-01-12,4225.0,15.88
2018-01-15,4225.24,15.9
2018-01-16,4258.47,16.01
2018-01-17,4248.12,16.04
2018-01-18,4271.42,16.18
2018-01-19,4285.4,16.26
2018-01-22,4336.6,16.39
2018-01-23,4382.61,16.64
2018-01-24,4389.89,16.68
2018-01-25,4365.08,16.61
2018-01-26,4381.3,16.67
2018-01-29,4302.02,16.47
2018-01-30,4256.1,16.25
2018-01-31,4275.9,16.32
2018-02-01,4245.9,16.29
2018-02-02,4271.23,16.42
2018-02-05,4274.15,16.52
2018-02-06,4148.89,16.05
2018-02-07,4050.5,15.63
2018-02-08,4012.05,15.37
2018-02-09,3840.65,14.73
2018-02-12,3890.1,14.84
2018-02-13,3935.63,15.01
2018-02-14,3966.96,15.1
2018-02-22,4052.73,15.44
2018-02-23,4071.09,15.52
2018-02-26,4118.42,15.69
2018-02-27,4058.98,15.45
2018-02-28,4023.64,15.3
2018-03-01,4049.09,15.37
2018-03-02,4016.46,15.26
2018-03-05,4018.1,15.26
2018-03-06,4066.56,15.42
2018-03-07,4036.65,15.33
2018-03-08,4077.6,15.43
2018-03-09,4108.87,15.52
2018-03-12,4127.67,15.57
2018-03-13,4091.25,15.47
2018-03-14,4073.34,15.4
2018-03-15,4096.16,15.46
2018-03-16,4056.42,15.31
2018-03-19,4074.25,15.36
2018-03-20,4077.7,15.41
2018-03-21,4061.05,15.35
2018-03-22,4020.35,15.23
2018-03-23,3904.94,14.84
2018-03-26,3879.89,14.68
2018-03-27,3913.27,14.78
2018-03-28,3842.72,14.55
2018-03-29,3894.05,14.75
2018-03-30,3898.5,14.75
2018-04-02,3886.92,14.68
2018-04-03,3862.48,14.57
2018-04-04,3854.86,14.54
2018-04-09,3852.93,14.54
2018-04-10,3927.17,14.83
2018-04-11,3938.34,14.9
2018-04-12,3898.64,14.75
2018-04-13,3871.14,14.65
2018-04-16,3808.86,14.39
2018-04-17,3748.64,14.19
2018-04-18,3766.28,14.28
2018-04-19,3811.84,14.44
2018-04-20,3760.85,14.26
2018-04-23,3766.33,14.28
2018-04-24,3843.49,14.56
2018-04-25,3828.7,14.48
2018-04-26,3755.49,14.27
2018-04-27,3756.88,14.32
2018-05-02,3763.65,13.37
2018-05-03,3793.0,13.46
2018-05-04,3774.6,13.4
2018-05-07,3834.19,13.6
2018-05-08,3878.68,13.73
2018-05-09,3871.62,13.71
2018-05-10,3893.06,13.79
2018-05-11,3872.84,13.74
2018-05-14,3909.29,13.84
2018-05-15,3924.1,13.89
2018-05-16,3892.84,13.76
2018-05-17,3864.05,13.68
2018-05-18,3903.06,13.87
2018-05-21,3921.24,13.91
2018-05-22,3906.21,13.86
2018-05-23,3854.58,13.65
2018-05-24,3827.22,13.56
2018-05-25,3816.5,13.5
2018-05-28,3833.26,13.53
2018-05-29,3804.01,13.43
2018-05-30,3723.37,13.13
2018-05-31,3802.38,13.38
2018-06-01,3770.59,13.29
2018-06-04,3807.58,13.4
2018-06-05,3845.32,13.48
2018-06-06,3837.35,13.46
2018-06-07,3831.01,13.45
2018-06-08,3779.62,13.27
2018-06-11,3779.98,13.51
2018-06-12,3825.95,13.63
2018-06-13,3788.34,13.5
2018-06-14,3773.37,13.47
2018-06-15,3753.43,13.42
2018-06-18,3753.43,13.42
2018-06-19,3621.12,13.01
2018-06-20,3635.44,13.04
2018-06-21,3592.97,12.89
2018-06-22,3608.9,12.93
2018-06-25,3560.48,12.76
2018-06-26,3531.11,12.65
2018-06-27,3459.26,12.45
2018-06-28,3423.53,12.34
2018-06-29,3510.98,12.53
2018-07-02,3407.96,12.16
2018-07-03,3409.28,12.15
2018-07-04,3363.75,12.02
2018-07-05,3342.44,11.88
2018-07-06,3365.12,11.94
2018-07-09,3459.18,12.27
2018-07-10,3467.52,12.3
2018-07-11,3407.53,12.09
2018-07-12,3481.06,12.34
2018-07-13,3492.69,12.31
2018-07-16,3472.09,12.23
2018-07-17,3449.38,12.09
2018-07-18,3431.32,12.04
2018-07-19,3428.34,12.02
2018-07-20,3492.89,12.27
2018-07-23,3525.75,12.41
2018-07-24,3581.71,12.6
2018-07-25,3577.75,12.58
2018-07-26,3536.25,12.46
2018-07-27,3521.23,12.42
2018-07-30,3515.08,12.41
2018-07-31,3517.66,12.44
2018-08-01,3447.39,12.2
2018-08-02,3370.96,11.96
2018-08-03,3315.28,11.81
2018-08-06,3273.27,11.68
2018-08-07,3368.87,12.01
2018-08-08,3314.51,11.84
2018-08-09,3397.53,12.09
2018-08-10,3405.02,12.09
2018-08-13,3390.34,12.02
2018-08-14,3372.91,11.99
2018-08-15,3291.98,11.73
2018-08-16,3276.73,11.66
2018-08-17,3229.62,11.52
2018-08-20,3267.25,11.67
2018-08-21,3326.65,11.84
2018-08-22,3307.95,11.77
2018-08-23,3320.03,11.8
2018-08-24,3325.33,11.83
2018-08-27,3406.57,12.09
2018-08-28,3400.17,12.06
2018-08-29,3386.57,12.03
2018-08-30,3351.09,11.9
2018-08-31,3334.5,11.87
2018-09-03,3321.82,11.74
2018-09-04,3363.9,11.88
2018-09-05,3298.14,11.66
2018-09-06,3262.88,11.58
2018-09-07,3277.64,11.62
2018-09-10,3230.07,11.48
2018-09-11,3224.21,11.46
2018-09-12,3202.02,11.4
2018-09-13,3236.57,11.53
2018-09-14,3242.09,11.55
2018-09-17,3204.92,11.43
2018-09-18,3269.43,11.64
2018-09-19,3312.48,11.79
2018-09-20,3310.13,11.79
2018-09-21,3410.49,12.14
2018-09-25,3379.8,12.04
2018-09-26,3417.24,12.17
2018-09-27,3403.59,12.14
2018-09-28,3438.86,12.26
2018-10-08,3290.9,11.75
2018-10-09,3288.69,11.76
2018-10-10,3281.6,11.76
2018-10-11,3124.11,11.22
2018-10-12,3170.73,11.39
2018-10-15,3126.45,11.22
2018-10-16,3100.97,11.16
2018-10-17,3118.25,11.23
2018-10-18,3044.39,10.92
2018-10-19,3134.95,11.22
2018-10-22,3270.27,11.67
2018-10-23,3183.43,11.37
2018-10-24,3188.2,11.39
2018-10-25,3194.31,11.41
2018-10-26,3173.64,11.37
2018-10-29,3076.89,11.07
2018-10-30,3110.26,11.17
2018-10-31,3153.82,11.31
2018-11-01,3177.03,11.17
2018-11-02,3290.25,11.51
2018-11-05,3262.84,11.41
2018-11-06,3243.15,11.36
2018-11-07,3221.91,11.28
2018-11-08,3212.77,11.26
2018-11-09,3167.44,11.07
2018-11-12,3205.14,11.18
2018-11-13,3237.38,11.27
2018-11-14,3204.94,11.14
2018-11-15,3242.37,11.27
2018-11-16,3257.67,11.3
2018-11-19,3294.6,11.43
2018-11-20,3218.41,11.19
2018-11-21,3226.49,11.2
2018-11-22,3214.43,11.17
2018-11-23,3143.48,10.94
2018-11-26,3141.24,10.92
2018-11-27,3137.24,10.9
2018-11-28,3178.93,11.03
2018-11-29,3137.65,10.9
2018-11-30,3172.69,11.01
2018-12-03,3260.95,11.3
2018-12-04,3267.71,11.32
2018-12-05,3252.0,11.27
2018-12-06,3181.67,11.05
2018-12-07,3181.56,11.06
2018-12-10,3144.76,10.96
2018-12-11,3159.82,11.0
2018-12-12,3170.61,11.05
2018-12-13,3219.69,11.2
2018-12-14,3165.91,11.05
2018-12-17,3161.2,11.19
2018-12-18,3128.43,11.08
2018-12-19,3091.13,10.96
2018-12-20,3067.42,10.88
2018-12-21,3029.4,10.77
2018-12-24,3038.2,10.81
2018-12-25,3017.28,10.72
2018-12-26,3002.03,10.69
2018-12-27,2990.51,10.64
2018-12-28,3010.65,10.71
2019-01-02,2969.54,10.56
2019-01-03,2964.84,10.55
2019-01-04,3035.87,10.78
2019-01-07,3054.3,10.83
2019-01-08,3047.7,10.81
2019-01-09,3078.48,10.91
2019-01-10,3072.69,10.86
2019-01-11,3094.78,10.93
2019-01-14,3067.78,10.84
2019-01-15,3127.99,11.01
2019-01-16,3128.65,11.02
2019-01-17,3111.42,10.97
2019-01-18,3168.17,11.16
2019-01-21,3185.64,11.23
2019-01-22,3143.32,11.08
2019-01-23,3141.05,11.08
2019-01-24,3158.78,11.13
2019-01-25,3184.47,11.22
2019-01-28,3183.78,11.22
2019-01-29,3193.97,11.26
2019-01-30,3168.48,11.18
2019-01-31,3201.63,11.3
2019-02-01,3247.4,11.43
2019-02-11,3306.47,11.59
2019-02-12,3330.34,11.67
2019-02-13,3397.03,11.89
2019-02-14,3402.14,11.89
2019-02-15,3338.7,11.68
2019-02-18,3445.74,12.02
2019-02-19,3439.61,12.0
2019-02-20,3451.93,12.05
2019-02-21,3442.71,12.0
2019-02-22,3520.12,12.22
2019-02-25,3729.48,12.91
2019-02-26,3684.69,12.78
2019-02-27,3678.39,12.8
2019-02-28,3669.37,12.74
2019-03-01,3749.71,13.01
2019-03-04,3794.1,13.15
2019-03-05,3816.01,13.21
2019-03-06,3848.09,13.34
2019-03-07,3808.85,13.22
2019-03-08,3657.58,12.69
2019-03-11,3729.95,12.92
2019-03-12,3755.35,13.01
2019-03-13,3724.19,12.88
2019-03-14,3698.49,12.79
2019-03-15,3745.01,12.92
2019-03-18,3851.75,13.26
2019-03-19,3833.96,13.21
2019-03-20,3835.44,13.19
2019-03-21,3836.89,13.19
2019-03-22,3833.8,13.18
2019-03-25,3742.83,12.87
2019-03-26,3700.44,12.74
2019-03-27,3743.39,12.86
2019-03-28,3728.4,12.79
2019-03-29,3872.34,13.25
2019-04-01,3973.93,13.57
2019-04-02,3971.29,13.55
2019-04-03,4022.16,13.71
2019-04-04,4062.23,13.85
2019-04-08,4057.23,13.84
2019-04-09,4075.43,13.86
2019-04-10,4085.85,13.86
2019-04-11,3997.58,13.61
2019-04-12,3988.62,13.6
2019-04-15,3975.52,13.56
2019-04-16,4085.79,13.91
2019-04-17,4087.24,13.93
2019-04-18,4072.08,13.88
2019-04-19,4120.61,13.99
2019-04-22,4025.61,13.71
2019-04-23,4019.01,13.68
2019-04-24,4030.09,13.7
2019-04-25,3941.82,13.43
2019-04-26,3889.27,13.26
2019-04-29,3900.33,13.28
2019-04-30,3913.21,13.32
2019-05-06,3684.62,13.17
2019-05-07,3720.67,13.27
2019-05-08,3667.46,13.09
2019-05-09,3599.7,12.86
2019-05-10,3730.45,13.26
2019-05-13,3668.73,13.07
2019-05-14,3645.15,12.99
2019-05-15,3727.09,13.25
2019-05-16,3743.96,13.31
2019-05-17,3648.76,13.01
2019-05-20,3617.79,12.95
2019-05-21,3666.78,13.09
2019-05-22,3649.38,13.04
2019-05-23,3583.96,12.85
2019-05-24,3593.91,12.87
2019-05-27,3637.2,13.0
2019-05-28,3672.26,13.12
2019-05-29,3663.91,13.1
2019-05-30,3641.18,13.04
2019-05-31,3629.79,12.99
2019-06-03,3632.01,12.99
2019-06-04,3598.47,12.89
2019-06-05,3597.11,12.89
2019-06-06,3564.68,12.78
2019-06-10,3610.74,12.91
2019-06-11,3719.28,13.23
2019-06-12,3691.1,13.13
2019-06-13,3685.39,13.11
2019-06-14,3654.88,13.02
2019-06-17,3654.82,13.25
2019-06-18,3667.62,13.27
2019-06-19,3715.94,13.4
2019-06-20,3828.52,13.76
2019-06-21,3833.94,13.8
2019-06-24,3841.27,13.83
2019-06-25,3801.31,13.71
2019-06-26,3794.33,13.68
2019-06-27,3834.82,13.79
2019-06-28,3825.59,13.72
2019-07-01,3935.81,14.06
2019-07-02,3937.17,14.06
2019-07-03,3893.53,13.9
2019-07-04,3873.1,13.84
2019-07-05,3893.2,13.88
2019-07-08,3802.79,13.57
2019-07-09,3793.13,13.53
2019-07-10,3786.74,13.49
2019-07-11,3785.22,13.49
2019-07-12,3808.73,13.57
2019-07-15,3824.19,13.61
2019-07-16,3806.84,13.56
2019-07-17,3804.64,13.55
2019-07-18,3768.4,13.43
2019-07-19,3807.96,13.56
2019-07-22,3781.68,13.47
2019-07-23,3789.91,13.5
2019-07-24,3819.83,13.6
2019-07-25,3851.07,13.69
2019-07-26,3858.57,13.72
2019-07-29,3854.27,13.7
2019-07-30,3870.32,13.75
2019-07-31,3835.36,13.65
2019-08-01,3803.47,13.53
2019-08-02,3747.44,13.34
2019-08-05,3675.69,13.09
2019-08-06,3636.33,12.95
2019-08-07,3621.43,12.89
2019-08-08,3669.29,13.05
2019-08-09,3633.53,12.95
2019-08-12,3699.1,13.16
2019-08-13,3665.75,13.06
2019-08-14,3682.4,13.12
2019-08-15,3694.0,13.16
2019-08-16,3710.54,13.19
2019-08-19,3791.09,13.46
2019-08-20,3787.73,13.44
2019-08-21,3781.76,13.43
2019-08-22,3793.51,13.45
2019-08-23,3820.86,13.53
2019-08-26,3765.91,13.35
2019-08-27,3816.95,13.53
2019-08-28,3802.58,13.48
2019-08-29,3790.19,13.45
2019-08-30,3799.59,13.47
2019-09-02,3848.32,12.75
2019-09-03,3853.61,12.78
2019-09-04,3886.0,12.89
2019-09-05,3925.32,13.01
2019-09-06,3948.51,13.08
2019-09-09,3972.95,13.15
2019-09-10,3959.27,13.12
2019-09-11,3930.1,13.04
2019-09-12,3972.38,13.16
2019-09-16,3957.72,13.13
2019-09-17,3891.22,12.92
2019-09-18,3910.08,12.96
2019-09-19,3924.38,13.01
2019-09-20,3935.65,13.05
2019-09-23,3890.66,12.91
2019-09-24,3901.08,12.94
2019-09-25,3870.98,12.83
2019-09-26,3841.14,12.75
2019-09-27,3852.65,12.77
2019-09-30,3814.53,12.66
2019-10-08,3837.68,12.71
2019-10-09,3843.24,12.74
2019-10-10,3874.64,12.83
2019-10-11,3911.73,12.96
2019-10-14,3953.24,13.1
2019-10-15,3936.25,13.05
2019-10-16,3922.69,13.0
2019-10-17,3925.22,13.01
2019-10-18,3869.38,12.85
2019-10-21,3880.84,12.9
2019-10-22,3895.88,12.95
2019-10-23,3871.08,12.89
2019-10-24,3870.67,12.89
2019-10-25,3896.79,12.97
2019-10-28,3926.59,13.06
2019-10-29,3910.23,12.99
2019-10-30,3891.23,12.95
2019-10-31,3886.75,12.92
2019-11-01,3952.39,12.8
2019-11-04,3978.12,12.88
2019-11-05,4002.81,12.96
2019-11-06,3984.88,12.91
2019-11-07,3991.87,12.91
2019-11-08,3973.01,12.85
2019-11-11,3902.98,12.63
2019-11-12,3903.69,12.64
2019-11-13,3899.98,12.61
2019-11-14,3905.86,12.62
2019-11-15,3877.09,12.54
2019-11-18,3907.93,12.62
2019-11-19,3947.04,12.73
2019-11-20,3907.86,12.62
2019-11-21,3889.6,12.57
2019-11-22,3849.99,12.46
2019-11-25,3878.21,12.56
2019-11-26,3891.65,12.61
2019-11-27,3875.62,12.56
2019-11-28,3862.3,12.51
2019-11-29,3828.67,12.4
2019-12-02,3836.06,12.42
2019-12-03,3851.09,12.46
2019-12-04,3849.82,12.43
2019-12-05,3879.36,12.53
2019-12-06,3902.39,12.59
2019-12-09,3895.45,12.58
2019-12-10,3900.38,12.58
2019-12-11,3902.75,12.6
2019-12-12,3891.02,12.57
2019-12-13,3968.22,12.82
2019-12-16,3987.55,13.07
2019-12-17,4041.8,13.24
2019-12-18,4032.78,13.22
2019-12-19,4027.15,13.2
2019-12-20,4017.25,13.17
2019-12-23,3967.1,13.0
2019-12-24,3992.96,13.07
2019-12-25,3990.87,13.06
2019-12-26,4025.99,13.18
2019-12-27,4022.03,13.17
2019-12-30,4081.63,13.35
2019-12-31,4096.58,13.39
2020-01-02,4152.24,13.55
2020-01-03,4144.96,13.53
2020-01-06,4129.3,13.5
2020-01-07,4160.23,13.59
2020-01-08,4112.32,13.43
2020-01-09,4164.37,13.57
2020-01-10,4163.18,13.57
2020-01-13,4203.99,13.68
2020-01-14,4189.89,13.64
2020-01-15,4166.73,13.56
2020-01-16,4149.04,13.49
2020-01-17,4154.85,13.5
2020-01-20,4185.83,13.59
2020-01-21,4114.31,13.38
2020-01-22,4131.93,13.44
2020-01-23,4003.9,13.07
2020-02-03,3688.36,12.06
2020-02-04,3785.64,12.34
2020-02-05,3828.53,12.48
2020-02-06,3899.78,12.69
2020-02-07,3899.87,12.69
2020-02-10,3916.01,12.73
2020-02-11,3952.46,12.84
2020-02-12,3984.43,12.93
2020-02-13,3959.92,12.86
2020-02-14,3987.73,12.93
2020-02-17,4077.42,13.22
2020-02-18,4057.51,13.15
2020-02-19,4051.31,13.14
2020-02-20,4144.66,13.41
2020-02-21,4149.49,13.43
2020-02-24,4132.84,13.38
2020-02-25,4123.85,13.32
2020-02-26,4073.02,13.19
2020-02-27,4084.88,13.21
2020-02-28,3940.05,12.76
2020-03-02,4069.67,13.15
2020-03-03,4091.36,13.22
2020-03-04,4115.05,13.29
2020-03-05,4206.73,13.57
2020-03-06,4138.51,13.37
2020-03-09,3997.13,12.95
2020-03-10,4082.73,13.2
2020-03-11,4028.43,13.05
2020-03-12,3950.91,12.82
2020-03-13,3895.31,12.65
2020-03-16,3727.84,12.19
2020-03-17,3709.68,12.12
2020-03-18,3636.26,11.89
2020-03-19,3589.09,11.74
2020-03-20,3653.22,11.94
2020-03-23,3530.31,11.56
2020-03-24,3625.11,11.86
2020-03-25,3722.52,12.15
2020-03-26,3698.05,12.08
2020-03-27,3710.06,12.12
2020-03-30,3674.11,12.02
2020-03-31,3686.16,12.06
2020-04-01,3675.08,12.0
2020-04-02,3734.53,12.2
2020-04-03,3713.22,12.13
2020-04-07,3798.02,12.38
2020-04-08,3780.34,12.32
2020-04-09,3792.81,12.36
2020-04-10,3769.18,12.27
2020-04-13,3753.26,12.23
2020-04-14,3825.7,12.44
2020-04-15,3797.36,12.36
2020-04-16,3802.38,12.38
2020-04-17,3839.49,12.5
2020-04-20,3853.46,12.53
2020-04-21,3808.05,12.4
2020-04-22,3839.38,12.48
2020-04-23,3829.75,12.46
2020-04-24,3796.97,12.35
2020-04-27,3822.77,12.42
2020-04-28,3849.15,12.48
2020-04-29,3867.03,12.53
2020-04-30,3912.58,12.68
2020-05-06,3936.25,12.95
2020-05-07,3924.89,12.9
2020-05-08,3963.62,13.02
2020-05-11,3960.18,13.01
2020-05-12,3960.24,13.0
2020-05-13,3968.25,13.02
2020-05-14,3925.22,12.89
2020-05-15,3912.82,12.85
2020-05-18,3922.91,12.88
2020-05-19,3956.25,12.99
2020-05-20,3935.22,12.92
2020-05-21,3913.79,12.85
2020-05-22,3824.06,12.58
2020-05-25,3829.32,12.59
2020-05-26,3872.77,12.71
2020-05-27,3845.61,12.64
2020-05-28,3856.63,12.68
2020-05-29,3867.02,12.69
2020-06-01,3971.34,13.01
2020-06-02,3983.57,13.04
2020-06-03,3983.65,13.05
2020-06-04,3982.19,12.98
2020-06-05,4001.25,13.04
2020-06-08,4021.95,13.09
2020-06-09,4047.03,13.17
2020-06-10,4039.71,13.14
2020-06-11,3995.88,12.99
2020-06-12,4003.08,13.0
2020-06-15,3954.99,13.01
2020-06-16,4014.57,13.19
2020-06-17,4017.59,13.19
2020-06-18,4044.38,13.26
2020-06-19,4098.71,13.42
2020-06-22,4102.05,13.42
2020-06-23,4121.79,13.47
2020-06-24,4138.99,13.53
2020-06-29,4109.72,13.45
2020-06-30,4163.96,13.57
2020-07-01,4247.78,13.82
2020-07-02,4335.84,14.12
2020-07-03,4419.6,14.42
2020-07-06,4670.09,15.26
2020-07-07,4698.13,15.34
2020-07-08,4774.0,15.56
2020-07-09,4840.77,15.76
2020-07-10,4753.13,15.41
2020-07-13,4852.96,15.69
2020-07-14,4806.69,15.55
2020-07-15,4744.47,15.33
2020-07-16,4516.25,14.62
2020-07-17,4544.7,14.7
2020-07-20,4680.3,15.12
2020-07-21,4691.04,15.14
2020-07-22,4714.45,15.21
2020-07-23,4712.44,15.17
2020-07-24,4505.59,14.56
2020-07-27,4528.45,14.64
2020-07-28,4568.26,14.76
2020-07-29,4679.01,15.09
2020-07-30,4656.15,15.02
2020-07-31,4695.05,15.12
2020-08-03,4771.31,15.35
2020-08-04,4775.8,15.38
2020-08-05,4777.11,15.37
2020-08-06,4762.76,15.34
2020-08-07,4707.93,15.18
2020-08-10,4724.87,15.27
2020-08-11,4681.78,15.14
2020-08-12,4647.64,15.05
2020-08-13,4635.71,15.01
2020-08-14,4704.63,15.24
2020-08-17,4815.23,15.61
2020-08-18,4812.76,15.61
2020-08-19,4740.68,15.4
2020-08-20,4679.15,15.19
2020-08-21,4718.84,15.31
2020-08-24,4755.85,15.39
2020-08-25,4761.95,15.39
2020-08-26,4706.13,15.23
2020-08-27,4731.35,15.31
2020-08-28,4844.27,15.64
2020-08-31,4816.22,15.54
2020-09-01,4842.12,16.08
2020-09-02,4843.89,16.09
2020-09-03,4817.1,16.01
2020-09-04,4770.22,15.85
2020-09-07,4669.37,15.52
2020-09-08,4694.39,15.61
2020-09-09,4584.59,15.28
2020-09-10,4581.98,15.29
2020-09-11,4627.28,15.43
2020-09-14,4651.05,15.49
2020-09-15,4688.48,15.59
2020-09-16,4657.36,15.5
2020-09-17,4632.71,15.41
2020-09-18,4737.09,15.75
2020-09-21,4691.43,15.6
2020-09-22,4635.76,15.44
2020-09-23,4652.33,15.48
2020-09-24,4563.07,15.22
2020-09-25,4570.02,15.23
2020-09-28,4581.91,15.28
2020-09-29,4591.8,15.3
2020-09-30,4587.4,15.29
2020-10-09,4681.14,15.56
2020-10-12,4823.16,16.01
2020-10-13,4839.2,16.05
2020-10-14,4807.1,15.96
2020-10-15,4798.74,15.94
2020-10-16,4791.68,15.95
2020-10-19,4755.49,15.85
2020-10-20,4793.47,15.95
2020-10-21,4792.83,15.97
2020-10-22,4777.98,15.91
2020-10-23,4718.49,15.72
2020-10-26,4691.24,15.62
2020-10-27,4699.28,15.66
2020-10-28,4737.27,15.77
2020-10-29,4772.92,15.85
2020-10-30,4695.33,15.61
2020-11-02,4720.83,15.31
2020-11-03,4777.56,15.49
2020-11-04,4813.66,15.57
2020-11-05,4885.11,15.78
2020-11-06,4885.72,15.76
2020-11-09,4981.35,16.06
2020-11-10,4953.88,15.98
2020-11-11,4904.9,15.86
2020-11-12,4908.46,15.85
2020-11-13,4856.85,15.68
2020-11-16,4904.17,15.83
2020-11-17,4894.79,15.8
2020-11-18,4891.67,15.8
2020-11-19,4927.99,15.91
2020-11-20,4943.29,15.95
2020-11-23,5005.03,16.14
2020-11-24,4974.29,16.05
2020-11-25,4910.7,15.86
2020-11-26,4919.59,15.89
2020-11-27,4980.77,16.12
2020-11-30,4960.25,16.04
2020-12-01,5067.1,16.35
2020-12-02,5067.14,16.33
2020-12-03,5057.06,16.3
2020-12-04,5065.92,16.33
2020-12-07,5022.24,16.18
2020-12-08,5009.88,16.15
2020-12-09,4942.7,15.96
2020-12-10,4940.52,15.95
2020-12-11,4889.63,15.83
2020-12-14,4934.84,16.5
2020-12-15,4945.1,16.51
2020-12-16,4953.87,16.54
2020-12-17,5017.48,16.71
2020-12-18,4999.97,16.65
2020-12-21,5046.84,16.79
2020-12-22,4964.77,16.52
2020-12-23,5007.12,16.64
2020-12-24,5000.02,16.62
2020-12-25,5042.01,16.76
2020-12-28,5064.41,16.82
2020-12-29,5042.94,16.74
2020-12-30,5113.71,16.94
2020-12-31,5211.29,17.25
2021-01-04,5267.72,17.41
2021-01-05,5368.5,17.7
2021-01-06,5417.67,17.88
2021-01-07,5513.66,18.17
2021-01-08,5495.43,18.12
2021-01-11,5441.16,17.95
2021-01-12,5596.35,18.41
2021-01-13,5577.97,18.38
2021-01-14,5470.46,18.08
2021-01-15,5458.08,18.04
2021-01-18,5518.52,18.18
2021-01-19,5437.52,17.95
2021-01-20,5476.43,18.06
2021-01-21,5564.97,18.33
2021-01-22,5569.78,18.31
2021-01-25,5625.92,18.5
2021-01-26,5512.97,18.17
2021-01-27,5528.0,18.21
2021-01-28,5377.14,17.77
2021-01-29,5351.96,17.72
2021-02-01,5417.65,17.9
2021-02-02,5501.09,18.14
2021-02-03,5485.2,18.08
2021-02-04,5473.95,18.05
2021-02-05,5483.41,18.09
2021-02-08,5564.56,18.32
2021-02-09,5686.25,18.7
2021-02-10,5807.72,19.09
2021-02-18,5768.38,18.97
2021-02-19,5778.84,19.0
2021-02-22,5597.33,18.48
2021-02-23,5579.67,18.4
2021-02-24,5437.57,17.94
2021-02-25,5469.56,18.06
2021-02-26,5336.76,17.63
2021-03-01,5418.78,17.86
2021-03-02,5349.63,17.62
2021-03-03,5452.21,17.95
2021-03-04,5280.71,17.45
2021-03-05,5262.8,17.44
2021-03-08,5080.02,16.89
2021-03-09,4971.0,16.55
2021-03-10,5003.61,16.62
2021-03-11,5128.22,17.01
2021-03-12,5146.38,17.08
2021-03-15,5035.54,16.76
2021-03-16,5079.36,16.91
2021-03-17,5100.86,16.95
2021-03-18,5141.77,17.08
2021-03-19,5007.09,16.65
2021-03-22,5057.15,16.8
2021-03-23,5009.25,16.66
2021-03-24,4928.69,16.42
2021-03-25,4926.35,16.41
2021-03-26,5037.99,16.73
2021-03-29,5046.88,16.79
2021-03-30,5094.73,16.94
2021-03-31,5048.36,16.82
2021-04-01,5110.78,16.98
2021-04-02,5161.56,17.13
2021-04-06,5140.34,17.07
2021-04-07,5103.74,16.97
2021-04-08,5112.21,17.0
2021-04-09,5035.34,16.76
2021-04-12,4947.75,16.52
2021-04-13,4939.64,16.49
2021-04-14,4980.63,16.6
2021-04-15,4948.97,16.5
2021-04-16,4966.18,16.57
2021-04-19,5087.02,16.92
2021-04-20,5083.37,16.9
2021-04-21,5098.74,16.93
2021-04-22,5089.24,16.9
2021-04-23,5135.45,17.02
2021-04-26,5077.24,16.83
2021-04-27,5090.52,16.87
2021-04-28,5119.24,16.96
2021-04-29,5164.17,17.09
2021-04-30,5123.49,16.93
2021-05-06,5061.12,14.74
2021-05-07,4996.05,14.59
2021-05-10,4992.42,14.6
2021-05-11,5023.06,14.69
2021-05-12,5044.55,14.76
2021-05-13,4992.97,14.62
2021-05-14,5110.59,14.94
2021-05-17,5184.99,15.12
2021-05-18,5187.6,15.14
2021-05-19,5172.27,15.08
2021-05-20,5186.41,15.11
2021-05-21,5134.15,14.96
2021-05-24,5155.59,15.02
2021-05-25,5318.48,15.47
2021-05-26,5320.59,15.48
2021-05-27,5338.23,15.52
2021-05-28,5321.09,15.48
2021-05-31,5331.57,15.49
2021-06-01,5341.68,15.5
2021-06-02,5289.97,15.37
2021-06-03,5255.29,15.22
2021-06-04,5282.28,15.28
2021-06-07,5277.63,15.28
2021-06-08,5232.12,15.15
2021-06-09,5236.45,15.18
2021-06-10,5271.47,15.26
2021-06-11,5224.7,15.14
2021-06-15,5166.56,15.55
2021-06-16,5080.49,15.33
2021-06-17,5101.89,15.36
2021-06-18,5102.47,15.33
2021-06-21,5090.39,15.3
2021-06-22,5122.16,15.4
2021-06-23,5147.39,15.42
2021-06-24,5155.97,15.45
2021-06-25,5239.97,15.69
2021-06-28,5251.76,15.71
2021-06-29,5190.54,15.53
2021-06-30,5224.04,15.62
2021-07-01,5229.66,15.63
2021-07-02,5081.12,15.22
2021-07-05,5085.79,15.24
2021-07-06,5083.1,15.23
2021-07-07,5140.49,15.36
2021-07-08,5088.26,15.21
2021-07-09,5069.44,15.15
2021-07-12,5132.71,15.29
2021-07-13,5142.1,15.32
2021-07-14,5083.08,15.12
2021-07-15,5151.46,15.3
2021-07-16,5094.77,15.14
2021-07-19,5113.49,15.17
2021-07-20,5108.99,15.15
2021-07-21,5144.04,15.24
2021-07-22,5151.75,15.28
2021-07-23,5089.23,15.13
2021-07-26,4925.3,14.67
2021-07-27,4751.31,14.2
2021-07-28,4760.48,14.21
2021-07-29,4850.27,14.43
2021-07-30,4811.17,14.32
2021-08-02,4933.74,14.67
2021-08-03,4934.46,14.65
2021-08-04,4978.85,14.76
2021-08-05,4948.67,14.67
2021-08-06,4921.56,14.6
2021-08-09,4985.56,14.78
2021-08-10,5043.15,14.95
2021-08-11,5015.34,14.89
2021-08-12,4973.35,14.78
2021-08-13,4945.98,14.71
2021-08-16,4941.07,14.72
2021-08-17,4837.4,14.42
2021-08-18,4894.24,14.59
2021-08-19,4862.14,14.48
2021-08-20,4769.27,14.23
2021-08-23,4835.88,14.42
2021-08-24,4888.39,14.57
2021-08-25,4898.16,14.6
2021-08-26,4801.61,14.34
2021-08-27,4827.04,14.41
2021-08-30,4813.27,14.38
2021-08-31,4805.61,14.39
2021-09-01,4869.46,13.85
2021-09-02,4869.41,13.85
2021-09-03,4843.06,13.79
2021-09-06,4933.73,14.03
2021-09-07,4992.83,14.19
2021-09-08,4972.13,14.15
2021-09-09,4970.01,14.17
2021-09-10,5013.52,14.26
2021-09-13,4991.66,14.25
2021-09-14,4917.16,14.06
2021-09-15,4867.32,13.93
2021-09-16,4807.7,13.78
2021-09-17,4855.94,13.88
2021-09-22,4821.77,13.83
2021-09-23,4853.2,13.9
2021-09-24,4849.43,13.87
2021-09-27,4877.37,13.95
2021-09-28,4883.83,14.0
2021-09-29,4833.93,13.84
2021-09-30,4866.38,13.89
2021-10-08,4929.94,14.06
2021-10-11,4936.19,14.08
2021-10-12,4883.84,13.93
2021-10-13,4940.11,14.05
2021-10-14,4913.61,13.97
2021-10-15,4932.11,14.04
2021-10-18,4874.78,13.9
2021-10-19,4922.72,14.02
2021-10-20,4910.18,13.98
2021-10-21,4928.02,14.04
2021-10-22,4959.73,14.09
2021-10-25,4979.52,14.16
2021-10-26,4963.1,14.11
2021-10-27,4898.16,13.94
2021-10-28,4864.14,13.81
2021-10-29,4908.77,13.91
2021-11-01,4890.69,13.72
2021-11-02,4839.85,13.57
2021-11-03,4821.11,13.52
2021-11-04,4868.74,13.64
2021-11-05,4842.35,13.55
2021-11-08,4848.18,13.56
2021-11-09,4846.74,13.56
2021-11-10,4821.19,13.48
2021-11-11,4898.65,13.68
2021-11-12,4888.37,13.64
2021-11-15,4882.38,13.63
2021-11-16,4883.32,13.64
2021-11-17,4885.75,13.65
2021-11-18,4837.62,13.54
2021-11-19,4890.06,13.69
2021-11-22,4912.4,13.74
2021-11-23,4913.35,13.76
2021-11-24,4916.66,13.78
2021-11-25,4896.44,13.72
2021-11-26,4860.13,13.62
2021-11-29,4851.42,13.59
2021-11-30,4832.03,13.55
2021-12-01,4843.85,13.59
2021-12-02,4856.16,13.63
2021-12-03,4901.02,13.75
2021-12-06,4892.62,13.73
2021-12-07,4922.1,13.8
2021-12-08,4995.93,13.99
2021-12-09,5078.69,14.21
2021-12-10,5055.12,14.14
2021-12-13,5083.8,15.22
2021-12-14,5049.7,15.11
2021-12-15,5005.9,14.99
2021-12-16,5034.73,15.09
2021-12-17,4954.76,14.87
2021-12-20,4880.42,14.67
2021-12-21,4913.49,14.78
2021-12-22,4914.45,14.77
2021-12-23,4948.74,14.88
2021-12-24,4921.34,14.81
2021-12-27,4919.32,14.8
2021-12-28,4955.96,14.88
2021-12-29,4883.48,14.67
2021-12-30,4921.51,14.77
2021-12-31,4940.37,14.82
2022-01-04,4917.77,14.76
2022-01-05,4868.12,14.64
2022-01-06,4818.23,14.5
2022-01-07,4822.37,14.54
2022-01-10,4844.05,14.59
2022-01-11,4797.77,14.45
2022-01-12,4845.58,14.59
2022-01-13,4765.92,14.39
2022-01-14,4726.73,14.25
2022-01-17,4767.28,14.35
2022-01-18,4813.35,14.5
2022-01-19,4780.38,14.42
2022-01-20,4823.51,14.53
2022-01-21,4779.31,14.39
2022-01-24,4786.74,14.41
2022-01-25,4678.45,14.09
2022-01-26,4712.31,14.19
2022-01-27,4619.88,13.94
2022-01-28,4563.77,13.76
2022-02-07,4634.09,14.0
2022-02-08,4608.77,13.97
2022-02-09,4652.06,14.08
2022-02-10,4639.86,14.06
2022-02-11,4601.4,13.99
2022-02-14,4551.69,13.84
2022-02-15,4600.1,13.95
2022-02-16,4617.99,14.01
2022-02-17,4629.16,14.03
2022-02-18,4651.24,14.1
2022-02-21,4634.31,14.05
2022-02-22,4574.15,13.89
2022-02-23,4623.05,14.01
2022-02-24,4529.32,13.75
2022-02-25,4573.42,13.85
2022-02-28,4581.65,13.88
2022-03-01,4619.69,13.99
2022-03-02,4578.6,13.89
2022-03-03,4551.63,13.83
2022-03-04,4496.43,13.67
2022-03-07,4352.78,13.28
2022-03-08,4265.39,13.03
2022-03-09,4226.35,12.9
2022-03-10,4292.84,13.08
2022-03-11,4306.52,13.12
2022-03-14,4174.76,12.75
2022-03-15,3983.81,12.18
2022-03-16,4156.08,12.64
2022-03-17,4237.7,12.86
2022-03-18,4265.9,12.95
2022-03-21,4258.75,12.92
2022-03-22,4255.3,12.93
2022-03-23,4276.52,12.98
2022-03-24,4251.31,12.91
2022-03-25,4174.57,12.71
2022-03-28,4148.47,12.67
2022-03-29,4134.14,12.64
2022-03-30,4254.1,12.96
2022-03-31,4222.6,12.9
2022-04-01,4276.16,13.05
2022-04-06,4263.84,13.04
2022-04-07,4209.1,12.89
2022-04-08,4230.77,12.96
2022-04-11,4100.07,12.61
2022-04-12,4179.97,12.82
2022-04-13,4139.74,12.73
2022-04-14,4191.57,12.88
2022-04-15,4188.75,12.87
2022-04-18,4166.38,12.78
2022-04-19,4134.9,12.72
2022-04-20,4070.79,12.53
2022-04-21,3995.83,12.32
2022-04-22,4013.25,12.38
2022-04-25,3814.91,11.83
2022-04-26,3784.12,11.75
2022-04-27,3895.54,12.03
2022-04-28,3921.11,12.13
2022-04-29,4016.24,12.39
2022-05-05,4010.21,12.16
2022-05-06,3908.82,11.88
2022-05-09,3877.44,11.8
2022-05-10,3919.87,11.9
2022-05-11,3976.42,12.04
2022-05-12,3958.74,12.0
2022-05-13,3988.6,12.1
2022-05-16,3956.54,12.0
2022-05-17,4005.89,12.13
2022-05-18,3991.91,12.08
2022-05-19,3999.6,12.1
2022-05-20,4077.6,12.32
2022-05-23,4053.98,12.26
2022-05-24,3959.15,12.01
2022-05-25,3983.18,12.08
2022-05-26,3993.04,12.11
2022-05-27,4001.3,12.14
2022-05-30,4029.02,12.21
2022-05-31,4091.52,12.39
2022-06-01,4083.18,12.35
2022-06-02,4089.57,12.36
2022-06-06,4166.09,12.54
2022-06-07,4179.13,12.58
2022-06-08,4219.81,12.69
2022-06-09,4175.67,12.59
2022-06-10,4238.99,12.77
2022-06-13,4189.35,12.75
2022-06-14,4222.31,12.88
2022-06-15,4278.22,13.03
2022-06-16,4250.06,12.92
2022-06-17,4309.04,13.07
2022-06-20,4330.43,13.1
2022-06-21,4325.57,13.09
2022-06-22,4270.62,12.92
2022-06-23,4343.88,13.13
2022-06-24,4394.77,13.26
2022-06-27,4444.26,13.39
2022-06-28,4490.52,13.5
2022-06-29,4421.36,13.33
2022-06-30,4485.01,13.49
2022-07-01,4466.72,13.44
2022-07-04,4496.03,13.49
2022-07-05,4489.54,13.48
2022-07-06,4423.97,13.28
2022-07-07,4443.47,13.32
2022-07-08,4428.78,13.29
2022-07-11,4354.62,13.07
2022-07-12,4313.62,12.95
2022-07-13,4321.46,12.95
2022-07-14,4322.07,12.93
2022-07-15,4248.53,12.71
2022-07-18,4292.59,12.85
2022-07-19,4269.34,12.8
2022-07-20,4283.8,12.86
2022-07-21,4236.06,12.71
2022-07-22,4238.23,12.71
2022-07-25,4212.64,12.65
2022-07-26,4245.98,12.75
2022-07-27,4225.04,12.68
2022-07-28,4225.67,12.68
2022-07-29,4170.1,12.51
2022-08-01,4188.68,12.56
2022-08-02,4107.02,12.33
2022-08-03,4066.98,12.22
2022-08-04,4101.54,12.32
2022-08-05,4156.91,12.46
2022-08-08,4148.07,12.45
2022-08-09,4156.29,12.47
2022-08-10,4109.74,12.35
2022-08-11,4193.54,12.59
2022-08-12,4191.15,12.59
2022-08-15,4185.68,12.57
2022-08-16,4177.84,12.53
2022-08-17,4216.96,12.64
2022-08-18,4180.1,12.53
2022-08-19,4151.07,12.46
2022-08-22,4181.4,12.55
2022-08-23,4161.08,12.49
2022-08-24,4082.42,12.29
2022-08-25,4116.24,12.4
2022-08-26,4107.55,12.37
2022-08-29,4089.52,12.33
2022-08-30,4075.79,12.3
2022-08-31,4078.84,12.31
2022-09-01,4043.74,12.02
2022-09-02,4023.61,11.96
2022-09-05,4015.43,11.96
2022-09-06,4052.28,12.06
2022-09-07,4054.98,12.06
2022-09-08,4037.68,12.02
2022-09-09,4093.79,12.18
2022-09-13,4111.11,12.22
2022-09-14,4065.36,12.1
2022-09-15,4027.12,12.01
2022-09-16,3932.68,11.73
2022-09-19,3928.0,11.72
2022-09-20,3932.84,11.72
2022-09-21,3903.73,11.66
2022-09-22,3869.34,11.58
2022-09-23,3856.02,11.56
2022-09-26,3836.68,11.49
2022-09-27,3892.3,11.63
2022-09-28,3828.71,11.48
2022-09-29,3827.14,11.48
2022-09-30,3804.89,11.43
2022-10-10,3720.94,11.2
2022-10-11,3727.69,11.21
2022-10-12,3784.31,11.35
2022-10-13,3752.67,11.25
2022-10-14,3842.47,11.48
2022-10-17,3846.41,11.48
2022-10-18,3838.27,11.45
2022-10-19,3776.53,11.28
2022-10-20,3754.93,11.24
2022-10-21,3742.89,11.21
2022-10-24,3633.37,10.91
2022-10-25,3627.45,10.88
2022-10-26,3656.9,10.95
2022-10-27,3631.14,10.88
2022-10-28,3541.33,10.65
2022-10-31,3508.7,10.52
2022-11-01,3634.17,10.8
2022-11-02,3677.81,10.92
2022-11-03,3647.9,10.84
2022-11-04,3767.17,11.17
2022-11-07,3775.3,11.2
2022-11-08,3749.33,11.13
2022-11-09,3714.27,11.04
2022-11-10,3685.69,10.97
2022-11-11,3788.44,11.26
2022-11-14,3794.02,11.27
2022-11-15,3865.97,11.46
2022-11-16,3834.39,11.38
2022-11-17,3818.66,11.33
2022-11-18,3801.57,11.29
2022-11-21,3769.13,11.2
2022-11-22,3769.57,11.23
2022-11-23,3773.53,11.26
2022-11-24,3756.81,11.22
2022-11-25,3775.78,11.3
2022-11-28,3733.24,11.18
2022-11-29,3848.42,11.5
2022-11-30,3853.04,11.51
2022-12-01,3894.77,11.61
2022-12-02,3870.95,11.54
2022-12-05,3946.88,11.78
2022-12-06,3968.2,11.84
2022-12-07,3958.44,11.79
2022-12-08,3959.18,11.8
2022-12-09,3998.24,11.9
2022-12-12,3953.44,11.79
2022-12-13,3945.68,11.78
2022-12-14,3954.89,11.81
2022-12-15,3951.99,11.79
2022-12-16,3954.23,11.81
2022-12-19,3893.22,11.62
2022-12-20,3829.02,11.45
2022-12-21,3830.54,11.45
2022-12-22,3836.03,11.47
2022-12-23,3828.22,11.45
2022-12-26,3843.49,11.48
2022-12-27,3887.85,11.62
2022-12-28,3871.26,11.59
2022-12-29,3856.7,11.53
2022-12-30,3871.63,11.58
2023-01-03,3887.9,11.62
2023-01-04,3892.95,11.64
2023-01-05,3968.58,11.84
2023-01-06,3980.89,11.87
2023-01-09,4013.12,11.95
2023-01-10,4017.47,11.96
2023-01-11,4010.03,11.95
2023-01-12,4017.87,11.97
2023-01-13,4074.38,12.13
2023-01-16,4137.96,12.28
2023-01-17,4137.24,12.27
2023-01-18,4130.31,12.25
2023-01-19,4156.01,12.31
2023-01-20,4181.53,12.38
2023-01-30,4201.35,12.43
2023-01-31,4156.86,12.3
2023-02-01,4195.93,12.41
2023-02-02,4181.15,12.37
2023-02-03,4141.63,12.26
2023-02-06,4086.88,12.12
2023-02-07,4094.23,12.14
2023-02-08,4076.14,12.08
2023-02-09,4130.86,12.23
2023-02-10,4106.31,12.18
2023-02-13,4143.57,12.28
2023-02-14,4145.29,12.29
2023-02-15,4123.69,12.23
2023-02-16,4093.49,12.16
2023-02-17,4034.51,12.01
2023-02-20,4133.49,12.3
2023-02-21,4144.35,12.33
2023-02-22,4106.95,12.23
2023-02-23,4103.65,12.22
2023-02-24,4061.05,12.1
2023-02-27,4043.84,12.06
2023-02-28,4069.46,12.14
2023-03-01,4126.94,12.31
2023-03-02,4117.74,12.29
2023-03-03,4130.55,12.36
2023-03-06,4109.01,12.3
2023-03-07,4048.85,12.16
2023-03-08,4034.11,12.12
2023-03-09,4019.85,12.09
2023-03-10,3967.14,11.93
2023-03-13,4008.69,12.08
2023-03-14,3984.7,11.99
2023-03-15,3986.9,12.02
2023-03-16,3939.15,11.9
2023-03-17,3958.82,11.98
2023-03-20,3939.08,11.92
2023-03-21,3982.38,12.01
2023-03-22,3999.44,12.07
2023-03-23,4039.09,12.18
2023-03-24,4027.05,12.11
2023-03-27,4012.48,12.04
2023-03-28,3999.51,12.03
2023-03-29,4006.14,12.05
2023-03-30,4038.53,12.15
2023-03-31,4050.93,12.17
2023-04-03,4090.57,12.26
2023-04-04,4103.11,12.31
2023-04-06,4096.64,12.29
2023-04-07,4123.28,12.34
2023-04-10,4104.81,12.31
2023-04-11,4100.15,12.31
2023-04-12,4097.29,12.33
2023-04-13,4068.98,12.27
2023-04-14,4092.0,12.34
2023-04-17,4149.38,12.54
2023-04-18,4162.03,12.6
2023-04-19,4124.56,12.49
2023-04-20,4113.02,12.46
2023-04-21,4032.57,12.24
2023-04-24,3982.64,12.12
2023-04-25,3962.67,12.1
2023-04-26,3959.23,12.0
2023-04-27,3988.42,12.09
2023-04-28,4029.09,12.22
2023-05-04,4030.25,12.4
2023-05-05,4016.88,12.37
2023-05-08,4062.66,12.61
2023-05-09,4027.88,12.49
2023-05-10,3996.87,12.33
2023-05-11,3990.66,12.3
2023-05-12,3937.76,12.15
2023-05-15,3998.89,12.32
2023-05-16,3978.21,12.25
2023-05-17,3960.17,12.19
2023-05-18,3956.07,12.23
2023-05-19,3944.54,12.17
2023-05-22,3969.33,12.24
2023-05-23,3913.19,12.04
2023-05-24,3859.09,11.85
2023-05-25,3850.5,11.82
2023-05-26,3850.95,11.83
2023-05-29,3833.94,11.83
2023-05-30,3837.75,11.83
2023-05-31,3798.54,11.71
2023-06-01,3806.87,11.74
2023-06-02,3861.83,11.87
2023-06-05,3844.25,11.85
2023-06-06,3808.16,11.75
2023-06-07,3789.34,11.71
2023-06-08,3820.19,11.82
2023-06-09,3836.7,11.87
2023-06-12,3844.43,11.83
2023-06-13,3864.91,11.87
2023-06-14,3864.02,11.85
2023-06-15,3925.5,11.99
2023-06-16,3963.35,12.07
2023-06-19,3930.91,11.97
2023-06-20,3924.24,11.92
2023-06-21,3864.03,11.76
2023-06-26,3809.7,11.6
2023-06-27,3845.43,11.72
2023-06-28,3840.8,11.71
2023-06-29,3821.84,11.65
2023-06-30,3842.45,11.71
2023-07-03,3892.88,11.88
2023-07-04,3899.01,11.88
2023-07-05,3868.81,11.79
2023-07-06,3842.75,11.71
2023-07-07,3825.7,11.66
2023-07-10,3844.33,11.7
2023-07-11,3869.49,11.77
2023-07-12,3843.44,11.7
2023-07-13,3898.42,11.88
2023-07-14,3899.1,11.89
2023-07-17,3867.17,11.73
2023-07-18,3854.94,11.65
2023-07-19,3850.87,11.65
2023-07-20,3823.69,11.56
2023-07-21,3821.91,11.55
2023-07-24,3805.22,11.51
2023-07-25,3915.12,11.83
2023-07-26,3907.01,11.8
2023-07-27,3902.35,11.8
2023-07-28,3992.74,12.07
2023-07-31,4014.63,12.11
2023-08-01,3998.0,12.08
2023-08-02,3969.9,11.96
2023-08-03,4004.98,12.06
2023-08-04,4020.58,12.11
2023-08-07,3990.15,12.03
2023-08-08,3979.73,12.01
2023-08-09,3967.57,11.97
2023-08-10,3975.72,11.99
2023-08-11,3884.25,11.73
2023-08-14,3855.91,11.64
2023-08-15,3846.54,11.64
2023-08-16,3818.33,11.55
2023-08-17,3831.1,11.58
2023-08-18,3784.0,11.47
2023-08-21,3729.56,11.31
2023-08-22,3758.23,11.42
2023-08-23,3696.63,11.27
2023-08-24,3723.43,11.31
2023-08-25,3709.15,11.28
2023-08-28,3752.62,11.42
2023-08-29,3790.11,11.5
2023-08-30,3788.51,11.48
2023-08-31,3765.27,11.42
2023-09-01,3791.49,11.49
2023-09-04,3848.95,11.67
2023-09-05,3820.32,11.58
2023-09-06,3812.03,11.57
2023-09-07,3758.47,11.44
2023-09-08,3739.99,11.38
2023-09-11,3767.54,11.45
2023-09-12,3760.6,11.43
2023-09-13,3736.65,11.38
2023-09-14,3733.51,11.4
2023-09-15,3708.78,11.31
2023-09-18,3727.71,11.36
2023-09-19,3720.5,11.37
2023-09-20,3705.69,11.33
2023-09-21,3672.44,11.23
2023-09-22,3738.93,11.42
2023-09-25,3714.6,11.35
2023-09-26,3692.89,11.29
2023-09-27,3700.5,11.29
2023-09-28,3689.52,11.27
2023-10-09,3684.73,11.25
2023-10-10,3657.13,11.16
2023-10-11,3667.55,11.18
2023-10-12,3702.38,11.3
2023-10-13,3663.41,11.21
2023-10-16,3626.6,11.13
2023-10-17,3639.4,11.18
2023-10-18,3610.58,11.1
2023-10-19,3533.54,10.86
2023-10-20,3510.59,10.78
2023-10-23,3474.24,10.68
2023-10-24,3487.13,10.7
2023-10-25,3504.46,10.72
2023-10-26,3514.14,10.76
2023-10-27,3562.39,10.88
2023-10-30,3583.77,10.88
2023-10-31,3572.51,10.87
2023-11-01,3571.03,10.88
2023-11-02,3554.19,10.85
2023-11-03,3584.14,10.92
2023-11-06,3632.61,11.01
2023-11-07,3619.76,10.98
2023-11-08,3611.07,10.95
2023-11-09,3612.83,10.98
2023-11-10,3586.49,10.91
2023-11-13,3579.41,10.9
2023-11-14,3582.06,10.91
2023-11-15,3607.25,10.98
2023-11-16,3572.36,10.89
2023-11-17,3568.07,10.87
2023-11-20,3576.32,10.89
2023-11-21,3581.07,10.91
2023-11-22,3544.42,10.82
2023-11-23,3561.52,10.87
2023-11-24,3538.01,10.81
2023-11-27,3511.94,10.73
2023-11-28,3518.52,10.74
2023-11-29,3488.31,10.66
2023-11-30,3496.2,10.7
2023-12-01,3482.88,10.67
2023-12-04,3460.14,10.61
2023-12-05,3394.26,10.42
2023-12-06,3399.6,10.4
2023-12-07,3391.28,10.39
2023-12-08,3399.46,10.42
2023-12-11,3419.45,10.61
2023-12-12,3426.8,10.65
2023-12-13,3369.61,10.49
2023-12-14,3351.96,10.43
2023-12-15,3341.55,10.39
2023-12-18,3329.37,10.38
2023-12-19,3334.04,10.39
2023-12-20,3297.5,10.29
2023-12-21,3330.87,10.38
2023-12-22,3337.23,10.4
2023-12-25,3347.45,10.44
2023-12-26,3324.79,10.39
2023-12-27,3336.36,10.43
2023-12-28,3414.54,10.63
2023-12-29,3431.11,10.67
2024-01-02,3386.35,10.57
2024-01-03,3378.3,10.57
2024-01-04,3347.05,10.5
2024-01-05,3329.11,10.45
2024-01-08,3286.06,10.33
2024-01-09,3292.5,10.34
2024-01-10,3277.13,10.29
2024-01-11,3295.67,10.31
2024-01-12,3284.17,10.29
2024-01-15,3280.92,10.29
2024-01-16,3300.88,10.35
2024-01-17,3229.08,10.15
2024-01-18,3274.73,10.26
2024-01-19,3269.78,10.24
2024-01-22,3218.9,10.1
2024-01-23,3231.93,10.14
2024-01-24,3277.11,10.31
2024-01-25,3342.92,10.56
2024-01-26,3333.82,10.57
2024-01-29,3303.96,10.51
2024-01-30,3245.04,10.35
2024-01-31,3215.35,10.29
2024-02-01,3217.71,10.27
2024-02-02,3179.63,10.18
2024-02-05,3200.42,10.29
2024-02-06,3311.69,10.59
2024-02-07,3343.63,10.66
2024-02-08,3364.93,10.7
2024-02-19,3403.81,10.87
2024-02-20,3410.85,10.9
2024-02-21,3456.87,11.03
2024-02-22,3486.67,11.15
2024-02-23,3489.74,11.16
2024-02-26,3453.36,11.0
2024-02-27,3494.79,11.11
2024-02-28,3450.26,10.99
2024-02-29,3516.08,11.17
2024-03-01,3537.8,11.22
2024-03-04,3540.87,11.25
2024-03-05,3565.51,11.34
2024-03-06,3551.05,11.28
2024-03-07,3529.72,11.24
2024-03-08,3544.91,11.28
2024-03-11,3589.26,11.38
2024-03-12,3597.49,11.35
2024-03-13,3572.36,11.27
2024-03-14,3562.22,11.25
2024-03-15,3569.99,11.27
2024-03-18,3603.53,11.36
2024-03-19,3577.63,11.29
2024-03-20,3585.38,11.34
2024-03-21,3581.09,11.33
2024-03-22,3545.0,11.23
2024-03-25,3525.76,11.2
2024-03-26,3543.75,11.25
2024-03-27,3502.79,11.15
2024-03-28,3520.96,11.18
2024-03-29,3537.48,11.26
2024-04-01,3595.65,11.4
2024-04-02,3580.68,11.38
2024-04-03,3567.8,11.36
2024-04-08,3536.41,11.29
2024-04-09,3533.49,11.26
2024-04-10,3504.71,11.2
2024-04-11,3504.24,11.19
2024-04-12,3475.84,11.12
2024-04-15,3549.08,11.38
2024-04-16,3511.11,11.31
2024-04-17,3565.4,11.45
2024-04-18,3569.8,11.46
2024-04-19,3541.66,11.4
2024-04-22,3530.9,11.34
2024-04-23,3506.22,11.26
2024-04-24,3521.62,11.3
2024-04-25,3530.28,11.34
2024-04-26,3584.27,11.47
2024-04-29,3623.91,11.54
2024-04-30,3604.39,11.5
2024-05-06,3657.88,12.59
2024-05-07,3659.01,12.61
2024-05-08,3630.22,12.53
2024-05-09,3664.56,12.61
2024-05-10,3666.28,12.62
2024-05-13,3664.69,12.61
2024-05-14,3657.05,12.58
2024-05-15,3626.06,12.49
2024-05-16,3640.36,12.53
2024-05-17,3677.97,12.65
2024-05-20,3690.96,12.7
2024-05-21,3676.16,12.67
2024-05-22,3684.45,12.68
2024-05-23,3641.79,12.55
2024-05-24,3601.48,12.43
2024-05-27,3635.71,12.56
2024-05-28,3609.17,12.5
2024-05-29,3613.52,12.5
2024-05-30,3594.31,12.42
2024-05-31,3579.92,12.37
2024-06-03,3588.75,12.41
2024-06-04,3615.67,12.48
2024-06-05,3594.79,12.42
2024-06-06,3592.25,12.42
2024-06-07,3574.11,12.35
2024-06-11,3542.88,12.22
2024-06-12,3544.12,12.23
2024-06-13,3526.13,12.18
2024-06-14,3541.53,12.22
2024-06-17,3536.2,12.18
2024-06-18,3545.59,12.22
2024-06-19,3528.75,12.19
2024-06-20,3503.28,12.14
2024-06-21,3495.62,12.1
2024-06-24,3476.81,12.06
2024-06-25,3457.9,12.01
2024-06-26,3480.26,12.06
2024-06-27,3454.12,11.99
2024-06-28,3461.66,12.06
2024-07-01,3478.18,12.14
2024-07-02,3471.79,12.17
2024-07-03,3463.41,12.12
2024-07-04,3445.81,12.09
2024-07-05,3431.06,12.0
2024-07-08,3401.76,11.92
2024-07-09,3439.81,12.05
2024-07-10,3428.97,11.99
2024-07-11,3468.17,12.09
2024-07-12,3472.4,12.11
2024-07-15,3476.25,12.16
2024-07-16,3498.28,12.2
2024-07-17,3501.58,12.18
2024-07-18,3520.93,12.24
2024-07-19,3539.02,12.27
2024-07-22,3514.92,12.16
2024-07-23,3439.88,11.97
2024-07-24,3418.17,11.93
2024-07-25,3399.27,11.84
2024-07-26,3409.29,11.83
2024-07-29,3390.74,11.81
2024-07-30,3369.38,11.72
2024-07-31,3442.08,11.91
2024-08-01,3419.27,11.85
2024-08-02,3384.39,11.75
2024-08-05,3343.32,11.6
2024-08-06,3342.98,11.58
2024-08-07,3341.49,11.59
2024-08-08,3342.94,11.6
2024-08-09,3331.63,11.58
2024-08-12,3325.86,11.57
2024-08-13,3334.39,11.61
2024-08-14,3309.24,11.54
2024-08-15,3341.95,11.65
2024-08-16,3345.63,11.7
2024-08-19,3356.97,11.76
2024-08-20,3332.7,11.69
2024-08-21,3321.64,11.66
2024-08-22,3313.14,11.67
2024-08-23,3327.19,11.71
2024-08-26,3324.22,11.7
2024-08-27,3305.33,11.7
2024-08-28,3286.5,11.62
2024-08-29,3277.68,11.51
2024-08-30,3321.43,11.6
2024-09-02,3265.01,11.35
2024-09-03,3273.43,11.3
2024-09-04,3252.16,11.21
2024-09-05,3257.76,11.21
2024-09-06,3231.35,11.13
2024-09-09,3192.95,11.0
2024-09-10,3195.76,11.03
2024-09-11,3186.13,10.94
2024-09-12,3172.47,10.91
2024-09-13,3159.25,10.88
2024-09-18,3171.01,10.95
2024-09-19,3196.04,11.0
2024-09-20,3201.05,11.03
2024-09-23,3212.76,11.09
2024-09-24,3351.91,11.57
2024-09-25,3401.53,11.73
2024-09-26,3545.32,12.17
2024-09-27,3703.68,12.56
2024-09-30,4017.85,13.54
2024-10-08,4256.1,14.21
2024-10-09,3955.98,13.21
2024-10-10,3997.79,13.43
2024-10-11,3887.17,13.11
2024-10-14,3961.34,13.36
2024-10-15,3855.99,12.99
2024-10-16,3831.59,12.94
2024-10-17,3788.22,12.79
2024-10-18,3925.23,13.17
2024-10-21,3935.2,13.16
2024-10-22,3957.78,13.23
2024-10-23,3973.21,13.27
2024-10-24,3928.83,13.14
2024-10-25,3956.42,13.19
2024-10-28,3964.16,13.2
2024-10-29,3924.65,13.07
2024-10-30,3889.45,12.93
2024-10-31,3891.04,12.91
2024-11-01,3890.02,12.64
2024-11-04,3944.76,12.78
2024-11-05,4044.57,13.06
2024-11-06,4024.28,12.98
2024-11-07,4145.7,13.37
2024-11-08,4104.05,13.24
2024-11-11,4131.13,13.26
2024-11-12,4085.74,13.11
2024-11-13,4110.89,13.19
2024-11-14,4039.62,13.02
2024-11-15,3968.83,12.84
2024-11-18,3950.38,12.84
2024-11-19,3976.89,12.88
2024-11-20,3985.77,12.9
2024-11-21,3989.3,12.9
2024-11-22,3865.7,12.53
2024-11-25,3848.09,12.48
2024-11-26,3840.18,12.48
2024-11-27,3907.04,12.67
2024-11-28,3872.55,12.57
2024-11-29,3916.58,12.68
2024-12-02,3947.63,12.78
2024-12-03,3951.89,12.82
2024-12-04,3930.56,12.81
2024-12-05,3921.59,12.76
2024-12-06,3973.14,12.92
2024-12-09,3966.57,12.93
2024-12-10,3995.64,13.01
2024-12-11,3988.83,12.98
2024-12-12,4028.5,13.11
2024-12-13,3933.18,12.83
2024-12-16,3911.84,12.9
2024-12-17,3922.03,12.93
2024-12-18,3941.89,12.99
2024-12-19,3945.46,12.97
2024-12-20,3927.74,12.9
2024-12-23,3933.57,12.97
2024-12-24,3983.69,13.14
2024-12-25,3985.63,13.19
2024-12-26,3987.48,13.18
2024-12-27,3981.03,13.17
2024-12-30,3999.05,13.23
2024-12-31,3934.91,13.06
2025-01-02,3820.4,12.68
2025-01-03,3775.16,12.55
2025-01-06,3768.97,12.53
2025-01-07,3796.11,12.59
2025-01-08,3789.22,12.58
2025-01-09,3779.88,12.51
2025-01-10,3732.48,12.37
2025-01-13,3722.51,12.32
2025-01-14,3820.54,12.6
2025-01-15,3796.03,12.54
2025-01-16,3800.38,12.57
2025-01-17,3812.34,12.59
2025-01-20,3829.68,12.61
2025-01-21,3832.61,12.6
2025-01-22,3797.02,12.48
2025-01-23,3803.74,12.55
2025-01-24,3832.86,12.62
2025-01-27,3817.08,12.63
2025-02-05,3795.08,12.5
2025-02-06,3842.83,12.64
2025-02-07,3892.7,12.77
2025-02-10,3901.06,12.78
2025-02-11,3883.14,12.77
2025-02-12,3919.86,12.86
2025-02-13,3905.14,12.84
2025-02-14,3939.01,12.93
2025-02-17,3947.4,12.96
2025-02-18,3912.78,12.89
2025-02-19,3940.16,12.94
2025-02-20,3928.9,12.91
2025-02-21,3978.44,13.02
2025-02-24,3969.72,12.98
2025-02-25,3925.65,12.83
2025-02-26,3959.94,12.93
2025-02-27,3968.12,12.97
2025-02-28,3890.05,12.76
2025-03-03,3888.47,12.74
2025-03-04,3885.22,12.7
2025-03-05,3902.57,12.78
2025-03-06,3956.24,12.92
2025-03-07,3944.01,12.88
2025-03-10,3928.8,12.82
2025-03-11,3941.42,12.87
2025-03-12,3927.23,12.82
2025-03-13,3911.58,12.8
2025-03-14,4006.56,13.08
2025-03-17,3996.79,13.07
2025-03-18,4007.72,13.08
2025-03-19,4010.17,13.1
2025-03-20,3974.99,13.0
2025-03-21,3914.7,12.83
2025-03-24,3934.85,12.9
2025-03-25,3932.3,12.91
2025-03-26,3919.36,12.87
2025-03-27,3932.41,12.92
2025-03-28,3915.17,12.86
2025-03-31,3887.31,12.81
2025-04-01,3887.68,12.81
2025-04-02,3884.39,12.8
2025-04-03,3861.5,12.76
2025-04-07,3589.44,11.95
2025-04-08,3650.76,12.18
2025-04-09,3686.79,12.26
2025-04-10,3735.12,12.38
2025-04-11,3750.52,12.42
2025-04-14,3759.14,12.47
2025-04-15,3761.23,12.51
2025-04-16,3772.82,12.57
2025-04-17,3772.22,12.56
2025-04-18,3772.52,12.57
2025-04-21,3784.88,12.58
2025-04-22,3783.95,12.61
2025-04-23,3786.88,12.6
2025-04-24,3784.36,12.63
2025-04-25,3786.99,12.61
2025-04-28,3781.62,12.61
2025-04-29,3775.08,12.56
2025-04-30,3770.57,12.51
2025-05-06,3808.54,12.16
2025-05-07,3831.63,12.26
2025-05-08,3852.9,12.31
2025-05-09,3846.16,12.31
2025-05-12,3890.61,12.42
2025-05-13,3896.26,12.45
2025-05-14,3943.21,12.61
2025-05-15,3907.2,12.53
2025-05-16,3889.09,12.45
2025-05-19,3877.15,12.4
2025-05-20,3898.17,12.46
2025-05-21,3916.38,12.52
2025-05-22,3913.87,12.52
2025-05-23,3882.27,12.41
2025-05-26,3860.11,12.34
2025-05-27,3839.4,12.29
2025-05-28,3836.24,12.29
2025-05-29,3858.7,12.34
2025-05-30,3840.23,12.3
2025-06-03,3852.01,12.33
2025-06-04,3868.74,12.37
2025-06-05,3877.56,12.4
2025-06-06,3873.98,12.4
2025-06-09,3885.25,12.41
2025-06-10,3865.47,12.37
2025-06-11,3894.63,12.45
2025-06-12,3892.2,12.44
2025-06-13,3864.18,12.37
2025-06-16,3873.8,12.37
2025-06-17,3870.38,12.38
2025-06-18,3874.97,12.41
2025-06-19,3843.09,12.33
2025-06-20,3846.64,12.34
2025-06-23,3857.9,12.39
2025-06-24,3904.03,12.45
2025-06-25,3960.07,12.6
2025-06-26,3946.02,12.54
2025-06-27,3921.76,12.41
2025-06-30,3936.08,12.45
2025-07-01,3942.76,12.46
2025-07-02,3943.68,12.46
2025-07-03,3968.07,12.51
2025-07-04,3982.2,12.58
2025-07-07,3965.17,12.54
2025-07-08,3998.45,12.62
2025-07-09,3991.4,12.61
2025-07-10,4010.02,12.68
2025-07-11,4014.81,12.66
2025-07-14,4017.67,12.69
2025-07-15,4019.06,12.67
2025-07-16,4007.2,12.64
2025-07-17,4034.49,12.68
2025-07-18,4058.55,12.75
2025-07-21,4085.61,12.83
2025-07-22,4118.96,12.91
2025-07-23,4119.77,12.93
2025-07-24,4149.04,12.98
2025-07-25,4127.16,12.9
2025-07-28,4135.82,12.92
2025-07-29,4152.02,12.76
2025-07-30,4151.24,12.79
2025-07-31,4075.59,12.61
2025-08-01,4054.93,12.53
2025-08-04,4070.7,12.59
2025-08-05,4103.45,12.71
2025-08-06,4113.49,12.74
2025-08-07,4114.67,12.77
2025-08-08,4104.97,12.75
2025-08-11,4122.51,12.76
2025-08-12,4143.83,12.85
2025-08-13,4176.58,12.92
2025-08-14,4173.31,12.92
2025-08-15,4202.35,12.97
2025-08-18,4239.41,13.07
2025-08-19,4223.37,13.06
2025-08-20,4271.4,13.2
2025-08-21,4288.07,13.26
2025-08-22,4378.0,13.48
2025-08-25,4469.22,13.71
2025-08-26,4452.59,13.66
2025-08-27,4386.13,13.43
2025-08-28,4463.78,13.61
2025-08-29,4496.76,13.71
2025-09-01,4523.71,14.31
2025-09-02,4490.45,14.28
2025-09-03,4459.83,14.15
2025-09-04,4365.21,13.97
2025-09-05,4460.32,14.14
2025-09-08,4467.57,14.14
2025-09-09,4436.26,14.07
2025-09-10,4445.36,14.11
2025-09-11,4548.03,14.38
2025-09-12,4522.0,14.31
2025-09-15,4533.06,14.32
2025-09-16,4523.34,14.27
2025-09-17,4551.02,14.33
2025-09-18,4498.11,14.15
2025-09-19,4501.92,14.14
2025-09-22,4522.61,14.17
2025-09-23,4519.78,14.2
2025-09-24,4566.07,14.28
2025-09-25,4593.49,14.32
2025-09-26,4550.05,14.22
2025-09-29,4620.05,14.39
2025-09-30,4640.69,14.42
2025-10-09,4709.48,14.62
2025-10-10,4616.83,14.42
2025-10-13,4593.98,14.35
2025-10-14,4539.06,14.27
2025-10-15,4606.29,14.45
2025-10-16,4618.42,14.54
2025-10-17,4514.23,14.27
2025-10-20,4538.22,14.36
2025-10-21,4607.87,14.57
2025-10-22,4592.57,14.57
2025-10-23,4606.34,14.62
2025-10-24,4660.68,14.75
2025-10-27,4716.02,14.93
2025-10-28,4691.97,14.88
2025-10-29,4747.84,15.01
2025-10-30,4709.91,14.9
2025-10-31,4640.67,14.68
2025-11-03,4653.4,14.75
2025-11-04,4618.7,14.69
2025-11-05,4627.26,14.71
2025-11-06,4693.4,14.88
2025-11-07,4678.79,14.83
2025-11-10,4695.05,14.89
2025-11-11,4652.17,14.79
2025-11-12,4645.91,14.82
2025-11-13,4702.07,14.94
2025-11-14,4628.14,14.74
2025-11-17,4598.05,14.62
2025-11-18,4568.19,14.53
2025-11-19,4588.29,14.63
2025-11-20,4564.95,14.59
2025-11-21,4453.61,14.3
2025-11-24,4448.05,14.24
2025-11-25,4490.4,14.35
2025-11-26,4517.63,14.38
2025-11-27,4515.4,14.41
2025-11-28,4526.66,14.42
2025-12-01,4576.49,14.54
2025-12-02,4554.33,14.5
2025-12-03,4531.05,14.44
2025-12-04,4546.57,14.46
2025-12-05,4584.54,14.54
2025-12-08,4621.75,14.62
2025-12-09,4598.22,14.57
2025-12-10,4591.83,14.51
2025-12-11,4552.18,14.42
2025-12-12,4580.95,14.45
2025-12-15,4552.06,14.56
2025-12-16,4497.55,14.42
2025-12-17,4579.88,14.64
2025-12-18,4552.79,14.1
2025-12-19,4568.18,14.11
2025-12-22,4611.62,14.21
2025-12-23,4620.73,14.26
2025-12-24,4634.06,14.28
2025-12-25,4642.54,14.31
2025-12-26,4657.24,14.31
2025-12-29,4639.37,14.31
2025-12-30,4651.28,14.34
2025-12-31,4629.94,14.31
2026-01-05,4717.75,14.49
2026-01-06,4790.69,14.69
2026-01-07,4776.67,14.62
2026-01-08,4737.65,14.52
2026-01-09,4758.92,14.59
2026-01-12,4789.92,14.67
2026-01-13,4761.03,14.62
2026-01-14,4741.93,14.52
2026-01-15,4751.43,14.51
2026-01-16,4731.87,14.43
2026-01-19,4734.46,14.43
2026-01-20,4718.88,14.43
2026-01-21,4723.07,14.39
2026-01-22,4723.71,14.38
2026-01-23,4702.5,14.28
2026-01-26,4706.96,14.34
2026-01-27,4705.69,14.33
2026-01-28,4717.99,14.36
2026-01-29,4753.87,14.48
2026-01-30,4706.34,14.35
2026-02-02,4605.98,14.1
2026-02-03,4660.11,14.18
2026-02-04,4698.68,14.32
2026-02-05,4670.42,14.27
2026-02-06,4643.6,14.21
2026-02-09,4719.06,14.39
2026-02-10,4724.3,14.41
2026-02-11,4713.82,14.41
2026-02-12,4719.58,14.39
2026-02-13,4660.41,14.2
2026-02-24,4707.54,14.32
2026-02-25,4735.89,14.38
2026-02-26,4726.87,14.35
2026-02-27,4710.65,14.32
2026-03-02,4728.67,14.45
2026-03-03,4655.9,14.4
2026-03-04,4602.62,14.23
2026-03-05,4647.69,14.32
2026-03-06,4660.44,14.34
2026-03-09,4615.46,14.26
2026-03-10,4674.76,14.33
2026-03-11,4704.5,14.44
2026-03-12,4687.56,14.42
2026-03-13,4669.14,14.37
2026-03-16,4671.56,14.37
2026-03-17,4637.44,14.32
2026-03-18,4658.33,14.35
2026-03-19,4583.25,14.21
2026-03-20,4567.02,14.12
2026-03-23,4418.0,13.7
2026-03-24,4474.72,13.84
2026-03-25,4537.47,13.99
2026-03-26,4477.53,13.85
2026-03-27,4502.57,13.9
2026-03-30,4491.95,13.91
2026-03-31,4450.05,13.84
2026-04-01,4526.07,14.0
2026-04-02,4478.91,13.94
2026-04-03,4440.79,13.81
2026-04-07,4440.62,13.8
2026-04-08,4595.56,14.13
2026-04-09,4566.22,14.04
2026-04-10,4636.57,14.18
2026-04-13,4646.15,14.22
2026-04-14,4701.28,14.36
2026-04-15,4685.25,14.34
2026-04-16,4736.61,14.45
2026-04-17,4728.67,14.4
2026-04-20,4757.44,14.49
2026-04-21,4768.0,14.53
2026-04-22,4799.63,14.57
2026-04-23,4786.33,14.58
2026-04-24,4769.37,14.54
2026-04-27,4770.95,14.53
2026-04-28,4758.21,14.54
2026-04-29,4810.35,14.64
2026-04-30,4807.31,14.61
2026-05-06,4877.09,14.82
2026-05-07,4900.51,14.82
2026-05-08,4871.91,14.75
2026-05-11,4951.84,14.92
2026-05-12,4948.05,14.9
2026-05-13,4998.34,15.0
2026-05-14,4914.6,14.8
2026-05-15,4859.59,14.66
2026-05-18,4833.52,14.6
2026-05-19,4852.88,14.67
2026-05-20,4850.7,14.6
2026-05-21,4783.1,14.42
2026-05-22,4845.1,14.52
2026-05-25,4921.6,14.68
2026-05-26,4947.85,14.75
2026-05-27,4908.17,14.63
2026-05-28,4914.21,14.62
2026-05-29,4892.12,14.62
2026-06-01,4844.26,14.56
2026-06-02,4914.56,14.73
