日期,收盘价,市盈率
2004-01-01,1000.0,nan
2004-12-31,1000.0,nan
2005-01-04,982.79,nan
2005-01-05,992.56,nan
2005-01-06,983.17,nan
2005-01-07,983.96,nan
2005-01-10,993.88,nan
2005-01-11,997.14,nan
2005-01-12,996.75,nan
2005-01-13,996.88,nan
2005-01-14,988.31,nan
2005-01-17,967.45,nan
2005-01-18,974.69,nan
2005-01-19,967.21,nan
2005-01-20,956.25,nan
2005-01-21,982.6,nan
2005-01-24,998.13,nan
2005-01-25,997.78,nan
2005-01-26,989.93,nan
2005-01-27,974.63,nan
2005-01-28,969.21,nan
2005-01-31,954.88,nan
2005-02-01,955.95,nan
2005-02-02,1006.91,nan
2005-02-03,993.22,nan
2005-02-04,1016.86,nan
2005-02-16,1023.58,nan
2005-02-17,1020.61,nan
2005-02-18,1006.06,nan
2005-02-21,1025.63,nan
2005-02-22,1046.74,nan
2005-02-23,1043.94,nan
2005-02-24,1045.46,nan
2005-02-25,1046.76,nan
2005-02-28,1039.99,nan
2005-03-01,1035.93,nan
2005-03-02,1021.32,nan
2005-03-03,1027.71,nan
2005-03-04,1023.67,nan
2005-03-07,1029.87,nan
2005-03-08,1048.99,nan
2005-03-09,1046.54,nan
2005-03-10,1022.41,nan
2005-03-11,1027.43,nan
2005-03-14,1031.03,nan
2005-03-15,1013.52,nan
2005-03-16,1003.07,nan
2005-03-17,992.86,nan
2005-03-18,978.67,nan
2005-03-21,981.89,nan
2005-03-22,964.02,nan
2005-03-23,959.01,nan
2005-03-24,964.8,nan
2005-03-25,962.96,nan
2005-03-28,960.7,nan
2005-03-29,955.19,nan
2005-03-30,937.03,nan
2005-03-31,942.2,nan
2005-04-01,978.15,nan
2005-04-04,962.17,nan
2005-04-05,955.6,nan
2005-04-06,973.67,nan
2005-04-07,984.73,nan
2005-04-08,1003.45,nan
2005-04-11,995.42,nan
2005-04-12,978.7,nan
2005-04-13,1000.9,nan
2005-04-14,986.98,nan
2005-04-15,974.08,nan
2005-04-18,963.77,nan
2005-04-19,965.89,nan
2005-04-20,950.87,nan
2005-04-21,943.98,nan
2005-04-22,939.1,nan
2005-04-25,930.07,nan
2005-04-26,937.08,nan
2005-04-27,926.6,nan
2005-04-28,942.07,nan
2005-04-29,932.4,nan
2005-05-09,909.17,nan
2005-05-10,913.08,nan
2005-05-11,901.85,nan
2005-05-12,885.82,nan
2005-05-13,887.54,nan
2005-05-16,875.27,nan
2005-05-17,881.46,nan
2005-05-18,883.2,nan
2005-05-19,884.17,nan
2005-05-20,882.76,nan
2005-05-23,863.34,nan
2005-05-24,868.46,nan
2005-05-25,868.45,nan
2005-05-26,857.33,nan
2005-05-27,849.51,nan
2005-05-30,855.61,nan
2005-05-31,855.95,nan
2005-06-01,837.53,nan
2005-06-02,818.38,nan
2005-06-03,818.03,nan
2005-06-06,839.0,nan
2005-06-07,837.28,nan
2005-06-08,905.77,nan
2005-06-09,912.6,nan
2005-06-10,894.56,nan
2005-06-13,892.96,nan
2005-06-14,883.54,nan
2005-06-15,866.83,nan
2005-06-16,879.24,nan
2005-06-17,880.35,nan
2005-06-20,906.26,nan
2005-06-21,896.17,nan
2005-06-22,900.65,nan
2005-06-23,893.57,nan
2005-06-24,898.3,nan
2005-06-27,916.04,nan
2005-06-28,903.72,nan
2005-06-29,898.9,nan
2005-06-30,878.69,nan
2005-07-01,859.62,nan
2005-07-04,856.22,nan
2005-07-05,849.86,nan
2005-07-06,842.75,nan
2005-07-07,844.95,nan
2005-07-08,829.69,nan
2005-07-11,824.36,nan
2005-07-12,852.09,nan
2005-07-13,846.51,nan
2005-07-14,849.87,nan
2005-07-15,841.28,nan
2005-07-18,833.27,nan
2005-07-19,835.88,nan
2005-07-20,842.92,nan
2005-07-21,844.27,nan
2005-07-22,859.98,nan
2005-07-25,857.15,nan
2005-07-26,876.77,nan
2005-07-27,894.31,nan
2005-07-28,891.18,nan
2005-07-29,888.54,nan
2005-08-01,891.98,nan
2005-08-02,903.98,nan
2005-08-03,909.96,nan
2005-08-04,904.84,nan
2005-08-05,925.62,nan
2005-08-08,929.24,nan
2005-08-09,935.08,nan
2005-08-10,942.38,nan
2005-08-11,956.48,nan
2005-08-12,941.43,nan
2005-08-15,962.21,nan
2005-08-16,952.69,nan
2005-08-17,960.8,nan
2005-08-18,932.39,nan
2005-08-19,934.79,nan
2005-08-22,943.25,nan
2005-08-23,934.89,nan
2005-08-24,942.22,nan
2005-08-25,941.68,nan
2005-08-26,939.8,nan
2005-08-29,928.77,nan
2005-08-30,926.25,nan
2005-08-31,939.45,nan
2005-09-01,956.3,nan
2005-09-02,959.65,nan
2005-09-05,964.56,nan
2005-09-06,948.25,nan
2005-09-07,964.6,nan
2005-09-08,967.16,nan
2005-09-09,960.86,nan
2005-09-12,961.3,nan
2005-09-13,975.74,nan
2005-09-14,982.24,nan
2005-09-15,981.64,nan
2005-09-16,979.51,nan
2005-09-19,983.2,nan
2005-09-20,973.87,nan
2005-09-21,956.14,nan
2005-09-22,934.74,nan
2005-09-23,927.53,nan
2005-09-26,929.89,nan
2005-09-27,915.44,nan
2005-09-28,914.94,nan
2005-09-29,927.35,nan
2005-09-30,928.78,nan
2005-10-10,918.59,nan
2005-10-11,931.14,nan
2005-10-12,934.95,nan
2005-10-13,927.88,nan
2005-10-14,916.06,nan
2005-10-17,908.77,nan
2005-10-18,913.57,nan
2005-10-19,909.9,nan
2005-10-20,911.09,nan
2005-10-21,915.57,nan
2005-10-24,916.56,nan
2005-10-25,904.07,nan
2005-10-26,884.74,nan
2005-10-27,884.34,nan
2005-10-28,875.71,nan
2005-10-31,884.12,nan
2005-11-01,880.51,nan
2005-11-02,890.13,nan
2005-11-03,882.08,nan
2005-11-04,885.89,nan
2005-11-07,884.33,nan
2005-11-08,888.45,nan
2005-11-09,886.17,nan
2005-11-10,869.64,nan
2005-11-11,871.47,nan
2005-11-14,868.48,nan
2005-11-15,862.93,nan
2005-11-16,869.46,nan
2005-11-17,868.95,nan
2005-11-18,888.72,nan
2005-11-21,889.24,nan
2005-11-22,874.9,nan
2005-11-23,881.55,nan
2005-11-24,886.85,nan
2005-11-25,889.53,nan
2005-11-28,885.63,nan
2005-11-29,876.72,nan
2005-11-30,879.12,nan
2005-12-01,878.44,nan
2005-12-02,875.42,nan
2005-12-05,865.01,nan
2005-12-06,871.53,nan
2005-12-07,879.34,nan
2005-12-08,879.56,nan
2005-12-09,893.1,nan
2005-12-12,894.41,nan
2005-12-13,895.09,nan
2005-12-14,904.21,nan
2005-12-15,902.54,nan
2005-12-16,908.85,nan
2005-12-19,909.58,nan
2005-12-20,913.98,nan
2005-12-21,910.02,nan
2005-12-22,915.73,nan
2005-12-23,922.92,nan
2005-12-26,929.46,nan
2005-12-27,926.62,nan
2005-12-28,928.19,nan
2005-12-29,943.21,nan
2005-12-30,923.45,nan
2006-01-04,941.43,nan
2006-01-05,959.13,nan
2006-01-06,970.03,nan
2006-01-09,975.25,nan
2006-01-10,978.15,nan
2006-01-11,973.48,nan
2006-01-12,983.72,nan
2006-01-13,978.81,nan
2006-01-16,961.44,nan
2006-01-17,964.29,nan
2006-01-18,983.62,nan
2006-01-19,991.22,nan
2006-01-20,993.34,nan
2006-01-23,996.16,nan
2006-01-24,999.09,nan
2006-01-25,1009.6,nan
2006-02-06,1033.23,nan
2006-02-07,1029.94,nan
2006-02-08,1033.07,nan
2006-02-09,1019.6,nan
2006-02-10,1032.34,nan
2006-02-13,1031.61,nan
2006-02-14,1038.53,nan
2006-02-15,1041.66,nan
2006-02-16,1020.12,nan
2006-02-17,1020.37,nan
2006-02-20,1021.64,nan
2006-02-21,1038.82,nan
2006-02-22,1037.89,nan
2006-02-23,1041.37,nan
2006-02-24,1049.44,nan
2006-02-27,1047.85,nan
2006-02-28,1053.01,nan
2006-03-01,1056.62,nan
2006-03-02,1038.67,nan
2006-03-03,1041.68,nan
2006-03-06,1038.87,nan
2006-03-07,1014.97,nan
2006-03-08,1009.27,nan
2006-03-09,1004.34,nan
2006-03-10,1008.9,nan
2006-03-13,1019.86,nan
2006-03-14,1018.27,nan
2006-03-15,1028.96,nan
2006-03-16,1027.62,nan
2006-03-17,1024.02,nan
2006-03-20,1037.66,nan
2006-03-21,1040.76,nan
2006-03-22,1047.67,nan
2006-03-23,1048.54,nan
2006-03-24,1042.6,nan
2006-03-27,1050.71,nan
2006-03-28,1055.98,nan
2006-03-29,1065.29,nan
2006-03-30,1055.63,nan
2006-03-31,1061.09,nan
2006-04-03,1079.32,nan
2006-04-04,1089.65,nan
2006-04-05,1100.44,nan
2006-04-06,1103.71,nan
2006-04-07,1103.63,nan
2006-04-10,1118.39,nan
2006-04-11,1123.79,nan
2006-04-12,1117.55,nan
2006-04-13,1094.39,nan
2006-04-14,1119.33,nan
2006-04-17,1125.14,nan
2006-04-18,1132.09,nan
2006-04-19,1139.05,nan
2006-04-20,1135.23,nan
2006-04-21,1150.2,nan
2006-04-24,1143.74,nan
2006-04-25,1143.16,nan
2006-04-26,1156.97,nan
2006-04-27,1156.61,nan
2006-04-28,1173.67,nan
2006-05-08,1219.82,nan
2006-05-09,1253.03,nan
2006-05-10,1267.53,nan
2006-05-11,1256.62,nan
2006-05-12,1297.89,nan
2006-05-15,1354.48,nan
2006-05-16,1333.43,nan
2006-05-17,1338.66,nan
2006-05-18,1334.56,nan
2006-05-19,1369.81,nan
2006-05-22,1377.57,nan
2006-05-23,1321.39,nan
2006-05-24,1312.2,nan
2006-05-25,1314.25,nan
2006-05-26,1337.69,nan
2006-05-29,1373.47,nan
2006-05-30,1386.0,nan
2006-05-31,1373.19,nan
2006-06-01,1411.27,nan
2006-06-02,1399.0,nan
2006-06-05,1412.23,nan
2006-06-06,1408.45,nan
2006-06-07,1329.81,nan
2006-06-08,1335.6,nan
2006-06-09,1305.06,nan
2006-06-12,1309.12,nan
2006-06-13,1309.76,nan
2006-06-14,1295.42,nan
2006-06-15,1297.07,nan
2006-06-16,1330.86,nan
2006-06-19,1348.52,nan
2006-06-20,1352.03,nan
2006-06-21,1347.29,nan
2006-06-22,1345.42,nan
2006-06-23,1355.14,nan
2006-06-26,1380.28,nan
2006-06-27,1381.37,nan
2006-06-28,1381.06,nan
2006-06-29,1414.19,nan
2006-06-30,1413.07,nan
2006-07-03,1439.95,nan
2006-07-04,1430.6,nan
2006-07-05,1412.43,nan
2006-07-06,1438.88,nan
2006-07-07,1430.73,nan
2006-07-10,1432.56,nan
2006-07-11,1439.41,nan
2006-07-12,1440.43,nan
2006-07-13,1366.32,nan
2006-07-14,1378.46,nan
2006-07-17,1394.01,nan
2006-07-18,1395.42,nan
2006-07-19,1358.23,nan
2006-07-20,1367.03,nan
2006-07-21,1378.78,nan
2006-07-24,1380.94,nan
2006-07-25,1397.26,nan
2006-07-26,1394.42,nan
2006-07-27,1378.41,nan
2006-07-28,1364.05,nan
2006-07-31,1316.29,nan
2006-08-01,1303.92,nan
2006-08-02,1296.84,nan
2006-08-03,1293.45,nan
2006-08-04,1263.1,nan
2006-08-07,1245.22,nan
2006-08-08,1273.99,nan
2006-08-09,1272.89,nan
2006-08-10,1293.49,nan
2006-08-11,1297.75,nan
2006-08-14,1267.36,nan
2006-08-15,1288.06,nan
2006-08-16,1306.08,nan
2006-08-17,1294.12,nan
2006-08-18,1290.29,nan
2006-08-21,1293.23,nan
2006-08-22,1308.22,nan
2006-08-23,1308.7,nan
2006-08-24,1315.55,nan
2006-08-25,1318.64,nan
2006-08-28,1349.65,nan
2006-08-29,1353.99,nan
2006-08-30,1358.58,nan
2006-08-31,1362.68,nan
2006-09-01,1341.71,nan
2006-09-04,1361.2,nan
2006-09-05,1364.72,nan
2006-09-06,1370.51,nan
2006-09-07,1352.2,nan
2006-09-08,1356.04,nan
2006-09-11,1362.76,nan
2006-09-12,1371.8,nan
2006-09-13,1362.39,nan
2006-09-14,1362.42,nan
2006-09-15,1386.9,nan
2006-09-18,1400.38,nan
2006-09-19,1403.17,nan
2006-09-20,1403.33,nan
2006-09-21,1413.52,nan
2006-09-22,1400.77,nan
2006-09-25,1398.27,nan
2006-09-26,1383.24,nan
2006-09-27,1396.96,nan
2006-09-28,1413.14,nan
2006-09-29,1429.71,nan
2006-10-09,1463.14,nan
2006-10-10,1464.33,nan
2006-10-11,1462.97,nan
2006-10-12,1453.39,nan
2006-10-13,1457.85,nan
2006-10-16,1445.25,nan
2006-10-17,1441.11,nan
2006-10-18,1464.69,nan
2006-10-19,1466.51,nan
2006-10-20,1467.33,nan
2006-10-23,1435.27,nan
2006-10-24,1467.2,nan
2006-10-25,1474.1,nan
2006-10-26,1483.54,nan
2006-10-27,1466.17,nan
2006-10-30,1473.5,nan
2006-10-31,1492.08,nan
2006-11-01,1507.29,nan
2006-11-02,1507.54,nan
2006-11-03,1516.34,nan
2006-11-06,1536.31,nan
2006-11-07,1544.68,nan
2006-11-08,1526.41,nan
2006-11-09,1553.45,nan
2006-11-10,1532.41,nan
2006-11-13,1503.6,nan
2006-11-14,1521.93,nan
2006-11-15,1563.69,nan
2006-11-16,1562.19,nan
2006-11-17,1591.53,nan
2006-11-20,1623.19,nan
2006-11-21,1642.64,nan
2006-11-22,1654.64,nan
2006-11-23,1665.73,nan
2006-11-24,1667.43,nan
2006-11-27,1682.94,nan
2006-11-28,1675.0,nan
2006-11-29,1698.57,nan
2006-11-30,1746.67,nan
2006-12-01,1761.96,nan
2006-12-04,1814.45,nan
2006-12-05,1828.2,nan
2006-12-06,1813.1,nan
2006-12-07,1809.45,nan
2006-12-08,1744.1,nan
2006-12-11,1823.93,nan
2006-12-12,1837.04,nan
2006-12-13,1838.13,nan
2006-12-14,1871.03,nan
2006-12-15,1903.12,nan
2006-12-18,1952.51,nan
2006-12-19,1957.95,nan
2006-12-20,1973.34,nan
2006-12-21,1945.25,nan
2006-12-22,1931.66,nan
2006-12-25,1976.02,nan
2006-12-26,1975.14,nan
2006-12-27,2020.62,nan
2006-12-28,2017.62,nan
2006-12-29,2079.9,nan
2007-01-04,2106.44,nan
2007-01-05,2112.34,nan
2007-01-08,2172.13,nan
2007-01-09,2241.97,nan
2007-01-10,2298.91,nan
2007-01-11,2274.11,nan
2007-01-12,2215.13,nan
2007-01-15,2330.89,nan
2007-01-16,2398.68,nan
2007-01-17,2352.89,nan
2007-01-18,2361.2,nan
2007-01-19,2441.71,nan
2007-01-22,2538.74,nan
2007-01-23,2555.88,nan
2007-01-24,2584.71,nan
2007-01-25,2499.52,nan
2007-01-26,2560.76,nan
2007-01-29,2625.97,nan
2007-01-30,2600.46,nan
2007-01-31,2430.74,nan
2007-02-01,2440.77,nan
2007-02-02,2341.75,nan
2007-02-05,2315.04,nan
2007-02-06,2360.13,nan
2007-02-07,2414.9,nan
2007-02-08,2456.49,nan
2007-02-09,2442.88,nan
2007-02-12,2532.7,nan
2007-02-13,2570.65,nan
2007-02-14,2637.62,nan
2007-02-15,2719.45,nan
2007-02-16,2727.7,nan
2007-02-26,2759.23,nan
2007-02-27,2504.28,nan
2007-02-28,2593.02,nan
2007-03-01,2520.64,nan
2007-03-02,2556.5,nan
2007-03-05,2522.74,nan
2007-03-06,2568.28,nan
2007-03-07,2638.74,nan
2007-03-08,2677.66,nan
2007-03-09,2661.12,nan
2007-03-12,2665.99,nan
2007-03-13,2690.44,nan
2007-03-14,2646.81,nan
2007-03-15,2695.92,nan
2007-03-16,2653.81,nan
2007-03-19,2710.05,nan
2007-03-20,2723.66,nan
2007-03-21,2754.06,nan
2007-03-22,2762.95,nan
2007-03-23,2767.99,nan
2007-03-26,2816.66,nan
2007-03-27,2837.03,nan
2007-03-28,2850.92,nan
2007-03-29,2836.3,nan
2007-03-30,2834.75,nan
2007-04-02,2904.38,nan
2007-04-03,2943.11,nan
2007-04-04,2967.27,nan
2007-04-05,3001.28,nan
2007-04-06,3028.76,nan
2007-04-09,3096.18,nan
2007-04-10,3140.41,nan
2007-04-11,3180.92,nan
2007-04-12,3237.1,nan
2007-04-13,3229.76,nan
2007-04-16,3318.31,nan
2007-04-17,3346.85,nan
2007-04-18,3368.15,nan
2007-04-19,3210.98,nan
2007-04-20,3352.75,nan
2007-04-23,3497.53,nan
2007-04-24,3511.77,nan
2007-04-25,3514.92,nan
2007-04-26,3561.31,nan
2007-04-27,3537.8,nan
2007-04-30,3627.87,nan
2007-05-08,3757.66,nan
2007-05-09,3773.21,nan
2007-05-10,3797.07,nan
2007-05-11,3774.91,nan
2007-05-14,3807.44,nan
2007-05-15,3675.12,nan
2007-05-16,3772.69,nan
2007-05-17,3852.57,nan
2007-05-18,3850.56,nan
2007-05-21,3907.09,nan
2007-05-22,3947.24,nan
2007-05-23,4017.06,nan
2007-05-24,3997.87,nan
2007-05-25,4065.17,nan
2007-05-28,4154.35,nan
2007-05-29,4253.97,nan
2007-05-30,3966.36,nan
2007-05-31,4008.88,nan
2007-06-01,3882.44,nan
2007-06-04,3585.1,nan
2007-06-05,3711.02,nan
2007-06-06,3755.18,nan
2007-06-07,3882.65,nan
2007-06-08,3919.06,nan
2007-06-11,4016.48,nan
2007-06-12,4123.41,nan
2007-06-13,4207.86,nan
2007-06-14,4164.69,nan
2007-06-15,4189.29,nan
2007-06-18,4321.52,nan
2007-06-19,4348.58,nan
2007-06-20,4251.24,nan
2007-06-21,4292.13,nan
2007-06-22,4144.8,nan
2007-06-25,3967.27,nan
2007-06-26,4020.43,nan
2007-06-27,4136.07,nan
2007-06-28,3949.84,nan
2007-06-29,3853.55,nan
2007-07-02,3847.28,nan
2007-07-03,3923.9,nan
2007-07-04,3833.94,nan
2007-07-05,3623.34,nan
2007-07-06,3800.7,nan
2007-07-09,3914.63,nan
2007-07-10,3867.98,nan
2007-07-11,3883.06,nan
2007-07-12,3910.99,nan
2007-07-13,3914.69,nan
2007-07-16,3789.94,nan
2007-07-17,3883.9,nan
2007-07-18,3902.79,nan
2007-07-19,3902.76,nan
2007-07-20,4071.92,nan
2007-07-23,4261.41,nan
2007-07-24,4266.42,nan
2007-07-25,4362.93,nan
2007-07-26,4411.89,nan
2007-07-27,4416.03,nan
2007-07-30,4521.79,nan
2007-07-31,4573.33,nan
2007-08-01,4399.21,nan
2007-08-02,4548.64,nan
2007-08-03,4715.06,nan
2007-08-06,4823.48,nan
2007-08-07,4844.56,nan
2007-08-08,4786.67,nan
2007-08-09,4898.97,nan
2007-08-10,4847.18,nan
2007-08-13,4841.62,nan
2007-08-14,4917.9,nan
2007-08-15,4921.19,nan
2007-08-16,4842.5,nan
2007-08-17,4744.7,nan
2007-08-20,5010.25,nan
2007-08-21,5099.82,nan
2007-08-22,5181.04,nan
2007-08-23,5267.66,nan
2007-08-24,5351.45,nan
2007-08-27,5377.68,nan
2007-08-28,5386.55,nan
2007-08-29,5304.55,nan
2007-08-30,5375.73,nan
2007-08-31,5432.75,nan
2007-09-03,5558.43,nan
2007-09-04,5498.08,nan
2007-09-05,5501.07,nan
2007-09-06,5551.11,nan
2007-09-07,5430.86,nan
2007-09-10,5515.4,nan
2007-09-11,5255.77,nan
2007-09-12,5336.56,nan
2007-09-13,5487.45,nan
2007-09-14,5535.98,nan
2007-09-17,5640.22,nan
2007-09-18,5617.58,nan
2007-09-19,5558.7,nan
2007-09-20,5636.29,nan
2007-09-21,5608.79,nan
2007-09-24,5655.76,nan
2007-09-25,5594.96,nan
2007-09-26,5498.95,nan
2007-09-27,5567.3,nan
2007-09-28,5724.4,nan
2007-10-08,5798.58,nan
2007-10-09,5821.96,nan
2007-10-10,5832.05,nan
2007-10-11,5908.28,nan
2007-10-12,5884.83,nan
2007-10-15,5971.23,nan
2007-10-16,6028.42,nan
2007-10-17,5973.97,nan
2007-10-18,5760.23,nan
2007-10-19,5758.5,nan
2007-10-22,5613.48,nan
2007-10-23,5682.63,nan
2007-10-24,5732.02,nan
2007-10-25,5471.25,nan
2007-10-26,5533.9,nan
2007-10-29,5650.38,nan
2007-10-30,5740.35,nan
2007-10-31,5835.21,nan
2007-11-01,5749.75,nan
2007-11-02,5614.04,nan
2007-11-05,5498.51,nan
2007-11-06,5454.65,nan
2007-11-07,5488.58,nan
2007-11-08,5225.0,nan
2007-11-09,5170.48,nan
2007-11-12,5106.6,nan
2007-11-13,5066.59,nan
2007-11-14,5278.56,nan
2007-11-15,5212.12,nan
2007-11-16,5136.77,nan
2007-11-19,5123.18,nan
2007-11-20,5200.08,nan
2007-11-21,5126.47,nan
2007-11-22,4895.66,nan
2007-11-23,4981.36,nan
2007-11-26,4923.84,nan
2007-11-27,4832.62,nan
2007-11-28,4768.61,nan
2007-11-29,4966.91,nan
2007-11-30,4859.55,nan
2007-12-03,4895.72,nan
2007-12-04,4953.72,nan
2007-12-05,5093.98,nan
2007-12-06,5099.22,nan
2007-12-07,5171.33,nan
2007-12-10,5265.91,nan
2007-12-11,5272.52,nan
2007-12-12,5208.29,nan
2007-12-13,5010.22,nan
2007-12-14,5105.99,nan
2007-12-17,4982.52,nan
2007-12-18,4954.43,nan
2007-12-19,5073.81,nan
2007-12-20,5167.06,nan
2007-12-21,5233.39,nan
2007-12-24,5341.38,nan
2007-12-25,5351.31,nan
2007-12-26,5400.77,nan
2007-12-27,5505.92,nan
2007-12-28,5475.91,nan
2008-01-02,5523.94,nan
2008-01-03,5561.82,nan
2008-01-04,5625.03,nan
2008-01-07,5699.85,nan
2008-01-08,5670.58,nan
2008-01-09,5758.49,nan
2008-01-10,5818.39,nan
2008-01-11,5846.08,nan
2008-01-14,5879.53,nan
2008-01-15,5843.31,nan
2008-01-16,5647.66,nan
2008-01-17,5503.96,nan
2008-01-18,5554.06,nan
2008-01-21,5278.4,nan
2008-01-22,4876.43,nan
2008-01-23,5103.38,nan
2008-01-24,5156.82,nan
2008-01-25,5208.33,nan
2008-01-28,4853.88,nan
2008-01-29,4884.86,nan
2008-01-30,4832.1,nan
2008-01-31,4739.52,nan
2008-02-01,4689.82,nan
2008-02-04,5077.75,nan
2008-02-05,5048.72,nan
2008-02-13,4940.25,nan
2008-02-14,5006.07,nan
2008-02-15,4937.41,nan
2008-02-18,5037.61,nan
2008-02-19,5150.2,nan
2008-02-20,5035.27,nan
2008-02-21,5001.74,nan
2008-02-22,4823.47,nan
2008-02-25,4636.31,nan
2008-02-26,4631.95,nan
2008-02-27,4759.39,nan
2008-02-28,4741.22,nan
2008-02-29,4795.07,nan
2008-03-03,4914.26,nan
2008-03-04,4791.58,nan
2008-03-05,4748.11,nan
2008-03-06,4805.87,nan
2008-03-07,4740.89,nan
2008-03-10,4545.89,nan
2008-03-11,4555.73,nan
2008-03-12,4420.8,nan
2008-03-13,4307.26,nan
2008-03-14,4265.11,nan
2008-03-17,4067.55,nan
2008-03-18,3861.03,nan
2008-03-19,3989.16,nan
2008-03-20,4105.05,nan
2008-03-21,4141.97,nan
2008-03-24,3956.57,nan
2008-03-25,4006.51,nan
2008-03-26,4015.33,nan
2008-03-27,3845.61,nan
2008-03-28,4019.35,nan
2008-03-31,3888.42,nan
2008-04-01,3675.39,nan
2008-04-02,3639.61,nan
2008-04-03,3744.98,nan
2008-04-07,3945.14,nan
2008-04-08,3991.55,nan
2008-04-09,3783.37,nan
2008-04-10,3851.68,nan
2008-04-11,3881.45,nan
2008-04-14,3627.93,nan
2008-04-15,3676.12,nan
2008-04-16,3584.57,nan
2008-04-17,3474.74,nan
2008-04-18,3357.64,nan
2008-04-21,3352.56,nan
2008-04-22,3382.03,nan
2008-04-23,3543.71,nan
2008-04-24,3873.16,nan
2008-04-25,3902.47,nan
2008-04-28,3826.86,nan
2008-04-29,3875.91,nan
2008-04-30,4062.94,nan
2008-05-05,4162.13,nan
2008-05-06,4116.27,nan
2008-05-07,3921.9,nan
2008-05-08,4028.36,nan
2008-05-09,3981.3,nan
2008-05-12,4008.05,nan
2008-05-13,3955.14,nan
2008-05-14,4082.64,nan
2008-05-15,4054.31,nan
2008-05-16,4042.22,nan
2008-05-19,4019.59,nan
2008-05-20,3810.97,nan
2008-05-21,3885.4,nan
2008-05-22,3812.35,nan
2008-05-23,3775.63,nan
2008-05-26,3656.55,nan
2008-05-27,3674.34,nan
2008-05-28,3777.75,nan
2008-05-29,3680.35,nan
2008-05-30,3711.73,nan
2008-06-02,3726.69,nan
2008-06-03,3714.9,nan
2008-06-04,3646.35,nan
2008-06-05,3610.86,nan
2008-06-06,3588.79,nan
2008-06-10,3298.15,nan
2008-06-11,3230.17,nan
2008-06-12,3173.97,nan
2008-06-13,3066.51,nan
2008-06-16,3039.57,nan
2008-06-17,2927.22,nan
2008-06-18,3081.74,nan
2008-06-19,2857.36,nan
2008-06-20,2936.95,nan
2008-06-23,2876.84,nan
2008-06-24,2940.98,nan
2008-06-25,3063.36,nan
2008-06-26,3075.51,nan
2008-06-27,2906.81,nan
2008-06-30,2882.43,nan
2008-07-01,2786.87,nan
2008-07-02,2788.16,nan
2008-07-03,2851.29,nan
2008-07-04,2831.92,nan
2008-07-07,2977.97,nan
2008-07-08,2997.68,nan
2008-07-09,3114.85,nan
2008-07-10,3072.45,nan
2008-07-11,3051.7,nan
2008-07-14,3075.25,nan
2008-07-15,2948.32,nan
2008-07-16,2837.37,nan
2008-07-17,2809.23,nan
2008-07-18,2909.93,nan
2008-07-21,3008.87,nan
2008-07-22,3003.42,nan
2008-07-23,2981.27,nan
2008-07-24,3078.74,nan
2008-07-25,3039.28,nan
2008-07-28,3063.52,nan
2008-07-29,3006.39,nan
2008-07-30,2984.52,nan
2008-07-31,2902.64,nan
2008-08-01,2939.46,nan
2008-08-04,2869.72,nan
2008-08-05,2797.27,nan
2008-08-06,2816.53,nan
2008-08-07,2815.25,nan
2008-08-08,2681.87,nan
2008-08-11,2542.64,nan
2008-08-12,2529.56,nan
2008-08-13,2530.09,nan
2008-08-14,2528.89,nan
2008-08-15,2533.21,nan
2008-08-18,2394.3,nan
2008-08-19,2430.63,nan
2008-08-20,2621.65,nan
2008-08-21,2529.59,nan
2008-08-22,2489.17,nan
2008-08-25,2484.64,nan
2008-08-26,2413.36,nan
2008-08-27,2406.9,nan
2008-08-28,2417.91,nan
2008-08-29,2475.64,nan
2008-09-01,2390.27,nan
2008-09-02,2365.68,nan
2008-09-03,2324.85,nan
2008-09-04,2330.21,nan
2008-09-05,2260.12,nan
2008-09-08,2201.21,nan
2008-09-09,2214.28,nan
2008-09-10,2218.45,nan
2008-09-11,2144.9,nan
2008-09-12,2150.82,nan
2008-09-16,2070.92,nan
2008-09-17,1996.89,nan
2008-09-18,1962.58,nan
2008-09-19,2146.37,nan
2008-09-22,2285.72,nan
2008-09-23,2198.61,nan
2008-09-24,2214.53,nan
2008-09-25,2302.38,nan
2008-09-26,2323.22,nan
2008-10-06,2204.61,nan
2008-10-07,2177.43,nan
2008-10-08,2095.02,nan
2008-10-09,2066.45,nan
2008-10-10,1974.97,nan
2008-10-13,2056.29,nan
2008-10-14,2003.61,nan
2008-10-15,1982.63,nan
2008-10-16,1885.84,nan
2008-10-17,1898.64,nan
2008-10-20,1964.38,nan
2008-10-21,1948.5,nan
2008-10-22,1898.7,nan
2008-10-23,1900.21,nan
2008-10-24,1845.13,nan
2008-10-27,1713.68,nan
2008-10-28,1766.65,nan
2008-10-29,1717.36,nan
2008-10-30,1758.2,nan
2008-10-31,1722.99,nan
2008-11-03,1712.51,nan
2008-11-04,1685.81,nan
2008-11-05,1751.74,nan
2008-11-06,1708.61,nan
2008-11-07,1737.66,nan
2008-11-10,1865.92,nan
2008-11-11,1844.89,nan
2008-11-12,1866.08,nan
2008-11-13,1940.91,nan
2008-11-14,2012.97,nan
2008-11-17,2058.88,nan
2008-11-18,1906.16,nan
2008-11-19,2023.59,nan
2008-11-20,2002.11,nan
2008-11-21,1989.99,nan
2008-11-24,1903.9,nan
2008-11-25,1900.44,nan
2008-11-26,1909.97,nan
2008-11-27,1937.92,nan
2008-11-28,1895.91,nan
2008-12-01,1931.42,nan
2008-12-02,1936.01,nan
2008-12-03,2023.08,nan
2008-12-04,2054.43,nan
2008-12-05,2085.76,nan
2008-12-08,2170.58,nan
2008-12-09,2114.43,nan
2008-12-10,2172.02,nan
2008-12-11,2120.16,nan
2008-12-12,2031.11,nan
2008-12-15,2046.29,nan
2008-12-16,2066.41,nan
2008-12-17,2073.71,nan
2008-12-18,2118.97,nan
2008-12-19,2126.23,nan
2008-12-22,2090.42,nan
2008-12-23,1988.26,nan
2008-12-24,1955.23,nan
2008-12-25,1938.33,nan
2008-12-26,1929.35,nan
2008-12-29,1921.75,nan
2008-12-30,1899.65,nan
2008-12-31,1883.37,nan
2009-01-05,1950.97,nan
2009-01-06,2012.96,nan
2009-01-07,2000.93,nan
2009-01-08,1956.18,nan
2009-01-09,1987.65,nan
2009-01-12,1990.06,nan
2009-01-13,1943.95,nan
2009-01-14,2025.86,nan
2009-01-15,2025.48,nan
2009-01-16,2062.09,nan
2009-01-19,2085.15,nan
2009-01-20,2098.33,nan
2009-01-21,2094.73,nan
2009-01-22,2118.39,nan
2009-01-23,2106.1,nan
2009-02-02,2131.36,nan
2009-02-03,2185.08,nan
2009-02-04,2244.66,nan
2009-02-05,2228.66,nan
2009-02-06,2318.08,nan
2009-02-09,2379.62,nan
2009-02-10,2410.79,nan
2009-02-11,2415.33,nan
2009-02-12,2402.07,nan
2009-02-13,2485.71,nan
2009-02-16,2551.17,nan
2009-02-17,2471.44,nan
2009-02-18,2358.04,nan
2009-02-19,2381.42,nan
2009-02-20,2428.99,nan
2009-02-23,2497.54,nan
2009-02-24,2384.98,nan
2009-02-25,2387.47,nan
2009-02-26,2269.29,nan
2009-02-27,2217.8,nan
2009-03-02,2242.85,nan
2009-03-03,2219.52,nan
2009-03-04,2367.68,nan
2009-03-05,2388.16,nan
2009-03-06,2369.16,nan
2009-03-09,2282.07,nan
2009-03-10,2321.71,nan
2009-03-11,2300.57,nan
2009-03-12,2295.72,nan
2009-03-13,2285.07,nan
2009-03-16,2322.57,nan
2009-03-17,2406.28,nan
2009-03-18,2416.9,nan
2009-03-19,2468.61,nan
2009-03-20,2465.79,nan
2009-03-23,2527.5,nan
2009-03-24,2540.33,nan
2009-03-25,2488.05,nan
2009-03-26,2569.35,nan
2009-03-27,2589.18,nan
2009-03-30,2574.22,nan
2009-03-31,2598.36,nan
2009-04-01,2640.25,nan
2009-04-02,2669.5,nan
2009-04-03,2663.39,nan
2009-04-07,2670.07,nan
2009-04-08,2568.94,nan
2009-04-09,2608.65,nan
2009-04-10,2689.32,nan
2009-04-13,2752.51,nan
2009-04-14,2773.98,nan
2009-04-15,2784.51,nan
2009-04-16,2784.63,nan
2009-04-17,2746.89,nan
2009-04-20,2805.94,nan
2009-04-21,2772.54,nan
2009-04-22,2669.78,nan
2009-04-23,2687.69,nan
2009-04-24,2666.26,nan
2009-04-27,2604.59,nan
2009-04-28,2610.06,nan
2009-04-29,2700.18,nan
2009-04-30,2718.49,nan
2009-05-04,2813.19,nan
2009-05-05,2826.37,nan
2009-05-06,2865.73,nan
2009-05-07,2867.99,nan
2009-05-08,2891.1,nan
2009-05-11,2825.06,nan
2009-05-12,2890.62,nan
2009-05-13,2917.04,nan
2009-05-14,2895.01,nan
2009-05-15,2898.81,nan
2009-05-18,2914.03,nan
2009-05-19,2944.78,nan
2009-05-20,2916.64,nan
2009-05-21,2851.78,nan
2009-05-22,2842.1,nan
2009-05-25,2854.63,nan
2009-05-26,2821.54,nan
2009-05-27,2864.81,nan
2009-06-01,2967.62,nan
2009-06-02,2974.75,nan
2009-06-03,3052.11,nan
2009-06-04,3068.72,nan
2009-06-05,3054.03,nan
2009-06-08,3064.21,nan
2009-06-09,3076.92,nan
2009-06-10,3107.15,nan
2009-06-11,3081.2,nan
2009-06-12,3024.69,nan
2009-06-15,3088.05,nan
2009-06-16,3083.39,nan
2009-06-17,3134.88,nan
2009-06-18,3183.94,nan
2009-06-19,3207.45,nan
2009-06-22,3211.82,nan
2009-06-23,3214.0,nan
2009-06-24,3253.06,nan
2009-06-25,3250.29,nan
2009-06-26,3262.96,nan
2009-06-29,3316.9,nan
2009-06-30,3303.17,nan
2009-07-01,3379.44,nan
2009-07-02,3426.07,nan
2009-07-03,3473.09,nan
2009-07-06,3522.97,nan
2009-07-07,3487.2,nan
2009-07-08,3499.63,nan
2009-07-09,3545.79,nan
2009-07-10,3548.0,nan
2009-07-13,3509.77,nan
2009-07-14,3607.94,nan
2009-07-15,3648.3,nan
2009-07-16,3656.81,nan
2009-07-17,3676.21,nan
2009-07-20,3751.23,nan
2009-07-21,3697.81,nan
2009-07-22,3767.89,nan
2009-07-23,3815.17,nan
2009-07-24,3831.59,nan
2009-07-27,3911.5,nan
2009-07-28,3924.24,nan
2009-07-29,3718.1,nan
2009-07-30,3797.83,nan
2009-07-31,3902.26,nan
2009-08-03,3957.02,nan
2009-08-04,3956.59,nan
2009-08-05,3908.92,nan
2009-08-06,3827.7,nan
2009-08-07,3715.39,nan
2009-08-10,3704.49,nan
2009-08-11,3716.86,nan
2009-08-12,3550.75,nan
2009-08-13,3596.13,nan
2009-08-14,3495.43,nan
2009-08-17,3282.02,nan
2009-08-18,3315.17,nan
2009-08-19,3150.7,nan
2009-08-20,3286.39,nan
2009-08-21,3348.53,nan
2009-08-24,3375.68,nan
2009-08-25,3250.62,nan
2009-08-26,3316.01,nan
2009-08-27,3299.19,nan
2009-08-28,3184.71,nan
2009-08-31,2958.4,nan
2009-09-01,2972.73,nan
2009-09-02,3022.1,nan
2009-09-03,3190.44,nan
2009-09-04,3216.82,nan
2009-09-07,3245.12,nan
2009-09-08,3314.9,nan
2009-09-09,3339.93,nan
2009-09-10,3306.49,nan
2009-09-11,3385.12,nan
2009-09-14,3442.89,nan
2009-09-15,3452.56,nan
2009-09-16,3406.14,nan
2009-09-17,3471.11,nan
2009-09-18,3345.23,nan
2009-09-21,3355.77,nan
2009-09-22,3274.83,nan
2009-09-23,3200.61,nan
2009-09-24,3222.43,nan
2009-09-25,3199.0,nan
2009-09-28,3109.17,nan
2009-09-29,3108.8,nan
2009-09-30,3142.84,nan
2009-10-09,3309.04,nan
2009-10-12,3296.41,nan
2009-10-13,3345.45,nan
2009-10-14,3375.65,nan
2009-10-15,3388.46,nan
2009-10-16,3390.62,nan
2009-10-19,3482.09,nan
2009-10-20,3532.73,nan
2009-10-21,3524.06,nan
2009-10-22,3501.11,nan
2009-10-23,3570.07,nan
2009-10-26,3571.1,nan
2009-10-27,3467.01,nan
2009-10-28,3482.29,nan
2009-10-29,3396.23,nan
2009-10-30,3431.08,nan
2009-11-02,3548.68,nan
2009-11-03,3593.26,nan
2009-11-04,3612.57,nan
2009-11-05,3623.48,nan
2009-11-06,3643.04,nan
2009-11-09,3656.4,nan
2009-11-10,3664.75,nan
2009-11-11,3656.27,nan
2009-11-12,3660.79,nan
2009-11-13,3680.38,nan
2009-11-16,3792.38,nan
2009-11-17,3795.05,nan
2009-11-18,3797.01,nan
2009-11-19,3809.78,nan
2009-11-20,3797.83,nan
2009-11-23,3833.91,nan
2009-11-24,3711.09,nan
2009-11-25,3796.39,nan
2009-11-26,3645.92,nan
2009-11-27,3537.91,nan
2009-11-30,3673.0,nan
2009-12-01,3724.43,nan
2009-12-02,3762.6,nan
2009-12-03,3755.85,nan
2009-12-04,3810.88,nan
2009-12-07,3837.39,nan
2009-12-08,3790.52,nan
2009-12-09,3717.78,nan
2009-12-10,3741.59,nan
2009-12-11,3739.27,nan
2009-12-14,3778.73,nan
2009-12-15,3748.0,nan
2009-12-16,3724.34,nan
2009-12-17,3640.07,nan
2009-12-18,3547.59,nan
2009-12-21,3552.7,nan
2009-12-22,3457.43,nan
2009-12-23,3489.79,nan
2009-12-24,3596.83,nan
2009-12-25,3582.15,nan
2009-12-28,3638.27,nan
2009-12-29,3661.6,nan
2009-12-30,3722.39,nan
2009-12-31,3739.99,nan
2010-01-04,3697.67,nan
2010-01-05,3727.81,nan
2010-01-06,3704.47,nan
2010-01-07,3630.97,nan
2010-01-08,3640.04,nan
2010-01-11,3642.05,nan
2010-01-12,3697.35,nan
2010-01-13,3578.35,nan
2010-01-14,3628.45,nan
2010-01-15,3642.77,nan
2010-01-18,3661.54,nan
2010-01-19,3668.65,nan
2010-01-20,3550.41,nan
2010-01-21,3565.2,nan
2010-01-22,3520.88,nan
2010-01-25,3478.51,nan
2010-01-26,3391.81,nan
2010-01-27,3345.54,nan
2010-01-28,3353.91,nan
2010-01-29,3351.39,nan
2010-02-01,3297.58,nan
2010-02-02,3290.76,nan
2010-02-03,3379.17,nan
2010-02-04,3366.71,nan
2010-02-05,3297.97,nan
2010-02-08,3295.78,nan
2010-02-09,3314.82,nan
2010-02-10,3361.82,nan
2010-02-11,3368.38,nan
2010-02-12,3400.68,nan
2010-02-22,3381.92,nan
2010-02-23,3345.61,nan
2010-02-24,3393.57,nan
2010-02-25,3443.4,nan
2010-02-26,3432.46,nan
2010-03-01,3477.18,nan
2010-03-02,3463.39,nan
2010-03-03,3488.33,nan
2010-03-04,3399.94,nan
2010-03-05,3409.55,nan
2010-03-08,3437.18,nan
2010-03-09,3457.77,nan
2010-03-10,3430.4,nan
2010-03-11,3427.27,nan
2010-03-12,3381.69,nan
2010-03-15,3329.45,nan
2010-03-16,3351.19,nan
2010-03-17,3424.35,nan
2010-03-18,3417.71,nan
2010-03-19,3445.24,nan
2010-03-22,3454.4,nan
2010-03-23,3426.1,nan
2010-03-24,3427.25,nan
2010-03-25,3377.7,nan
2010-03-26,3425.69,nan
2010-03-29,3513.07,nan
2010-03-30,3521.61,nan
2010-03-31,3499.54,nan
2010-04-01,3548.0,nan
2010-04-02,3564.12,nan
2010-04-06,3561.82,nan
2010-04-07,3542.79,nan
2010-04-08,3500.73,nan
2010-04-09,3534.65,nan
2010-04-12,3507.06,nan
2010-04-13,3549.17,nan
2010-04-14,3561.72,nan
2010-04-15,3552.16,nan
2010-04-16,3512.14,nan
2010-04-19,3323.88,nan
2010-04-20,3320.8,nan
2010-04-21,3387.23,nan
2010-04-22,3350.46,nan
2010-04-23,3338.43,nan
2010-04-26,3319.58,nan
2010-04-27,3253.03,nan
2010-04-28,3241.58,nan
2010-04-29,3202.57,nan
2010-04-30,3210.61,nan
2010-05-04,3160.53,nan
2010-05-05,3178.42,nan
2010-05-06,3033.6,nan
2010-05-07,2970.76,nan
2010-05-10,2993.34,nan
2010-05-11,2933.21,nan
2010-05-12,2951.62,nan
2010-05-13,3023.63,nan
2010-05-14,3004.16,nan
2010-05-17,2843.73,nan
2010-05-18,2903.86,nan
2010-05-19,2894.37,nan
2010-05-20,2856.81,nan
2010-05-21,2901.64,nan
2010-05-24,3012.24,nan
2010-05-25,2949.94,nan
2010-05-26,2949.97,nan
2010-05-27,2999.98,nan
2010-05-28,2990.06,nan
2010-05-31,2909.36,nan
2010-06-01,2878.87,nan
2010-06-02,2893.0,nan
2010-06-03,2870.89,nan
2010-06-04,2880.36,nan
2010-06-07,2829.43,nan
2010-06-08,2833.41,nan
2010-06-09,2920.95,nan
2010-06-10,2887.97,nan
2010-06-11,2897.44,nan
2010-06-17,2880.81,nan
2010-06-18,2832.63,nan
2010-06-21,2921.74,nan
2010-06-22,2925.3,nan
2010-06-23,2899.06,nan
2010-06-24,2899.57,nan
2010-06-25,2877.68,nan
2010-06-28,2857.22,nan
2010-06-29,2726.72,nan
2010-06-30,2696.46,nan
2010-07-01,2659.15,nan
2010-07-02,2668.64,nan
2010-07-05,2647.53,nan
2010-07-06,2700.95,nan
2010-07-07,2719.5,nan
2010-07-08,2716.08,nan
2010-07-09,2791.13,nan
2010-07-12,2821.98,nan
2010-07-13,2779.31,nan
2010-07-14,2799.64,nan
2010-07-15,2752.24,nan
2010-07-16,2760.47,nan
2010-07-19,2830.79,nan
2010-07-20,2894.12,nan
2010-07-21,2900.28,nan
2010-07-22,2936.29,nan
2010-07-23,2948.94,nan
2010-07-26,2967.92,nan
2010-07-27,2951.96,nan
2010-07-28,3023.79,nan
2010-07-29,3039.26,nan
2010-07-30,3029.91,nan
2010-08-02,3081.06,nan
2010-08-03,3026.88,nan
2010-08-04,3037.96,nan
2010-08-05,3010.91,nan
2010-08-06,3060.47,nan
2010-08-09,3082.31,nan
2010-08-10,2991.89,nan
2010-08-11,3010.46,nan
2010-08-12,2974.73,nan
2010-08-13,3016.09,nan
2010-08-16,3086.37,nan
2010-08-17,3107.71,nan
2010-08-18,3102.52,nan
2010-08-19,3121.71,nan
2010-08-20,3061.44,nan
2010-08-23,3059.28,nan
2010-08-24,3075.79,nan
2010-08-25,3003.11,nan
2010-08-26,3010.6,nan
2010-08-27,3019.57,nan
2010-08-30,3079.2,nan
2010-08-31,3066.71,nan
2010-09-01,3046.49,nan
2010-09-02,3085.94,nan
2010-09-03,3084.69,nan
2010-09-06,3142.66,nan
2010-09-07,3151.13,nan
2010-09-08,3148.87,nan
2010-09-09,3091.6,nan
2010-09-10,3098.04,nan
2010-09-13,3131.02,nan
2010-09-14,3133.92,nan
2010-09-15,3079.16,nan
2010-09-16,3020.97,nan
2010-09-17,3024.78,nan
2010-09-20,3012.58,nan
2010-09-21,3020.67,nan
2010-09-27,3070.94,nan
2010-09-28,3045.44,nan
2010-09-29,3038.99,nan
2010-09-30,3103.23,nan
2010-10-08,3218.09,nan
2010-10-11,3311.81,nan
2010-10-12,3353.92,nan
2010-10-13,3401.33,nan
2010-10-14,3408.27,nan
2010-10-15,3517.73,nan
2010-10-18,3494.98,nan
2010-10-19,3568.46,nan
2010-10-20,3590.88,nan
2010-10-21,3567.41,nan
2010-10-22,3571.61,nan
2010-10-25,3679.89,nan
2010-10-26,3664.03,nan
2010-10-27,3598.27,nan
2010-10-28,3591.73,nan
2010-10-29,3573.01,nan
2010-11-01,3671.34,nan
2010-11-02,3660.91,nan
2010-11-03,3615.68,nan
2010-11-04,3679.28,nan
2010-11-05,3721.87,nan
2010-11-08,3751.23,nan
2010-11-09,3725.21,nan
2010-11-10,3698.94,nan
2010-11-11,3710.43,nan
2010-11-12,3479.83,nan
2010-11-15,3504.21,nan
2010-11-16,3350.55,nan
2010-11-17,3281.17,nan
2010-11-18,3327.74,nan
2010-11-19,3360.39,nan
2010-11-22,3353.09,nan
2010-11-23,3284.63,nan
2010-11-24,3358.48,nan
2010-11-25,3407.58,nan
2010-11-26,3377.31,nan
2010-11-29,3372.23,nan
2010-11-30,3316.14,nan
2010-12-01,3315.12,nan
2010-12-02,3335.24,nan
2010-12-03,3338.55,nan
2010-12-06,3346.38,nan
2010-12-07,3383.14,nan
2010-12-08,3353.06,nan
2010-12-09,3301.77,nan
2010-12-10,3342.58,nan
2010-12-13,3447.33,nan
2010-12-14,3456.22,nan
2010-12-15,3433.14,nan
2010-12-16,3415.2,nan
2010-12-17,3409.91,nan
2010-12-20,3360.22,nan
2010-12-21,3435.12,nan
2010-12-22,3399.12,nan
2010-12-23,3370.74,nan
2010-12-24,3343.62,nan
2010-12-27,3276.76,nan
2010-12-28,3218.85,nan
2010-12-29,3236.72,nan
2010-12-30,3239.11,nan
2010-12-31,3306.94,nan
2011-01-04,3371.87,nan
2011-01-05,3357.05,nan
2011-01-06,3340.12,nan
2011-01-07,3347.5,nan
2011-01-10,3285.72,nan
2011-01-11,3303.41,nan
2011-01-12,3321.82,nan
2011-01-13,3320.71,nan
2011-01-14,3268.46,nan
2011-01-17,3144.24,nan
2011-01-18,3147.73,nan
2011-01-19,3218.77,nan
2011-01-20,3112.91,nan
2011-01-21,3153.87,nan
2011-01-24,3122.97,nan
2011-01-25,3106.51,nan
2011-01-26,3148.55,nan
2011-01-27,3199.33,nan
2011-01-28,3210.19,nan
2011-01-31,3252.23,nan
2011-02-01,3253.05,nan
2011-02-09,3214.64,nan
2011-02-10,3281.47,nan
2011-02-11,3299.22,nan
2011-02-14,3403.11,nan
2011-02-15,3401.55,nan
2011-02-16,3434.17,nan
2011-02-17,3431.4,nan
2011-02-18,3395.43,nan
2011-02-21,3444.09,nan
2011-02-22,3344.37,nan
2011-02-23,3356.17,nan
2011-02-24,3373.29,nan
2011-02-25,3380.35,nan
2011-02-28,3424.69,nan
2011-03-01,3440.9,nan
2011-03-02,3428.64,nan
2011-03-03,3405.83,nan
2011-03-04,3457.58,nan
2011-03-07,3525.07,nan
2011-03-08,3528.18,nan
2011-03-09,3529.67,nan
2011-03-10,3467.72,nan
2011-03-11,3432.96,nan
2011-03-14,3449.39,nan
2011-03-15,3387.06,nan
2011-03-16,3433.82,nan
2011-03-17,3379.81,nan
2011-03-18,3399.45,nan
2011-03-21,3390.39,nan
2011-03-22,3407.14,nan
2011-03-23,3451.51,nan
2011-03-24,3437.17,nan
2011-03-25,3482.75,nan
2011-03-28,3478.62,nan
2011-03-29,3444.17,nan
2011-03-30,3442.16,nan
2011-03-31,3407.97,nan
2011-04-01,3460.24,nan
2011-04-06,3500.78,nan
2011-04-07,3514.9,nan
2011-04-08,3545.49,nan
2011-04-11,3524.42,nan
2011-04-12,3517.38,nan
2011-04-13,3565.23,nan
2011-04-14,3545.77,nan
2011-04-15,3551.46,nan
2011-04-18,3552.04,nan
2011-04-19,3484.87,nan
2011-04-20,3484.81,nan
2011-04-21,3508.02,nan
2011-04-22,3489.61,nan
2011-04-25,3436.35,nan
2011-04-26,3416.66,nan
2011-04-27,3393.97,nan
2011-04-28,3343.5,nan
2011-04-29,3376.42,nan
2011-05-03,3395.89,nan
2011-05-04,3309.13,nan
2011-05-05,3306.08,nan
2011-05-06,3301.21,nan
2011-05-09,3310.11,nan
2011-05-10,3334.92,nan
2011-05-11,3326.68,nan
2011-05-12,3280.9,nan
2011-05-13,3309.26,nan
2011-05-16,3280.18,nan
2011-05-17,3296.93,nan
2011-05-18,3321.75,nan
2011-05-19,3302.01,nan
2011-05-20,3303.11,nan
2011-05-23,3198.83,nan
2011-05-24,3202.4,nan
2011-05-25,3164.52,nan
2011-05-26,3152.02,nan
2011-05-27,3136.67,nan
2011-05-30,3127.8,nan
2011-05-31,3178.19,nan
2011-06-01,3181.68,nan
2011-06-02,3130.55,nan
2011-06-03,3164.84,nan
2011-06-07,3184.2,nan
2011-06-08,3188.86,nan
2011-06-09,3131.43,nan
2011-06-10,3145.2,nan
2011-06-13,3136.11,nan
2011-06-14,3182.17,nan
2011-06-15,3151.75,nan
2011-06-16,3105.88,nan
2011-06-17,3079.27,nan
2011-06-20,3061.77,nan
2011-06-21,3098.89,nan
2011-06-22,3098.99,nan
2011-06-23,3153.04,nan
2011-06-24,3229.79,nan
2011-06-27,3239.41,nan
2011-06-28,3245.28,14.32
2011-06-29,3202.29,nan
2011-06-30,3249.17,nan
2011-07-01,3256.37,nan
2011-07-04,3334.06,nan
2011-07-05,3335.54,nan
2011-07-06,3326.46,nan
2011-07-07,3313.9,nan
2011-07-08,3322.51,nan
2011-07-11,3326.97,nan
2011-07-12,3267.02,nan
2011-07-13,3320.0,nan
2011-07-14,3330.6,nan
2011-07-15,3345.21,14.75
2011-07-18,3338.78,14.69
2011-07-19,3309.84,16.53
2011-07-20,3306.04,16.55
2011-07-21,3272.14,16.4
2011-07-22,3281.74,16.43
2011-07-25,3175.13,15.97
2011-07-26,3185.31,16.06
2011-07-27,3209.16,16.16
2011-07-28,3188.86,16.08
2011-07-29,3179.51,16.06
2011-08-01,3185.83,16.06
2011-08-02,3163.0,16.06
2011-08-03,3161.4,15.92
2011-08-04,3167.22,15.92
2011-08-05,3099.93,15.64
2011-08-08,2989.31,15.1
2011-08-09,2993.9,15.12
2011-08-10,3021.64,15.24
2011-08-11,3067.44,15.43
2011-08-12,3076.64,15.48
2011-08-15,3122.21,15.67
2011-08-16,3100.48,15.56
2011-08-17,3088.18,15.52
2011-08-18,3032.8,15.26
2011-08-19,3004.34,15.12
2011-08-22,2972.37,14.99
2011-08-23,3018.97,15.21
2011-08-24,3007.31,15.14
2011-08-25,3107.72,15.62
2011-08-26,3104.91,15.6
2011-08-29,3053.11,15.37
2011-08-30,3041.26,15.33
2011-08-31,3046.65,15.35
2011-09-01,3033.55,15.29
2011-09-02,3001.0,15.13
2011-09-05,2936.74,14.84
2011-09-06,2914.79,14.78
2011-09-07,2974.5,15.04
2011-09-08,2949.89,14.95
2011-09-09,2944.53,14.95
2011-09-13,2911.55,14.8
2011-09-14,2925.28,14.86
2011-09-15,2921.28,14.83
2011-09-16,2926.57,14.85
2011-09-19,2868.23,14.59
2011-09-20,2879.65,14.64
2011-09-21,2966.54,15.03
2011-09-22,2875.2,14.61
2011-09-23,2857.87,14.55
2011-09-26,2795.18,14.3
2011-09-27,2824.05,14.44
2011-09-28,2794.83,14.33
2011-09-29,2770.85,14.25
2011-09-30,2763.53,nan
2011-10-10,2737.55,14.12
2011-10-11,2732.1,14.13
2011-10-12,2831.41,14.55
2011-10-13,2850.51,14.65
2011-10-14,2841.07,14.61
2011-10-17,2855.17,14.68
2011-10-18,2775.15,14.35
2011-10-19,2765.42,14.31
2011-10-20,2698.45,14.03
2011-10-21,2684.9,13.97
2011-10-24,2758.55,14.3
2011-10-25,2810.75,14.53
2011-10-26,2838.84,14.64
2011-10-27,2845.08,14.69
2011-10-28,2900.26,14.91
2011-10-31,2885.58,14.85
2011-11-01,2887.96,14.84
2011-11-02,2935.99,15.04
2011-11-03,2938.03,15.08
2011-11-04,2958.85,15.21
2011-11-07,2929.41,15.08
2011-11-08,2920.27,15.07
2011-11-09,2945.9,15.18
2011-11-10,2890.16,14.91
2011-11-11,2885.33,14.91
2011-11-14,2944.42,15.19
2011-11-15,2938.52,15.16
2011-11-16,2858.69,14.78
2011-11-17,2850.02,14.75
2011-11-18,2790.57,14.49
2011-11-21,2793.99,14.49
2011-11-22,2793.76,14.48
2011-11-23,2766.5,14.37
2011-11-24,2771.75,14.39
2011-11-25,2751.47,11.56
2011-11-28,2755.2,11.58
2011-11-29,2792.94,11.72
2011-11-30,2699.74,11.36
2011-12-01,2766.22,11.64
2011-12-02,2738.06,11.54
2011-12-05,2699.6,11.44
2011-12-06,2694.2,11.41
2011-12-07,2706.92,11.44
2011-12-08,2703.47,11.42
2011-12-09,2680.41,11.36
2011-12-12,2652.82,11.24
2011-12-13,2593.11,11.06
2011-12-14,2566.94,10.98
2011-12-15,2506.24,10.75
2011-12-16,2559.06,10.96
2011-12-19,2552.94,10.92
2011-12-20,2545.18,10.91
2011-12-21,2504.53,10.8
2011-12-22,2506.92,10.82
2011-12-23,2526.0,10.9
2011-12-26,2500.88,10.81
2011-12-27,2468.05,10.71
2011-12-28,2471.15,10.74
2011-12-29,2474.82,10.77
2011-12-30,2511.63,10.89
2012-01-04,2461.32,nan
2012-01-05,2437.37,nan
2012-01-06,2452.59,nan
2012-01-09,2536.08,nan
2012-01-10,2620.42,nan
2012-01-11,2607.85,nan
2012-01-12,2607.44,nan
2012-01-13,2563.66,nan
2012-01-16,2511.53,nan
2012-01-17,2634.61,nan
2012-01-18,2593.49,nan
2012-01-19,2642.91,nan
2012-01-20,2681.17,nan
2012-01-30,2634.74,nan
2012-01-31,2638.53,nan
2012-02-01,2600.77,nan
2012-02-02,2662.06,nan
2012-02-03,2683.32,nan
2012-02-06,2681.43,nan
2012-02-07,2631.78,nan
2012-02-08,2707.03,nan
2012-02-09,2708.1,nan
2012-02-10,2712.8,nan
2012-02-13,2711.04,nan
2012-02-14,2700.47,nan
2012-02-15,2729.91,nan
2012-02-16,2715.42,nan
2012-02-17,2716.51,nan
2012-02-20,2720.38,nan
2012-02-21,2743.67,nan
2012-02-22,2781.17,nan
2012-02-23,2790.57,nan
2012-02-24,2835.28,nan
2012-02-27,2844.44,nan
2012-02-28,2850.75,nan
2012-02-29,2820.43,nan
2012-03-01,2819.57,nan
2012-03-02,2869.46,nan
2012-03-05,2851.0,nan
2012-03-06,2806.41,nan
2012-03-07,2787.09,nan
2012-03-08,2822.19,12.09
2012-03-09,2852.72,12.19
2012-03-12,2842.12,12.14
2012-03-13,2870.7,12.24
2012-03-14,2789.36,11.96
2012-03-15,2768.42,11.89
2012-03-16,2809.07,11.94
2012-03-19,2816.03,11.93
2012-03-20,2767.24,11.73
2012-03-21,2770.82,11.73
2012-03-22,2766.49,11.72
2012-03-23,2733.5,11.61
2012-03-26,2736.28,nan
2012-03-27,2727.39,nan
2012-03-28,2650.04,nan
2012-03-29,2616.11,nan
2012-03-30,2628.72,nan
2012-04-05,2690.79,11.44
2012-04-06,2698.28,11.61
2012-04-09,2671.85,11.51
2012-04-10,2698.24,11.6
2012-04-11,2698.57,11.85
2012-04-12,2752.77,11.82
2012-04-13,2763.49,11.85
2012-04-16,2756.63,11.83
2012-04-17,2722.19,11.72
2012-04-18,2784.4,11.95
2012-04-19,2780.43,11.92
2012-04-20,2813.4,12.06
2012-04-23,2791.12,11.94
2012-04-24,2790.23,nan
2012-04-25,2812.85,nan
2012-04-26,2818.89,12.04
2012-04-27,2813.18,12.03
2012-05-02,2874.59,12.27
2012-05-03,2883.2,12.32
2012-05-04,2909.56,12.36
2012-05-07,2913.24,12.36
2012-05-08,2903.96,12.33
2012-05-09,2848.81,12.11
2012-05-10,2848.73,12.11
2012-05-11,2827.17,12.03
2012-05-14,2804.37,11.94
2012-05-15,2806.52,11.92
2012-05-16,2761.33,11.92
2012-05-17,2803.52,11.92
2012-05-18,2761.2,11.74
2012-05-21,2775.52,11.79
2012-05-22,2818.82,11.88
2012-05-23,2807.42,11.81
2012-05-24,2784.47,11.81
2012-05-25,2760.93,11.73
2012-05-28,2806.31,11.87
2012-05-29,2845.2,12.0
2012-05-30,2835.97,11.98
2012-05-31,2827.63,11.92
2012-06-01,2829.2,11.92
2012-06-04,2749.94,11.61
2012-06-05,2750.08,nan
2012-06-06,2748.85,nan
2012-06-07,2736.05,nan
2012-06-08,2718.12,13.5
2012-06-11,2757.53,11.6
2012-06-12,2739.55,11.51
2012-06-13,2783.84,11.64
2012-06-14,2764.38,11.52
2012-06-15,2773.48,11.59
2012-06-18,2788.63,11.62
2012-06-19,2764.86,11.5
2012-06-20,2759.85,11.5
2012-06-21,2716.62,11.33
2012-06-25,2658.76,11.16
2012-06-26,2662.82,11.15
2012-06-27,2654.51,11.13
2012-06-28,2631.75,11.04
2012-06-29,2670.81,11.19
2012-07-02,2675.55,11.35
2012-07-03,2679.47,11.37
2012-07-04,2675.61,11.41
2012-07-05,2640.36,11.24
2012-07-06,2687.56,11.37
2012-07-09,2626.87,11.11
2012-07-10,2617.07,11.09
2012-07-11,2638.3,11.15
2012-07-12,2664.51,11.21
2012-07-13,2666.64,11.23
2012-07-16,2612.04,11.06
2012-07-17,2628.17,11.12
2012-07-18,2628.64,11.14
2012-07-19,2641.09,11.19
2012-07-20,2613.15,11.19
2012-07-23,2577.2,10.95
2012-07-24,2588.7,10.98
2012-07-25,2571.45,nan
2012-07-26,2557.78,10.88
2012-07-27,2559.67,10.9
2012-07-30,2545.46,10.84
2012-07-31,2542.33,10.86
2012-08-01,2570.37,10.96
2012-08-02,2546.26,10.88
2012-08-03,2567.42,10.97
2012-08-06,2602.29,11.07
2012-08-07,2605.85,11.07
2012-08-08,2607.4,11.09
2012-08-09,2631.34,11.17
2012-08-10,2618.39,11.12
2012-08-13,2566.57,10.96
2012-08-14,2572.12,10.98
2012-08-15,2544.4,10.87
2012-08-16,2531.49,10.84
2012-08-17,2525.43,10.83
2012-08-20,2512.77,10.78
2012-08-21,2525.8,10.82
2012-08-22,2506.07,10.76
2012-08-23,2513.29,10.77
2012-08-24,2484.34,10.67
2012-08-27,2432.51,10.51
2012-08-28,2443.69,10.57
2012-08-29,2417.93,10.48
2012-08-30,2414.17,10.49
2012-08-31,2407.07,10.2
2012-09-03,2434.6,nan
2012-09-04,2408.42,10.18
2012-09-05,2403.47,10.14
2012-09-06,2423.08,10.2
2012-09-07,2531.63,10.6
2012-09-10,2542.03,10.63
2012-09-11,2525.88,10.56
2012-09-12,2534.82,10.58
2012-09-13,2511.21,10.5
2012-09-14,2529.87,10.58
2012-09-17,2468.0,10.37
2012-09-18,2442.64,10.26
2012-09-19,2454.66,10.29
2012-09-20,2399.71,10.09
2012-09-21,2403.11,10.11
2012-09-24,2421.09,10.15
2012-09-25,2415.23,10.14
2012-09-26,2387.89,10.03
2012-09-27,2460.93,10.31
2012-09-28,2506.22,10.47
2012-10-08,2481.03,10.39
2012-10-09,2535.79,10.59
2012-10-10,2540.11,10.6
2012-10-11,2516.52,10.52
2012-10-12,2518.71,10.54
2012-10-15,2508.13,10.51
2012-10-16,2511.75,10.51
2012-10-17,2514.63,10.54
2012-10-18,2553.24,10.67
2012-10-19,2549.43,10.65
2012-10-22,2559.4,10.68
2012-10-23,2527.17,10.57
2012-10-24,2522.48,10.56
2012-10-25,2504.4,10.49
2012-10-26,2457.03,10.32
2012-10-29,2443.86,10.29
2012-10-30,2448.26,10.31
2012-10-31,2464.59,10.23
2012-11-01,2511.66,10.41
2012-11-02,2521.43,10.46
2012-11-05,2516.08,10.44
2012-11-06,2505.51,10.41
2012-11-07,2500.37,10.4
2012-11-08,2454.35,10.25
2012-11-09,2449.5,10.23
2012-11-12,2461.44,10.27
2012-11-13,2418.36,10.12
2012-11-14,2430.02,10.16
2012-11-15,2397.79,10.05
2012-11-16,2379.88,9.97
2012-11-19,2377.42,9.96
2012-11-20,2366.38,9.92
2012-11-21,2399.18,10.03
2012-11-22,2380.22,9.96
2012-11-23,2396.76,10.02
2012-11-26,2378.09,9.96
2012-11-27,2350.81,9.89
2012-11-28,2327.33,9.83
2012-11-29,2312.59,9.78
2012-11-30,2338.81,9.85
2012-12-03,2305.13,9.75
2012-12-04,2329.86,9.83
2012-12-05,2413.37,10.11
2012-12-06,2408.7,10.09
2012-12-07,2455.87,10.24
2012-12-10,2482.42,10.34
2012-12-11,2468.71,10.3
2012-12-12,2478.84,10.34
2012-12-13,2451.37,10.24
2012-12-14,2575.13,10.7
2012-12-17,2586.98,10.73
2012-12-18,2588.53,10.75
2012-12-19,2591.8,10.75
2012-12-20,2606.78,10.79
2012-12-21,2592.77,10.71
2012-12-24,2602.85,10.73
2012-12-25,2676.28,11.01
2012-12-26,2686.36,11.03
2012-12-27,2672.12,10.97
2012-12-28,2710.88,11.11
2012-12-31,2757.77,11.3
2013-01-04,2759.37,11.38
2013-01-07,2772.02,11.4
2013-01-08,2760.37,11.34
2013-01-09,2761.24,11.34
2013-01-10,2766.1,11.35
2013-01-11,2714.35,11.22
2013-01-14,2817.64,11.58
2013-01-15,2837.46,11.63
2013-01-16,2816.95,11.54
2013-01-17,2790.35,11.42
2013-01-18,2837.01,11.58
2013-01-21,2853.9,11.62
2013-01-22,2838.6,11.57
2013-01-23,2850.14,11.6
2013-01-24,2823.14,11.53
2013-01-25,2811.03,11.46
2013-01-28,2898.68,11.75
2013-01-29,2924.92,11.81
2013-01-30,2938.96,11.94
2013-01-31,2936.96,11.95
2013-02-01,2998.66,12.15
2013-02-04,3003.8,12.19
2013-02-05,3029.65,12.22
2013-02-06,3034.2,12.23
2013-02-07,3016.74,12.14
2013-02-08,3029.7,12.21
2013-02-18,2992.26,12.11
2013-02-19,2935.57,11.9
2013-02-20,2954.18,11.96
2013-02-21,2853.52,11.58
2013-02-22,2838.28,11.52
2013-02-25,2847.41,11.57
2013-02-26,2806.57,11.41
2013-02-27,2836.17,11.52
2013-02-28,2922.14,11.79
2013-03-01,2917.23,11.76
2013-03-04,2782.66,11.31
2013-03-05,2866.92,11.59
2013-03-06,2896.87,11.67
2013-03-07,2863.28,11.55
2013-03-08,2849.56,11.52
2013-03-11,2833.65,11.48
2013-03-12,2793.48,11.37
2013-03-13,2762.73,11.26
2013-03-14,2770.15,11.3
2013-03-15,2776.27,11.35
2013-03-18,2735.41,11.15
2013-03-19,2760.22,11.24
2013-03-20,2853.22,11.56
2013-03-21,2858.58,11.58
2013-03-22,2862.21,11.59
2013-03-25,2856.51,11.58
2013-03-26,2814.92,11.43
2013-03-27,2824.19,11.44
2013-03-28,2732.12,11.12
2013-03-29,2727.51,11.11
2013-04-01,2725.43,11.1
2013-04-02,2718.0,11.07
2013-04-03,2714.92,11.07
2013-04-08,2702.62,11.01
2013-04-09,2721.35,11.07
2013-04-10,2716.85,11.07
2013-04-11,2708.82,11.04
2013-04-12,2691.77,10.98
2013-04-15,2664.22,10.86
2013-04-16,2689.15,10.93
2013-04-17,2687.92,10.92
2013-04-18,2694.9,10.95
2013-04-19,2770.31,11.19
2013-04-22,2766.99,11.17
2013-04-23,2678.24,10.87
2013-04-24,2728.65,11.04
2013-04-25,2698.36,10.95
2013-04-26,2675.93,10.86
2013-05-02,2678.49,10.44
2013-05-03,2726.46,10.56
2013-05-06,2762.62,10.6
2013-05-07,2767.0,10.61
2013-05-08,2781.07,10.66
2013-05-09,2764.75,10.6
2013-05-10,2779.05,10.64
2013-05-13,2768.07,10.6
2013-05-14,2727.3,10.46
2013-05-15,2742.35,10.49
2013-05-16,2793.65,10.64
2013-05-17,2836.87,10.8
2013-05-20,2857.0,10.86
2013-05-21,2862.8,10.87
2013-05-22,2866.74,10.84
2013-05-23,2829.16,10.71
2013-05-24,2845.34,10.76
2013-05-27,2848.34,10.75
2013-05-28,2897.57,10.9
2013-05-29,2895.64,10.9
2013-05-30,2886.82,10.86
2013-05-31,2856.76,10.76
2013-06-03,2856.57,10.76
2013-06-04,2816.45,10.64
2013-06-05,2812.11,10.63
2013-06-06,2777.73,10.5
2013-06-07,2732.89,10.33
2013-06-13,2645.17,10.03
2013-06-14,2664.2,10.09
2013-06-17,2650.37,10.04
2013-06-18,2668.36,10.06
2013-06-19,2649.69,9.87
2013-06-20,2562.65,9.53
2013-06-21,2559.8,9.49
2013-06-24,2398.48,8.97
2013-06-25,2392.49,8.96
2013-06-26,2398.07,8.91
2013-06-27,2391.77,8.92
2013-06-28,2438.25,9.09
2013-07-01,2453.76,9.52
2013-07-02,2463.42,9.57
2013-07-03,2445.76,9.37
2013-07-04,2466.82,9.42
2013-07-05,2473.35,9.44
2013-07-08,2405.48,9.23
2013-07-09,2404.59,9.25
2013-07-10,2473.09,9.43
2013-07-11,2592.22,9.76
2013-07-12,2535.26,9.59
2013-07-15,2570.96,9.68
2013-07-16,2582.91,9.7
2013-07-17,2544.52,9.59
2013-07-18,2503.41,9.46
2013-07-19,2442.43,9.32
2013-07-22,2458.26,9.36
2013-07-23,2529.34,9.56
2013-07-24,2511.92,9.47
2013-07-25,2500.12,9.43
2013-07-26,2485.15,9.37
2013-07-29,2431.59,9.2
2013-07-30,2446.58,9.28
2013-07-31,2451.31,9.28
2013-08-01,2509.82,9.64
2013-08-02,2512.03,9.63
2013-08-05,2546.98,9.73
2013-08-06,2564.29,9.78
2013-08-07,2549.73,9.71
2013-08-08,2546.54,9.7
2013-08-09,2557.11,9.73
2013-08-12,2631.81,9.98
2013-08-13,2638.86,9.99
2013-08-14,2627.69,9.96
2013-08-15,2597.06,9.86
2013-08-16,2577.84,9.82
2013-08-19,2608.65,9.89
2013-08-20,2587.54,9.81
2013-08-21,2583.42,9.8
2013-08-22,2578.66,9.77
2013-08-23,2559.63,9.71
2013-08-26,2614.12,9.89
2013-08-27,2620.01,9.89
2013-08-28,2605.7,9.85
2013-08-29,2594.8,9.82
2013-08-30,2589.87,9.8
2013-09-02,2597.07,9.51
2013-09-03,2635.3,9.63
2013-09-04,2631.05,9.63
2013-09-05,2621.01,9.56
2013-09-06,2638.97,9.61
2013-09-09,2731.68,9.97
2013-09-10,2772.36,10.06
2013-09-11,2781.31,10.08
2013-09-12,2809.39,10.15
2013-09-13,2788.61,10.08
2013-09-16,2776.83,10.05
2013-09-17,2719.61,9.85
2013-09-18,2725.42,9.85
2013-09-23,2769.99,10.04
2013-09-24,2738.17,9.95
2013-09-25,2721.53,9.9
2013-09-26,2671.57,9.74
2013-09-27,2683.37,9.77
2013-09-30,2699.12,9.81
2013-10-08,2735.87,9.92
2013-10-09,2749.06,9.94
2013-10-10,2721.9,9.84
2013-10-11,2765.81,9.98
2013-10-14,2770.33,10.01
2013-10-15,2764.7,9.98
2013-10-16,2713.0,9.83
2013-10-17,2703.99,9.82
2013-10-18,2718.29,9.85
2013-10-21,2769.02,10.0
2013-10-22,2740.52,9.91
2013-10-23,2709.82,9.82
2013-10-24,2689.67,9.74
2013-10-25,2653.87,9.61
2013-10-28,2650.99,9.61
2013-10-29,2657.83,9.65
2013-10-30,2697.51,9.79
2013-10-31,2659.69,9.71
2013-11-01,2672.29,9.41
2013-11-04,2667.24,9.4
2013-11-05,2670.96,9.41
2013-11-06,2637.12,9.32
2013-11-07,2622.53,9.29
2013-11-08,2586.0,9.2
2013-11-11,2594.9,9.22
2013-11-12,2621.91,9.3
2013-11-13,2563.78,9.12
2013-11-14,2582.14,9.17
2013-11-15,2633.94,9.31
2013-11-18,2721.53,9.58
2013-11-19,2702.77,9.54
2013-11-20,2716.99,9.59
2013-11-21,2700.34,9.57
2013-11-22,2686.86,9.54
2013-11-25,2676.4,9.48
2013-11-26,2675.04,9.46
2013-11-27,2705.37,9.54
2013-11-28,2733.43,9.64
2013-11-29,2732.79,9.62
2013-12-02,2710.2,9.64
2013-12-03,2737.09,9.69
2013-12-04,2773.34,9.78
2013-12-05,2765.56,9.75
2013-12-06,2747.74,9.71
2013-12-09,2746.15,9.71
2013-12-10,2748.9,9.7
2013-12-11,2703.45,9.55
2013-12-12,2700.37,9.54
2013-12-13,2696.59,9.5
2013-12-16,2653.21,9.55
2013-12-17,2640.27,9.5
2013-12-18,2641.22,9.5
2013-12-19,2613.42,9.45
2013-12-20,2552.6,9.24
2013-12-23,2559.85,9.28
2013-12-24,2563.93,9.29
2013-12-25,2582.83,9.35
2013-12-26,2538.26,9.2
2013-12-27,2581.0,9.33
2013-12-30,2576.5,9.3
2013-12-31,2610.75,9.4
2014-01-02,2601.73,9.39
2014-01-03,2566.77,9.28
2014-01-06,2508.35,9.13
2014-01-07,2507.63,9.12
2014-01-08,2512.02,9.11
2014-01-09,2489.95,9.04
2014-01-10,2470.49,8.98
2014-01-13,2457.97,8.96
2014-01-14,2479.45,9.03
2014-01-15,2475.07,9.01
2014-01-16,2478.34,9.0
2014-01-17,2440.97,8.94
2014-01-20,2426.97,8.87
2014-01-21,2450.96,8.94
2014-01-22,2514.14,9.13
2014-01-23,2500.82,9.07
2014-01-24,2516.27,9.12
2014-01-27,2482.92,9.0
2014-01-28,2487.34,9.03
2014-01-29,2496.22,9.07
2014-01-30,2467.83,8.98
2014-02-07,2479.07,9.0
2014-02-10,2540.76,9.19
2014-02-11,2560.96,9.26
2014-02-12,2567.46,9.27
2014-02-13,2554.36,9.25
2014-02-14,2572.31,9.3
2014-02-17,2590.32,9.36
2014-02-18,2557.6,9.26
2014-02-19,2586.97,9.39
2014-02-20,2563.19,9.38
2014-02-21,2537.26,9.26
2014-02-24,2481.48,9.06
2014-02-25,2418.05,8.89
2014-02-26,2424.21,8.92
2014-02-27,2413.79,8.94
2014-02-28,2441.65,9.0
2014-03-03,2454.43,9.04
2014-03-04,2447.59,9.01
2014-03-05,2424.85,8.92
2014-03-06,2435.67,8.96
2014-03-07,2429.76,8.96
2014-03-10,2350.68,8.72
2014-03-11,2362.87,8.74
2014-03-12,2369.0,8.73
2014-03-13,2398.36,8.83
2014-03-14,2378.75,8.76
2014-03-17,2401.39,8.83
2014-03-18,2395.89,8.82
2014-03-19,2376.55,8.78
2014-03-20,2338.56,8.67
2014-03-21,2419.05,8.93
2014-03-24,2438.94,9.0
2014-03-25,2436.58,8.99
2014-03-26,2432.77,8.97
2014-03-27,2415.84,8.9
2014-03-28,2411.64,8.91
2014-03-31,2405.3,8.9
2014-04-01,2424.14,8.95
2014-04-02,2443.88,9.01
2014-04-03,2426.26,8.95
2014-04-04,2449.19,9.01
2014-04-08,2507.3,9.24
2014-04-09,2508.76,9.25
2014-04-10,2548.14,9.39
2014-04-11,2544.69,9.38
2014-04-14,2542.45,9.37
2014-04-15,2498.58,9.22
2014-04-16,2502.16,9.23
2014-04-17,2493.51,9.21
2014-04-18,2493.14,9.19
2014-04-21,2451.41,9.06
2014-04-22,2462.13,9.1
2014-04-23,2459.82,9.09
2014-04-24,2455.72,9.06
2014-04-25,2430.44,8.98
2014-04-28,2393.63,8.88
2014-04-29,2419.98,8.95
2014-04-30,2420.9,8.91
2014-05-05,2418.45,8.65
2014-05-06,2419.51,8.64
2014-05-07,2397.12,8.58
2014-05-08,2397.56,8.58
2014-05-09,2395.78,8.58
2014-05-12,2447.63,8.75
2014-05-13,2441.79,8.74
2014-05-14,2439.58,8.74
2014-05-15,2407.86,8.65
2014-05-16,2410.37,8.65
2014-05-19,2376.03,8.55
2014-05-20,2376.74,8.56
2014-05-21,2399.52,8.64
2014-05-22,2394.71,8.62
2014-05-23,2415.25,8.68
2014-05-26,2424.18,8.7
2014-05-27,2414.67,8.67
2014-05-28,2439.75,8.74
2014-05-29,2423.82,8.71
2014-05-30,2425.42,8.71
2014-06-03,2418.5,8.71
2014-06-04,2394.15,8.64
2014-06-05,2419.7,8.71
2014-06-06,2403.9,8.65
2014-06-09,2403.52,8.66
2014-06-10,2433.91,8.76
2014-06-11,2433.34,8.76
2014-06-12,2425.69,8.74
2014-06-13,2452.25,8.83
2014-06-16,2470.65,9.05
2014-06-17,2447.65,8.97
2014-06-18,2438.22,8.92
2014-06-19,2400.96,8.8
2014-06-20,2414.63,8.8
2014-06-23,2413.0,8.78
2014-06-24,2428.91,8.82
2014-06-25,2418.37,8.78
2014-06-26,2436.8,8.83
2014-06-27,2440.02,8.81
2014-06-30,2457.31,8.86
2014-07-01,2457.4,8.85
2014-07-02,2465.16,8.88
2014-07-03,2478.06,8.9
2014-07-04,2477.07,8.89
2014-07-07,2474.69,8.89
2014-07-08,2479.45,8.9
2014-07-09,2444.37,8.78
2014-07-10,2440.66,8.77
2014-07-11,2454.79,8.79
2014-07-14,2483.43,8.87
2014-07-15,2487.38,8.89
2014-07-16,2483.52,8.88
2014-07-17,2470.57,8.82
2014-07-18,2482.89,8.84
2014-07-21,2485.36,8.84
2014-07-22,2515.91,8.93
2014-07-23,2521.92,8.95
2014-07-24,2567.15,9.09
2014-07-25,2594.92,9.19
2014-07-28,2668.09,9.43
2014-07-29,2677.18,9.45
2014-07-30,2668.48,9.43
2014-07-31,2701.33,9.53
2014-08-01,2677.44,9.46
2014-08-04,2730.56,9.63
2014-08-05,2723.54,9.6
2014-08-06,2716.73,9.58
2014-08-07,2675.62,9.43
2014-08-08,2680.87,9.45
2014-08-11,2720.22,9.58
2014-08-12,2710.72,9.55
2014-08-13,2712.96,9.56
2014-08-14,2686.55,9.48
2014-08-15,2715.69,9.57
2014-08-18,2731.71,9.61
2014-08-19,2732.1,9.63
2014-08-20,2722.61,9.6
2014-08-21,2708.97,9.54
2014-08-22,2721.79,9.58
2014-08-25,2695.9,9.53
2014-08-26,2674.34,9.45
2014-08-27,2678.45,9.46
2014-08-28,2659.67,9.41
2014-08-29,2690.75,9.5
2014-09-01,2710.35,9.27
2014-09-02,2746.18,9.38
2014-09-03,2771.93,9.48
2014-09-04,2791.94,9.55
2014-09-05,2818.45,9.64
2014-09-09,2813.81,9.62
2014-09-10,2799.09,9.56
2014-09-11,2788.75,9.52
2014-09-12,2806.5,9.59
2014-09-15,2805.16,9.58
2014-09-16,2749.42,9.43
2014-09-17,2763.88,9.46
2014-09-18,2772.33,9.49
2014-09-19,2791.7,9.53
2014-09-22,2738.42,9.35
2014-09-23,2762.06,9.42
2014-09-24,2811.13,9.56
2014-09-25,2805.49,9.56
2014-09-26,2805.76,9.55
2014-09-29,2818.0,9.59
2014-09-30,2821.67,9.6
2014-10-08,2853.21,9.68
2014-10-09,2857.32,9.7
2014-10-10,2839.9,9.64
2014-10-13,2826.26,9.59
2014-10-14,2816.61,9.56
2014-10-15,2836.54,9.62
2014-10-16,2814.12,9.58
2014-10-17,2811.05,9.55
2014-10-20,2825.99,9.59
2014-10-21,2801.45,9.53
2014-10-22,2784.47,9.49
2014-10-23,2758.33,9.41
2014-10-24,2752.36,9.38
2014-10-27,2727.18,9.3
2014-10-28,2782.23,9.47
2014-10-29,2822.22,9.6
2014-10-30,2842.41,9.68
2014-10-31,2887.77,9.84
2014-11-03,2892.63,9.61
2014-11-04,2893.35,9.61
2014-11-05,2882.33,9.56
2014-11-06,2885.35,9.57
2014-11-07,2880.84,9.55
2014-11-10,2954.04,9.79
2014-11-11,2945.84,9.84
2014-11-12,2986.95,9.91
2014-11-13,2970.22,9.88
2014-11-14,2971.76,9.87
2014-11-17,2955.65,9.82
2014-11-18,2926.08,9.71
2014-11-19,2921.25,9.69
2014-11-20,2921.11,9.69
2014-11-21,2974.48,9.84
2014-11-24,3050.25,10.05
2014-11-25,3092.04,10.19
2014-11-26,3135.17,10.35
2014-11-27,3171.41,10.46
2014-11-28,3233.96,10.72
2014-12-01,3246.62,10.75
2014-12-02,3366.5,11.13
2014-12-03,3416.71,11.22
2014-12-04,3574.22,11.78
2014-12-05,3597.86,12.03
2014-12-08,3745.23,12.42
2014-12-09,3577.17,11.73
2014-12-10,3709.16,12.08
2014-12-11,3664.79,11.95
2014-12-12,3676.55,11.99
2014-12-15,3704.35,12.23
2014-12-16,3803.57,12.56
2014-12-17,3869.43,12.78
2014-12-18,3852.54,12.73
2014-12-19,3895.41,12.95
2014-12-22,3908.44,13.15
2014-12-23,3828.35,12.77
2014-12-24,3719.5,12.4
2014-12-25,3840.44,12.84
2014-12-26,3967.65,13.26
2014-12-29,3978.72,13.33
2014-12-30,3981.14,13.38
2014-12-31,4068.82,13.71
2015-01-05,4192.99,14.28
2015-01-06,4192.43,14.29
2015-01-07,4195.58,14.37
2015-01-08,4098.25,14.01
2015-01-09,4084.72,13.99
2015-01-12,4046.55,13.8
2015-01-13,4047.08,13.81
2015-01-14,4033.7,13.82
2015-01-15,4150.82,14.33
2015-01-16,4186.56,14.5
2015-01-19,3864.09,13.32
2015-01-20,3911.39,13.52
2015-01-21,4087.21,14.2
2015-01-22,4108.78,14.25
2015-01-23,4113.52,14.3
2015-01-26,4155.27,14.5
2015-01-27,4117.21,14.32
2015-01-28,4060.07,14.08
2015-01-29,4009.95,13.88
2015-01-30,3955.35,13.65
2015-02-02,3862.72,13.26
2015-02-03,3958.87,13.62
2015-02-04,3917.78,13.46
2015-02-05,3877.67,13.3
2015-02-06,3814.88,13.04
2015-02-09,3853.46,13.17
2015-02-10,3923.74,13.4
2015-02-11,3955.04,13.47
2015-02-12,3965.12,13.54
2015-02-13,3996.16,13.64
2015-02-16,4030.32,13.72
2015-02-17,4056.62,13.82
2015-02-25,4006.41,13.72
2015-02-26,4107.26,14.06
2015-02-27,4114.8,14.09
2015-03-02,4147.54,14.17
2015-03-03,4040.01,13.78
2015-03-04,4066.41,13.84
2015-03-05,4026.7,13.67
2015-03-06,4006.17,13.63
2015-03-09,4074.39,13.9
2015-03-10,4054.65,13.79
2015-03-11,4059.3,13.78
2015-03-12,4137.84,14.07
2015-03-13,4166.41,14.15
2015-03-16,4267.78,14.44
2015-03-17,4327.04,14.65
2015-03-18,4429.46,14.99
2015-03-19,4422.18,14.97
2015-03-20,4483.03,15.13
2015-03-23,4574.58,15.42
2015-03-24,4575.71,15.44
2015-03-25,4538.13,15.26
2015-03-26,4549.17,15.37
2015-03-27,4574.16,15.4
2015-03-30,4708.31,15.85
2015-03-31,4665.73,15.69
2015-04-01,4749.44,15.94
2015-04-02,4750.46,15.94
2015-04-03,4803.16,16.06
2015-04-07,4906.24,16.45
2015-04-08,4947.43,16.62
2015-04-09,4909.06,16.47
2015-04-10,5003.83,16.76
2015-04-13,5092.59,17.11
2015-04-14,5112.61,17.14
2015-04-15,5046.73,16.99
2015-04-16,5200.04,17.49
2015-04-17,5295.19,17.87
2015-04-20,5209.69,17.57
2015-04-21,5321.72,17.86
2015-04-22,5460.85,18.3
2015-04-23,5462.12,18.33
2015-04-24,5418.12,18.21
2015-04-27,5539.03,18.78
2015-04-28,5463.3,18.6
2015-04-29,5500.89,18.54
2015-04-30,5474.64,18.37
2015-05-04,5518.49,18.57
2015-05-05,5298.45,17.71
2015-05-06,5248.29,17.47
2015-05-07,5152.35,17.07
2015-05-08,5254.69,17.42
2015-05-11,5407.13,17.88
2015-05-12,5472.99,18.08
2015-05-13,5439.79,17.99
2015-05-14,5419.85,17.93
2015-05-15,5324.13,17.6
2015-05-18,5275.59,17.4
2015-05-19,5455.72,17.97
2015-05-20,5483.97,17.99
2015-05-21,5583.63,18.41
2015-05-22,5711.57,18.86
2015-05-25,5882.48,19.44
2015-05-26,5997.45,19.74
2015-05-27,5980.52,19.72
2015-05-28,5580.91,18.35
2015-05-29,5588.83,18.36
2015-06-01,5860.76,19.24
2015-06-02,5959.84,19.49
2015-06-03,5942.72,19.42
2015-06-04,5986.63,19.6
2015-06-05,6043.57,19.81
2015-06-08,6186.02,20.38
2015-06-09,6144.36,20.25
2015-06-10,6135.84,20.06
2015-06-11,6133.88,20.0
2015-06-12,6167.41,20.1
2015-06-15,6036.45,20.14
2015-06-16,5857.22,19.49
2015-06-17,5943.06,19.79
2015-06-18,5702.82,18.97
2015-06-19,5366.76,17.85
2015-06-23,5543.55,18.42
2015-06-24,5652.77,18.81
2015-06-25,5452.22,18.14
2015-06-26,5024.71,16.77
2015-06-29,4857.12,16.35
2015-06-30,5184.41,17.37
2015-07-01,4930.67,16.53
2015-07-02,4762.62,16.18
2015-07-03,4515.41,15.23
2015-07-06,4647.27,15.88
2015-07-07,4569.62,15.88
2015-07-08,4262.95,14.91
2015-07-09,4536.57,15.79
2015-07-10,4782.21,16.48
2015-07-13,4905.52,16.66
2015-07-14,4789.54,16.25
2015-07-15,4620.79,15.9
2015-07-16,4657.04,15.91
2015-07-17,4839.82,16.33
2015-07-20,4850.45,16.41
2015-07-21,4859.13,16.41
2015-07-22,4851.05,16.35
2015-07-23,4961.0,16.66
2015-07-24,4874.25,16.4
2015-07-27,4458.19,14.8
2015-07-28,4449.4,14.7
2015-07-29,4588.66,15.1
2015-07-30,4454.52,14.71
2015-07-31,4456.1,14.66
2015-08-03,4470.73,14.68
2015-08-04,4609.58,15.09
2015-08-05,4514.71,14.77
2015-08-06,4473.86,14.63
2015-08-07,4561.97,14.89
2015-08-10,4769.21,15.55
2015-08-11,4748.54,15.49
2015-08-12,4689.67,15.31
2015-08-13,4758.96,15.51
2015-08-14,4757.71,15.49
2015-08-17,4762.77,15.46
2015-08-18,4468.06,14.64
2015-08-19,4538.98,14.77
2015-08-20,4393.66,14.28
2015-08-21,4193.27,13.7
2015-08-24,3826.46,12.54
2015-08-25,3554.77,11.62
2015-08-26,3534.64,11.58
2015-08-27,3744.85,12.23
2015-08-28,3904.49,12.73
2015-08-31,3932.81,12.79
2015-09-01,3927.61,12.96
2015-09-02,3931.99,13.09
2015-09-07,3797.24,12.56
2015-09-08,3894.83,12.83
2015-09-09,3971.99,13.07
2015-09-10,3923.21,12.9
2015-09-11,3911.09,12.83
2015-09-14,3833.91,12.61
2015-09-15,3683.29,12.21
2015-09-16,3866.91,12.72
2015-09-17,3782.48,12.45
2015-09-18,3799.29,12.46
2015-09-21,3865.87,12.64
2015-09-22,3901.84,12.75
2015-09-23,3813.89,12.46
2015-09-24,3839.62,12.53
2015-09-25,3777.62,12.38
2015-09-28,3790.25,12.39
2015-09-29,3715.63,12.12
2015-09-30,3743.8,12.19
2015-10-08,3853.12,12.53
2015-10-09,3904.13,12.67
2015-10-12,4030.41,13.06
2015-10-13,4027.35,12.94
2015-10-14,3981.84,12.81
2015-10-15,4076.19,13.08
2015-10-16,4131.42,13.26
2015-10-19,4131.56,13.25
2015-10-20,4182.55,13.41
2015-10-21,4060.44,13.12
2015-10-22,4120.39,13.24
2015-10-23,4174.99,13.37
2015-10-26,4196.06,13.43
2015-10-27,4200.29,13.41
2015-10-28,4120.84,13.2
2015-10-29,4130.65,13.22
2015-10-30,4131.55,13.21
2015-11-02,4063.61,13.26
2015-11-03,4051.37,13.21
2015-11-04,4242.08,13.79
2015-11-05,4332.6,14.1
2015-11-06,4434.78,14.39
2015-11-09,4489.71,14.61
2015-11-10,4481.39,14.57
2015-11-11,4481.86,14.55
2015-11-12,4437.06,14.41
2015-11-13,4379.68,14.22
2015-11-16,4400.59,14.28
2015-11-17,4393.88,14.29
2015-11-18,4343.86,14.16
2015-11-19,4413.3,14.34
2015-11-20,4412.61,14.32
2015-11-23,4388.0,14.26
2015-11-24,4388.65,14.25
2015-11-25,4421.06,14.35
2015-11-26,4395.13,14.27
2015-11-27,4158.46,13.52
2015-11-30,4169.47,13.57
2015-12-01,4199.03,13.62
2015-12-02,4351.32,14.1
2015-12-03,4383.28,14.26
2015-12-04,4299.45,13.97
2015-12-07,4311.16,13.98
2015-12-08,4235.65,13.74
2015-12-09,4250.75,13.78
2015-12-10,4235.73,13.72
2015-12-11,4218.16,13.66
2015-12-14,4338.89,14.28
2015-12-15,4319.09,14.2
2015-12-16,4309.15,14.19
2015-12-17,4391.52,14.42
2015-12-18,4405.58,14.45
2015-12-21,4520.22,14.75
2015-12-22,4532.81,14.77
2015-12-23,4520.71,14.74
2015-12-24,4477.47,14.61
2015-12-25,4487.76,14.63
2015-12-28,4358.5,14.25
2015-12-29,4398.54,14.37
2015-12-30,4402.4,14.36
2015-12-31,4362.44,14.24
2016-01-04,4056.17,13.32
2016-01-05,4067.53,13.34
2016-01-06,4138.89,13.59
2016-01-07,3851.93,12.7
2016-01-08,3930.48,12.97
2016-01-11,3732.74,12.37
2016-01-12,3759.94,12.46
2016-01-13,3689.98,12.22
2016-01-14,3766.88,12.44
2016-01-15,3646.63,12.04
2016-01-18,3660.66,12.06
2016-01-19,3768.7,12.41
2016-01-20,3711.7,12.26
2016-01-21,3602.92,11.91
2016-01-22,3640.47,12.03
2016-01-25,3658.51,12.08
2016-01-26,3438.24,11.36
2016-01-27,3426.37,11.34
2016-01-28,3336.81,11.09
2016-01-29,3444.77,11.42
2016-02-01,3392.1,11.24
2016-02-02,3462.59,11.44
2016-02-03,3447.75,11.37
2016-02-04,3489.98,11.51
2016-02-05,3465.46,11.44
2016-02-15,3445.49,11.35
2016-02-16,3551.11,11.69
2016-02-17,3581.84,11.79
2016-02-18,3570.59,11.75
2016-02-19,3568.12,11.73
2016-02-22,3646.79,12.0
2016-02-23,3612.29,11.88
2016-02-24,3635.89,11.96
2016-02-25,3412.8,11.27
2016-02-26,3447.96,11.39
2016-02-29,3365.43,11.16
2016-03-01,3427.69,11.34
2016-03-02,3568.78,11.78
2016-03-03,3577.08,11.81
2016-03-04,3618.56,11.99
2016-03-07,3631.36,12.02
2016-03-08,3634.68,12.03
2016-03-09,3592.85,11.93
2016-03-10,3524.12,11.7
2016-03-11,3530.13,11.74
2016-03-14,3585.58,11.9
2016-03-15,3596.21,11.94
2016-03-16,3614.05,12.01
2016-03-17,3654.01,12.11
2016-03-18,3709.87,12.26
2016-03-21,3800.48,12.51
2016-03-22,3772.83,12.41
2016-03-23,3784.88,12.46
2016-03-24,3721.44,12.25
2016-03-25,3740.11,12.31
2016-03-28,3707.26,12.22
2016-03-29,3667.12,12.1
2016-03-30,3761.7,12.4
2016-03-31,3763.82,12.41
2016-04-01,3768.35,12.43
2016-04-05,3818.16,12.57
2016-04-06,3810.02,12.54
2016-04-07,3753.62,12.36
2016-04-08,3726.06,12.27
2016-04-11,3777.96,12.43
2016-04-12,3764.52,12.39
2016-04-13,3814.74,12.56
2016-04-14,3831.64,12.6
2016-04-15,3827.5,12.57
2016-04-18,3776.37,12.43
2016-04-19,3787.93,12.46
2016-04-20,3720.93,12.26
2016-04-21,3697.04,12.18
2016-04-22,3714.03,12.23
2016-04-25,3699.01,12.18
2016-04-26,3719.11,12.24
2016-04-27,3703.97,12.18
2016-04-28,3698.28,12.16
2016-04-29,3694.46,12.13
2016-05-03,3761.07,12.59
2016-05-04,3756.43,12.57
2016-05-05,3761.64,12.59
2016-05-06,3666.22,12.23
2016-05-09,3590.4,11.98
2016-05-10,3594.5,11.99
2016-05-11,3610.6,12.04
2016-05-12,3619.21,12.05
2016-05-13,3601.41,12.0
2016-05-16,3625.42,12.05
2016-05-17,3615.72,12.03
2016-05-18,3595.43,11.94
2016-05-19,3589.21,11.91
2016-05-20,3607.65,11.97
2016-05-23,3619.16,12.0
2016-05-24,3591.49,11.92
2016-05-25,3586.7,11.9
2016-05-26,3592.55,11.92
2016-05-27,3590.55,11.91
2016-05-30,3595.66,11.94
2016-05-31,3717.2,12.29
2016-06-01,3706.66,12.25
2016-06-02,3714.46,12.26
2016-06-03,3740.9,12.33
2016-06-06,3732.14,12.31
2016-06-07,3730.55,12.26
2016-06-08,3717.44,12.22
2016-06-13,3602.83,11.99
2016-06-14,3614.29,12.03
2016-06-15,3662.01,12.15
2016-06-16,3638.97,12.03
2016-06-17,3659.22,12.08
2016-06-20,3662.34,12.09
2016-06-21,3654.86,12.07
2016-06-22,3688.0,12.17
2016-06-23,3671.44,12.06
2016-06-24,3629.04,11.9
2016-06-27,3680.51,12.04
2016-06-28,3700.45,12.09
2016-06-29,3718.29,12.14
2016-06-30,3722.89,12.13
2016-07-01,3724.72,12.14
2016-07-04,3784.63,12.34
2016-07-05,3789.89,12.36
2016-07-06,3802.36,12.36
2016-07-07,3801.65,12.32
2016-07-08,3787.05,12.21
2016-07-11,3801.35,12.22
2016-07-12,3884.74,12.48
2016-07-13,3904.27,12.52
2016-07-14,3897.19,12.48
2016-07-15,3899.08,12.49
2016-07-18,3882.27,12.45
2016-07-19,3867.63,12.39
2016-07-20,3855.23,12.35
2016-07-21,3873.09,12.39
2016-07-22,3841.05,12.3
2016-07-25,3848.99,12.31
2016-07-26,3895.39,12.45
2016-07-27,3834.76,12.28
2016-07-28,3838.23,12.29
2016-07-29,3820.43,12.24
2016-08-01,3788.09,12.16
2016-08-02,3802.69,12.2
2016-08-03,3808.0,12.21
2016-08-04,3817.28,12.23
2016-08-05,3823.19,12.23
2016-08-08,3857.86,12.33
2016-08-09,3885.06,12.41
2016-08-10,3868.96,12.36
2016-08-11,3858.45,12.35
2016-08-12,3932.07,12.58
2016-08-15,4050.47,12.93
2016-08-16,4032.35,12.83
2016-08-17,4026.14,12.81
2016-08-18,4016.11,12.78
2016-08-19,4018.57,12.8
2016-08-22,3984.87,12.71
2016-08-23,3991.12,12.73
2016-08-24,3977.88,12.7
2016-08-25,3952.93,12.62
2016-08-26,3950.97,12.62
2016-08-29,3951.8,12.62
2016-08-30,3956.82,12.65
2016-08-31,3975.84,12.7
2016-09-01,3944.51,13.02
2016-09-02,3959.49,13.62
2016-09-05,3967.1,13.63
2016-09-06,3994.52,13.69
2016-09-07,3992.36,13.69
2016-09-08,3990.86,13.68
2016-09-09,3965.15,13.6
2016-09-12,3898.89,13.39
2016-09-13,3896.18,13.37
2016-09-14,3870.36,13.28
2016-09-19,3899.52,13.36
2016-09-20,3892.68,13.34
2016-09-21,3904.21,13.37
2016-09-22,3933.47,13.46
2016-09-23,3915.0,13.41
2016-09-26,3850.33,13.2
2016-09-27,3874.8,13.28
2016-09-28,3863.01,13.23
2016-09-29,3879.34,13.28
2016-09-30,3890.09,13.31
2016-10-10,3938.62,13.47
2016-10-11,3953.79,13.51
2016-10-12,3945.96,13.49
2016-10-13,3949.11,13.49
2016-10-14,3952.94,13.51
2016-10-17,3919.5,13.41
2016-10-18,3971.46,13.58
2016-10-19,3965.37,13.57
2016-10-20,3968.3,13.58
2016-10-21,3979.23,13.63
2016-10-24,4026.86,13.79
2016-10-25,4026.73,13.78
2016-10-26,4011.6,13.72
2016-10-27,4000.71,13.69
2016-10-28,3994.05,13.68
2016-10-31,3989.45,13.66
2016-11-01,4016.68,13.45
2016-11-02,3985.95,13.35
2016-11-03,4023.97,13.47
2016-11-04,4010.92,13.43
2016-11-07,4013.81,13.44
2016-11-08,4031.28,13.5
2016-11-09,4009.68,13.42
2016-11-10,4054.59,13.56
2016-11-11,4086.41,13.66
2016-11-14,4101.99,13.72
2016-11-15,4101.54,13.71
2016-11-16,4101.21,13.71
2016-11-17,4109.51,13.72
2016-11-18,4086.7,13.65
2016-11-21,4114.98,13.76
2016-11-22,4147.57,13.89
2016-11-23,4155.18,13.91
2016-11-24,4171.94,13.94
2016-11-25,4210.87,14.06
2016-11-28,4227.43,14.14
2016-11-29,4262.06,14.26
2016-11-30,4230.92,14.12
2016-12-01,4263.25,14.22
2016-12-02,4220.1,14.12
2016-12-05,4148.89,13.9
2016-12-06,4136.63,13.85
2016-12-07,4156.56,13.91
2016-12-08,4149.86,13.88
2016-12-09,4178.03,14.0
2016-12-12,4076.96,13.97
2016-12-13,4072.09,13.95
2016-12-14,4040.89,13.86
2016-12-15,3994.83,13.68
2016-12-16,4001.52,13.69
2016-12-19,3981.14,13.64
2016-12-20,3957.31,13.57
2016-12-21,3992.56,13.71
2016-12-22,3989.14,13.73
2016-12-23,3955.56,13.63
2016-12-26,3973.26,13.68
2016-12-27,3966.07,13.63
2016-12-28,3948.73,13.58
2016-12-29,3943.8,13.55
2016-12-30,3958.53,13.6
2017-01-03,3996.97,13.74
2017-01-04,4028.17,13.84
2017-01-05,4027.54,13.86
2017-01-06,4003.48,13.82
2017-01-09,4022.89,13.88
2017-01-10,4016.16,13.85
2017-01-11,3987.73,13.76
2017-01-12,3967.55,13.7
2017-01-13,3970.29,13.73
2017-01-16,3969.73,13.77
2017-01-17,3977.99,13.79
2017-01-18,3993.55,13.84
2017-01-19,3981.5,13.79
2017-01-20,4012.12,13.87
2017-01-23,4023.11,13.9
2017-01-24,4023.55,13.94
2017-01-25,4037.25,13.98
2017-01-26,4051.67,14.01
2017-02-03,4023.6,13.92
2017-02-06,4034.02,13.95
2017-02-07,4025.03,13.92
2017-02-08,4046.08,13.97
2017-02-09,4061.63,14.03
2017-02-10,4082.19,14.1
2017-02-13,4109.45,14.18
2017-02-14,4108.88,14.18
2017-02-15,4092.03,14.16
2017-02-16,4115.02,14.21
2017-02-17,4091.71,14.12
2017-02-20,4151.44,14.31
2017-02-21,4165.11,14.35
2017-02-22,4173.41,14.38
2017-02-23,4153.75,14.31
2017-02-24,4154.38,14.31
2017-02-27,4121.34,14.21
2017-02-28,4129.22,14.24
2017-03-01,4135.95,14.26
2017-03-02,4108.04,14.17
2017-03-03,4099.39,14.12
2017-03-06,4121.87,14.14
2017-03-07,4130.8,14.18
2017-03-08,4124.56,14.16
2017-03-09,4098.5,14.07
2017-03-10,4099.63,14.06
2017-03-13,4135.76,14.18
2017-03-14,4134.08,14.18
2017-03-15,4142.47,14.2
2017-03-16,4163.84,14.27
2017-03-17,4121.14,14.13
2017-03-20,4125.69,14.18
2017-03-21,4145.71,14.24
2017-03-22,4126.22,14.16
2017-03-23,4140.48,14.19
2017-03-24,4173.52,14.3
2017-03-27,4159.69,14.27
2017-03-28,4149.85,14.23
2017-03-29,4145.09,14.22
2017-03-30,4111.08,14.14
2017-03-31,4134.15,14.22
2017-04-05,4191.38,14.41
2017-04-06,4203.53,14.45
2017-04-07,4207.7,14.48
2017-04-10,4193.07,14.44
2017-04-11,4207.89,14.49
2017-04-12,4198.45,14.44
2017-04-13,4204.59,14.45
2017-04-14,4171.02,14.34
2017-04-17,4163.16,14.31
2017-04-18,4142.64,14.23
2017-04-19,4122.52,14.13
2017-04-20,4141.27,14.18
2017-04-21,4147.58,14.22
2017-04-24,4105.1,14.12
2017-04-25,4116.77,14.12
2017-04-26,4121.85,14.14
2017-04-27,4123.69,14.17
2017-04-28,4115.46,14.13
2017-05-02,4099.7,13.64
2017-05-03,4083.66,13.58
2017-05-04,4073.2,13.56
2017-05-05,4047.09,13.5
2017-05-08,4018.69,13.44
2017-05-09,4012.73,13.41
2017-05-10,3997.17,13.36
2017-05-11,4020.44,13.44
2017-05-12,4055.89,13.56
2017-05-15,4072.89,13.61
2017-05-16,4108.66,13.64
2017-05-17,4086.32,13.56
2017-05-18,4072.63,13.52
2017-05-19,4079.64,13.53
2017-05-22,4088.83,13.57
2017-05-23,4104.51,13.66
2017-05-24,4104.66,13.63
2017-05-25,4179.54,13.72
2017-05-26,4173.69,13.72
2017-05-31,4188.8,13.77
2017-06-01,4194.87,13.82
2017-06-02,4181.48,13.77
2017-06-05,4161.4,13.65
2017-06-06,4190.59,13.72
2017-06-07,4240.59,13.86
2017-06-08,4273.57,13.92
2017-06-09,4293.56,13.97
2017-06-12,4291.6,14.12
2017-06-13,4301.59,14.14
2017-06-14,4253.38,13.98
2017-06-15,4246.17,13.94
2017-06-16,4239.54,13.88
2017-06-19,4282.16,13.96
2017-06-20,4273.55,13.94
2017-06-21,4324.15,14.07
2017-06-22,4327.8,14.1
2017-06-23,4367.1,14.19
2017-06-26,4421.88,14.32
2017-06-27,4429.88,14.34
2017-06-28,4395.54,14.25
2017-06-29,4424.56,14.29
2017-06-30,4423.11,14.31
2017-07-03,4403.88,14.27
2017-07-04,4367.27,14.19
2017-07-05,4420.04,14.3
2017-07-06,4422.78,14.29
2017-07-07,4422.48,14.28
2017-07-10,4422.94,14.26
2017-07-11,4448.79,14.28
2017-07-12,4435.96,14.22
2017-07-13,4473.59,14.32
2017-07-14,4498.0,14.36
2017-07-17,4450.13,14.3
2017-07-18,4456.08,14.26
2017-07-19,4533.4,14.45
2017-07-20,4555.75,14.47
2017-07-21,4533.55,14.4
2017-07-24,4552.0,14.43
2017-07-25,4523.22,14.39
2017-07-26,4506.23,14.38
2017-07-27,4515.49,14.4
2017-07-28,4527.32,14.43
2017-07-31,4546.76,14.47
2017-08-01,4586.64,14.59
2017-08-02,4576.49,14.57
2017-08-03,4536.36,14.46
2017-08-04,4512.32,14.4
2017-08-07,4535.7,14.45
2017-08-08,4543.45,14.47
2017-08-09,4542.21,14.42
2017-08-10,4524.06,14.39
2017-08-11,4441.44,14.17
2017-08-14,4499.2,14.29
2017-08-15,4513.05,14.36
2017-08-16,4507.48,14.33
2017-08-17,4531.66,14.41
2017-08-18,4537.26,14.41
2017-08-21,4557.14,14.47
2017-08-22,4570.91,14.5
2017-08-23,4575.53,14.54
2017-08-24,4549.75,14.47
2017-08-25,4624.85,14.73
2017-08-28,4682.06,14.88
2017-08-29,4674.4,14.86
2017-08-30,4674.12,14.84
2017-08-31,4659.23,14.78
2017-09-01,4669.53,14.97
2017-09-04,4690.25,15.05
2017-09-05,4704.19,15.09
2017-09-06,4694.92,15.07
2017-09-07,4671.04,14.99
2017-09-08,4666.31,14.97
2017-09-11,4665.89,14.98
2017-09-12,4680.88,15.01
2017-09-13,4686.58,15.02
2017-09-14,4671.15,14.97
2017-09-15,4672.93,14.93
2017-09-18,4687.38,14.97
2017-09-19,4673.93,14.95
2017-09-20,4686.97,14.98
2017-09-21,4681.33,14.99
2017-09-22,4681.23,14.99
2017-09-25,4656.91,14.96
2017-09-26,4661.77,14.96
2017-09-27,4662.28,14.95
2017-09-28,4663.92,14.95
2017-09-29,4680.95,14.98
2017-10-09,4736.72,15.12
2017-10-10,4746.06,15.15
2017-10-11,4761.71,15.21
2017-10-12,4774.23,15.22
2017-10-13,4784.05,15.23
2017-10-16,4774.84,15.23
2017-10-17,4774.37,15.21
2017-10-18,4812.31,15.34
2017-10-19,4796.56,15.33
2017-10-20,4791.5,15.3
2017-10-23,4796.32,15.3
2017-10-24,4831.25,15.4
2017-10-25,4852.66,15.43
2017-10-26,4872.95,15.46
2017-10-27,4907.62,15.55
2017-10-30,4892.68,15.53
2017-10-31,4889.01,15.51
2017-11-01,4876.69,14.99
2017-11-02,4877.32,14.99
2017-11-03,4871.91,14.99
2017-11-06,4906.31,15.06
2017-11-07,4947.01,15.18
2017-11-08,4939.39,15.16
2017-11-09,4973.43,15.22
2017-11-10,5017.37,15.27
2017-11-13,5037.09,15.34
2017-11-14,5002.04,15.24
2017-11-15,4970.71,15.13
2017-11-16,5008.95,15.17
2017-11-17,5028.28,15.25
2017-11-20,5056.34,15.33
2017-11-21,5146.48,15.52
2017-11-22,5158.51,15.62
2017-11-23,5005.78,15.21
2017-11-24,5008.01,15.21
2017-11-27,4941.8,15.03
2017-11-28,4948.97,15.03
2017-11-29,4946.45,15.03
2017-11-30,4888.3,14.9
2017-12-01,4878.58,14.88
2017-12-04,4903.87,14.93
2017-12-05,4929.87,15.02
2017-12-06,4900.17,14.93
2017-12-07,4845.55,14.78
2017-12-08,4884.99,14.85
2017-12-11,4965.67,15.22
2017-12-12,4900.41,15.03
2017-12-13,4941.99,15.14
2017-12-14,4912.78,15.06
2017-12-15,4857.51,14.91
2017-12-18,4862.92,14.93
2017-12-19,4923.98,15.09
2017-12-20,4918.07,15.08
2017-12-21,4963.66,15.18
2017-12-22,4947.49,15.15
2017-12-25,4931.56,15.1
2017-12-26,4946.3,15.18
2017-12-27,4870.14,15.0
2017-12-28,4903.93,15.11
2017-12-29,4918.52,15.18
2018-01-02,4987.52,15.37
2018-01-03,5016.79,15.45
2018-01-04,5038.05,15.54
2018-01-05,5050.17,15.58
2018-01-08,5076.3,15.66
2018-01-09,5111.85,15.72
2018-01-10,5134.45,15.82
2018-01-11,5131.73,15.83
2018-01-12,5155.42,15.88
2018-01-15,5155.71,15.9
2018-01-16,5196.26,16.01
2018-01-17,5183.62,16.04
2018-01-18,5212.06,16.18
2018-01-19,5229.11,16.26
2018-01-22,5291.59,16.39
2018-01-23,5347.74,16.64
2018-01-24,5356.61,16.68
2018-01-25,5326.34,16.61
2018-01-26,5347.0,16.67
2018-01-29,5250.24,16.47
2018-01-30,5194.21,16.25
2018-01-31,5218.37,16.32
2018-02-01,5181.75,16.29
2018-02-02,5212.67,16.42
2018-02-05,5216.23,16.52
2018-02-06,5063.36,16.05
2018-02-07,4943.28,15.63
2018-02-08,4896.38,15.37
2018-02-09,4687.21,14.73
2018-02-12,4747.56,14.84
2018-02-13,4803.13,15.01
2018-02-14,4841.36,15.1
2018-02-22,4946.04,15.44
2018-02-23,4968.44,15.52
2018-02-26,5026.2,15.69
2018-02-27,4953.66,15.45
2018-02-28,4910.53,15.3
2018-03-01,4941.59,15.37
2018-03-02,4901.77,15.26
2018-03-05,4903.77,15.26
2018-03-06,4962.92,15.42
2018-03-07,4926.41,15.33
2018-03-08,4976.39,15.43
2018-03-09,5014.54,15.52
2018-03-12,5037.49,15.57
2018-03-13,4993.05,15.47
2018-03-14,4971.19,15.4
2018-03-15,4999.04,15.46
2018-03-16,4950.54,15.31
2018-03-19,4972.29,15.36
2018-03-20,4976.51,15.41
2018-03-21,4956.19,15.35
2018-03-22,4906.52,15.23
2018-03-23,4765.66,14.84
2018-03-26,4735.1,14.68
2018-03-27,4775.83,14.78
2018-03-28,4689.73,14.55
2018-03-29,4752.38,14.75
2018-03-30,4757.89,14.75
2018-04-02,4743.76,14.68
2018-04-03,4713.93,14.57
2018-04-04,4704.63,14.54
2018-04-09,4702.27,14.54
2018-04-10,4792.88,14.83
2018-04-11,4806.52,14.9
2018-04-12,4758.05,14.75
2018-04-13,4724.5,14.65
2018-04-16,4648.51,14.39
2018-04-17,4575.02,14.19
2018-04-18,4596.58,14.28
2018-04-19,4652.18,14.44
2018-04-20,4589.95,14.26
2018-04-23,4596.63,14.28
2018-04-24,4690.8,14.56
2018-04-25,4672.86,14.48
2018-04-26,4583.51,14.27
2018-04-27,4585.66,14.32
2018-05-02,4593.99,13.37
2018-05-03,4629.82,13.46
2018-05-04,4610.44,13.4
2018-05-07,4683.38,13.6
2018-05-08,4737.72,13.73
2018-05-09,4729.87,13.71
2018-05-10,4756.35,13.79
2018-05-11,4731.79,13.74
2018-05-14,4776.37,13.84
2018-05-15,4794.61,13.89
2018-05-16,4756.6,13.76
2018-05-17,4721.64,13.68
2018-05-18,4769.41,13.87
2018-05-21,4792.02,13.91
2018-05-22,4774.5,13.86
2018-05-23,4711.4,13.65
2018-05-24,4678.11,13.56
2018-05-25,4668.07,13.5
2018-05-28,4688.66,13.53
2018-05-29,4653.6,13.43
2018-05-30,4555.13,13.13
2018-05-31,4652.62,13.38
2018-06-01,4614.12,13.29
2018-06-04,4659.41,13.4
2018-06-05,4707.54,13.48
2018-06-06,4697.89,13.46
2018-06-07,4696.63,13.45
2018-06-08,4637.03,13.27
2018-06-11,4637.67,13.51
2018-06-12,4694.16,13.63
2018-06-13,4648.48,13.5
2018-06-14,4630.35,13.47
2018-06-15,4613.77,13.42
2018-06-18,4614.35,13.42
2018-06-19,4451.68,13.01
2018-06-20,4470.27,13.04
2018-06-21,4418.77,12.89
2018-06-22,4441.3,12.93
2018-06-25,4382.06,12.76
2018-06-26,4346.47,12.65
2018-06-27,4258.53,12.45
2018-06-28,4215.85,12.34
2018-06-29,4327.29,12.53
2018-07-02,4200.49,12.16
2018-07-03,4202.58,12.15
2018-07-04,4147.18,12.02
2018-07-05,4122.76,11.88
2018-07-06,4152.84,11.94
2018-07-09,4269.9,12.27
2018-07-10,4282.44,12.3
2018-07-11,4209.09,12.09
2018-07-12,4306.76,12.34
2018-07-13,4325.88,12.31
2018-07-16,4305.34,12.23
2018-07-17,4282.34,12.09
2018-07-18,4260.8,12.04
2018-07-19,4257.36,12.02
2018-07-20,4337.83,12.27
2018-07-23,4378.92,12.41
2018-07-24,4448.5,12.6
2018-07-25,4443.75,12.58
2018-07-26,4392.36,12.46
2018-07-27,4375.19,12.42
2018-07-30,4367.65,12.41
2018-07-31,4371.37,12.44
2018-08-01,4284.82,12.2
2018-08-02,4189.84,11.96
2018-08-03,4120.9,11.81
2018-08-06,4068.72,11.68
2018-08-07,4187.84,12.01
2018-08-08,4122.25,11.84
2018-08-09,4225.93,12.09
2018-08-10,4235.43,12.09
2018-08-13,4217.36,12.02
2018-08-14,4195.68,11.99
2018-08-15,4095.61,11.73
2018-08-16,4076.67,11.66
2018-08-17,4018.74,11.52
2018-08-20,4065.56,11.67
2018-08-21,4139.78,11.84
2018-08-22,4116.8,11.77
2018-08-23,4133.85,11.8
2018-08-24,4142.12,11.83
2018-08-27,4243.47,12.09
2018-08-28,4235.62,12.06
2018-08-29,4218.68,12.03
2018-08-30,4174.48,11.9
2018-08-31,4153.82,11.87
2018-09-03,4138.02,11.74
2018-09-04,4190.44,11.88
2018-09-05,4108.52,11.66
2018-09-06,4067.32,11.58
2018-09-07,4085.72,11.62
2018-09-10,4026.42,11.48
2018-09-11,4019.12,11.46
2018-09-12,3992.14,11.4
2018-09-13,4035.21,11.53
2018-09-14,4042.1,11.55
2018-09-17,3995.78,11.43
2018-09-18,4076.25,11.64
2018-09-19,4129.92,11.79
2018-09-20,4126.98,11.79
2018-09-21,4252.35,12.14
2018-09-25,4214.1,12.04
2018-09-26,4260.78,12.17
2018-09-27,4243.86,12.14
2018-09-28,4287.99,12.26
2018-10-08,4103.48,11.75
2018-10-09,4100.73,11.76
2018-10-10,4091.89,11.76
2018-10-11,3895.52,11.22
2018-10-12,3953.66,11.39
2018-10-15,3898.45,11.22
2018-10-16,3866.68,11.16
2018-10-17,3888.22,11.23
2018-10-18,3796.13,10.92
2018-10-19,3909.04,11.22
2018-10-22,4078.02,11.67
2018-10-23,3970.06,11.37
2018-10-24,3976.25,11.39
2018-10-25,3984.03,11.41
2018-10-26,3958.35,11.37
2018-10-29,3837.68,11.07
2018-10-30,3879.3,11.17
2018-10-31,3933.69,11.31
2018-11-01,3962.64,11.17
2018-11-02,4103.85,11.51
2018-11-05,4069.66,11.41
2018-11-06,4045.11,11.36
2018-11-07,4018.61,11.28
2018-11-08,4007.22,11.26
2018-11-09,3950.68,11.07
2018-11-12,3997.7,11.18
2018-11-13,4037.91,11.27
2018-11-14,3997.45,11.14
2018-11-15,4044.54,11.27
2018-11-16,4063.63,11.3
2018-11-19,4109.7,11.43
2018-11-20,4014.65,11.19
2018-11-21,4024.73,11.2
2018-11-22,4009.68,11.17
2018-11-23,3921.18,10.94
2018-11-26,3918.39,10.92
2018-11-27,3913.4,10.9
2018-11-28,3965.41,11.03
2018-11-29,3913.92,10.9
2018-11-30,3957.62,11.01
2018-12-03,4067.72,11.3
2018-12-04,4076.15,11.32
2018-12-05,4056.56,11.27
2018-12-06,3968.83,11.05
2018-12-07,3969.06,11.06
2018-12-10,3923.15,10.96
2018-12-11,3941.92,11.0
2018-12-12,3955.39,11.05
2018-12-13,4016.62,11.2
2018-12-14,3949.53,11.05
2018-12-17,3943.65,11.19
2018-12-18,3902.77,11.08
2018-12-19,3856.23,10.96
2018-12-20,3826.65,10.88
2018-12-21,3779.22,10.77
2018-12-24,3790.2,10.81
2018-12-25,3764.11,10.72
2018-12-26,3745.09,10.69
2018-12-27,3730.71,10.64
2018-12-28,3755.91,10.71
2019-01-02,3704.62,10.56
2019-01-03,3698.76,10.55
2019-01-04,3787.38,10.78
2019-01-07,3810.37,10.83
2019-01-08,3802.13,10.81
2019-01-09,3840.52,10.91
2019-01-10,3833.3,10.86
2019-01-11,3860.86,10.93
2019-01-14,3827.19,10.84
2019-01-15,3902.3,11.01
2019-01-16,3903.12,11.02
2019-01-17,3881.62,10.97
2019-01-18,3952.43,11.16
2019-01-21,3974.21,11.23
2019-01-22,3921.42,11.08
2019-01-23,3918.59,11.08
2019-01-24,3940.71,11.13
2019-01-25,3972.76,11.22
2019-01-28,3971.89,11.22
2019-01-29,3984.61,11.26
2019-01-30,3952.81,11.18
2019-01-31,3994.17,11.3
2019-02-01,4051.26,11.43
2019-02-11,4124.96,11.59
2019-02-12,4154.73,11.67
2019-02-13,4237.93,11.89
2019-02-14,4244.31,11.89
2019-02-15,4165.17,11.68
2019-02-18,4298.71,12.02
2019-02-19,4291.05,12.0
2019-02-20,4306.42,12.05
2019-02-21,4294.92,12.0
2019-02-22,4391.49,12.22
2019-02-25,4653.91,12.91
2019-02-26,4598.02,12.78
2019-02-27,4590.15,12.8
2019-02-28,4578.89,12.74
2019-03-01,4679.15,13.01
2019-03-04,4734.55,13.15
2019-03-05,4761.89,13.21
2019-03-06,4801.91,13.34
2019-03-07,4752.95,13.22
2019-03-08,4564.18,12.69
2019-03-11,4654.5,12.92
2019-03-12,4686.19,13.01
2019-03-13,4647.31,12.88
2019-03-14,4615.23,12.79
2019-03-15,4673.28,12.92
2019-03-18,4806.48,13.26
2019-03-19,4784.28,13.21
2019-03-20,4786.13,13.19
2019-03-21,4787.94,13.19
2019-03-22,4784.08,13.18
2019-03-25,4670.56,12.87
2019-03-26,4617.66,12.74
2019-03-27,4671.26,12.86
2019-03-28,4652.75,12.79
2019-03-29,4832.43,13.25
2019-04-01,4959.2,13.57
2019-04-02,4955.9,13.55
2019-04-03,5019.39,13.71
2019-04-04,5069.53,13.85
2019-04-08,5064.98,13.84
2019-04-09,5087.71,13.86
2019-04-10,5100.71,13.86
2019-04-11,4990.52,13.61
2019-04-12,4979.33,13.6
2019-04-15,4962.99,13.56
2019-04-16,5100.78,13.91
2019-04-17,5102.59,13.93
2019-04-18,5084.13,13.88
2019-04-19,5144.8,13.99
2019-04-22,5026.4,13.71
2019-04-23,5018.15,13.68
2019-04-24,5032.01,13.7
2019-04-25,4921.79,13.43
2019-04-26,4856.19,13.26
2019-04-29,4870.04,13.28
2019-04-30,4886.12,13.32
2019-05-06,4600.73,13.17
2019-05-07,4646.16,13.27
2019-05-08,4579.71,13.09
2019-05-09,4495.17,12.86
2019-05-10,4658.54,13.26
2019-05-13,4581.45,13.07
2019-05-14,4552.01,12.99
2019-05-15,4654.96,13.25
2019-05-16,4676.09,13.31
2019-05-17,4557.34,13.01
2019-05-20,4518.66,12.95
2019-05-21,4580.34,13.09
2019-05-22,4558.62,13.04
2019-05-23,4481.83,12.85
2019-05-24,4495.48,12.87
2019-05-27,4551.65,13.0
2019-05-28,4597.02,13.12
2019-05-29,4587.17,13.1
2019-05-30,4561.61,13.04
2019-05-31,4549.72,12.99
2019-06-03,4554.24,12.99
2019-06-04,4512.19,12.89
2019-06-05,4511.58,12.89
2019-06-06,4472.57,12.78
2019-06-10,4530.52,12.91
2019-06-11,4670.19,13.23
2019-06-12,4635.27,13.13
2019-06-13,4628.3,13.11
2019-06-14,4591.54,13.02
2019-06-17,4591.8,13.25
2019-06-18,4608.21,13.27
2019-06-19,4677.07,13.4
2019-06-20,4819.04,13.76
2019-06-21,4826.35,13.8
2019-06-24,4836.12,13.83
2019-06-25,4786.36,13.71
2019-06-26,4779.12,13.68
2019-06-27,4832.56,13.79
2019-06-28,4825.33,13.72
2019-07-01,4964.46,14.06
2019-07-02,4966.2,14.06
2019-07-03,4914.19,13.9
2019-07-04,4889.0,13.84
2019-07-05,4918.25,13.88
2019-07-08,4805.3,13.57
2019-07-09,4796.3,13.53
2019-07-10,4790.16,13.49
2019-07-11,4792.63,13.49
2019-07-12,4830.67,13.57
2019-07-15,4850.31,13.61
2019-07-16,4828.9,13.56
2019-07-17,4827.08,13.55
2019-07-18,4783.31,13.43
2019-07-19,4835.28,13.56
2019-07-22,4802.47,13.47
2019-07-23,4815.47,13.5
2019-07-24,4853.87,13.6
2019-07-25,4893.99,13.69
2019-07-26,4904.34,13.72
2019-07-29,4898.93,13.7
2019-07-30,4919.71,13.75
2019-07-31,4876.7,13.65
2019-08-01,4836.15,13.53
2019-08-02,4766.09,13.34
2019-08-05,4675.33,13.09
2019-08-06,4628.07,12.95
2019-08-07,4609.11,12.89
2019-08-08,4671.13,13.05
2019-08-09,4626.0,12.95
2019-08-12,4709.97,13.16
2019-08-13,4667.5,13.06
2019-08-14,4688.7,13.12
2019-08-15,4706.24,13.16
2019-08-16,4727.74,13.19
2019-08-19,4830.72,13.46
2019-08-20,4826.49,13.44
2019-08-21,4818.96,13.43
2019-08-22,4834.62,13.45
2019-08-23,4869.49,13.53
2019-08-26,4799.74,13.35
2019-08-27,4865.08,13.53
2019-08-28,4846.77,13.48
2019-08-29,4830.97,13.45
2019-08-30,4842.95,13.47
2019-09-02,4905.07,12.75
2019-09-03,4911.81,12.78
2019-09-04,4956.32,12.89
2019-09-05,5006.47,13.01
2019-09-06,5036.04,13.08
2019-09-09,5067.21,13.15
2019-09-10,5049.76,13.12
2019-09-11,5012.56,13.04
2019-09-12,5066.48,13.16
2019-09-16,5047.78,13.13
2019-09-17,4963.59,12.92
2019-09-18,4987.65,12.96
2019-09-19,5005.89,13.01
2019-09-20,5020.27,13.05
2019-09-23,4962.88,12.91
2019-09-24,4976.44,12.94
2019-09-25,4938.05,12.83
2019-09-26,4900.08,12.75
2019-09-27,4914.77,12.77
2019-09-30,4866.13,12.66
2019-10-08,4895.67,12.71
2019-10-09,4902.76,12.74
2019-10-10,4942.81,12.83
2019-10-11,4990.57,12.96
2019-10-14,5043.53,13.1
2019-10-15,5021.86,13.05
2019-10-16,5004.55,13.0
2019-10-17,5007.79,13.01
2019-10-18,4936.54,12.85
2019-10-21,4951.22,12.9
2019-10-22,4970.41,12.95
2019-10-23,4938.78,12.89
2019-10-24,4938.25,12.89
2019-10-25,4971.88,12.97
2019-10-28,5009.89,13.06
2019-10-29,4989.02,12.99
2019-10-30,4964.78,12.95
2019-10-31,4959.07,12.92
2019-11-01,5042.81,12.8
2019-11-04,5075.65,12.88
2019-11-05,5107.15,12.96
2019-11-06,5084.27,12.91
2019-11-07,5093.19,12.91
2019-11-08,5069.12,12.85
2019-11-11,4979.77,12.63
2019-11-12,4980.76,12.64
2019-11-13,4976.03,12.61
2019-11-14,4983.52,12.62
2019-11-15,4946.82,12.54
2019-11-18,4986.17,12.62
2019-11-19,5036.42,12.73
2019-11-20,4986.43,12.62
2019-11-21,4963.12,12.57
2019-11-22,4912.59,12.46
2019-11-25,4948.59,12.56
2019-11-26,4965.75,12.61
2019-11-27,4945.29,12.56
2019-11-28,4928.3,12.51
2019-11-29,4885.38,12.4
2019-12-02,4894.81,12.42
2019-12-03,4913.99,12.46
2019-12-04,4912.37,12.43
2019-12-05,4950.07,12.53
2019-12-06,4979.44,12.59
2019-12-09,4970.7,12.58
2019-12-10,4977.0,12.58
2019-12-11,4980.01,12.6
2019-12-12,4965.05,12.57
2019-12-13,5063.83,12.82
2019-12-16,5088.49,13.07
2019-12-17,5157.72,13.24
2019-12-18,5146.3,13.22
2019-12-19,5139.12,13.2
2019-12-20,5126.49,13.17
2019-12-23,5062.49,13.0
2019-12-24,5095.49,13.07
2019-12-25,5092.82,13.06
2019-12-26,5137.64,13.18
2019-12-27,5132.59,13.17
2019-12-30,5208.65,13.35
2019-12-31,5227.73,13.39
2020-01-02,5298.75,13.55
2020-01-03,5289.47,13.53
2020-01-06,5269.47,13.5
2020-01-07,5308.94,13.59
2020-01-08,5247.81,13.43
2020-01-09,5314.23,13.57
2020-01-10,5312.72,13.57
2020-01-13,5364.79,13.68
2020-01-14,5346.79,13.64
2020-01-15,5317.25,13.56
2020-01-16,5294.67,13.49
2020-01-17,5302.09,13.5
2020-01-20,5341.62,13.59
2020-01-21,5250.35,13.38
2020-01-22,5272.84,13.44
2020-01-23,5109.45,13.07
2020-02-03,4706.78,12.06
2020-02-04,4830.92,12.34
2020-02-05,4885.66,12.48
2020-02-06,4976.58,12.69
2020-02-07,4976.7,12.69
2020-02-10,4997.29,12.73
2020-02-11,5043.81,12.84
2020-02-12,5084.61,12.93
2020-02-13,5053.33,12.86
2020-02-14,5088.82,12.93
2020-02-17,5203.28,13.22
2020-02-18,5177.87,13.15
2020-02-19,5169.95,13.14
2020-02-20,5289.07,13.41
2020-02-21,5295.24,13.43
2020-02-24,5273.99,13.38
2020-02-25,5262.53,13.32
2020-02-26,5197.65,13.19
2020-02-27,5212.79,13.21
2020-02-28,5027.97,12.76
2020-03-02,5193.38,13.15
2020-03-03,5221.06,13.22
2020-03-04,5251.3,13.29
2020-03-05,5368.28,13.57
2020-03-06,5281.23,13.37
2020-03-09,5100.82,12.95
2020-03-10,5210.05,13.2
2020-03-11,5140.75,13.05
2020-03-12,5041.83,12.82
2020-03-13,4970.88,12.65
2020-03-16,4757.17,12.19
2020-03-17,4734.0,12.12
2020-03-18,4640.3,11.89
2020-03-19,4580.11,11.74
2020-03-20,4661.95,11.94
2020-03-23,4505.09,11.56
2020-03-24,4626.08,11.86
2020-03-25,4750.38,12.15
2020-03-26,4719.15,12.08
2020-03-27,4734.48,12.12
2020-03-30,4688.6,12.02
2020-03-31,4703.97,12.06
2020-04-01,4689.83,12.0
2020-04-02,4765.78,12.2
2020-04-03,4738.58,12.13
2020-04-07,4846.8,12.38
2020-04-08,4824.24,12.32
2020-04-09,4840.15,12.36
2020-04-10,4809.99,12.27
2020-04-13,4789.67,12.23
2020-04-14,4882.12,12.44
2020-04-15,4845.96,12.36
2020-04-16,4852.36,12.38
2020-04-17,4899.71,12.5
2020-04-20,4917.54,12.53
2020-04-21,4859.59,12.4
2020-04-22,4899.58,12.48
2020-04-23,4887.29,12.46
2020-04-24,4845.7,12.35
2020-04-27,4878.75,12.42
2020-04-28,4912.41,12.48
2020-04-29,4935.43,12.53
2020-04-30,4994.07,12.68
2020-05-06,5024.29,12.95
2020-05-07,5010.15,12.9
2020-05-08,5065.03,13.02
2020-05-11,5060.75,13.01
2020-05-12,5060.94,13.0
2020-05-13,5071.23,13.02
2020-05-14,5016.23,12.89
2020-05-15,5001.15,12.85
2020-05-18,5014.05,12.88
2020-05-19,5056.88,12.99
2020-05-20,5030.97,12.92
2020-05-21,5003.65,12.85
2020-05-22,4889.59,12.58
2020-05-25,4896.69,12.59
2020-05-26,4952.88,12.71
2020-05-27,4918.39,12.64
2020-05-28,4933.76,12.68
2020-05-29,4950.61,12.69
2020-06-01,5084.27,13.01
2020-06-02,5103.22,13.04
2020-06-03,5104.39,13.05
2020-06-04,5103.1,12.98
2020-06-05,5128.45,13.04
2020-06-08,5155.09,13.09
2020-06-09,5187.28,13.17
2020-06-10,5181.61,13.14
2020-06-11,5130.54,12.99
2020-06-12,5140.3,13.0
2020-06-15,5080.19,13.01
2020-06-16,5156.97,13.19
2020-06-17,5161.59,13.19
2020-06-18,5198.3,13.26
2020-06-19,5270.53,13.42
2020-06-22,5276.75,13.42
2020-06-23,5302.54,13.47
2020-06-24,5332.68,13.53
2020-06-29,5295.2,13.45
2020-06-30,5370.27,13.57
2020-07-01,5478.56,13.82
2020-07-02,5593.2,14.12
2020-07-03,5701.92,14.42
2020-07-06,6025.88,15.26
2020-07-07,6062.7,15.34
2020-07-08,6162.39,15.56
2020-07-09,6249.94,15.76
2020-07-10,6146.69,15.41
2020-07-13,6279.9,15.69
2020-07-14,6223.09,15.55
2020-07-15,6149.73,15.33
2020-07-16,5856.24,14.62
2020-07-17,5897.23,14.7
2020-07-20,6073.54,15.12
2020-07-21,6087.58,15.14
2020-07-22,6118.94,15.21
2020-07-23,6120.32,15.17
2020-07-24,5851.71,14.56
2020-07-27,5881.75,14.64
2020-07-28,5933.46,14.76
2020-07-29,6077.49,15.09
2020-07-30,6048.03,15.02
2020-07-31,6098.73,15.12
2020-08-03,6197.8,15.35
2020-08-04,6203.69,15.38
2020-08-05,6205.85,15.37
2020-08-06,6187.3,15.34
2020-08-07,6117.34,15.18
2020-08-10,6139.36,15.27
2020-08-11,6083.38,15.14
2020-08-12,6040.43,15.05
2020-08-13,6024.93,15.01
2020-08-14,6118.03,15.24
2020-08-17,6261.9,15.61
2020-08-18,6258.95,15.61
2020-08-19,6165.31,15.4
2020-08-20,6085.97,15.19
2020-08-21,6139.26,15.31
2020-08-24,6187.83,15.39
2020-08-25,6195.83,15.39
2020-08-26,6123.2,15.23
2020-08-27,6156.01,15.31
2020-08-28,6302.93,15.64
2020-08-31,6266.43,15.54
2020-09-01,6300.14,16.08
2020-09-02,6302.44,16.09
2020-09-03,6267.58,16.01
2020-09-04,6206.59,15.85
2020-09-07,6075.37,15.52
2020-09-08,6107.92,15.61
2020-09-09,5965.06,15.28
2020-09-10,5961.66,15.29
2020-09-11,6020.61,15.43
2020-09-14,6051.54,15.49
2020-09-15,6100.24,15.59
2020-09-16,6062.95,15.5
2020-09-17,6030.87,15.41
2020-09-18,6166.75,15.75
2020-09-21,6107.32,15.6
2020-09-22,6035.16,15.44
2020-09-23,6056.73,15.48
2020-09-24,5940.52,15.22
2020-09-25,5949.72,15.23
2020-09-28,5965.26,15.28
2020-09-29,5978.14,15.3
2020-09-30,5972.42,15.29
2020-10-09,6094.46,15.56
2020-10-12,6279.36,16.01
2020-10-13,6300.25,16.05
2020-10-14,6258.46,15.96
2020-10-15,6247.56,15.94
2020-10-16,6238.63,15.95
2020-10-19,6191.52,15.85
2020-10-20,6240.97,15.95
2020-10-21,6240.13,15.97
2020-10-22,6220.81,15.91
2020-10-23,6143.88,15.72
2020-10-26,6108.57,15.62
2020-10-27,6119.44,15.66
2020-10-28,6168.91,15.77
2020-10-29,6215.33,15.85
2020-10-30,6114.3,15.61
2020-11-02,6147.5,15.31
2020-11-03,6221.38,15.49
2020-11-04,6268.38,15.57
2020-11-05,6361.93,15.78
2020-11-06,6362.72,15.76
2020-11-09,6487.26,16.06
2020-11-10,6451.48,15.98
2020-11-11,6387.7,15.86
2020-11-12,6394.07,15.85
2020-11-13,6326.83,15.68
2020-11-16,6388.48,15.83
2020-11-17,6376.25,15.8
2020-11-18,6372.19,15.8
2020-11-19,6419.5,15.91
2020-11-20,6439.43,15.95
2020-11-23,6519.86,16.14
2020-11-24,6479.81,16.05
2020-11-25,6397.21,15.86
2020-11-26,6408.79,15.89
2020-11-27,6489.49,16.12
2020-11-30,6462.76,16.04
2020-12-01,6601.97,16.35
2020-12-02,6602.03,16.33
2020-12-03,6588.89,16.3
2020-12-04,6600.43,16.33
2020-12-07,6543.52,16.18
2020-12-08,6527.45,16.15
2020-12-09,6439.92,15.96
2020-12-10,6437.09,15.95
2020-12-11,6371.22,15.83
2020-12-14,6430.12,16.5
2020-12-15,6443.5,16.51
2020-12-16,6454.92,16.54
2020-12-17,6537.85,16.71
2020-12-18,6515.04,16.65
2020-12-21,6576.11,16.79
2020-12-22,6469.18,16.52
2020-12-23,6524.36,16.64
2020-12-24,6515.1,16.62
2020-12-25,6569.82,16.76
2020-12-28,6599.01,16.82
2020-12-29,6571.03,16.74
2020-12-30,6663.25,16.94
2020-12-31,6790.39,17.25
2021-01-04,6863.92,17.41
2021-01-05,6995.25,17.7
2021-01-06,7059.31,17.88
2021-01-07,7184.38,18.17
2021-01-08,7160.63,18.12
2021-01-11,7089.92,17.95
2021-01-12,7292.14,18.41
2021-01-13,7268.18,18.38
2021-01-14,7128.09,18.08
2021-01-15,7111.97,18.04
2021-01-18,7190.72,18.18
2021-01-19,7085.18,17.95
2021-01-20,7135.88,18.06
2021-01-21,7251.24,18.33
2021-01-22,7257.51,18.31
2021-01-25,7330.67,18.5
2021-01-26,7183.48,18.17
2021-01-27,7203.08,18.21
2021-01-28,7006.5,17.77
2021-01-29,6973.69,17.72
2021-02-01,7059.28,17.9
2021-02-02,7168.01,18.14
2021-02-03,7147.3,18.08
2021-02-04,7132.64,18.05
2021-02-05,7144.98,18.09
2021-02-08,7250.71,18.32
2021-02-09,7409.27,18.7
2021-02-10,7567.55,19.09
2021-02-18,7516.29,18.97
2021-02-19,7529.92,19.0
2021-02-22,7293.41,18.48
2021-02-23,7270.4,18.4
2021-02-24,7085.24,17.94
2021-02-25,7126.92,18.06
2021-02-26,6953.88,17.63
2021-03-01,7060.76,17.86
2021-03-02,6970.65,17.62
2021-03-03,7104.32,17.95
2021-03-04,6880.84,17.45
2021-03-05,6857.51,17.44
2021-03-08,6619.35,16.89
2021-03-09,6477.41,16.55
2021-03-10,6519.9,16.62
2021-03-11,6682.27,17.01
2021-03-12,6705.93,17.08
2021-03-15,6561.51,16.76
2021-03-16,6618.61,16.91
2021-03-17,6646.62,16.95
2021-03-18,6699.92,17.08
2021-03-19,6524.43,16.65
2021-03-22,6589.67,16.8
2021-03-23,6527.24,16.66
2021-03-24,6422.27,16.42
2021-03-25,6419.22,16.41
2021-03-26,6564.7,16.73
2021-03-29,6576.28,16.79
2021-03-30,6638.63,16.94
2021-03-31,6578.3,16.82
2021-04-01,6659.88,16.98
2021-04-02,6726.05,17.13
2021-04-06,6698.4,17.07
2021-04-07,6650.71,16.97
2021-04-08,6661.74,17.0
2021-04-09,6561.57,16.76
2021-04-12,6447.43,16.52
2021-04-13,6436.87,16.49
2021-04-14,6490.28,16.6
2021-04-15,6449.03,16.5
2021-04-16,6471.46,16.57
2021-04-19,6628.92,16.92
2021-04-20,6624.37,16.9
2021-04-21,6644.41,16.93
2021-04-22,6637.23,16.9
2021-04-23,6697.49,17.02
2021-04-26,6622.27,16.83
2021-04-27,6639.59,16.87
2021-04-28,6677.05,16.96
2021-04-29,6735.65,17.09
2021-04-30,6682.75,16.93
2021-05-06,6601.41,14.74
2021-05-07,6516.59,14.59
2021-05-10,6512.03,14.6
2021-05-11,6552.03,14.69
2021-05-12,6580.48,14.76
2021-05-13,6513.26,14.62
2021-05-14,6667.31,14.94
2021-05-17,6765.26,15.12
2021-05-18,6768.68,15.14
2021-05-19,6749.67,15.08
2021-05-20,6768.42,15.11
2021-05-21,6701.61,14.96
2021-05-24,6729.62,15.02
2021-05-25,6942.32,15.47
2021-05-26,6945.19,15.48
2021-05-27,6968.4,15.52
2021-05-28,6947.26,15.48
2021-05-31,6961.77,15.49
2021-06-01,6975.5,15.5
2021-06-02,6910.75,15.37
2021-06-03,6866.66,15.22
2021-06-04,6905.41,15.28
2021-06-07,6900.24,15.28
2021-06-08,6841.14,15.15
2021-06-09,6848.02,15.18
2021-06-10,6894.27,15.26
2021-06-11,6835.59,15.14
2021-06-15,6759.65,15.55
2021-06-16,6648.22,15.33
2021-06-17,6680.61,15.36
2021-06-18,6683.8,15.33
2021-06-21,6668.1,15.3
2021-06-22,6710.15,15.4
2021-06-23,6743.92,15.42
2021-06-24,6756.92,15.45
2021-06-25,6871.85,15.69
2021-06-28,6887.63,15.71
2021-06-29,6811.75,15.53
2021-06-30,6859.06,15.62
2021-07-01,6867.0,15.63
2021-07-02,6672.11,15.22
2021-07-05,6678.4,15.24
2021-07-06,6679.83,15.23
2021-07-07,6757.16,15.36
2021-07-08,6690.49,15.21
2021-07-09,6671.81,15.15
2021-07-12,6757.03,15.29
2021-07-13,6777.87,15.32
2021-07-14,6700.34,15.12
2021-07-15,6792.09,15.3
2021-07-16,6722.11,15.14
2021-07-19,6747.16,15.17
2021-07-20,6741.74,15.15
2021-07-21,6790.98,15.24
2021-07-22,6801.89,15.28
2021-07-23,6719.81,15.13
2021-07-26,6503.35,14.67
2021-07-27,6273.91,14.2
2021-07-28,6286.78,14.21
2021-07-29,6407.1,14.43
2021-07-30,6357.65,14.32
2021-08-02,6519.61,14.67
2021-08-03,6520.57,14.65
2021-08-04,6579.57,14.76
2021-08-05,6539.88,14.67
2021-08-06,6505.27,14.6
2021-08-09,6589.97,14.78
2021-08-10,6666.18,14.95
2021-08-11,6629.44,14.89
2021-08-12,6573.99,14.78
2021-08-13,6538.52,14.71
2021-08-16,6533.72,14.72
2021-08-17,6396.86,14.42
2021-08-18,6472.36,14.59
2021-08-19,6430.05,14.48
2021-08-20,6309.78,14.23
2021-08-23,6402.75,14.42
2021-08-24,6472.27,14.57
2021-08-25,6488.28,14.6
2021-08-26,6360.39,14.34
2021-08-27,6394.45,14.41
2021-08-30,6376.2,14.38
2021-08-31,6366.06,14.39
2021-09-01,6450.64,13.85
2021-09-02,6450.57,13.85
2021-09-03,6415.67,13.79
2021-09-06,6535.77,14.03
2021-09-07,6614.07,14.19
2021-09-08,6586.65,14.15
2021-09-09,6583.84,14.17
2021-09-10,6641.48,14.26
2021-09-13,6612.52,14.25
2021-09-14,6513.83,14.06
2021-09-15,6447.8,13.93
2021-09-16,6368.82,13.78
2021-09-17,6433.84,13.88
2021-09-22,6388.6,13.83
2021-09-23,6430.24,13.9
2021-09-24,6425.25,13.87
2021-09-27,6462.27,13.95
2021-09-28,6470.83,14.0
2021-09-29,6404.75,13.84
2021-09-30,6447.75,13.89
2021-10-08,6531.97,14.06
2021-10-11,6540.25,14.08
2021-10-12,6470.88,13.93
2021-10-13,6545.44,14.05
2021-10-14,6510.34,13.97
2021-10-15,6535.84,14.04
2021-10-18,6459.86,13.9
2021-10-19,6523.4,14.02
2021-10-20,6506.78,13.98
2021-10-21,6530.53,14.04
2021-10-22,6573.54,14.09
2021-10-25,6602.85,14.16
2021-10-26,6581.07,14.11
2021-10-27,6494.97,13.94
2021-10-28,6449.85,13.81
2021-10-29,6509.03,13.91
2021-11-01,6485.05,13.72
2021-11-02,6417.63,13.57
2021-11-03,6392.79,13.52
2021-11-04,6455.95,13.64
2021-11-05,6420.95,13.55
2021-11-08,6428.69,13.56
2021-11-09,6426.95,13.56
2021-11-10,6393.06,13.48
2021-11-11,6495.78,13.68
2021-11-12,6482.15,13.64
2021-11-15,6474.2,13.63
2021-11-16,6475.45,13.64
2021-11-17,6478.98,13.65
2021-11-18,6415.21,13.54
2021-11-19,6484.85,13.69
2021-11-22,6514.47,13.74
2021-11-23,6515.73,13.76
2021-11-24,6520.12,13.78
2021-11-25,6493.31,13.72
2021-11-26,6445.15,13.62
2021-11-29,6433.61,13.59
2021-11-30,6407.89,13.55
2021-12-01,6423.57,13.59
2021-12-02,6439.9,13.63
2021-12-03,6499.38,13.75
2021-12-06,6488.25,13.73
2021-12-07,6527.34,13.8
2021-12-08,6625.25,13.99
2021-12-09,6735.01,14.21
2021-12-10,6703.75,14.14
2021-12-13,6741.79,15.22
2021-12-14,6696.56,15.11
2021-12-15,6638.48,14.99
2021-12-16,6676.72,15.09
2021-12-17,6570.67,14.87
2021-12-20,6472.08,14.67
2021-12-21,6515.93,14.78
2021-12-22,6517.22,14.77
2021-12-23,6562.68,14.88
2021-12-24,6526.35,14.81
2021-12-27,6523.67,14.8
2021-12-28,6572.26,14.88
2021-12-29,6476.14,14.67
2021-12-30,6526.57,14.77
2021-12-31,6551.59,14.82
2022-01-04,6521.61,14.76
2022-01-05,6455.77,14.64
2022-01-06,6389.61,14.5
2022-01-07,6395.1,14.54
2022-01-10,6423.84,14.59
2022-01-11,6362.48,14.45
2022-01-12,6425.88,14.59
2022-01-13,6320.24,14.39
2022-01-14,6268.27,14.25
2022-01-17,6322.04,14.35
2022-01-18,6383.13,14.5
2022-01-19,6339.41,14.42
2022-01-20,6396.61,14.53
2022-01-21,6338.0,14.39
2022-01-24,6347.85,14.41
2022-01-25,6204.24,14.09
2022-01-26,6249.15,14.19
2022-01-27,6126.57,13.94
2022-01-28,6052.16,13.76
2022-02-07,6145.41,14.0
2022-02-08,6111.84,13.97
2022-02-09,6169.25,14.08
2022-02-10,6153.07,14.06
2022-02-11,6102.06,13.99
2022-02-14,6036.14,13.84
2022-02-15,6100.34,13.95
2022-02-16,6124.06,14.01
2022-02-17,6138.88,14.03
2022-02-18,6168.15,14.1
2022-02-21,6145.71,14.05
2022-02-22,6065.93,13.89
2022-02-23,6130.77,14.01
2022-02-24,6006.47,13.75
2022-02-25,6064.96,13.85
2022-02-28,6075.87,13.88
2022-03-01,6126.31,13.99
2022-03-02,6071.83,13.89
2022-03-03,6036.06,13.83
2022-03-04,5962.86,13.67
2022-03-07,5772.36,13.28
2022-03-08,5656.47,13.03
2022-03-09,5604.69,12.9
2022-03-10,5692.87,13.08
2022-03-11,5711.02,13.12
2022-03-14,5536.28,12.75
2022-03-15,5283.06,12.18
2022-03-16,5511.51,12.64
2022-03-17,5619.74,12.86
2022-03-18,5657.15,12.95
2022-03-21,5647.66,12.92
2022-03-22,5643.08,12.93
2022-03-23,5671.23,12.98
2022-03-24,5637.79,12.91
2022-03-25,5536.04,12.71
2022-03-28,5501.41,12.67
2022-03-29,5482.42,12.64
2022-03-30,5641.61,12.96
2022-03-31,5599.84,12.9
2022-04-01,5670.87,13.05
2022-04-06,5654.55,13.04
2022-04-07,5581.96,12.89
2022-04-08,5612.01,12.96
2022-04-11,5438.64,12.61
2022-04-12,5544.63,12.82
2022-04-13,5491.49,12.73
2022-04-14,5560.25,12.88
2022-04-15,5556.51,12.87
2022-04-18,5526.9,12.78
2022-04-19,5485.13,12.72
2022-04-20,5400.3,12.53
2022-04-21,5300.87,12.32
2022-04-22,5323.98,12.38
2022-04-25,5060.86,11.83
2022-04-26,5020.03,11.75
2022-04-27,5167.83,12.03
2022-04-28,5201.75,12.13
2022-04-29,5330.21,12.39
2022-05-05,5322.45,12.16
2022-05-06,5187.9,11.88
2022-05-09,5146.36,11.8
2022-05-10,5203.05,11.9
2022-05-11,5278.25,12.04
2022-05-12,5254.96,12.0
2022-05-13,5294.6,12.1
2022-05-16,5252.53,12.0
2022-05-17,5318.05,12.13
2022-05-18,5299.48,12.08
2022-05-19,5310.7,12.1
2022-05-20,5414.34,12.32
2022-05-23,5382.98,12.26
2022-05-24,5257.21,12.01
2022-05-25,5289.47,12.08
2022-05-26,5306.59,12.11
2022-05-27,5317.8,12.14
2022-05-30,5357.32,12.21
2022-05-31,5440.86,12.39
2022-06-01,5432.1,12.35
2022-06-02,5444.17,12.36
2022-06-06,5546.51,12.54
2022-06-07,5564.11,12.58
2022-06-08,5619.68,12.69
2022-06-09,5561.98,12.59
2022-06-10,5649.51,12.77
2022-06-13,5583.82,12.75
2022-06-14,5627.79,12.88
2022-06-15,5702.5,13.03
2022-06-16,5669.77,12.92
2022-06-17,5749.64,13.07
2022-06-20,5783.09,13.1
2022-06-21,5779.8,13.09
2022-06-22,5707.65,12.92
2022-06-23,5806.63,13.13
2022-06-24,5876.26,13.26
2022-06-27,5942.86,13.39
2022-06-28,6005.55,13.5
2022-06-29,5916.52,13.33
2022-06-30,6008.25,13.49
2022-07-01,5983.74,13.44
2022-07-04,6023.08,13.49
2022-07-05,6014.58,13.48
2022-07-06,5927.94,13.28
2022-07-07,5955.84,13.32
2022-07-08,5940.22,13.29
2022-07-11,5844.16,13.07
2022-07-12,5796.11,12.95
2022-07-13,5807.57,12.95
2022-07-14,5809.35,12.93
2022-07-15,5724.22,12.71
2022-07-18,5783.67,12.85
2022-07-19,5752.59,12.8
2022-07-20,5772.12,12.86
2022-07-21,5711.85,12.71
2022-07-22,5715.43,12.71
2022-07-25,5681.29,12.65
2022-07-26,5726.74,12.75
2022-07-27,5698.49,12.68
2022-07-28,5700.54,12.68
2022-07-29,5627.26,12.51
2022-08-01,5652.33,12.56
2022-08-02,5542.14,12.33
2022-08-03,5488.47,12.22
2022-08-04,5535.16,12.32
2022-08-05,5614.42,12.46
2022-08-08,5603.1,12.45
2022-08-09,5614.2,12.47
2022-08-10,5551.66,12.35
2022-08-11,5664.87,12.59
2022-08-12,5662.27,12.59
2022-08-15,5655.08,12.57
2022-08-16,5644.55,12.53
2022-08-17,5697.4,12.64
2022-08-18,5647.84,12.53
2022-08-19,5609.19,12.46
2022-08-22,5650.17,12.55
2022-08-23,5623.71,12.49
2022-08-24,5517.44,12.29
2022-08-25,5565.11,12.4
2022-08-26,5555.92,12.37
2022-08-29,5531.54,12.33
2022-08-30,5512.97,12.3
2022-08-31,5517.09,12.31
2022-09-01,5469.61,12.02
2022-09-02,5442.39,11.96
2022-09-05,5431.32,11.96
2022-09-06,5481.41,12.06
2022-09-07,5485.07,12.06
2022-09-08,5461.86,12.02
2022-09-09,5537.75,12.18
2022-09-13,5561.19,12.22
2022-09-14,5499.3,12.1
2022-09-15,5447.86,12.01
2022-09-16,5320.11,11.73
2022-09-19,5314.39,11.72
2022-09-20,5321.5,11.72
2022-09-21,5282.12,11.66
2022-09-22,5235.68,11.58
2022-09-23,5217.65,11.56
2022-09-26,5191.61,11.49
2022-09-27,5266.87,11.63
2022-09-28,5181.47,11.48
2022-09-29,5179.35,11.48
2022-09-30,5149.23,11.43
2022-10-10,5035.62,11.2
2022-10-11,5044.76,11.21
2022-10-12,5121.38,11.35
2022-10-13,5079.17,11.25
2022-10-14,5200.7,11.48
2022-10-17,5206.04,11.48
2022-10-18,5195.02,11.45
2022-10-19,5111.46,11.28
2022-10-20,5085.05,11.24
2022-10-21,5068.89,11.21
2022-10-24,4920.58,10.91
2022-10-25,4912.56,10.88
2022-10-26,4952.44,10.95
2022-10-27,4917.56,10.88
2022-10-28,4795.92,10.65
2022-10-31,4751.83,10.52
2022-11-01,4921.76,10.8
2022-11-02,4980.85,10.92
2022-11-03,4940.34,10.84
2022-11-04,5101.88,11.17
2022-11-07,5112.88,11.2
2022-11-08,5077.71,11.13
2022-11-09,5030.6,11.04
2022-11-10,4991.89,10.97
2022-11-11,5131.06,11.26
2022-11-14,5138.61,11.27
2022-11-15,5236.07,11.46
2022-11-16,5193.29,11.38
2022-11-17,5172.0,11.33
2022-11-18,5148.92,11.29
2022-11-21,5104.98,11.2
2022-11-22,5105.59,11.23
2022-11-23,5110.98,11.26
2022-11-24,5088.33,11.22
2022-11-25,5114.02,11.3
2022-11-28,5056.56,11.18
2022-11-29,5212.57,11.5
2022-11-30,5218.82,11.51
2022-12-01,5275.34,11.61
2022-12-02,5243.08,11.54
2022-12-05,5345.92,11.78
2022-12-06,5374.86,11.84
2022-12-07,5361.64,11.79
2022-12-08,5362.64,11.8
2022-12-09,5415.56,11.9
2022-12-12,5354.87,11.79
2022-12-13,5344.36,11.78
2022-12-14,5360.44,11.81
2022-12-15,5356.51,11.79
2022-12-16,5359.54,11.81
2022-12-19,5276.86,11.62
2022-12-20,5189.84,11.45
2022-12-21,5191.9,11.45
2022-12-22,5199.34,11.47
2022-12-23,5188.75,11.45
2022-12-26,5209.8,11.48
2022-12-27,5273.97,11.62
2022-12-28,5251.47,11.59
2022-12-29,5231.71,11.53
2022-12-30,5251.97,11.58
2023-01-03,5274.03,11.62
2023-01-04,5280.88,11.64
2023-01-05,5383.48,11.84
2023-01-06,5400.17,11.87
2023-01-09,5443.9,11.95
2023-01-10,5449.8,11.96
2023-01-11,5440.1,11.95
2023-01-12,5450.74,11.97
2023-01-13,5527.4,12.13
2023-01-16,5613.66,12.28
2023-01-17,5612.68,12.27
2023-01-18,5603.28,12.25
2023-01-19,5638.14,12.31
2023-01-20,5672.76,12.38
2023-01-30,5699.65,12.43
2023-01-31,5639.29,12.3
2023-02-01,5692.3,12.41
2023-02-02,5672.25,12.37
2023-02-03,5618.64,12.26
2023-02-06,5544.36,12.12
2023-02-07,5554.34,12.14
2023-02-08,5529.79,12.08
2023-02-09,5604.02,12.23
2023-02-10,5570.72,12.18
2023-02-13,5621.27,12.28
2023-02-14,5623.6,12.29
2023-02-15,5594.3,12.23
2023-02-16,5553.32,12.16
2023-02-17,5473.31,12.01
2023-02-20,5607.59,12.3
2023-02-21,5622.33,12.33
2023-02-22,5571.59,12.23
2023-02-23,5567.11,12.22
2023-02-24,5509.31,12.1
2023-02-27,5487.24,12.06
2023-02-28,5522.0,12.14
2023-03-01,5600.0,12.31
2023-03-02,5587.51,12.29
2023-03-03,5604.9,12.36
2023-03-06,5575.67,12.3
2023-03-07,5494.04,12.16
2023-03-08,5474.03,12.12
2023-03-09,5454.68,12.09
2023-03-10,5383.15,11.93
2023-03-13,5439.53,12.08
2023-03-14,5406.98,11.99
2023-03-15,5409.97,12.02
2023-03-16,5345.18,11.9
2023-03-17,5371.87,11.98
2023-03-20,5345.08,11.92
2023-03-21,5403.83,12.01
2023-03-22,5426.99,12.07
2023-03-23,5480.79,12.18
2023-03-24,5464.45,12.11
2023-03-27,5444.68,12.04
2023-03-28,5427.09,12.03
2023-03-29,5436.08,12.05
2023-03-30,5480.21,12.15
2023-03-31,5497.03,12.17
2023-04-03,5550.83,12.26
2023-04-04,5567.84,12.31
2023-04-06,5559.07,12.29
2023-04-07,5595.22,12.34
2023-04-10,5570.16,12.31
2023-04-11,5563.83,12.31
2023-04-12,5559.95,12.33
2023-04-13,5521.7,12.27
2023-04-14,5552.94,12.34
2023-04-17,5630.81,12.54
2023-04-18,5648.19,12.6
2023-04-19,5597.33,12.49
2023-04-20,5581.87,12.46
2023-04-21,5472.98,12.24
2023-04-24,5405.22,12.12
2023-04-25,5378.17,12.1
2023-04-26,5374.85,12.0
2023-04-27,5414.77,12.09
2023-04-28,5470.07,12.22
2023-05-04,5471.65,12.4
2023-05-05,5453.49,12.37
2023-05-08,5515.65,12.61
2023-05-09,5468.49,12.49
2023-05-10,5426.44,12.33
2023-05-11,5418.02,12.3
2023-05-12,5346.62,12.15
2023-05-15,5429.81,12.32
2023-05-16,5402.51,12.25
2023-05-17,5378.06,12.19
2023-05-18,5373.13,12.23
2023-05-19,5358.76,12.17
2023-05-22,5392.49,12.24
2023-05-23,5316.31,12.04
2023-05-24,5242.87,11.85
2023-05-25,5231.64,11.82
2023-05-26,5233.54,11.83
2023-05-29,5211.28,11.83
2023-05-30,5216.64,11.83
2023-05-31,5166.12,11.71
2023-06-01,5181.3,11.74
2023-06-02,5256.77,11.87
2023-06-05,5232.89,11.85
2023-06-06,5184.02,11.75
2023-06-07,5159.86,11.71
2023-06-08,5202.26,11.82
2023-06-09,5226.72,11.87
2023-06-12,5237.75,11.83
2023-06-13,5267.81,11.87
2023-06-14,5273.53,11.85
2023-06-15,5359.15,11.99
2023-06-16,5411.95,12.07
2023-06-19,5373.28,11.97
2023-06-20,5365.58,11.92
2023-06-21,5287.74,11.76
2023-06-26,5215.29,11.6
2023-06-27,5266.67,11.72
2023-06-28,5264.97,11.71
2023-06-29,5240.66,11.65
2023-06-30,5275.95,11.71
2023-07-03,5345.99,11.88
2023-07-04,5354.41,11.88
2023-07-05,5315.31,11.79
2023-07-06,5281.04,11.71
2023-07-07,5258.51,11.66
2023-07-10,5284.16,11.7
2023-07-11,5319.22,11.77
2023-07-12,5289.9,11.7
2023-07-13,5374.87,11.88
2023-07-14,5377.86,11.89
2023-07-17,5341.13,11.73
2023-07-18,5327.66,11.65
2023-07-19,5323.45,11.65
2023-07-20,5286.36,11.56
2023-07-21,5287.99,11.55
2023-07-24,5264.96,11.51
2023-07-25,5417.37,11.83
2023-07-26,5406.94,11.8
2023-07-27,5400.54,11.8
2023-07-28,5528.07,12.07
2023-07-31,5558.39,12.11
2023-08-01,5535.38,12.08
2023-08-02,5496.83,11.96
2023-08-03,5545.41,12.06
2023-08-04,5567.24,12.11
2023-08-07,5525.1,12.03
2023-08-08,5510.72,12.01
2023-08-09,5495.28,11.97
2023-08-10,5507.15,11.99
2023-08-11,5382.39,11.73
2023-08-14,5343.11,11.64
2023-08-15,5330.13,11.64
2023-08-16,5291.05,11.55
2023-08-17,5308.74,11.58
2023-08-18,5243.7,11.47
2023-08-21,5168.28,11.31
2023-08-22,5208.23,11.42
2023-08-23,5122.87,11.27
2023-08-24,5160.18,11.31
2023-08-25,5144.11,11.28
2023-08-28,5205.28,11.42
2023-08-29,5257.4,11.5
2023-08-30,5255.18,11.48
2023-08-31,5223.55,11.42
2023-09-01,5260.5,11.49
2023-09-04,5340.23,11.67
2023-09-05,5300.5,11.58
2023-09-06,5289.0,11.57
2023-09-07,5214.69,11.44
2023-09-08,5189.05,11.38
2023-09-11,5227.49,11.45
2023-09-12,5217.87,11.43
2023-09-13,5184.63,11.38
2023-09-14,5180.27,11.4
2023-09-15,5146.7,11.31
2023-09-18,5173.01,11.36
2023-09-19,5163.01,11.37
2023-09-20,5143.12,11.33
2023-09-21,5097.01,11.23
2023-09-22,5189.29,11.42
2023-09-25,5155.53,11.35
2023-09-26,5125.42,11.29
2023-09-27,5136.13,11.29
2023-09-28,5121.09,11.27
2023-10-09,5114.44,11.25
2023-10-10,5076.13,11.16
2023-10-11,5090.6,11.18
2023-10-12,5138.99,11.3
2023-10-13,5084.93,11.21
2023-10-16,5034.11,11.13
2023-10-17,5051.88,11.18
2023-10-18,5011.9,11.1
2023-10-19,4904.97,10.86
2023-10-20,4873.11,10.78
2023-10-23,4822.74,10.68
2023-10-24,4840.75,10.7
2023-10-25,4867.63,10.72
2023-10-26,4881.08,10.76
2023-10-27,4948.43,10.88
2023-10-30,4978.14,10.88
2023-10-31,4962.49,10.87
2023-11-01,4960.43,10.88
2023-11-02,4937.04,10.85
2023-11-03,4978.64,10.92
2023-11-06,5045.97,11.01
2023-11-07,5028.12,10.98
2023-11-08,5016.18,10.95
2023-11-09,5018.62,10.98
2023-11-10,4982.03,10.91
2023-11-13,4972.2,10.9
2023-11-14,4975.87,10.91
2023-11-15,5010.86,10.98
2023-11-16,4962.55,10.89
2023-11-17,4956.59,10.87
2023-11-20,4968.05,10.89
2023-11-21,4974.64,10.91
2023-11-22,4924.31,10.82
2023-11-23,4948.07,10.87
2023-11-24,4915.41,10.81
2023-11-27,4879.23,10.73
2023-11-28,4888.38,10.74
2023-11-29,4846.67,10.66
2023-11-30,4857.64,10.7
2023-12-01,4839.13,10.67
2023-12-04,4807.53,10.61
2023-12-05,4715.99,10.42
2023-12-06,4723.41,10.4
2023-12-07,4711.86,10.39
2023-12-08,4723.65,10.42
2023-12-11,4751.44,10.61
2023-12-12,4761.65,10.65
2023-12-13,4682.17,10.49
2023-12-14,4657.65,10.43
2023-12-15,4643.19,10.39
2023-12-18,4626.25,10.38
2023-12-19,4632.75,10.39
2023-12-20,4586.12,10.29
2023-12-21,4632.53,10.38
2023-12-22,4641.37,10.4
2023-12-25,4655.82,10.44
2023-12-26,4624.3,10.39
2023-12-27,4640.39,10.43
2023-12-28,4749.13,10.63
2023-12-29,4772.18,10.67
2024-01-02,4709.92,10.57
2024-01-03,4698.72,10.57
2024-01-04,4655.26,10.5
2024-01-05,4630.31,10.45
2024-01-08,4570.43,10.33
2024-01-09,4579.39,10.34
2024-01-10,4558.01,10.29
2024-01-11,4583.8,10.31
2024-01-12,4567.8,10.29
2024-01-15,4563.28,10.29
2024-01-16,4591.04,10.35
2024-01-17,4491.18,10.15
2024-01-18,4554.67,10.26
2024-01-19,4547.78,10.24
2024-01-22,4477.02,10.1
2024-01-23,4495.15,10.14
2024-01-24,4557.98,10.31
2024-01-25,4649.51,10.56
2024-01-26,4636.86,10.57
2024-01-29,4595.33,10.51
2024-01-30,4513.38,10.35
2024-01-31,4472.09,10.29
2024-02-01,4475.37,10.27
2024-02-02,4422.4,10.18
2024-02-05,4451.32,10.29
2024-02-06,4606.08,10.59
2024-02-07,4650.5,10.66
2024-02-08,4680.13,10.7
2024-02-19,4734.2,10.87
2024-02-20,4744.0,10.9
2024-02-21,4808.01,11.03
2024-02-22,4849.46,11.15
2024-02-23,4853.72,11.16
2024-02-26,4803.12,11.0
2024-02-27,4860.74,11.11
2024-02-28,4798.81,10.99
2024-02-29,4890.36,11.17
2024-03-01,4920.57,11.22
2024-03-04,4924.83,11.25
2024-03-05,4959.11,11.34
2024-03-06,4938.99,11.28
2024-03-07,4909.33,11.24
2024-03-08,4930.45,11.28
2024-03-11,4992.14,11.38
2024-03-12,5003.59,11.35
2024-03-13,4968.64,11.27
2024-03-14,4954.53,11.25
2024-03-15,4965.34,11.27
2024-03-18,5011.98,11.36
2024-03-19,4975.96,11.29
2024-03-20,4986.75,11.34
2024-03-21,4980.78,11.33
2024-03-22,4930.58,11.23
2024-03-25,4903.82,11.2
2024-03-26,4928.84,11.25
2024-03-27,4871.87,11.15
2024-03-28,4897.15,11.18
2024-03-29,4920.26,11.26
2024-04-01,5001.15,11.4
2024-04-02,4980.33,11.38
2024-04-03,4962.43,11.36
2024-04-08,4918.76,11.29
2024-04-09,4914.7,11.26
2024-04-10,4874.67,11.2
2024-04-11,4874.02,11.19
2024-04-12,4834.52,11.12
2024-04-15,4936.38,11.38
2024-04-16,4883.58,11.31
2024-04-17,4959.09,11.45
2024-04-18,4965.6,11.46
2024-04-19,4926.66,11.4
2024-04-22,4912.53,11.34
2024-04-23,4878.56,11.26
2024-04-24,4899.98,11.3
2024-04-25,4912.03,11.34
2024-04-26,4987.35,11.47
2024-04-29,5042.74,11.54
2024-04-30,5019.19,11.5
2024-05-06,5093.66,12.59
2024-05-07,5095.24,12.61
2024-05-08,5055.17,12.53
2024-05-09,5102.99,12.61
2024-05-10,5106.04,12.62
2024-05-13,5103.84,12.61
2024-05-14,5093.77,12.58
2024-05-15,5054.72,12.49
2024-05-16,5074.68,12.53
2024-05-17,5127.69,12.65
2024-05-20,5145.8,12.7
2024-05-21,5126.58,12.67
2024-05-22,5138.8,12.68
2024-05-23,5079.36,12.55
2024-05-24,5023.9,12.43
2024-05-27,5072.07,12.56
2024-05-28,5035.45,12.5
2024-05-29,5042.26,12.5
2024-05-30,5016.31,12.42
2024-05-31,4996.33,12.37
2024-06-03,5008.93,12.41
2024-06-04,5047.05,12.48
2024-06-05,5020.11,12.42
2024-06-06,5017.83,12.42
2024-06-07,4995.57,12.35
2024-06-11,4952.94,12.22
2024-06-12,4955.19,12.23
2024-06-13,4932.59,12.18
2024-06-14,4961.28,12.22
2024-06-17,4954.18,12.18
2024-06-18,4967.52,12.22
2024-06-19,4951.52,12.19
2024-06-20,4916.88,12.14
2024-06-21,4907.3,12.1
2024-06-24,4881.73,12.06
2024-06-25,4855.18,12.01
2024-06-26,4889.74,12.06
2024-06-27,4856.09,11.99
2024-06-28,4870.47,12.06
2024-07-01,4893.82,12.14
2024-07-02,4884.82,12.17
2024-07-03,4873.71,12.12
2024-07-04,4849.4,12.09
2024-07-05,4829.91,12.0
2024-07-08,4791.55,11.92
2024-07-09,4850.1,12.05
2024-07-10,4840.25,11.99
2024-07-11,4905.59,12.09
2024-07-12,4918.72,12.11
2024-07-15,4925.23,12.16
2024-07-16,4961.97,12.2
2024-07-17,4968.26,12.18
2024-07-18,4997.1,12.24
2024-07-19,5026.61,12.27
2024-07-22,4992.51,12.16
2024-07-23,4886.88,11.97
2024-07-24,4857.52,11.93
2024-07-25,4831.03,11.84
2024-07-26,4851.22,11.83
2024-07-29,4825.6,11.81
2024-07-30,4796.31,11.72
2024-07-31,4899.82,11.91
2024-08-01,4867.61,11.85
2024-08-02,4817.96,11.75
2024-08-05,4759.52,11.6
2024-08-06,4759.14,11.58
2024-08-07,4757.02,11.59
2024-08-08,4759.69,11.6
2024-08-09,4745.0,11.58
2024-08-12,4736.8,11.57
2024-08-13,4748.97,11.61
2024-08-14,4714.14,11.54
2024-08-15,4761.49,11.65
2024-08-16,4768.66,11.7
2024-08-19,4784.88,11.76
2024-08-20,4750.72,11.69
2024-08-21,4735.15,11.66
2024-08-22,4723.12,11.67
2024-08-23,4744.35,11.71
2024-08-26,4741.39,11.7
2024-08-27,4714.45,11.7
2024-08-28,4690.48,11.62
2024-08-29,4677.9,11.51
2024-08-30,4740.34,11.6
2024-09-02,4660.41,11.35
2024-09-03,4672.42,11.3
2024-09-04,4642.16,11.21
2024-09-05,4650.47,11.21
2024-09-06,4612.77,11.13
2024-09-09,4558.67,11.0
2024-09-10,4562.68,11.03
2024-09-11,4549.86,10.94
2024-09-12,4530.36,10.91
2024-09-13,4512.07,10.88
2024-09-18,4528.87,10.95
2024-09-19,4565.32,11.0
2024-09-20,4572.77,11.03
2024-09-23,4589.5,11.09
2024-09-24,4788.31,11.57
2024-09-25,4859.48,11.73
2024-09-26,5065.65,12.17
2024-09-27,5291.92,12.56
2024-09-30,5741.03,13.54
2024-10-08,6081.45,14.21
2024-10-09,5652.7,13.21
2024-10-10,5714.22,13.43
2024-10-11,5556.27,13.11
2024-10-14,5662.29,13.36
2024-10-15,5511.74,12.99
2024-10-16,5476.93,12.94
2024-10-17,5414.94,12.79
2024-10-18,5614.78,13.17
2024-10-21,5629.22,13.16
2024-10-22,5661.61,13.23
2024-10-23,5683.99,13.27
2024-10-24,5620.82,13.14
2024-10-25,5660.74,13.19
2024-10-28,5671.81,13.2
2024-10-29,5615.28,13.07
2024-10-30,5565.4,12.93
2024-10-31,5567.99,12.91
2024-11-01,5567.04,12.64
2024-11-04,5645.38,12.78
2024-11-05,5788.22,13.06
2024-11-06,5759.55,12.98
2024-11-07,5934.58,13.37
2024-11-08,5875.05,13.24
2024-11-11,5913.93,13.26
2024-11-12,5848.96,13.11
2024-11-13,5885.83,13.19
2024-11-14,5783.79,13.02
2024-11-15,5682.56,12.84
2024-11-18,5656.36,12.84
2024-11-19,5694.32,12.88
2024-11-20,5707.04,12.9
2024-11-21,5712.27,12.9
2024-11-22,5535.29,12.53
2024-11-25,5510.46,12.48
2024-11-26,5499.13,12.48
2024-11-27,5594.88,12.67
2024-11-28,5546.4,12.57
2024-11-29,5609.78,12.68
2024-12-02,5654.3,12.78
2024-12-03,5660.4,12.82
2024-12-04,5629.85,12.81
2024-12-05,5617.0,12.76
2024-12-06,5690.84,12.92
2024-12-09,5681.43,12.93
2024-12-10,5723.11,13.01
2024-12-11,5713.66,12.98
2024-12-12,5770.54,13.11
2024-12-13,5634.17,12.83
2024-12-16,5603.61,12.9
2024-12-17,5618.21,12.93
2024-12-18,5646.84,12.99
2024-12-19,5651.96,12.97
2024-12-20,5631.33,12.9
2024-12-23,5639.68,12.97
2024-12-24,5711.53,13.14
2024-12-25,5714.38,13.19
2024-12-26,5717.07,13.18
2024-12-27,5708.06,13.17
2024-12-30,5734.58,13.23
2024-12-31,5642.6,13.06
2025-01-02,5478.38,12.68
2025-01-03,5413.52,12.55
2025-01-06,5404.64,12.53
2025-01-07,5444.91,12.59
2025-01-08,5436.57,12.58
2025-01-09,5423.17,12.51
2025-01-10,5356.81,12.37
2025-01-13,5342.51,12.32
2025-01-14,5483.19,12.6
2025-01-15,5448.01,12.54
2025-01-16,5454.27,12.57
2025-01-17,5471.55,12.59
2025-01-20,5496.99,12.61
2025-01-21,5501.25,12.6
2025-01-22,5451.05,12.48
2025-01-23,5462.78,12.55
2025-01-24,5508.03,12.62
2025-01-27,5485.73,12.63
2025-02-05,5454.12,12.5
2025-02-06,5522.74,12.64
2025-02-07,5594.42,12.77
2025-02-10,5606.43,12.78
2025-02-11,5580.67,12.77
2025-02-12,5633.45,12.86
2025-02-13,5612.29,12.84
2025-02-14,5660.96,12.93
2025-02-17,5673.02,12.96
2025-02-18,5623.27,12.89
2025-02-19,5662.62,12.94
2025-02-20,5646.43,12.91
2025-02-21,5717.64,13.02
2025-02-24,5705.1,12.98
2025-02-25,5641.77,12.83
2025-02-26,5691.05,12.93
2025-02-27,5702.8,12.97
2025-02-28,5590.6,12.76
2025-03-03,5588.34,12.74
2025-03-04,5583.66,12.7
2025-03-05,5608.6,12.78
2025-03-06,5685.72,12.92
2025-03-07,5668.16,12.88
2025-03-10,5646.3,12.82
2025-03-11,5664.42,12.87
2025-03-12,5644.04,12.82
2025-03-13,5621.54,12.8
2025-03-14,5758.04,13.08
2025-03-17,5744.0,13.07
2025-03-18,5759.72,13.08
2025-03-19,5763.23,13.1
2025-03-20,5712.68,13.0
2025-03-21,5626.02,12.83
2025-03-24,5654.99,12.9
2025-03-25,5651.32,12.91
2025-03-26,5632.72,12.87
2025-03-27,5651.48,12.92
2025-03-28,5626.88,12.86
2025-03-31,5586.83,12.81
2025-04-01,5587.87,12.81
2025-04-02,5583.13,12.8
2025-04-03,5550.24,12.76
2025-04-07,5159.2,11.95
2025-04-08,5247.33,12.18
2025-04-09,5299.12,12.26
2025-04-10,5368.58,12.38
2025-04-11,5390.71,12.42
2025-04-14,5403.11,12.47
2025-04-15,5406.12,12.51
2025-04-16,5423.53,12.57
2025-04-17,5422.76,12.56
2025-04-18,5424.62,12.57
2025-04-21,5442.39,12.58
2025-04-22,5444.34,12.61
2025-04-23,5448.56,12.6
2025-04-24,5444.93,12.63
2025-04-25,5449.41,12.61
2025-04-28,5441.68,12.61
2025-04-29,5432.28,12.56
2025-04-30,5427.04,12.51
2025-05-06,5481.7,12.16
2025-05-07,5514.93,12.26
2025-05-08,5545.54,12.31
2025-05-09,5537.16,12.31
2025-05-12,5601.37,12.42
2025-05-13,5610.0,12.45
2025-05-14,5678.15,12.61
2025-05-15,5627.52,12.53
2025-05-16,5601.47,12.45
2025-05-19,5584.44,12.4
2025-05-20,5615.6,12.46
2025-05-21,5643.36,12.52
2025-05-22,5639.93,12.52
2025-05-23,5594.98,12.41
2025-05-26,5563.42,12.34
2025-05-27,5533.66,12.29
2025-05-28,5529.53,12.29
2025-05-29,5562.33,12.34
2025-05-30,5536.49,12.3
2025-06-03,5553.47,12.33
2025-06-04,5577.59,12.37
2025-06-05,5591.12,12.4
2025-06-06,5589.55,12.4
2025-06-09,5606.2,12.41
2025-06-10,5577.66,12.37
2025-06-11,5621.83,12.45
2025-06-12,5625.02,12.44
2025-06-13,5587.06,12.37
2025-06-16,5601.24,12.37
2025-06-17,5596.8,12.38
2025-06-18,5604.74,12.41
2025-06-19,5559.32,12.33
2025-06-20,5569.69,12.34
2025-06-23,5586.72,12.39
2025-06-24,5653.7,12.45
2025-06-25,5739.45,12.6
2025-06-26,5725.13,12.54
2025-06-27,5693.88,12.41
2025-06-30,5719.97,12.45
2025-07-01,5729.84,12.46
2025-07-02,5731.18,12.46
2025-07-03,5767.32,12.51
2025-07-04,5788.3,12.58
2025-07-07,5766.06,12.54
2025-07-08,5814.49,12.62
2025-07-09,5804.94,12.61
2025-07-10,5835.13,12.68
2025-07-11,5850.28,12.66
2025-07-14,5856.98,12.69
2025-07-15,5859.99,12.67
2025-07-16,5845.41,12.64
2025-07-17,5888.84,12.68
2025-07-18,5930.93,12.75
2025-07-21,5971.02,12.83
2025-07-22,6020.61,12.91
2025-07-23,6022.19,12.93
2025-07-24,6065.46,12.98
2025-07-25,6036.08,12.9
2025-07-28,6050.25,12.92
2025-07-29,6074.94,12.76
2025-07-30,6073.86,12.79
2025-07-31,5964.36,12.61
2025-08-01,5934.19,12.53
2025-08-04,5957.38,12.59
2025-08-05,6005.31,12.71
2025-08-06,6019.99,12.74
2025-08-07,6021.72,12.77
2025-08-08,6009.78,12.75
2025-08-11,6035.47,12.76
2025-08-12,6066.67,12.85
2025-08-13,6114.81,12.92
2025-08-14,6110.92,12.92
2025-08-15,6154.1,12.97
2025-08-18,6208.37,13.07
2025-08-19,6185.28,13.06
2025-08-20,6256.68,13.2
2025-08-21,6281.17,13.26
2025-08-22,6414.12,13.48
2025-08-25,6548.68,13.71
2025-08-26,6524.31,13.66
2025-08-27,6427.05,13.43
2025-08-28,6540.84,13.61
2025-08-29,6591.65,13.71
2025-09-01,6631.78,14.31
2025-09-02,6583.03,14.28
2025-09-03,6538.13,14.15
2025-09-04,6400.17,13.97
2025-09-05,6540.07,14.14
2025-09-08,6550.87,14.14
2025-09-09,6504.96,14.07
2025-09-10,6518.42,14.11
2025-09-11,6669.26,14.38
2025-09-12,6631.51,14.31
2025-09-15,6647.73,14.32
2025-09-16,6634.83,14.27
2025-09-17,6676.25,14.33
2025-09-18,6598.84,14.15
2025-09-19,6604.49,14.14
2025-09-22,6634.84,14.17
2025-09-23,6630.7,14.2
2025-09-24,6699.32,14.28
2025-09-25,6739.93,14.32
2025-09-26,6676.92,14.22
2025-09-29,6779.71,14.39
2025-09-30,6811.55,14.42
2025-10-09,6912.51,14.62
2025-10-10,6776.93,14.42
2025-10-13,6743.87,14.35
2025-10-14,6663.26,14.27
2025-10-15,6763.28,14.45
2025-10-16,6782.75,14.54
2025-10-17,6631.03,14.27
2025-10-20,6666.75,14.36
2025-10-21,6769.11,14.57
2025-10-22,6746.87,14.57
2025-10-23,6767.21,14.62
2025-10-24,6852.31,14.75
2025-10-27,6934.01,14.93
2025-10-28,6899.53,14.88
2025-10-29,6981.96,15.01
2025-10-30,6926.26,14.9
2025-10-31,6824.43,14.68
2025-11-03,6843.6,14.75
2025-11-04,6792.68,14.69
2025-11-05,6805.38,14.71
2025-11-06,6902.66,14.88
2025-11-07,6881.46,14.83
2025-11-10,6906.26,14.89
2025-11-11,6843.18,14.79
2025-11-12,6834.4,14.82
2025-11-13,6917.02,14.94
2025-11-14,6808.31,14.74
2025-11-17,6764.12,14.62
2025-11-18,6721.39,14.53
2025-11-19,6750.96,14.63
2025-11-20,6717.62,14.59
2025-11-21,6554.04,14.3
2025-11-24,6546.06,14.24
2025-11-25,6608.54,14.35
2025-11-26,6648.68,14.38
2025-11-27,6645.41,14.41
2025-11-28,6662.16,14.42
2025-12-01,6735.49,14.54
2025-12-02,6702.89,14.5
2025-12-03,6668.62,14.44
2025-12-04,6691.47,14.46
2025-12-05,6747.36,14.54
2025-12-08,6802.13,14.62
2025-12-09,6767.6,14.57
2025-12-10,6758.18,14.51
2025-12-11,6700.71,14.42
2025-12-12,6743.99,14.45
2025-12-15,6703.6,14.56
2025-12-16,6623.39,14.42
2025-12-17,6745.78,14.64
2025-12-18,6707.32,14.1
2025-12-19,6734.07,14.11
2025-12-22,6798.12,14.21
2025-12-23,6811.77,14.26
2025-12-24,6831.51,14.28
2025-12-25,6845.16,14.31
2025-12-26,6866.84,14.31
2025-12-29,6840.53,14.31
2025-12-30,6858.09,14.34
2025-12-31,6826.62,14.31
2026-01-05,6956.12,14.49
2026-01-06,7063.68,14.69
2026-01-07,7043.03,14.62
2026-01-08,6985.57,14.52
2026-01-09,7017.31,14.59
2026-01-12,7063.39,14.67
2026-01-13,7020.88,14.62
2026-01-14,6994.02,14.52
2026-01-15,7008.2,14.51
2026-01-16,6983.07,14.43
2026-01-19,6986.89,14.43
2026-01-20,6963.9,14.43
2026-01-21,6970.08,14.39
2026-01-22,6971.03,14.38
2026-01-23,6941.39,14.28
2026-01-26,6947.98,14.34
2026-01-27,6946.1,14.33
2026-01-28,6964.26,14.36
2026-01-29,7017.31,14.48
2026-01-30,6947.51,14.35
2026-02-02,6799.36,14.1
2026-02-03,6879.27,14.18
2026-02-04,6936.26,14.32
2026-02-05,6895.07,14.27
2026-02-06,6858.16,14.21
2026-02-09,6970.39,14.39
2026-02-10,6978.22,14.41
2026-02-11,6962.88,14.41
2026-02-12,6972.31,14.39
2026-02-13,6884.89,14.2
2026-02-24,6954.53,14.32
2026-02-25,6996.4,14.38
2026-02-26,6983.09,14.35
2026-02-27,6959.11,14.32
2026-03-02,6985.74,14.45
2026-03-03,6878.23,14.4
2026-03-04,6799.53,14.23
2026-03-05,6866.11,14.32
2026-03-06,6884.95,14.34
2026-03-09,6818.49,14.26
2026-03-10,6906.1,14.33
2026-03-11,6950.03,14.44
2026-03-12,6925.01,14.42
2026-03-13,6897.8,14.37
2026-03-16,6901.38,14.37
2026-03-17,6850.97,14.32
2026-03-18,6881.84,14.35
2026-03-19,6770.92,14.21
2026-03-20,6746.93,14.12
2026-03-23,6526.78,13.7
2026-03-24,6610.59,13.84
2026-03-25,6703.28,13.99
2026-03-26,6614.74,13.85
2026-03-27,6651.72,13.9
2026-03-30,6636.04,13.91
2026-03-31,6574.14,13.84
2026-04-01,6686.44,14.0
2026-04-02,6616.78,13.94
2026-04-03,6560.45,13.81
2026-04-07,6560.3,13.8
2026-04-08,6789.2,14.13
2026-04-09,6745.86,14.04
2026-04-10,6850.09,14.18
2026-04-13,6864.25,14.22
2026-04-14,6945.7,14.36
2026-04-15,6922.33,14.34
2026-04-16,6998.22,14.45
2026-04-17,6986.81,14.4
2026-04-20,7029.32,14.49
2026-04-21,7045.26,14.53
2026-04-22,7096.98,14.57
2026-04-23,7077.31,14.58
2026-04-24,7052.45,14.54
2026-04-27,7054.79,14.53
2026-04-28,7036.24,14.54
2026-04-29,7113.72,14.64
2026-04-30,7109.91,14.61
2026-05-06,7213.12,14.82
2026-05-07,7247.75,14.82
2026-05-08,7205.74,14.75
2026-05-11,7324.27,14.92
2026-05-12,7318.93,14.9
2026-05-13,7396.38,15.0
2026-05-14,7272.54,14.8
2026-05-15,7191.91,14.66
2026-05-18,7153.47,14.6
2026-05-19,7182.62,14.67
2026-05-20,7180.41,14.6
2026-05-21,7080.48,14.42
2026-05-22,7172.75,14.52
2026-05-25,7286.12,14.68
2026-05-26,7325.64,14.75
2026-05-27,7269.07,14.63
2026-05-28,7278.67,14.62
2026-05-29,7247.7,14.62
2026-06-01,7177.02,14.56
2026-06-02,7281.35,14.73
